{"type": "FeatureCollection", "features": [{"type": "Feature", "properties": {"amenity": "fuel", "brand": "Ipiranga", "brand:wikidata": "Q2081136", "brand:wikipedia": "en:Royal Dutch Shell", "osm_id": 6823941960, "osm_type": "node"}, "geometry": {"type": "Point", "coordinates": [-51.0545566, -29.6797686]}}, {"type": "Feature", "properties": {"amenity": "fuel", "brand": "Shell", "brand:wikidata": "Q110716465", "name": "Shell", "osm_id": 10065562939, "osm_type": "node"}, "geometry": {"type": "Point", "coordinates": [-51.0457143, -29.6815347]}}, {"type": "Feature", "properties": {"highway": "secondary", "lanes": "4", "maxspeed": "60", "name": "Avenida dos Municipios", "oneway": "yes", "source": "survey; Bing", "surface": "asphalt", "osm_id": 35721152, "osm_type": "way"}, "geometry": {"type": "LineString", "coordinates": [[-51.0447899, -29.6811204], [-51.0446265, -29.6808899], [-51.0445594, -29.6808038], [-51.0444734, -29.6806776], [-51.04435, -29.6805145], [-51.0442555, -29.6803683], [-51.044117, -29.6801303], [-51.0440854, -29.6800733]]}}, {"type": "Feature", "properties": {"highway": "tertiary", "lanes": "2", "lit": "yes", "name": "Avenida Edgar Hoffmeister", "surface": "asphalt", "osm_id": 38915660, "osm_type": "way"}, "geometry": {"type": "LineString", "coordinates": [[-51.0504535, -29.6568805], [-51.0504973, -29.6572142], [-51.0506896, -29.6586807], [-51.0507967, -29.6594974], [-51.0514898, -29.6635496], [-51.051513, -29.6636145], [-51.0515321, -29.6636678]]}}, {"type": "Feature", "properties": {"name": "Rio dos Sinos", "name:en": "Sinos River", "waterway": "river", "wikipedia": "pt:Rio dos Sinos", "osm_id": 75652130, "osm_type": "way"}, "geometry": {"type": "LineString", "coordinates": [[-51.014902, -29.6954623], [-51.0163727, -29.6946645], [-51.0166052, -29.6945691], [-51.0171736, -29.6943357], [-51.0179606, -29.6941277], [-51.0185887, -29.6939775], [-51.019315, -29.6938401], [-51.0202655, -29.6937056], [-51.0212069, -29.6936159], [-51.0218568, -29.6934817], [-51.022194, -29.6933903], [-51.0224796, -29.6931917], [-51.0232671, -29.6926029], [-51.0277832, -29.688988], [-51.0280564, -29.6887748], [-51.0283456, -29.6885246], [-51.0286218, -29.6883404], [-51.0287511, -29.6882401], [-51.0289823, -29.6881542], [-51.0291085, -29.6881334], [-51.0295906, -29.6880818], [-51.0298481, -29.6881031], [-51.0313931, -29.6887816], [-51.0322693, -29.6890039], [-51.0338993, -29.6892514], [-51.0344402, -29.6895745], [-51.0349551, -29.690176], [-51.0361309, -29.6911453], [-51.0370117, -29.6914875], [-51.0389033, -29.6920251], [-51.039293, -29.6922929], [-51.0405121, -29.6935085], [-51.0410398, -29.6938905], [-51.041602, -29.6941322], [-51.0422077, -29.6942023], [-51.0428772, -29.6939488], [-51.0428772, -29.693576], [-51.0427633, -29.6932632], [-51.0423098, -29.6928159], [-51.0419452, -29.6922691], [-51.0419228, -29.6918684], [-51.0421219, -29.6914659], [-51.0427399, -29.6912049], [-51.0436521, -29.6916758], [-51.0447071, -29.6918398], [-51.0449562, -29.6919365], [-51.0469714, -29.6927185], [-51.0482617, -29.6930967], [-51.0500012, -29.6932404], [-51.0503382, -29.6934986], [-51.0503983, -29.6938926], [-51.0501299, -29.6940979], [-51.0480442, -29.6946198], [-51.0471402, -29.6951764], [-51.0463041, -29.6958521], [-51.0449755, -29.6966118], [-51.0448084, -29.6967074], [-51.0442644, -29.6978312], [-51.0441389, -29.6987503], [-51.0442224, -29.6991173], [-51.0445651, -29.6993205], [-51.0451875, -29.6992423], [-51.0457869, -29.6992573], [-51.0465661, -29.6995182], [-51.0472288, -29.6999134], [-51.047761, -29.701643], [-51.0483275, -29.7017549], [-51.0490313, -29.7012703], [-51.0494776, -29.7001147], [-51.0495892, -29.6979004], [-51.0501471, -29.6969609], [-51.0510483, -29.6963496], [-51.0516234, -29.6964241], [-51.0513659, -29.6972443], [-51.0518208, -29.698549], [-51.0534516, -29.698974], [-51.0542841, -29.7000923], [-51.0544815, -29.7013448], [-51.0550824, -29.7030372], [-51.0561295, -29.7034323], [-51.0579577, -29.7029104], [-51.0591164, -29.7030819], [-51.0599919, -29.7039318], [-51.0596485, -29.7054825], [-51.0601464, -29.7057061], [-51.0624209, -29.7046475], [-51.0631934, -29.7048264], [-51.063365, -29.705393], [-51.06176, -29.7073463], [-51.0604468, -29.7081812], [-51.0603772, -29.708432], [-51.0604725, -29.7086732], [-51.0612793, -29.7089491], [-51.0620309, -29.7087688], [-51.0628243, -29.7083527], [-51.0636654, -29.7081663], [-51.0640087, -29.7082558], [-51.0638199, -29.7088], [-51.0624638, -29.709866], [-51.0624128, -29.7102039], [-51.062481, -29.7106264], [-51.0626276, -29.7109347], [-51.0640192, -29.7122216], [-51.0641976, -29.7123782], [-51.0644722, -29.7123865], [-51.0651245, -29.7121397], [-51.0659657, -29.7117073], [-51.0664807, -29.7122142], [-51.0659657, -29.7132355], [-51.0662575, -29.7139064], [-51.067339, -29.7138841], [-51.0680256, -29.7141524], [-51.06806, -29.7151364], [-51.0685149, -29.71577], [-51.0699482, -29.716016], [-51.0702057, -29.7169105], [-51.0708752, -29.7174696], [-51.0712614, -29.7173578], [-51.0719738, -29.716016], [-51.0721355, -29.7158083], [-51.0723772, -29.7157775], [-51.072574, -29.7158487], [-51.0732785, -29.7170224], [-51.0737763, -29.7172833], [-51.0744801, -29.7169851], [-51.0755959, -29.71618], [-51.0768404, -29.7159564], [-51.0783596, -29.715196], [-51.0789593, -29.7152203], [-51.0800392, -29.7152136]]}}, {"type": "Feature", "properties": {"alt_name": "Rua Pio 12; Rua Pio Doze", "highway": "secondary", "lanes": "2", "name": "Rua Pio XII", "oneway": "no", "source": "survey", "surface": "asphalt", "osm_id": 90421419, "osm_type": "way"}, "geometry": {"type": "LineString", "coordinates": [[-51.0058483, -29.6996775], [-51.0096633, -29.6968972], [-51.0100178, -29.6967057], [-51.010465, -29.6965787], [-51.0111567, -29.6964778], [-51.0132793, -29.6963209], [-51.0136863, -29.6962519], [-51.0141389, -29.6961321], [-51.0145467, -29.6959767], [-51.0156558, -29.6955046], [-51.0169999, -29.694728], [-51.0179099, -29.6944667], [-51.0217112, -29.6938689], [-51.0221622, -29.6937058], [-51.0224228, -29.6935693], [-51.0277448, -29.6894172], [-51.0282523, -29.6890406], [-51.0288083, -29.6886982], [-51.0292293, -29.6885954], [-51.0296282, -29.688614], [-51.0299981, -29.6887086], [-51.0315683, -29.6892644], [-51.0327798, -29.6894862], [-51.0332016, -29.6895781], [-51.0336113, -29.689712], [-51.0339688, -29.6899095], [-51.0342655, -29.6901422], [-51.0352275, -29.6910658], [-51.0355733, -29.691277], [-51.03619, -29.6915789], [-51.0369984, -29.6918476], [-51.0380561, -29.6921592], [-51.0383513, -29.6922349], [-51.0386447, -29.6923461], [-51.0389775, -29.6925405], [-51.0394342, -29.6929314]]}}, {"type": "Feature", "properties": {"highway": "secondary", "lanes": "4", "lit": "yes", "maxspeed": "80", "name": "Avenida dos Municípios", "oneway": "yes", "source": "survey;Bing", "surface": "asphalt", "osm_id": 137735182, "osm_type": "way"}, "geometry": {"type": "LineString", "coordinates": [[-51.0447059, -29.6721843], [-51.0451673, -29.6707664], [-51.0451932, -29.6706824], [-51.0454556, -29.6698992], [-51.0454604, -29.6698825], [-51.0457889, -29.6687331], [-51.0458881, -29.6681124], [-51.0459017, -29.6675117], [-51.0458824, -29.6669598], [-51.0456875, -29.6651483], [-51.045608, -29.6647535]]}}, {"type": "Feature", "properties": {"highway": "secondary", "lanes": "4", "lit": "yes", "maxspeed": "60", "name": "Avenida dos Municípios", "oneway": "yes", "source": "survey;Bing", "surface": "asphalt", "osm_id": 137735185, "osm_type": "way"}, "geometry": {"type": "LineString", "coordinates": [[-51.0436596, -29.679349], [-51.0436662, -29.6793171], [-51.0436743, -29.6792825], [-51.0436795, -29.6792679], [-51.0436858, -29.6792114], [-51.043675, -29.6790584], [-51.0436409, -29.6788287], [-51.0435704, -29.6783797], [-51.0435521, -29.6778397], [-51.0435179, -29.6765337], [-51.0436425, -29.6756976], [-51.0437602, -29.6752621], [-51.0439235, -29.6747424], [-51.0440338, -29.6743952]]}}, {"type": "Feature", "properties": {"highway": "secondary", "lanes": "4", "maxspeed": "60", "name": "Avenida dos Municípios", "oneway": "yes", "source": "survey; Bing", "surface": "asphalt", "osm_id": 137735187, "osm_type": "way"}, "geometry": {"type": "LineString", "coordinates": [[-51.044924, -29.6634908], [-51.0446598, -29.6631802], [-51.0442568, -29.662809], [-51.044085, -29.6626863], [-51.0437878, -29.662465], [-51.0431403, -29.6621081], [-51.0423973, -29.6617282], [-51.0407967, -29.6608783], [-51.0405976, -29.6607528], [-51.0404014, -29.6606197], [-51.0401381, -29.6604291], [-51.0398586, -29.6601887], [-51.0396118, -29.659955], [-51.0393839, -29.6597144], [-51.0391907, -29.6594853], [-51.0387741, -29.658925], [-51.0386395, -29.6587874]]}}, {"type": "Feature", "properties": {"highway": "secondary", "lanes": "4", "lit": "yes", "maxspeed": "60", "name": "Avenida dos Municípios", "oneway": "yes", "source": "survey; Bing", "surface": "asphalt", "osm_id": 137735191, "osm_type": "way"}, "geometry": {"type": "LineString", "coordinates": [[-51.0441777, -29.6738875], [-51.0442147, -29.6737689], [-51.0445865, -29.6724955]]}}, {"type": "Feature", "properties": {"landuse": "industrial", "name": "Concórdia Máquinas", "website": "https://www.concordiamaquinas.com/", "osm_id": 137735195, "osm_type": "way"}, "geometry": {"type": "Polygon", "coordinates": [[[-51.0441588, -29.6732349], [-51.0440672, -29.6736699], [-51.0440589, -29.6737234], [-51.0431555, -29.6736374], [-51.0429372, -29.6736259], [-51.042503, -29.6735298], [-51.0424043, -29.6732947], [-51.0425169, -29.6728566], [-51.0441588, -29.6732349]]]}}, {"type": "Feature", "properties": {"highway": "secondary", "lanes": "2", "maxspeed": "40", "name": "Rua Mathias Muller", "oneway": "no", "source": "survey", "surface": "asphalt", "osm_id": 137735196, "osm_type": "way"}, "geometry": {"type": "LineString", "coordinates": [[-51.0431206, -29.6943789], [-51.0431939, -29.6943253], [-51.0432403, -29.6942739], [-51.0435268, -29.6938484], [-51.0442145, -29.6929311], [-51.044299, -29.6928294], [-51.0444346, -29.6927601], [-51.0445216, -29.6927385], [-51.0446008, -29.6927403], [-51.0451421, -29.6927775], [-51.045278, -29.6927758], [-51.0453617, -29.6927422], [-51.0454738, -29.6926686], [-51.0455291, -29.6925986], [-51.0456565, -29.6924108]]}}, {"type": "Feature", "properties": {"bridge": "yes", "highway": "secondary", "lanes": "1", "layer": "1", "name": "Avenida Presidente Vargas", "oneway": "no", "source": "survey", "surface": "asphalt", "osm_id": 137735199, "osm_type": "way"}, "geometry": {"type": "LineString", "coordinates": [[-51.0456565, -29.6924108], [-51.046031, -29.6918199]]}}, {"type": "Feature", "properties": {"highway": "unclassified", "maxspeed": "30", "name": "Rua Mathias Muller", "osm_id": 137735201, "osm_type": "way"}, "geometry": {"type": "LineString", "coordinates": [[-51.0418094, -29.6968219], [-51.0416812, -29.6966747], [-51.0415975, -29.6964887], [-51.041535, -29.6962337], [-51.0415282, -29.6961562], [-51.0415155, -29.6960115], [-51.04158, -29.6957889], [-51.0416454, -29.6956774], [-51.0417442, -29.6955089], [-51.0418314, -29.6953996], [-51.0419561, -29.6952434], [-51.0421479, -29.6950976], [-51.0424327, -29.6949128], [-51.0428211, -29.6946351], [-51.0431206, -29.6943789]]}}, {"type": "Feature", "properties": {"highway": "secondary", "lanes": "2", "name": "Avenida Presidente Vargas", "oneway": "yes", "source": "survey", "surface": "asphalt", "osm_id": 137735203, "osm_type": "way"}, "geometry": {"type": "LineString", "coordinates": [[-51.0481455, -29.6911112], [-51.04839, -29.6910261], [-51.048613, -29.6908743], [-51.0487629, -29.6907187], [-51.048826, -29.690681]]}}, {"type": "Feature", "properties": {"highway": "secondary", "lanes": "2", "lit": "yes", "maxspeed": "60", "name": "Avenida dos Municípios", "oneway": "yes", "source": "Bing", "surface": "asphalt", "osm_id": 190083516, "osm_type": "way"}, "geometry": {"type": "LineString", "coordinates": [[-51.0446065, -29.6723455], [-51.0446175, -29.6723167], [-51.0446348, -29.6722849], [-51.0446522, -29.67226], [-51.0446694, -29.67224], [-51.0447059, -29.6721843]]}}, {"type": "Feature", "properties": {"highway": "service", "osm_id": 190083517, "osm_type": "way"}, "geometry": {"type": "LineString", "coordinates": [[-51.045494, -29.6640642], [-51.0456991, -29.6639715], [-51.0470215, -29.6635811], [-51.047228, -29.6634879], [-51.0472709, -29.6634319], [-51.0472682, -29.6633713], [-51.0470161, -29.6620183], [-51.0469531, -29.6619636], [-51.045502, -29.6621862]]}}, {"type": "Feature", "properties": {"highway": "secondary", "junction": "roundabout", "lanes": "2", "oneway": "yes", "source": "survey; Bing", "surface": "asphalt", "osm_id": 190083518, "osm_type": "way"}, "geometry": {"type": "LineString", "coordinates": [[-51.045299, -29.6642993], [-51.0452472, -29.6642648], [-51.0452214, -29.6642307], [-51.0452073, -29.6641918], [-51.0452188, -29.664105]]}}, {"type": "Feature", "properties": {"highway": "secondary", "junction": "roundabout", "lanes": "2", "oneway": "yes", "source": "survey; Bing", "surface": "asphalt", "osm_id": 190083522, "osm_type": "way"}, "geometry": {"type": "LineString", "coordinates": [[-51.0455346, -29.6642292], [-51.0455065, -29.6642675], [-51.0454641, -29.6642921], [-51.0453826, -29.6643144], [-51.045299, -29.6642993]]}}, {"type": "Feature", "properties": {"alt_name": "Rua Sete de Setembro", "highway": "residential", "name": "Rua 7 de Setembro", "osm_id": 204614066, "osm_type": "way"}, "geometry": {"type": "LineString", "coordinates": [[-51.0528485, -29.6808802], [-51.0528742, -29.6808361], [-51.0529082, -29.6807807], [-51.0530819, -29.6804772], [-51.0531329, -29.6803549], [-51.0531736, -29.6801161]]}}, {"type": "Feature", "properties": {"alt_name": "Rua Quinze de Novembro", "highway": "residential", "name": "Rua 15 de Novembro", "osm_id": 204614067, "osm_type": "way"}, "geometry": {"type": "LineString", "coordinates": [[-51.0513611, -29.6861609], [-51.0522458, -29.6842942], [-51.0524439, -29.6838769], [-51.0529243, -29.6828635], [-51.0529663, -29.6827738], [-51.0537398, -29.6811253], [-51.053776, -29.6810655], [-51.0538013, -29.6810213], [-51.0542867, -29.6800066]]}}, {"type": "Feature", "properties": {"highway": "residential", "name": "Rua Edelvira L. da Silva", "osm_id": 204614097, "osm_type": "way"}, "geometry": {"type": "LineString", "coordinates": [[-51.0498404, -29.6843995], [-51.0509896, -29.6848367]]}}, {"type": "Feature", "properties": {"alt_name": "Rua Vinte de Setembro", "highway": "residential", "name": "Rua 20 de Setembro", "osm_id": 204614122, "osm_type": "way"}, "geometry": {"type": "LineString", "coordinates": [[-51.0530787, -29.6846265], [-51.052962, -29.68458], [-51.0522458, -29.6842942], [-51.0513821, -29.6839845], [-51.0501323, -29.6835315], [-51.0500771, -29.6835134], [-51.0500209, -29.6834911]]}}, {"type": "Feature", "properties": {"highway": "secondary", "lit": "yes", "maxspeed": "80", "name": "Avenida dos Municípios", "oneway": "yes", "surface": "asphalt", "osm_id": 204615371, "osm_type": "way"}, "geometry": {"type": "LineString", "coordinates": [[-51.0455346, -29.6642292], [-51.0455465, -29.664411], [-51.0455948, -29.6645835], [-51.0456562, -29.6647443], [-51.0457421, -29.6651405], [-51.0457904, -29.6655601], [-51.0459191, -29.6666275], [-51.0459689, -29.6669541], [-51.0459728, -29.6671262], [-51.0459942, -29.6674059], [-51.0459934, -29.6675105], [-51.0459918, -29.6677019], [-51.0459781, -29.6679466], [-51.0459489, -29.6683125], [-51.0459084, -29.6685712], [-51.0458547, -29.6687903], [-51.0456002, -29.6697109], [-51.0455509, -29.6698904], [-51.0455382, -29.6699369], [-51.0452794, -29.6707304], [-51.0452584, -29.6707915], [-51.0449589, -29.6717128], [-51.0447869, -29.6723044], [-51.0447679, -29.6723811], [-51.0446467, -29.6727248], [-51.0443943, -29.6734595], [-51.0443647, -29.6736247], [-51.0443567, -29.6737729], [-51.0443795, -29.6739034], [-51.0443846, -29.6739425]]}}, {"type": "Feature", "properties": {"highway": "secondary_link", "name": "Avenida dos Municípios", "oneway": "yes", "osm_id": 204615745, "osm_type": "way"}, "geometry": {"type": "LineString", "coordinates": [[-51.0466831, -29.6833101], [-51.0465963, -29.6833679], [-51.0465508, -29.6834198], [-51.0465306, -29.6834669], [-51.0465119, -29.6835135], [-51.0465023, -29.6836042]]}}, {"type": "Feature", "properties": {"highway": "secondary", "junction": "roundabout", "oneway": "yes", "osm_id": 204615746, "osm_type": "way"}, "geometry": {"type": "LineString", "coordinates": [[-51.0496134, -29.6891888], [-51.0496668, -29.6891577], [-51.0497283, -29.6891413], [-51.0497927, -29.689141]]}}, {"type": "Feature", "properties": {"highway": "residential", "oneway": "yes", "osm_id": 204615780, "osm_type": "way"}, "geometry": {"type": "LineString", "coordinates": [[-51.0459754, -29.6829706], [-51.0460351, -29.6829671], [-51.0461055, -29.6829619], [-51.0461866, -29.6829613], [-51.0462459, -29.6829702]]}}, {"type": "Feature", "properties": {"alt_name": "Rua Vinte de Setembro", "highway": "residential", "oneway": "yes", "osm_id": 204615781, "osm_type": "way"}, "geometry": {"type": "LineString", "coordinates": [[-51.0464161, -29.6833109], [-51.0463582, -29.6833167], [-51.0462999, -29.6833171], [-51.0462419, -29.683312], [-51.0461849, -29.6833015], [-51.0461295, -29.6832857]]}}, {"type": "Feature", "properties": {"highway": "secondary", "junction": "roundabout", "source": "survey; Bing", "surface": "asphalt", "osm_id": 204615824, "osm_type": "way"}, "geometry": {"type": "LineString", "coordinates": [[-51.0451554, -29.681796], [-51.0451946, -29.6817467], [-51.0452464, -29.6817185], [-51.0452989, -29.6817066], [-51.0453737, -29.6817139]]}}, {"type": "Feature", "properties": {"highway": "secondary", "maxspeed": "60", "name": "Avenida dos Municípios", "oneway": "no", "osm_id": 216261704, "osm_type": "way"}, "geometry": {"type": "LineString", "coordinates": [[-51.0789801, -29.7011471], [-51.0789308, -29.7011213], [-51.0787895, -29.7010494], [-51.0780939, -29.7006868], [-51.0758212, -29.6994845], [-51.0743664, -29.6987515], [-51.0729745, -29.698059], [-51.0728707, -29.698009], [-51.0727385, -29.6979448], [-51.0720075, -29.6976141]]}}, {"type": "Feature", "properties": {"highway": "secondary", "maxspeed": "40", "name": "Avenida dos Municípios", "oneway": "yes", "osm_id": 221516863, "osm_type": "way"}, "geometry": {"type": "LineString", "coordinates": [[-51.0455336, -29.6819806], [-51.0455972, -29.6821014]]}}, {"type": "Feature", "properties": {"highway": "secondary", "lanes": "4", "maxspeed": "60", "name": "Avenida dos Municípios", "oneway": "yes", "source": "survey; Bing", "surface": "asphalt", "osm_id": 221516864, "osm_type": "way"}, "geometry": {"type": "LineString", "coordinates": [[-51.0471906, -29.6870739], [-51.0471768, -29.687011], [-51.0471022, -29.6866898], [-51.0470888, -29.6866233]]}}, {"type": "Feature", "properties": {"alt_name": "Avenida Oscar Cirilo Ritzel", "highway": "residential", "name": "Avenida Oscar Cirilo Ritzer", "oneway": "yes", "osm_id": 255894996, "osm_type": "way"}, "geometry": {"type": "LineString", "coordinates": [[-51.0422425, -29.6829932], [-51.0422662, -29.682966], [-51.0423024, -29.6829511], [-51.0423692, -29.6829386], [-51.0428184, -29.6829461], [-51.0432249, -29.682952], [-51.0436587, -29.6829584], [-51.0439541, -29.6829584], [-51.0454644, -29.6829713], [-51.0456508, -29.682971], [-51.0457501, -29.6829709], [-51.0458731, -29.6829707], [-51.0459754, -29.6829706]]}}, {"type": "Feature", "properties": {"alt_name": "Rua Leão 13º; Rua Leão Décimo Terceiro", "highway": "residential", "name": "Rua Leão XIII", "osm_id": 255894997, "osm_type": "way"}, "geometry": {"type": "LineString", "coordinates": [[-51.040874, -29.6850724], [-51.0410365, -29.6850737], [-51.0425772, -29.6850876], [-51.0439503, -29.6850963], [-51.0452821, -29.6851066], [-51.045758, -29.6851103], [-51.046742, -29.6851204], [-51.0467453, -29.6851206]]}}, {"type": "Feature", "properties": {"highway": "residential", "name": "Rua Guilherme Blos", "osm_id": 255894998, "osm_type": "way"}, "geometry": {"type": "LineString", "coordinates": [[-51.0418542, -29.6843757], [-51.0426039, -29.6843789], [-51.0439502, -29.6843887], [-51.0453049, -29.6843986], [-51.0466124, -29.6844138], [-51.0466645, -29.6844144], [-51.0467469, -29.6844051]]}}, {"type": "Feature", "properties": {"highway": "residential", "name": "Rua das Oliveiras", "osm_id": 255894999, "osm_type": "way"}, "geometry": {"type": "LineString", "coordinates": [[-51.0464387, -29.6837056], [-51.0463503, -29.6837026], [-51.0439502, -29.6836946], [-51.0421841, -29.6836837]]}}, {"type": "Feature", "properties": {"highway": "residential", "name": "Rua Cirino Berghann", "osm_id": 255895000, "osm_type": "way"}, "geometry": {"type": "LineString", "coordinates": [[-51.0439541, -29.6829584], [-51.0439575, -29.6830307], [-51.0439502, -29.6836946], [-51.0439502, -29.6843887], [-51.0439503, -29.6850963], [-51.0439374, -29.6858781], [-51.0439243, -29.6866348], [-51.0439129, -29.6873079], [-51.0439055, -29.6879817], [-51.043898, -29.6886665], [-51.0438859, -29.6897665]]}}, {"type": "Feature", "properties": {"alt_name": "Rua Leão XIII; Rua Leão 13º; Rua Leão Décimo Terceiro", "highway": "residential", "name": "Rua Alfredo Casemiro de Lima", "osm_id": 255895099, "osm_type": "way"}, "geometry": {"type": "LineString", "coordinates": [[-51.0422425, -29.6829932], [-51.0422297, -29.6830158], [-51.0422273, -29.6830318], [-51.0422247, -29.6830679], [-51.0422163, -29.6834297], [-51.0422169, -29.6835596], [-51.0421841, -29.6836837], [-51.0421076, -29.6839388], [-51.0419735, -29.6842033], [-51.0418542, -29.6843757], [-51.0417536, -29.6844736], [-51.0413995, -29.6847194], [-51.0410388, -29.6849758], [-51.040874, -29.6850724], [-51.0402462, -29.6854184], [-51.0399002, -29.6856201], [-51.0398385, -29.6856515], [-51.0397407, -29.6856853]]}}, {"type": "Feature", "properties": {"highway": "residential", "name": "Rua Padre Azevedo", "osm_id": 282530951, "osm_type": "way"}, "geometry": {"type": "LineString", "coordinates": [[-51.072457, -29.6740306], [-51.0725661, -29.6747159], [-51.0725795, -29.6748005], [-51.0726955, -29.6755291], [-51.0728089, -29.6762414], [-51.0728229, -29.6763118]]}}, {"type": "Feature", "properties": {"highway": "tertiary", "lane_markings": "no", "lit": "yes", "name": "Avenida Bibiano Trott", "oneway": "yes", "surface": "asphalt", "osm_id": 282530952, "osm_type": "way"}, "geometry": {"type": "LineString", "coordinates": [[-51.0691547, -29.6741148], [-51.0693302, -29.6751304], [-51.0693411, -29.6752043], [-51.069464, -29.675922], [-51.0695891, -29.6766554], [-51.0695963, -29.676714], [-51.069687, -29.677362], [-51.0698271, -29.6781039]]}}, {"type": "Feature", "properties": {"highway": "residential", "name": "Rua Guarany", "osm_id": 282530954, "osm_type": "way"}, "geometry": {"type": "LineString", "coordinates": [[-51.0684399, -29.6741952], [-51.0685377, -29.6748289], [-51.0686304, -29.675429], [-51.0687334, -29.6760967], [-51.0688379, -29.6767736], [-51.0689426, -29.6774516], [-51.0690571, -29.678194]]}}, {"type": "Feature", "properties": {"highway": "residential", "name": "Rua Olavo Bilac", "osm_id": 282530955, "osm_type": "way"}, "geometry": {"type": "LineString", "coordinates": [[-51.071879, -29.6778567], [-51.071765, -29.6771238], [-51.071656, -29.6764459], [-51.0716398, -29.676385], [-51.0715254, -29.675669], [-51.0714094, -29.6749438], [-51.0713962, -29.6748611], [-51.0712832, -29.6741544], [-51.0712118, -29.6736476]]}}, {"type": "Feature", "properties": {"highway": "residential", "name": "Rua Delfim Moreira", "osm_id": 282530957, "osm_type": "way"}, "geometry": {"type": "LineString", "coordinates": [[-51.0700882, -29.6803476], [-51.0704912, -29.6802994], [-51.0712619, -29.6802073], [-51.0722306, -29.6800915], [-51.0739394, -29.6798873], [-51.0740058, -29.6798794], [-51.0740665, -29.6798721], [-51.0753403, -29.6797198]]}}, {"type": "Feature", "properties": {"highway": "residential", "name": "Rua Presidente Juscelino", "osm_id": 282530958, "osm_type": "way"}, "geometry": {"type": "LineString", "coordinates": [[-51.0719606, -29.6846849], [-51.0718399, -29.6838955], [-51.0717247, -29.6831406], [-51.0716031, -29.6823703], [-51.0714773, -29.6815729], [-51.0714702, -29.6815278], [-51.0714599, -29.6814624]]}}, {"type": "Feature", "properties": {"highway": "residential", "name": "Rua Pastor Dohms", "osm_id": 282530960, "osm_type": "way"}, "geometry": {"type": "LineString", "coordinates": [[-51.0689426, -29.6774516], [-51.0676959, -29.6776055], [-51.0667764, -29.6777191], [-51.066437, -29.6777578], [-51.0661431, -29.6777913], [-51.0656872, -29.6778433], [-51.0650001, -29.6779217], [-51.064875, -29.677936]]}}, {"type": "Feature", "properties": {"highway": "residential", "name": "Rua Pinheiro Machado", "osm_id": 282530961, "osm_type": "way"}, "geometry": {"type": "LineString", "coordinates": [[-51.069687, -29.677362], [-51.071765, -29.6771238], [-51.0736345, -29.6768931], [-51.0736983, -29.6768496], [-51.0737596, -29.6768075]]}}, {"type": "Feature", "properties": {"highway": "residential", "name": "Rua São Luiz", "osm_id": 282530965, "osm_type": "way"}, "geometry": {"type": "LineString", "coordinates": [[-51.0753403, -29.6797198], [-51.0753779, -29.6798829], [-51.0754128, -29.6801579], [-51.0754337, -29.680418], [-51.0754208, -29.6806216], [-51.0753886, -29.6808523], [-51.0753511, -29.6810294], [-51.0752867, -29.6812112], [-51.0751901, -29.6814745], [-51.0750517, -29.6817397], [-51.0748361, -29.6820151], [-51.0745598, -29.6822784], [-51.0742739, -29.682497], [-51.0739708, -29.6826765], [-51.0735272, -29.6828633], [-51.0730605, -29.6829915], [-51.0727233, -29.6830197], [-51.0726984, -29.6830218], [-51.0717247, -29.6831406], [-51.0706511, -29.6832554], [-51.0705829, -29.6832627], [-51.0705081, -29.6832707]]}}, {"type": "Feature", "properties": {"highway": "residential", "name": "Rua Expedicionários", "osm_id": 282530967, "osm_type": "way"}, "geometry": {"type": "LineString", "coordinates": [[-51.0726955, -29.6755291], [-51.0715254, -29.675669], [-51.069464, -29.675922]]}}, {"type": "Feature", "properties": {"highway": "residential", "name": "Rua Rodrigues Alves", "osm_id": 282530968, "osm_type": "way"}, "geometry": {"type": "LineString", "coordinates": [[-51.0712832, -29.6741544], [-51.072457, -29.6740306], [-51.0726069, -29.6740148], [-51.0734896, -29.6739218], [-51.0735526, -29.6739139], [-51.0736008, -29.673908], [-51.0744744, -29.6737997], [-51.0767002, -29.6735197]]}}, {"type": "Feature", "properties": {"highway": "residential", "name": "Rua Almirante Barroso", "oneway": "yes", "osm_id": 282530969, "osm_type": "way"}, "geometry": {"type": "LineString", "coordinates": [[-51.0736666, -29.6762149], [-51.0728229, -29.6763118], [-51.071656, -29.6764459], [-51.0714154, -29.6764752], [-51.070685, -29.676564], [-51.0701572, -29.6766282], [-51.0696737, -29.6767021], [-51.0695963, -29.676714]]}}, {"type": "Feature", "properties": {"highway": "residential", "name": "Rua Lupicínio Rodrigues", "osm_id": 282530973, "osm_type": "way"}, "geometry": {"type": "LineString", "coordinates": [[-51.0704912, -29.6802994], [-51.0706894, -29.6815514]]}}, {"type": "Feature", "properties": {"alt_name": "Rua Ingo Lampert", "highway": "residential", "name": "Rua Ingo Lamperti", "osm_id": 291510489, "osm_type": "way"}, "geometry": {"type": "LineString", "coordinates": [[-51.0888278, -29.6852283], [-51.0880613, -29.6853214], [-51.0873254, -29.6854121], [-51.0864927, -29.6855087], [-51.0856598, -29.6856034], [-51.0842316, -29.6857859], [-51.0834037, -29.6858917]]}}, {"type": "Feature", "properties": {"highway": "residential", "name": "Rua Eusébio Schmidt", "osm_id": 291510490, "osm_type": "way"}, "geometry": {"type": "LineString", "coordinates": [[-51.085751, -29.6862495], [-51.0843274, -29.6864288], [-51.0835133, -29.6865314]]}}, {"type": "Feature", "properties": {"highway": "residential", "name": "Rua Ademar Ogênio Grin", "osm_id": 291510491, "osm_type": "way"}, "geometry": {"type": "LineString", "coordinates": [[-51.0858563, -29.6869398], [-51.0851517, -29.6870333], [-51.0844328, -29.6871237], [-51.0836257, -29.6872113], [-51.0830602, -29.6872779], [-51.0820447, -29.6874095]]}}, {"type": "Feature", "properties": {"highway": "residential", "name": "Rua Arno Edwim Schali", "osm_id": 291510493, "osm_type": "way"}, "geometry": {"type": "LineString", "coordinates": [[-51.0855472, -29.6848328], [-51.0841089, -29.6850062]]}}, {"type": "Feature", "properties": {"highway": "residential", "name": "Rua Pedro Machado", "osm_id": 291510494, "osm_type": "way"}, "geometry": {"type": "LineString", "coordinates": [[-51.0854291, -29.6840685], [-51.0840111, -29.6842409]]}}, {"type": "Feature", "properties": {"alt_name": "Rua Joaoa Luciano da Rosa", "highway": "residential", "name": "Rua João Luciano da Rosa", "surface": "asphalt", "osm_id": 291510539, "osm_type": "way"}, "geometry": {"type": "LineString", "coordinates": [[-51.0838733, -29.6836784], [-51.083917, -29.68377], [-51.0839702, -29.6839854], [-51.0840111, -29.6842409], [-51.0841089, -29.6850062], [-51.0842316, -29.6857859], [-51.0843274, -29.6864288], [-51.0844328, -29.6871237], [-51.0844535, -29.6872756], [-51.0845319, -29.6877849], [-51.0846333, -29.6884439], [-51.0847286, -29.6890753], [-51.084792, -29.6894951], [-51.0849392, -29.6904319], [-51.0850598, -29.6910893], [-51.0851447, -29.6915516]]}}, {"type": "Feature", "properties": {"highway": "residential", "name": "Rua Oslo", "osm_id": 291510541, "osm_type": "way"}, "geometry": {"type": "LineString", "coordinates": [[-51.0821399, -29.6880767], [-51.0830069, -29.6879706], [-51.0837202, -29.6878804], [-51.0845319, -29.6877849], [-51.0852098, -29.687701]]}}, {"type": "Feature", "properties": {"highway": "residential", "name": "Rua Emílio Riegel", "osm_id": 291510543, "osm_type": "way"}, "geometry": {"type": "LineString", "coordinates": [[-51.0860491, -29.6882738], [-51.0846333, -29.6884439], [-51.0838187, -29.6885417], [-51.0831208, -29.6886361], [-51.0822746, -29.688735], [-51.0822275, -29.6887402]]}}, {"type": "Feature", "properties": {"highway": "residential", "name": "Rua Nelson Ervínio Dieter", "osm_id": 291510545, "osm_type": "way"}, "geometry": {"type": "LineString", "coordinates": [[-51.0833782, -29.6903621], [-51.083342, -29.690367], [-51.0825692, -29.6904713], [-51.0824718, -29.6904841]]}}, {"type": "Feature", "properties": {"highway": "residential", "osm_id": 291510547, "osm_type": "way"}, "geometry": {"type": "LineString", "coordinates": [[-51.0830245, -29.6911784], [-51.0825872, -29.6912327]]}}, {"type": "Feature", "properties": {"highway": "residential", "name": "Rua Danilo Dalmolin", "osm_id": 291510549, "osm_type": "way"}, "geometry": {"type": "LineString", "coordinates": [[-51.0835942, -29.6918275], [-51.082771, -29.6919585], [-51.0826876, -29.6919703]]}}, {"type": "Feature", "properties": {"highway": "residential", "name": "Rua Israel Silvestre de Vargas", "osm_id": 291510550, "osm_type": "way"}, "geometry": {"type": "LineString", "coordinates": [[-51.0830069, -29.6879706], [-51.0831208, -29.6886361], [-51.0833782, -29.6903621], [-51.0835063, -29.6912593], [-51.0835942, -29.6918275], [-51.0836773, -29.6924577], [-51.0838822, -29.6940121]]}}, {"type": "Feature", "properties": {"highway": "residential", "name": "Rua Helmuth Heldt", "osm_id": 291510555, "osm_type": "way"}, "geometry": {"type": "LineString", "coordinates": [[-51.0817865, -29.6862598], [-51.0818637, -29.686324], [-51.0818943, -29.6863993], [-51.0820228, -29.6872602], [-51.0820356, -29.6873495], [-51.0820447, -29.6874095], [-51.0821399, -29.6880767], [-51.0821536, -29.688175], [-51.0822275, -29.6887402], [-51.0823164, -29.6893848], [-51.0824718, -29.6904841], [-51.0825872, -29.6912327], [-51.0826876, -29.6919703], [-51.0827663, -29.6925255], [-51.0828092, -29.6929044], [-51.0828332, -29.6930836], [-51.0829195, -29.6936414], [-51.0830256, -29.6943895], [-51.0831683, -29.6954111], [-51.0832507, -29.6959935], [-51.0833158, -29.6965073], [-51.0833282, -29.6965425], [-51.0833438, -29.6965602]]}}, {"type": "Feature", "properties": {"highway": "secondary", "maxspeed:backward": "40", "maxspeed:forward": "60", "name": "Rua Bruno Werner Storck", "source:maxspeed": "sign", "surface": "asphalt", "osm_id": 291510559, "osm_type": "way"}, "geometry": {"type": "LineString", "coordinates": [[-51.0827275, -29.685241], [-51.0828303, -29.6853345], [-51.0829189, -29.6853932], [-51.0831926, -29.6855879], [-51.0832767, -29.685669], [-51.0833498, -29.6857708], [-51.0834037, -29.6858917], [-51.0835133, -29.6865314], [-51.0835755, -29.6868699], [-51.0836257, -29.6872113]]}}, {"type": "Feature", "properties": {"highway": "residential", "osm_id": 291510566, "osm_type": "way"}, "geometry": {"type": "LineString", "coordinates": [[-51.0823164, -29.6893848], [-51.0827253, -29.6893337]]}}, {"type": "Feature", "properties": {"alt_name": "Rua Carlos Chagas", "highway": "residential", "name": "Rua Carlos", "osm_id": 293201280, "osm_type": "way"}, "geometry": {"type": "LineString", "coordinates": [[-51.0787247, -29.6647486], [-51.0788473, -29.665584], [-51.0789465, -29.6662145], [-51.0790591, -29.6668883], [-51.0791575, -29.667559], [-51.0792615, -29.6682208], [-51.0793688, -29.6689036], [-51.0794826, -29.6695794], [-51.0795777, -29.6702617]]}}, {"type": "Feature", "properties": {"highway": "residential", "name": "Rua Candelária", "osm_id": 293201343, "osm_type": "way"}, "geometry": {"type": "LineString", "coordinates": [[-51.0803908, -29.666731], [-51.079786, -29.6668009], [-51.0790591, -29.6668883], [-51.0780023, -29.6670141], [-51.0775718, -29.6670759], [-51.077148, -29.6671249]]}}, {"type": "Feature", "properties": {"highway": "residential", "name": "Rua Iraí", "osm_id": 293201388, "osm_type": "way"}, "geometry": {"type": "LineString", "coordinates": [[-51.0791575, -29.667559], [-51.0781065, -29.667696], [-51.0776592, -29.6677544]]}}, {"type": "Feature", "properties": {"alt_name": "Rua das Hortencias", "highway": "residential", "name": "Rua das Hortênsias", "osm_id": 293201444, "osm_type": "way"}, "geometry": {"type": "LineString", "coordinates": [[-51.0775718, -29.6670759], [-51.0776592, -29.6677544], [-51.0777661, -29.6683998], [-51.0778045, -29.6686319], [-51.0778791, -29.6690818], [-51.0779274, -29.6693736], [-51.0779908, -29.6697564]]}}, {"type": "Feature", "properties": {"highway": "residential", "name": "Rua Cerro Largo", "osm_id": 293201445, "osm_type": "way"}, "geometry": {"type": "LineString", "coordinates": [[-51.0792615, -29.6682208], [-51.0782032, -29.6683475], [-51.0777661, -29.6683998]]}}, {"type": "Feature", "properties": {"highway": "residential", "name": "Rua Santa Rosa", "osm_id": 293201448, "osm_type": "way"}, "geometry": {"type": "LineString", "coordinates": [[-51.0802659, -29.6687963], [-51.080095, -29.6688167], [-51.0793688, -29.6689036], [-51.0783047, -29.6690309], [-51.0778791, -29.6690818]]}}, {"type": "Feature", "properties": {"alt_name": "Rua 3 Coroas", "highway": "residential", "lit": "yes", "name": "Rua Três Coroas", "surface": "asphalt", "osm_id": 293201497, "osm_type": "way"}, "geometry": {"type": "LineString", "coordinates": [[-51.0790886, -29.6696267], [-51.0784049, -29.6697064], [-51.0779908, -29.6697564], [-51.0773709, -29.6698345], [-51.0768121, -29.669904], [-51.0754509, -29.6700732]]}}, {"type": "Feature", "properties": {"highway": "residential", "name": "Rua Manacá", "osm_id": 293201498, "osm_type": "way"}, "geometry": {"type": "LineString", "coordinates": [[-51.0779274, -29.6693736], [-51.0775044, -29.6694228], [-51.076747, -29.6695107], [-51.076083, -29.6695878], [-51.0754917, -29.6696901]]}}, {"type": "Feature", "properties": {"highway": "residential", "name": "Rua Girassol", "osm_id": 293201537, "osm_type": "way"}, "geometry": {"type": "LineString", "coordinates": [[-51.0775044, -29.6694228], [-51.0774464, -29.6690603], [-51.0773873, -29.668691], [-51.0772505, -29.6678361], [-51.0772017, -29.6674966], [-51.0770769, -29.6672321]]}}, {"type": "Feature", "properties": {"highway": "residential", "name": "Rua Azaleia", "osm_id": 293201608, "osm_type": "way"}, "geometry": {"type": "LineString", "coordinates": [[-51.0772505, -29.6678361], [-51.0766264, -29.6687711], [-51.0763586, -29.6691723], [-51.076083, -29.6695878]]}}, {"type": "Feature", "properties": {"highway": "residential", "name": "Rua Magnólia", "osm_id": 293201612, "osm_type": "way"}, "geometry": {"type": "LineString", "coordinates": [[-51.0774464, -29.6690603], [-51.0763586, -29.6691723]]}}, {"type": "Feature", "properties": {"highway": "residential", "name": "Rua Margarida", "osm_id": 293201620, "osm_type": "way"}, "geometry": {"type": "LineString", "coordinates": [[-51.0778045, -29.6686319], [-51.0773873, -29.668691], [-51.0766264, -29.6687711]]}}, {"type": "Feature", "properties": {"highway": "residential", "name": "Rua Central", "osm_id": 293201834, "osm_type": "way"}, "geometry": {"type": "LineString", "coordinates": [[-51.0799625, -29.6702309], [-51.0801781, -29.6714646], [-51.0803825, -29.6729015], [-51.0808912, -29.6758695], [-51.0810536, -29.6766882]]}}, {"type": "Feature", "properties": {"highway": "residential", "osm_id": 293201915, "osm_type": "way"}, "geometry": {"type": "LineString", "coordinates": [[-51.0811113, -29.6713611], [-51.0801781, -29.6714646], [-51.0794686, -29.6715507], [-51.0791182, -29.6715885], [-51.0788861, -29.6716042], [-51.0788526, -29.6715786], [-51.0787976, -29.6711672]]}}, {"type": "Feature", "properties": {"highway": "residential", "name": "Rua Cacequi", "osm_id": 293201930, "osm_type": "way"}, "geometry": {"type": "LineString", "coordinates": [[-51.0795003, -29.6730046], [-51.0797084, -29.6729805], [-51.0802658, -29.6729167], [-51.0803825, -29.6729015]]}}, {"type": "Feature", "properties": {"alt_name": "Rua Prudente e Morais", "highway": "residential", "name": "Rua Prudente de Moraes", "osm_id": 293202032, "osm_type": "way"}, "geometry": {"type": "LineString", "coordinates": [[-51.0862798, -29.6749152], [-51.0856017, -29.6751087], [-51.0854058, -29.6751716], [-51.0843961, -29.6754523], [-51.0828197, -29.6756611], [-51.0818213, -29.6757974]]}}, {"type": "Feature", "properties": {"highway": "secondary", "name": "Avenida Willy Reichert", "oneway": "yes", "surface": "asphalt", "osm_id": 293202230, "osm_type": "way"}, "geometry": {"type": "LineString", "coordinates": [[-51.0684191, -29.6819253], [-51.068095, -29.6819656], [-51.0678938, -29.6820011], [-51.0674438, -29.6821556], [-51.0670469, -29.6823589], [-51.0662531, -29.682786], [-51.0656809, -29.6831067], [-51.0654781, -29.6832204], [-51.0649739, -29.68351], [-51.0646635, -29.6837073], [-51.0642035, -29.6839857], [-51.0639144, -29.6841607], [-51.0637216, -29.6842774], [-51.0632052, -29.684446]]}}, {"type": "Feature", "properties": {"alt_name": "Rua Vinte de Setembro", "highway": "residential", "oneway": "yes", "osm_id": 301836420, "osm_type": "way"}, "geometry": {"type": "LineString", "coordinates": [[-51.0463882, -29.6832238], [-51.0464791, -29.6832697], [-51.0465787, -29.6832989], [-51.0466831, -29.6833101]]}}, {"type": "Feature", "properties": {"highway": "secondary", "maxspeed": "40", "name": "Avenida dos Municípios", "oneway": "yes", "osm_id": 301836423, "osm_type": "way"}, "geometry": {"type": "LineString", "coordinates": [[-51.0499758, -29.6892865], [-51.0500446, -29.6893558], [-51.0501022, -29.689401], [-51.0502074, -29.6894571]]}}, {"type": "Feature", "properties": {"highway": "secondary", "junction": "roundabout", "maxspeed": "40", "name": "Avenida dos Municípios", "source": "survey; Bing", "surface": "asphalt", "osm_id": 301836426, "osm_type": "way"}, "geometry": {"type": "LineString", "coordinates": [[-51.0453222, -29.6820662], [-51.0452716, -29.6820318], [-51.0452199, -29.6819744], [-51.045187, -29.6819266], [-51.0451665, -29.6818712], [-51.0451554, -29.681796]]}}, {"type": "Feature", "properties": {"highway": "secondary", "junction": "roundabout", "source": "survey; Bing", "surface": "asphalt", "osm_id": 301836430, "osm_type": "way"}, "geometry": {"type": "LineString", "coordinates": [[-51.0455336, -29.6819806], [-51.0454965, -29.6820104], [-51.0454471, -29.6820427], [-51.0453916, -29.6820661], [-51.0453222, -29.6820662]]}}, {"type": "Feature", "properties": {"highway": "secondary", "junction": "roundabout", "maxspeed": "40", "name": "Avenida dos Municípios", "source": "survey; Bing", "surface": "asphalt", "osm_id": 301836438, "osm_type": "way"}, "geometry": {"type": "LineString", "coordinates": [[-51.0453737, -29.6817139], [-51.0454268, -29.6817478], [-51.0454814, -29.6818095], [-51.0454967, -29.6818398], [-51.0455174, -29.6818956], [-51.0455336, -29.6819806]]}}, {"type": "Feature", "properties": {"highway": "secondary", "junction": "roundabout", "oneway": "yes", "osm_id": 301836513, "osm_type": "way"}, "geometry": {"type": "LineString", "coordinates": [[-51.0499409, -29.6894411], [-51.0499055, -29.6894807], [-51.0498672, -29.6894981], [-51.0498184, -29.6895151], [-51.0497663, -29.6895216], [-51.0497008, -29.6895142], [-51.0496477, -29.6894941], [-51.0496024, -29.6894626], [-51.0495682, -29.6894219], [-51.0495436, -29.6893579]]}}, {"type": "Feature", "properties": {"highway": "secondary", "maxspeed": "40", "name": "Avenida dos Municípios", "oneway": "yes", "osm_id": 301836515, "osm_type": "way"}, "geometry": {"type": "LineString", "coordinates": [[-51.0463882, -29.6832238], [-51.0464161, -29.6833109]]}}, {"type": "Feature", "properties": {"highway": "secondary", "maxspeed": "40", "name": "Avenida dos Municípios", "oneway": "yes", "osm_id": 301836518, "osm_type": "way"}, "geometry": {"type": "LineString", "coordinates": [[-51.0502074, -29.6894571], [-51.0500681, -29.6894522], [-51.0499883, -29.6894502], [-51.0499409, -29.6894411]]}}, {"type": "Feature", "properties": {"highway": "secondary", "name": "Avenida Presidente Vargas", "oneway": "yes", "surface": "asphalt", "osm_id": 301836523, "osm_type": "way"}, "geometry": {"type": "LineString", "coordinates": [[-51.0497008, -29.6895142], [-51.0496488, -29.6895371], [-51.0495634, -29.689576], [-51.0494988, -29.6896206]]}}, {"type": "Feature", "properties": {"highway": "residential", "name": "Avenida Presidente Vargas", "oneway": "yes", "surface": "asphalt", "osm_id": 301836526, "osm_type": "way"}, "geometry": {"type": "LineString", "coordinates": [[-51.0497927, -29.689141], [-51.0498587, -29.68912], [-51.049959, -29.6890745], [-51.0500363, -29.689025]]}}, {"type": "Feature", "properties": {"highway": "secondary", "lanes": "2", "name": "Avenida Presidente Vargas", "oneway": "yes", "source": "survey", "surface": "asphalt", "osm_id": 301836528, "osm_type": "way"}, "geometry": {"type": "LineString", "coordinates": [[-51.0494988, -29.6896206], [-51.0495308, -29.689545], [-51.0495581, -29.6894771], [-51.0495682, -29.6894219]]}}, {"type": "Feature", "properties": {"highway": "residential", "name": "Avenida Presidente Vargas", "oneway": "yes", "surface": "asphalt", "osm_id": 301836543, "osm_type": "way"}, "geometry": {"type": "LineString", "coordinates": [[-51.0500363, -29.689025], [-51.050017, -29.6890811], [-51.0499961, -29.6891563], [-51.0499875, -29.689193], [-51.0499758, -29.6892865]]}}, {"type": "Feature", "properties": {"highway": "secondary", "junction": "roundabout", "oneway": "yes", "osm_id": 301836544, "osm_type": "way"}, "geometry": {"type": "LineString", "coordinates": [[-51.0495436, -29.6893579], [-51.0495416, -29.6893206], [-51.049548, -29.6892837], [-51.0495625, -29.6892485], [-51.0495846, -29.6892165], [-51.0496134, -29.6891888]]}}, {"type": "Feature", "properties": {"highway": "secondary", "junction": "roundabout", "oneway": "yes", "osm_id": 301836545, "osm_type": "way"}, "geometry": {"type": "LineString", "coordinates": [[-51.0499758, -29.6892865], [-51.0499816, -29.6893267], [-51.0499775, -29.6893671], [-51.0499638, -29.6894058], [-51.0499409, -29.6894411]]}}, {"type": "Feature", "properties": {"highway": "secondary", "lanes": "2", "maxspeed": "50", "name": "Avenida Brasil", "oneway": "yes", "surface": "asphalt", "osm_id": 302394472, "osm_type": "way"}, "geometry": {"type": "LineString", "coordinates": [[-51.0747449, -29.6775124], [-51.0749622, -29.6774535], [-51.0750547, -29.677437], [-51.0751216, -29.6774292], [-51.0772978, -29.6771824], [-51.079957, -29.676851], [-51.0804888, -29.6767515], [-51.0810085, -29.6766961]]}}, {"type": "Feature", "properties": {"highway": "residential", "junction": "circular", "lanes": "2", "maxspeed": "50", "name": "Avenida Brasil", "oneway": "yes", "surface": "asphalt", "osm_id": 302394476, "osm_type": "way"}, "geometry": {"type": "LineString", "coordinates": [[-51.0810715, -29.676956], [-51.0810222, -29.6769126], [-51.0809991, -29.6768648], [-51.0809841, -29.6768092], [-51.0809829, -29.6767705], [-51.0809947, -29.6767369], [-51.0809979, -29.6767279], [-51.0810085, -29.6766961]]}}, {"type": "Feature", "properties": {"highway": "residential", "junction": "circular", "lanes": "2", "maxspeed": "50", "name": "Avenida Brasil", "oneway": "yes", "surface": "asphalt", "osm_id": 302394477, "osm_type": "way"}, "geometry": {"type": "LineString", "coordinates": [[-51.081953, -29.6765797], [-51.081973, -29.6766761], [-51.0819807, -29.6767519], [-51.081971, -29.6768145], [-51.0819559, -29.6768484]]}}, {"type": "Feature", "properties": {"highway": "residential", "lanes": "1", "oneway": "yes", "surface": "asphalt", "osm_id": 306306342, "osm_type": "way"}, "geometry": {"type": "LineString", "coordinates": [[-51.0818615, -29.6770249], [-51.0818566, -29.6771705], [-51.0818928, -29.6772742], [-51.0819349, -29.6773432], [-51.0820134, -29.6774055], [-51.0821728, -29.6775121]]}}, {"type": "Feature", "properties": {"highway": "residential", "lanes": "1", "oneway": "yes", "osm_id": 306306343, "osm_type": "way"}, "geometry": {"type": "LineString", "coordinates": [[-51.0818615, -29.6770249], [-51.0816699, -29.6772614], [-51.0816451, -29.6772919]]}}, {"type": "Feature", "properties": {"highway": "residential", "name": "Rua José Bonifácio", "osm_id": 306306348, "osm_type": "way"}, "geometry": {"type": "LineString", "coordinates": [[-51.0865518, -29.680225], [-51.0857175, -29.6803014], [-51.084954, -29.6803848], [-51.0829297, -29.6805871]]}}, {"type": "Feature", "properties": {"highway": "residential", "name": "Rua Ana Neri", "osm_id": 306306349, "osm_type": "way"}, "geometry": {"type": "LineString", "coordinates": [[-51.0848567, -29.6796703], [-51.0828277, -29.6798889]]}}, {"type": "Feature", "properties": {"highway": "residential", "name": "Rua Avelino Sander", "osm_id": 306306352, "osm_type": "way"}, "geometry": {"type": "LineString", "coordinates": [[-51.0850428, -29.6810707], [-51.0830301, -29.6812738]]}}, {"type": "Feature", "properties": {"highway": "residential", "name": "Rua Silvino Thoen", "osm_id": 306306353, "osm_type": "way"}, "geometry": {"type": "LineString", "coordinates": [[-51.0851331, -29.6817826], [-51.08313, -29.6819575]]}}, {"type": "Feature", "properties": {"highway": "residential", "name": "Rua Manganês", "osm_id": 306306354, "osm_type": "way"}, "geometry": {"type": "LineString", "coordinates": [[-51.0831984, -29.6824253], [-51.0823425, -29.6825241]]}}, {"type": "Feature", "properties": {"highway": "residential", "name": "Rua Brilhante", "osm_id": 306306355, "osm_type": "way"}, "geometry": {"type": "LineString", "coordinates": [[-51.0828432, -29.679995], [-51.0819847, -29.6800881], [-51.08111, -29.680195], [-51.0802702, -29.6802891]]}}, {"type": "Feature", "properties": {"highway": "residential", "name": "Rua Ouro", "osm_id": 306306356, "osm_type": "way"}, "geometry": {"type": "LineString", "coordinates": [[-51.082666, -29.6787825], [-51.0818076, -29.6788711], [-51.0809152, -29.678988], [-51.0800892, -29.6790785]]}}, {"type": "Feature", "properties": {"highway": "residential", "name": "Rua Sapiranga", "osm_id": 306306357, "osm_type": "way"}, "geometry": {"type": "LineString", "coordinates": [[-51.0807732, -29.6779521], [-51.0799426, -29.6780438], [-51.0798323, -29.678056], [-51.0788118, -29.6781687]]}}, {"type": "Feature", "properties": {"highway": "residential", "name": "Rua Almirante Tamandaré", "osm_id": 306306359, "osm_type": "way"}, "geometry": {"type": "LineString", "coordinates": [[-51.0825208, -29.6775574], [-51.082666, -29.6787825], [-51.0828277, -29.6798889], [-51.0828432, -29.679995], [-51.0829297, -29.6805871], [-51.0830203, -29.6812069], [-51.0830301, -29.6812738], [-51.08313, -29.6819575], [-51.0831984, -29.6824253], [-51.083372, -29.6836137], [-51.0834655, -29.6841591]]}}, {"type": "Feature", "properties": {"alt_name": "Rua Paraíso", "highway": "residential", "name": "Rua do Paraíso", "osm_id": 306306360, "osm_type": "way"}, "geometry": {"type": "LineString", "coordinates": [[-51.0816451, -29.6772919], [-51.0815919, -29.6773737], [-51.0815924, -29.677562], [-51.0818076, -29.6788711], [-51.0819847, -29.6800881], [-51.0821607, -29.6812967], [-51.0821933, -29.6815981]]}}, {"type": "Feature", "properties": {"highway": "residential", "name": "Rua Prata", "osm_id": 306306361, "osm_type": "way"}, "geometry": {"type": "LineString", "coordinates": [[-51.083372, -29.6836137], [-51.0825111, -29.6837045], [-51.0823795, -29.6837184], [-51.0812547, -29.683825]]}}, {"type": "Feature", "properties": {"highway": "residential", "name": "Rua Esmeralda", "osm_id": 306306362, "osm_type": "way"}, "geometry": {"type": "LineString", "coordinates": [[-51.0830203, -29.6812069], [-51.0821607, -29.6812967], [-51.0812858, -29.6813902], [-51.0804497, -29.6814876], [-51.0792597, -29.681613], [-51.0787827, -29.6816637], [-51.0785825, -29.6816893], [-51.0779163, -29.6817743]]}}, {"type": "Feature", "properties": {"highway": "residential", "name": "Rua Sapucaia do Sul", "osm_id": 306306365, "osm_type": "way"}, "geometry": {"type": "LineString", "coordinates": [[-51.0786518, -29.6771052], [-51.0788118, -29.6781687], [-51.0789642, -29.6792138]]}}, {"type": "Feature", "properties": {"highway": "residential", "name": "Rua Ouro", "osm_id": 306306366, "osm_type": "way"}, "geometry": {"type": "LineString", "coordinates": [[-51.0789642, -29.6792138], [-51.0776008, -29.6793626]]}}, {"type": "Feature", "properties": {"alt_name": "Avenida Ceará", "highway": "residential", "name": "Rua Ceará", "osm_id": 306306367, "osm_type": "way"}, "geometry": {"type": "LineString", "coordinates": [[-51.0799848, -29.6789998], [-51.0798323, -29.678056], [-51.0797171, -29.6773463], [-51.0797179, -29.6773176], [-51.0797283, -29.6772983], [-51.0797954, -29.6772896], [-51.0798208, -29.6772975], [-51.0798426, -29.6773268]]}}, {"type": "Feature", "properties": {"highway": "residential", "name": "Rua Pelotas", "osm_id": 306306368, "osm_type": "way"}, "geometry": {"type": "LineString", "coordinates": [[-51.0778733, -29.6814534], [-51.0777737, -29.6814602], [-51.0776646, -29.6814738], [-51.0768231, -29.6815629], [-51.0762364, -29.6816375], [-51.0750517, -29.6817397]]}}, {"type": "Feature", "properties": {"highway": "residential", "name": "Rua Triunfo", "osm_id": 306306369, "osm_type": "way"}, "geometry": {"type": "LineString", "coordinates": [[-51.0779948, -29.6822126], [-51.0778808, -29.6822288], [-51.0778316, -29.6822341], [-51.0767312, -29.6823481], [-51.0758789, -29.682445]]}}, {"type": "Feature", "properties": {"highway": "residential", "name": "Rua Brilhante", "osm_id": 306306370, "osm_type": "way"}, "geometry": {"type": "LineString", "coordinates": [[-51.0777625, -29.6805314], [-51.0778102, -29.6805283], [-51.0786014, -29.6804362]]}}, {"type": "Feature", "properties": {"highway": "residential", "name": "Rua Presidente Braz", "osm_id": 306306371, "osm_type": "way"}, "geometry": {"type": "LineString", "coordinates": [[-51.0777078, -29.6801354], [-51.0776171, -29.6801461], [-51.0775911, -29.6801493], [-51.0764543, -29.6802923], [-51.0754337, -29.680418], [-51.0741522, -29.6805812], [-51.0738662, -29.6806176]]}}, {"type": "Feature", "properties": {"highway": "residential", "name": "Rua Felipe Bauer", "osm_id": 306306372, "osm_type": "way"}, "geometry": {"type": "LineString", "coordinates": [[-51.0752867, -29.6812112], [-51.073701, -29.6813858], [-51.0736189, -29.6813949]]}}, {"type": "Feature", "properties": {"alt_name": "Rua Vinte e Quatro de Outubro", "highway": "residential", "name": "Rua 24 de Outubro", "osm_id": 306306373, "osm_type": "way"}, "geometry": {"type": "LineString", "coordinates": [[-51.0745598, -29.6822784], [-51.0739178, -29.6816755], [-51.0736189, -29.6813949], [-51.0733518, -29.681144], [-51.0733168, -29.6811111], [-51.0732614, -29.6810592], [-51.0727921, -29.6806185], [-51.0722306, -29.6800915], [-51.071502, -29.679407], [-51.070786, -29.6787346]]}}, {"type": "Feature", "properties": {"alt_name": "Rua Quatorze de Julho", "highway": "residential", "name": "Rua 14 de Julho", "osm_id": 306306374, "osm_type": "way"}, "geometry": {"type": "LineString", "coordinates": [[-51.0739178, -29.6816755], [-51.0735365, -29.6819477], [-51.0732656, -29.6820856], [-51.07292, -29.6821911], [-51.0726023, -29.6822343], [-51.0716031, -29.6823703], [-51.0705944, -29.6825076], [-51.0705577, -29.6825066]]}}, {"type": "Feature", "properties": {"highway": "residential", "name": "Rua São Luiz", "osm_id": 306306375, "osm_type": "way"}, "geometry": {"type": "LineString", "coordinates": [[-51.074977, -29.6775403], [-51.0749783, -29.677636], [-51.0750564, -29.678208], [-51.0751957, -29.6789498], [-51.0753403, -29.6797198]]}}, {"type": "Feature", "properties": {"highway": "secondary", "lit": "yes", "name": "Avenida Willy Reichert", "oneway": "yes", "surface": "asphalt", "osm_id": 306306376, "osm_type": "way"}, "geometry": {"type": "LineString", "coordinates": [[-51.0608441, -29.684652], [-51.0609086, -29.6846444], [-51.0609786, -29.6846354], [-51.0617987, -29.684545], [-51.0623493, -29.6844873], [-51.0631951, -29.6843674], [-51.0636686, -29.6841852], [-51.0645304, -29.6836825], [-51.0648958, -29.6834586], [-51.06532, -29.6831987], [-51.0656555, -29.6830113], [-51.0662275, -29.6826919], [-51.0668757, -29.6823437], [-51.0675298, -29.6820084], [-51.067739, -29.6819495], [-51.0678808, -29.6819098], [-51.0679453, -29.6818958], [-51.06829, -29.6818446], [-51.0692859, -29.6817396], [-51.070094, -29.6816239], [-51.070194, -29.6816119]]}}, {"type": "Feature", "properties": {"highway": "residential", "name": "Rua Dolores Duran", "osm_id": 306306377, "osm_type": "way"}, "geometry": {"type": "LineString", "coordinates": [[-51.0714599, -29.6814624], [-51.0712619, -29.6802073]]}}, {"type": "Feature", "properties": {"highway": "residential", "name": "Rua Presidente Castelo Branco", "osm_id": 306306378, "osm_type": "way"}, "geometry": {"type": "LineString", "coordinates": [[-51.0743658, -29.6835984], [-51.0731677, -29.6837393], [-51.0718399, -29.6838955], [-51.0707411, -29.6840247]]}}, {"type": "Feature", "properties": {"highway": "residential", "name": "Rua Pedro Carneiro Pereira", "osm_id": 306306379, "osm_type": "way"}, "geometry": {"type": "LineString", "coordinates": [[-51.0730605, -29.6829915], [-51.0731677, -29.6837393], [-51.0732822, -29.6845362], [-51.0733268, -29.6848892], [-51.0734475, -29.6856232], [-51.0735226, -29.6858772], [-51.0735874, -29.6859917], [-51.0736544, -29.6860873], [-51.0737619, -29.6862091]]}}, {"type": "Feature", "properties": {"highway": "residential", "name": "Rua Presidente Dutra", "osm_id": 306306380, "osm_type": "way"}, "geometry": {"type": "LineString", "coordinates": [[-51.0733268, -29.6848892], [-51.0722653, -29.6857082], [-51.0722192, -29.6857395], [-51.0722044, -29.6857509]]}}, {"type": "Feature", "properties": {"highway": "residential", "name": "Rua Montenegro", "osm_id": 306306381, "osm_type": "way"}, "geometry": {"type": "LineString", "coordinates": [[-51.0734475, -29.6856232], [-51.0743658, -29.6835984]]}}, {"type": "Feature", "properties": {"highway": "service", "name": "Rua Montenegro", "osm_id": 306306382, "osm_type": "way"}, "geometry": {"type": "LineString", "coordinates": [[-51.0743658, -29.6835984], [-51.0749025, -29.6826872]]}}, {"type": "Feature", "properties": {"highway": "residential", "name": "Rua Presidente Castelo Branco", "osm_id": 306306383, "osm_type": "way"}, "geometry": {"type": "LineString", "coordinates": [[-51.0781315, -29.6831139], [-51.0780198, -29.6831314], [-51.0768697, -29.6832521]]}}, {"type": "Feature", "properties": {"highway": "residential", "name": "Rua Caibaté", "osm_id": 306306384, "osm_type": "way"}, "geometry": {"type": "LineString", "coordinates": [[-51.0767312, -29.6823481], [-51.0767984, -29.6827865], [-51.0768697, -29.6832521]]}}, {"type": "Feature", "properties": {"highway": "residential", "name": "Rua Presidente Castelo Branco", "osm_id": 306306385, "osm_type": "way"}, "geometry": {"type": "LineString", "coordinates": [[-51.0768697, -29.6832521], [-51.0764795, -29.6832838], [-51.0754434, -29.683406]]}}, {"type": "Feature", "properties": {"highway": "tertiary", "maxspeed": "40", "name": "Avenida Intermunicipal", "source:maxspeed": "implicit", "surface": "asphalt", "osm_id": 308478740, "osm_type": "way"}, "geometry": {"type": "LineString", "coordinates": [[-51.0775562, -29.6953879], [-51.0776117, -29.6956144], [-51.0776662, -29.6958185], [-51.0781183, -29.6975097], [-51.0785861, -29.6992596], [-51.079045, -29.7009764], [-51.0791084, -29.7012135]]}}, {"type": "Feature", "properties": {"highway": "residential", "name": "Avenida Intermunicipal", "surface": "asphalt", "osm_id": 308478741, "osm_type": "way"}, "geometry": {"type": "LineString", "coordinates": [[-51.0789308, -29.7011213], [-51.0788674, -29.7008926], [-51.0785715, -29.699815], [-51.0784268, -29.6992887], [-51.0782879, -29.6987627], [-51.0781605, -29.6982805], [-51.0780702, -29.6979388]]}}, {"type": "Feature", "properties": {"highway": "residential", "osm_id": 308478743, "osm_type": "way"}, "geometry": {"type": "LineString", "coordinates": [[-51.0784268, -29.6992887], [-51.0785861, -29.6992596]]}}, {"type": "Feature", "properties": {"highway": "service", "osm_id": 308478744, "osm_type": "way"}, "geometry": {"type": "LineString", "coordinates": [[-51.078509, -29.6974298], [-51.0799477, -29.6971354], [-51.0799952, -29.6971328], [-51.0800433, -29.6971477], [-51.0800891, -29.6971806], [-51.0801212, -29.6972184], [-51.0809361, -29.7001925], [-51.0809387, -29.7002654], [-51.0809254, -29.7003276], [-51.0808924, -29.7003673], [-51.0808395, -29.7004068], [-51.0800401, -29.7005752]]}}, {"type": "Feature", "properties": {"highway": "residential", "name": "Rua Armindo Eltz", "osm_id": 308990750, "osm_type": "way"}, "geometry": {"type": "LineString", "coordinates": [[-51.0360904, -29.6623031], [-51.0358069, -29.6623222], [-51.0350407, -29.6623705], [-51.03458, -29.6623995], [-51.0334805, -29.6624867], [-51.0325881, -29.6625597]]}}, {"type": "Feature", "properties": {"highway": "residential", "name": "Rua Idalino João Martin", "osm_id": 308990751, "osm_type": "way"}, "geometry": {"type": "LineString", "coordinates": [[-51.0384492, -29.6589484], [-51.037883, -29.6599215], [-51.0376421, -29.660382], [-51.0372784, -29.6610329], [-51.0372464, -29.6610874], [-51.0367849, -29.6618592]]}}, {"type": "Feature", "properties": {"highway": "residential", "name": "Rua Deputado Plínio Salgado", "osm_id": 308990752, "osm_type": "way"}, "geometry": {"type": "LineString", "coordinates": [[-51.0436004, -29.689807], [-51.0429775, -29.6886612], [-51.0426187, -29.6879903]]}}, {"type": "Feature", "properties": {"highway": "residential", "name": "Rua Emilio Roth", "osm_id": 308990753, "osm_type": "way"}, "geometry": {"type": "LineString", "coordinates": [[-51.0442315, -29.6676007], [-51.0443475, -29.6674733], [-51.0446076, -29.6672251], [-51.0447312, -29.6670233], [-51.0447674, -29.6668307], [-51.044744, -29.6666455], [-51.0446928, -29.666151], [-51.0446587, -29.6655861], [-51.0445223, -29.6651805], [-51.0442069, -29.6643896], [-51.0438808, -29.6635668]]}}, {"type": "Feature", "properties": {"highway": "residential", "name": "Rua Helmuth Saenger", "osm_id": 308990754, "osm_type": "way"}, "geometry": {"type": "LineString", "coordinates": [[-51.0441478, -29.6626498], [-51.044085, -29.6626863], [-51.0439991, -29.6627231], [-51.0438186, -29.6627936], [-51.0435936, -29.6628645], [-51.0428089, -29.6629315], [-51.0397366, -29.6630817], [-51.0391775, -29.6631091], [-51.0378898, -29.6631711], [-51.0372957, -29.6632098], [-51.0370603, -29.6632225], [-51.0367138, -29.6632428], [-51.0362163, -29.6632702], [-51.0357383, -29.6632985]]}}, {"type": "Feature", "properties": {"alt_name": "Rua Manoel V Teixeira", "highway": "residential", "name": "Rua Manoel V. Z. Teixeira", "osm_id": 308990755, "osm_type": "way"}, "geometry": {"type": "LineString", "coordinates": [[-51.0417118, -29.6729132], [-51.041337, -29.6728205], [-51.0407645, -29.672679], [-51.0405431, -29.6726242], [-51.0399146, -29.6724688], [-51.039521, -29.6723715]]}}, {"type": "Feature", "properties": {"highway": "residential", "name": "Rua Pedro Saenger", "osm_id": 308990756, "osm_type": "way"}, "geometry": {"type": "LineString", "coordinates": [[-51.0430647, -29.6636183], [-51.042791, -29.6636392], [-51.0418453, -29.6637191], [-51.0413696, -29.6637392], [-51.0408339, -29.6637619], [-51.0392512, -29.6638446], [-51.0385906, -29.6638849]]}}, {"type": "Feature", "properties": {"highway": "residential", "name": "Avenida dos Municípios", "osm_id": 308990757, "osm_type": "way"}, "geometry": {"type": "LineString", "coordinates": [[-51.0438186, -29.6627936], [-51.0437799, -29.6627409], [-51.0436848, -29.6626777], [-51.043542, -29.6625816], [-51.0433343, -29.6624761], [-51.0428048, -29.6621945], [-51.0415308, -29.6615317], [-51.0405846, -29.661026], [-51.0404063, -29.6609115], [-51.0401262, -29.6607121], [-51.0397434, -29.6604025], [-51.0395999, -29.6602778], [-51.0391722, -29.6598361], [-51.0389627, -29.6595938], [-51.0387666, -29.6593353], [-51.0385971, -29.6591107], [-51.0385084, -29.659015], [-51.0384492, -29.6589484]]}}, {"type": "Feature", "properties": {"highway": "residential", "name": "Avenida dos Municipios", "osm_id": 308990758, "osm_type": "way"}, "geometry": {"type": "LineString", "coordinates": [[-51.0450091, -29.6818917], [-51.0449175, -29.6817834], [-51.0447521, -29.6815119], [-51.0445673, -29.6812227], [-51.0443208, -29.6808831], [-51.0441885, -29.6807092], [-51.0437732, -29.6801447], [-51.0435805, -29.6797597], [-51.0434483, -29.6793668], [-51.0434009, -29.6791575]]}}, {"type": "Feature", "properties": {"highway": "residential", "name": "Rua Rodolfo Bauer", "osm_id": 308990760, "osm_type": "way"}, "geometry": {"type": "LineString", "coordinates": [[-51.0366478, -29.6572291], [-51.0366932, -29.6575251], [-51.0368564, -29.6585369], [-51.0368895, -29.6587369], [-51.0369595, -29.6588778], [-51.0370043, -29.6589547], [-51.0370654, -29.659109], [-51.0371491, -29.6595633], [-51.0371955, -29.6597943], [-51.0372539, -29.660111], [-51.0372501, -29.6601744], [-51.0372234, -29.6602285], [-51.0368614, -29.6608507], [-51.0367647, -29.6610211], [-51.0363878, -29.6616058], [-51.0362913, -29.6617107]]}}, {"type": "Feature", "properties": {"alt_name": "Rua Waldenir Ethur Faccini", "highway": "residential", "name": "Rua Waldemir Faccini", "osm_id": 308990761, "osm_type": "way"}, "geometry": {"type": "LineString", "coordinates": [[-51.0416182, -29.6688373], [-51.0407017, -29.668951], [-51.0401059, -29.6690226], [-51.0393424, -29.6691162], [-51.0389627, -29.6691667], [-51.038565, -29.669221], [-51.0378064, -29.6693117]]}}, {"type": "Feature", "properties": {"highway": "residential", "name": "Rua Delmar Scharten", "osm_id": 308990763, "osm_type": "way"}, "geometry": {"type": "LineString", "coordinates": [[-51.038282, -29.6654661], [-51.0385173, -29.665572], [-51.0389027, -29.6657455], [-51.0390386, -29.6657977], [-51.0391813, -29.6658524], [-51.0393763, -29.6658968], [-51.0395714, -29.665915], [-51.0397674, -29.6659013], [-51.039872, -29.6658756], [-51.0399847, -29.6658349], [-51.0401309, -29.6657738], [-51.0404189, -29.6655841], [-51.0405883, -29.6654419], [-51.0412431, -29.6648921], [-51.0417567, -29.6644313]]}}, {"type": "Feature", "properties": {"highway": "residential", "name": "Avenida Municipal", "oneway": "yes", "osm_id": 308990764, "osm_type": "way"}, "geometry": {"type": "LineString", "coordinates": [[-51.0315709, -29.6718131], [-51.0312994, -29.6694777], [-51.0314469, -29.6690256], [-51.0314619, -29.6689332], [-51.0314152, -29.6685804], [-51.0313822, -29.6683108], [-51.0313553, -29.66815], [-51.0313305, -29.6680023], [-51.0313094, -29.6678922], [-51.031423, -29.667924], [-51.031459, -29.6679845], [-51.0315031, -29.6682966], [-51.0315762, -29.6689241], [-51.0315609, -29.6690246], [-51.0314222, -29.6694642], [-51.0316931, -29.6718016]]}}, {"type": "Feature", "properties": {"highway": "residential", "name": "Rua Gino Giulian", "surface": "unpaved", "osm_id": 308990765, "osm_type": "way"}, "geometry": {"type": "LineString", "coordinates": [[-51.0320525, -29.6704131], [-51.0339306, -29.6702617], [-51.0355204, -29.6701359], [-51.0356425, -29.6701196], [-51.0371014, -29.6699676], [-51.0377475, -29.6699049]]}}, {"type": "Feature", "properties": {"highway": "residential", "name": "Rua Guido Arnhold", "osm_id": 308990766, "osm_type": "way"}, "geometry": {"type": "LineString", "coordinates": [[-51.0366209, -29.6655084], [-51.0374003, -29.6658703], [-51.0381499, -29.6662245], [-51.0384871, -29.6663839], [-51.03896, -29.6665636], [-51.0392851, -29.6666179], [-51.0396397, -29.6666207], [-51.0399779, -29.6665751], [-51.040136, -29.6665397], [-51.0402964, -29.6665037], [-51.0407463, -29.6662897], [-51.0411658, -29.6659714], [-51.0412125, -29.6659359], [-51.0421188, -29.6651513], [-51.0430316, -29.664341]]}}, {"type": "Feature", "properties": {"highway": "residential", "junction": "roundabout", "osm_id": 308990767, "osm_type": "way"}, "geometry": {"type": "LineString", "coordinates": [[-51.0362928, -29.6622071], [-51.0363632, -29.6622276], [-51.0364197, -29.6622694], [-51.0364542, -29.6623266], [-51.0364616, -29.6623908], [-51.0364408, -29.6624528], [-51.0364053, -29.6624951], [-51.0363566, -29.6625261], [-51.0362921, -29.6625435], [-51.0362246, -29.6625409], [-51.0361622, -29.6625183], [-51.0361169, -29.6624836], [-51.036086, -29.6624385], [-51.0360724, -29.6623873]]}}, {"type": "Feature", "properties": {"highway": "residential", "name": "Rua Ërico Veríssimo", "osm_id": 308990768, "osm_type": "way"}, "geometry": {"type": "LineString", "coordinates": [[-51.0452472, -29.6642648], [-51.0452295, -29.6643132], [-51.0452079, -29.6643664], [-51.0450478, -29.6647832], [-51.0446833, -29.6655365], [-51.0446587, -29.6655861], [-51.0443681, -29.6661728], [-51.0442334, -29.6663611], [-51.0435176, -29.6669859], [-51.0429022, -29.6674911], [-51.0426854, -29.6676691], [-51.0425063, -29.6678162], [-51.0422173, -29.6681243], [-51.0421121, -29.6683288], [-51.042056, -29.6684798], [-51.0420349, -29.6685906], [-51.0420104, -29.6688719], [-51.0420085, -29.6691118], [-51.042014, -29.6692762]]}}, {"type": "Feature", "properties": {"highway": "residential", "name": "Rua Joaquin Bernardo Janeish", "osm_id": 308990769, "osm_type": "way"}, "geometry": {"type": "LineString", "coordinates": [[-51.0385906, -29.6638849], [-51.0384722, -29.6645979]]}}, {"type": "Feature", "properties": {"highway": "residential", "name": "Rua Cecília B. Martin", "osm_id": 308990770, "osm_type": "way"}, "geometry": {"type": "LineString", "coordinates": [[-51.0399091, -29.6678691], [-51.0401059, -29.6690226]]}}, {"type": "Feature", "properties": {"highway": "residential", "name": "Rua Gustavo Stofel", "osm_id": 308990771, "osm_type": "way"}, "geometry": {"type": "LineString", "coordinates": [[-51.0457566, -29.686114], [-51.0469144, -29.6858971], [-51.0469448, -29.6858922], [-51.0470463, -29.6858728]]}}, {"type": "Feature", "properties": {"alt_name": "Rua Cinco; Rua 05", "highway": "residential", "name": "Rua Adão Preto", "osm_id": 308990772, "osm_type": "way"}, "geometry": {"type": "LineString", "coordinates": [[-51.0358172, -29.6650612], [-51.0343195, -29.6651937]]}}, {"type": "Feature", "properties": {"alt_name": "Rua Itamar Vargas", "highway": "residential", "osm_id": 308990773, "osm_type": "way"}, "geometry": {"type": "LineString", "coordinates": [[-51.0347093, -29.6692074], [-51.0347428, -29.669621]]}}, {"type": "Feature", "properties": {"highway": "residential", "name": "Rua Alberto Almiro Jost", "osm_id": 308990774, "osm_type": "way"}, "geometry": {"type": "LineString", "coordinates": [[-51.0389005, -29.672426], [-51.0386497, -29.670869]]}}, {"type": "Feature", "properties": {"highway": "residential", "name": "Rua Leonildo Aumond", "osm_id": 308990775, "osm_type": "way"}, "geometry": {"type": "LineString", "coordinates": [[-51.0314152, -29.6685804], [-51.0306212, -29.6686469]]}}, {"type": "Feature", "properties": {"highway": "residential", "osm_id": 308990776, "osm_type": "way"}, "geometry": {"type": "LineString", "coordinates": [[-51.0330292, -29.6710312], [-51.033114, -29.6716975]]}}, {"type": "Feature", "properties": {"highway": "residential", "name": "Rua Luiz José Schimitz", "osm_id": 308990777, "osm_type": "way"}, "geometry": {"type": "LineString", "coordinates": [[-51.03458, -29.6623995], [-51.0346634, -29.6632015]]}}, {"type": "Feature", "properties": {"highway": "residential", "name": "Rua Walter Schenkel", "osm_id": 308990778, "osm_type": "way"}, "geometry": {"type": "LineString", "coordinates": [[-51.0313553, -29.66815], [-51.0305707, -29.6682102]]}}, {"type": "Feature", "properties": {"highway": "residential", "name": "Rua Arlindo Baum", "osm_id": 308990779, "osm_type": "way"}, "geometry": {"type": "LineString", "coordinates": [[-51.0403917, -29.661604], [-51.0391191, -29.6623907]]}}, {"type": "Feature", "properties": {"highway": "residential", "name": "Rua Olinda Forell", "osm_id": 308990780, "osm_type": "way"}, "geometry": {"type": "LineString", "coordinates": [[-51.0435975, -29.6809872], [-51.0431909, -29.6804859]]}}, {"type": "Feature", "properties": {"alt_name": "Rua Seis; Rua 06", "highway": "residential", "name": "Rua João Clécio Lehmen", "osm_id": 308990781, "osm_type": "way"}, "geometry": {"type": "LineString", "coordinates": [[-51.034345, -29.6654045], [-51.0329714, -29.6655197]]}}, {"type": "Feature", "properties": {"highway": "residential", "name": "Rua Campestre", "osm_id": 308990782, "osm_type": "way"}, "geometry": {"type": "LineString", "coordinates": [[-51.0337445, -29.6832432], [-51.0340127, -29.6829201]]}}, {"type": "Feature", "properties": {"alt_name": "Rua Quatro; Rua 04", "highway": "residential", "name": "Rua José F. R. Severo", "osm_id": 308990783, "osm_type": "way"}, "geometry": {"type": "LineString", "coordinates": [[-51.0357719, -29.6655606], [-51.0343783, -29.6656799]]}}, {"type": "Feature", "properties": {"highway": "residential", "name": "Rua Harry Timm", "osm_id": 308990784, "osm_type": "way"}, "geometry": {"type": "LineString", "coordinates": [[-51.0334805, -29.6624867], [-51.033573, -29.6632957], [-51.0336217, -29.663769]]}}, {"type": "Feature", "properties": {"alt_name": "Rua Silvio Jacobus", "highway": "residential", "name": "Rua Silvio Jacob", "osm_id": 308990785, "osm_type": "way"}, "geometry": {"type": "LineString", "coordinates": [[-51.0406683, -29.6776473], [-51.0408669, -29.6790561]]}}, {"type": "Feature", "properties": {"highway": "residential", "name": "Avenida João Demetrio", "oneway": "yes", "osm_id": 308990786, "osm_type": "way"}, "geometry": {"type": "LineString", "coordinates": [[-51.0314619, -29.6689332], [-51.0315762, -29.6689241], [-51.0322602, -29.6688694], [-51.0327559, -29.6688301], [-51.0332651, -29.6687883], [-51.0337352, -29.6687422], [-51.0339468, -29.6687213], [-51.0342107, -29.6686947], [-51.034405, -29.6686817], [-51.0346363, -29.6686875], [-51.0348143, -29.6687148], [-51.0350621, -29.6688288], [-51.0351117, -29.6688507], [-51.0353025, -29.668927], [-51.0353988, -29.6689404]]}}, {"type": "Feature", "properties": {"highway": "residential", "name": "Rua Alfredo Vargas", "osm_id": 308990787, "osm_type": "way"}, "geometry": {"type": "LineString", "coordinates": [[-51.0306862, -29.6690826], [-51.0314469, -29.6690256]]}}, {"type": "Feature", "properties": {"highway": "residential", "name": "Rua Ivo Eloy Fauth", "osm_id": 308990788, "osm_type": "way"}, "geometry": {"type": "LineString", "coordinates": [[-51.0302415, -29.6670361], [-51.0303004, -29.6671062], [-51.030306, -29.6671684], [-51.0302938, -29.6672175], [-51.030256, -29.6673595], [-51.0302459, -29.6674228], [-51.0302523, -29.6674764], [-51.0302934, -29.6675489], [-51.0305476, -29.6677895], [-51.0307903, -29.6677766], [-51.0309213, -29.6677784], [-51.0311969, -29.6678582], [-51.0313094, -29.6678922]]}}, {"type": "Feature", "properties": {"alt_name": "Rua Leão XIII; Rua Leão 13; Rua Leão Treze", "highway": "residential", "name": "Estrada do Mônaco", "osm_id": 308990789, "osm_type": "way"}, "geometry": {"type": "LineString", "coordinates": [[-51.0248958, -29.6829568], [-51.0253719, -29.6826545], [-51.0254821, -29.6826036], [-51.0262606, -29.6822379], [-51.0268378, -29.6819822], [-51.02694, -29.6819532], [-51.0272281, -29.6818713], [-51.0272976, -29.6818516], [-51.0276117, -29.681816], [-51.0277318, -29.6818359], [-51.0280169, -29.6818833], [-51.0291732, -29.6820415], [-51.0302294, -29.6822511], [-51.0304549, -29.682268], [-51.0310079, -29.6823816], [-51.0311757, -29.6824188], [-51.0318137, -29.682789], [-51.0329381, -29.6834811], [-51.0334428, -29.6837652], [-51.0336345, -29.6838689], [-51.0339403, -29.6840087], [-51.0342435, -29.6841095], [-51.0345438, -29.684166], [-51.0351393, -29.6842359], [-51.0354578, -29.6843012], [-51.0355832, -29.6843402], [-51.0357924, -29.6844317], [-51.035958, -29.6845342], [-51.036225, -29.6848377], [-51.0364982, -29.685162], [-51.0367325, -29.6853661], [-51.0368331, -29.6854243], [-51.0370611, -29.6855001], [-51.037277, -29.685556], [-51.0374151, -29.6855606], [-51.0379854, -29.6856043], [-51.0386744, -29.6856317], [-51.0395019, -29.6856853], [-51.0397407, -29.6856853]]}}, {"type": "Feature", "properties": {"alt_name": "Rua Oito; Rua 08", "highway": "residential", "name": "Rua Paulo Henrique da Luz", "osm_id": 308990790, "osm_type": "way"}, "geometry": {"type": "LineString", "coordinates": [[-51.0344652, -29.6663939], [-51.0331317, -29.6665354]]}}, {"type": "Feature", "properties": {"highway": "residential", "name": "Rua Professor Breno Osório Marquês", "osm_id": 308990791, "osm_type": "way"}, "geometry": {"type": "LineString", "coordinates": [[-51.0391671, -29.6680979], [-51.0383903, -29.6681906], [-51.0376013, -29.6682896]]}}, {"type": "Feature", "properties": {"alt_name": "Rua Heitor Helm", "highway": "residential", "name": "Rua Heitor S. Helm", "osm_id": 308990792, "osm_type": "way"}, "geometry": {"type": "LineString", "coordinates": [[-51.0390541, -29.6674741], [-51.0391671, -29.6680979], [-51.0393424, -29.6691162]]}}, {"type": "Feature", "properties": {"highway": "residential", "name": "Rua Wilibaldo Blos", "osm_id": 308990793, "osm_type": "way"}, "geometry": {"type": "LineString", "coordinates": [[-51.0414882, -29.6877024], [-51.0408805, -29.6865332], [-51.0402462, -29.6854184]]}}, {"type": "Feature", "properties": {"highway": "residential", "name": "Rua Dealmo Trieweiler", "osm_id": 308990794, "osm_type": "way"}, "geometry": {"type": "LineString", "coordinates": [[-51.0392851, -29.6666179], [-51.0396676, -29.6674997], [-51.0397902, -29.6678201]]}}, {"type": "Feature", "properties": {"highway": "residential", "name": "Rua Idalino João Martin", "oneway": "yes", "osm_id": 308990795, "osm_type": "way"}, "geometry": {"type": "LineString", "coordinates": [[-51.0367849, -29.6618592], [-51.0366721, -29.6620826], [-51.0365199, -29.6623422], [-51.0364408, -29.6624528]]}}, {"type": "Feature", "properties": {"highway": "residential", "name": "Rua da Paz", "osm_id": 308990796, "osm_type": "way"}, "geometry": {"type": "LineString", "coordinates": [[-51.0349944, -29.6829508], [-51.0352268, -29.6836023], [-51.0354578, -29.6843012]]}}, {"type": "Feature", "properties": {"highway": "residential", "name": "Rua João Câmara", "osm_id": 308990797, "osm_type": "way"}, "geometry": {"type": "LineString", "coordinates": [[-51.040066, -29.673428], [-51.0409343, -29.6737667], [-51.0418698, -29.6740857]]}}, {"type": "Feature", "properties": {"highway": "residential", "name": "Avenida dos Estados", "osm_id": 308990798, "osm_type": "way"}, "geometry": {"type": "LineString", "coordinates": [[-51.0465535, -29.6866538], [-51.0460259, -29.6873305], [-51.0455212, -29.687978]]}}, {"type": "Feature", "properties": {"highway": "residential", "name": "Rua Albino Venter", "osm_id": 308990799, "osm_type": "way"}, "geometry": {"type": "LineString", "coordinates": [[-51.0420617, -29.6694577], [-51.0408125, -29.6695918], [-51.0390737, -29.6698364]]}}, {"type": "Feature", "properties": {"highway": "residential", "name": "Rua Victor M Teixeira", "osm_id": 308990800, "osm_type": "way"}, "geometry": {"type": "LineString", "coordinates": [[-51.0401361, -29.6703643], [-51.040328, -29.671426], [-51.0405431, -29.6726242]]}}, {"type": "Feature", "properties": {"highway": "residential", "name": "Rua Antônio C. Luckmann", "osm_id": 308990801, "osm_type": "way"}, "geometry": {"type": "LineString", "coordinates": [[-51.0416837, -29.6701615], [-51.0409195, -29.6702637], [-51.0401361, -29.6703643], [-51.039193, -29.6705005]]}}, {"type": "Feature", "properties": {"highway": "residential", "name": "Rua João Pedro Blos", "osm_id": 308990802, "osm_type": "way"}, "geometry": {"type": "LineString", "coordinates": [[-51.04492, -29.6886824], [-51.043898, -29.6886665], [-51.0429775, -29.6886612]]}}, {"type": "Feature", "properties": {"alt_name": "Rua Joaquin Bernardo Janeish", "highway": "residential", "name": "Rua Joaquim Bernardo Jaenisch", "osm_id": 308990803, "osm_type": "way"}, "geometry": {"type": "LineString", "coordinates": [[-51.0381499, -29.6662245], [-51.038282, -29.6654661], [-51.0384236, -29.6646823], [-51.0384722, -29.6645979]]}}, {"type": "Feature", "properties": {"highway": "residential", "name": "Rua Irmã Elsa Feltes", "osm_id": 308990804, "osm_type": "way"}, "geometry": {"type": "LineString", "coordinates": [[-51.0428089, -29.6629315], [-51.0413696, -29.6637392], [-51.0400557, -29.6645319]]}}, {"type": "Feature", "properties": {"highway": "residential", "name": "Rua Alfredo João Mollter", "osm_id": 308990805, "osm_type": "way"}, "geometry": {"type": "LineString", "coordinates": [[-51.0392421, -29.6708166], [-51.0386497, -29.670869], [-51.037948, -29.6709725]]}}, {"type": "Feature", "properties": {"highway": "residential", "name": "Rua Ernesto e Schuett", "osm_id": 308990806, "osm_type": "way"}, "geometry": {"type": "LineString", "coordinates": [[-51.038565, -29.669221], [-51.0383903, -29.6681906], [-51.0382188, -29.6670732]]}}, {"type": "Feature", "properties": {"alt_name": "Rua Gelaci Ribeiro da Rosa", "highway": "residential", "name": "Rua Arlindo Sander", "osm_id": 308990807, "osm_type": "way"}, "geometry": {"type": "LineString", "coordinates": [[-51.0347428, -29.669621], [-51.0338561, -29.6697079], [-51.0328156, -29.6697889]]}}, {"type": "Feature", "properties": {"highway": "residential", "lanes": "2", "name": "Rua Arnildo Schmidt", "oneway": "no", "surface": "asphalt", "osm_id": 308990808, "osm_type": "way"}, "geometry": {"type": "LineString", "coordinates": [[-51.042628, -29.6788576], [-51.0425247, -29.6780572], [-51.0425127, -29.6780245], [-51.0424724, -29.6779977]]}}, {"type": "Feature", "properties": {"highway": "residential", "name": "Rua Denis Teresinha da Silva", "osm_id": 308990809, "osm_type": "way"}, "geometry": {"type": "LineString", "coordinates": [[-51.0373676, -29.6666754], [-51.0376013, -29.6682896], [-51.0378064, -29.6693117]]}}, {"type": "Feature", "properties": {"highway": "residential", "name": "Rua Pedro Pereira Duarte", "osm_id": 308990810, "osm_type": "way"}, "geometry": {"type": "LineString", "coordinates": [[-51.0410887, -29.6713377], [-51.040328, -29.671426], [-51.0393683, -29.6715428]]}}, {"type": "Feature", "properties": {"alt_name": "Rua Selvino Reuter", "highway": "residential", "name": "Rua Selívio Reuter", "osm_id": 308990811, "osm_type": "way"}, "geometry": {"type": "LineString", "coordinates": [[-51.0375943, -29.6643221], [-51.037548, -29.6647718], [-51.0374003, -29.6658703]]}}, {"type": "Feature", "properties": {"highway": "residential", "osm_id": 308990812, "osm_type": "way"}, "geometry": {"type": "LineString", "coordinates": [[-51.0398503, -29.6795072], [-51.0396024, -29.6795442], [-51.0390517, -29.6796303], [-51.0390137, -29.6796558], [-51.0389869, -29.679721], [-51.0389668, -29.6797618], [-51.038893, -29.6797723], [-51.0384491, -29.6797991], [-51.0381044, -29.679848], [-51.0379301, -29.6799028], [-51.0378201, -29.6799296], [-51.037682, -29.6799366], [-51.0375077, -29.6799506], [-51.0368291, -29.6801743]]}}, {"type": "Feature", "properties": {"alt_name": "Rua Leão 13º; Rua Leão Décimo Terceiro", "highway": "residential", "name": "Rua Leão XIII", "osm_id": 308990813, "osm_type": "way"}, "geometry": {"type": "LineString", "coordinates": [[-51.0384651, -29.6863878], [-51.0388358, -29.6862011], [-51.0396401, -29.6858304]]}}, {"type": "Feature", "properties": {"highway": "residential", "name": "Rua Presidente João Goulart", "osm_id": 308990814, "osm_type": "way"}, "geometry": {"type": "LineString", "coordinates": [[-51.0466253, -29.6912037], [-51.0463025, -29.6911967], [-51.0459599, -29.6910965], [-51.0456017, -29.6910208], [-51.0453587, -29.6909585], [-51.045312, -29.6908205], [-51.0452995, -29.6906798], [-51.045368, -29.6904931], [-51.0454864, -29.6901277], [-51.0454708, -29.6900249], [-51.0454023, -29.6898815], [-51.0452995, -29.6898057], [-51.0451313, -29.6897299], [-51.0449101, -29.6896921], [-51.0446858, -29.6896894], [-51.0438859, -29.6897665], [-51.0436004, -29.689807], [-51.043228, -29.6898598], [-51.042552, -29.6899086], [-51.0422841, -29.689895], [-51.0420256, -29.6897949], [-51.0418667, -29.6896352], [-51.0417546, -29.6894242], [-51.0416966, -29.6891989], [-51.0416424, -29.6889885], [-51.0415801, -29.6887963], [-51.0414462, -29.6885609], [-51.0413823, -29.6885086], [-51.0413371, -29.6884716], [-51.0410786, -29.6883715], [-51.0409864, -29.6883559], [-51.0407577, -29.6883173], [-51.0404431, -29.6882118], [-51.0402188, -29.6880684], [-51.0399572, -29.6878654], [-51.0396706, -29.6875217], [-51.0391918, -29.6868248], [-51.0388358, -29.6862011]]}}, {"type": "Feature", "properties": {"highway": "residential", "name": "Rua Eduino Roennau", "osm_id": 308990816, "osm_type": "way"}, "geometry": {"type": "LineString", "coordinates": [[-51.0395999, -29.6602778], [-51.0386198, -29.6603188], [-51.0376421, -29.660382]]}}, {"type": "Feature", "properties": {"highway": "residential", "name": "Rua Roberto Weber", "osm_id": 308990817, "osm_type": "way"}, "geometry": {"type": "LineString", "coordinates": [[-51.0417439, -29.6863863], [-51.0408805, -29.6865332], [-51.0400615, -29.6866754], [-51.0391918, -29.6868248]]}}, {"type": "Feature", "properties": {"alt_name": "Rua Guilherme Kondorfer", "highway": "residential", "name": "Rua Guilherme Korfer", "osm_id": 308990818, "osm_type": "way"}, "geometry": {"type": "LineString", "coordinates": [[-51.0460259, -29.6873305], [-51.0450524, -29.6873201], [-51.0439129, -29.6873079], [-51.0425379, -29.6872932]]}}, {"type": "Feature", "properties": {"highway": "residential", "name": "Rua Willy Kleinkauf", "osm_id": 308990819, "osm_type": "way"}, "geometry": {"type": "LineString", "coordinates": [[-51.0415308, -29.6615317], [-51.0403917, -29.661604], [-51.0394803, -29.6616633], [-51.0378572, -29.6617161]]}}, {"type": "Feature", "properties": {"highway": "residential", "name": "Rua Nereu Ramos", "osm_id": 308990820, "osm_type": "way"}, "geometry": {"type": "LineString", "coordinates": [[-51.045758, -29.6851103], [-51.0457579, -29.6858858], [-51.0457566, -29.686114], [-51.0457577, -29.6866449]]}}, {"type": "Feature", "properties": {"highway": "residential", "name": "Rua Oscar Blos", "osm_id": 308990821, "osm_type": "way"}, "geometry": {"type": "LineString", "coordinates": [[-51.0455212, -29.687978], [-51.0439055, -29.6879817], [-51.0426187, -29.6879903]]}}, {"type": "Feature", "properties": {"highway": "residential", "name": "Rua Reinaldo Reichert", "osm_id": 308990822, "osm_type": "way"}, "geometry": {"type": "LineString", "coordinates": [[-51.0357895, -29.6631081], [-51.0346634, -29.6632015], [-51.033573, -29.6632957], [-51.0327363, -29.6633591]]}}, {"type": "Feature", "properties": {"highway": "residential", "name": "Rua da Lagoa", "osm_id": 308990823, "osm_type": "way"}, "geometry": {"type": "LineString", "coordinates": [[-51.0330137, -29.6825359], [-51.0331514, -29.6829375], [-51.033191, -29.6830374], [-51.0334428, -29.6837652]]}}, {"type": "Feature", "properties": {"highway": "residential", "name": "Rua Flores da Cunha", "osm_id": 308990824, "osm_type": "way"}, "geometry": {"type": "LineString", "coordinates": [[-51.0414439, -29.6858533], [-51.0425539, -29.6858681], [-51.0439374, -29.6858781], [-51.0457579, -29.6858858]]}}, {"type": "Feature", "properties": {"highway": "residential", "name": "Rua Arlindo Sander", "osm_id": 308990825, "osm_type": "way"}, "geometry": {"type": "LineString", "coordinates": [[-51.0327054, -29.6689151], [-51.0327598, -29.6693478], [-51.0327914, -29.6697583], [-51.0328156, -29.6697889]]}}, {"type": "Feature", "properties": {"highway": "residential", "name": "Rua Armindo Ritter", "osm_id": 308990826, "osm_type": "way"}, "geometry": {"type": "LineString", "coordinates": [[-51.0401618, -29.6797087], [-51.0398503, -29.6795072], [-51.0394019, -29.6791748], [-51.0389406, -29.6788406]]}}, {"type": "Feature", "properties": {"highway": "residential", "name": "Rua Ernesto Müller", "osm_id": 308990827, "osm_type": "way"}, "geometry": {"type": "LineString", "coordinates": [[-51.0339306, -29.6702617], [-51.0338561, -29.6697079], [-51.0338125, -29.6692931], [-51.0337537, -29.6688451]]}}, {"type": "Feature", "properties": {"highway": "residential", "osm_id": 308990828, "osm_type": "way"}, "geometry": {"type": "LineString", "coordinates": [[-51.0366209, -29.6655084], [-51.0365115, -29.6662042], [-51.0364863, -29.6664157]]}}, {"type": "Feature", "properties": {"highway": "residential", "name": "Rua Carlos Cardoso de Andrade", "osm_id": 308990829, "osm_type": "way"}, "geometry": {"type": "LineString", "coordinates": [[-51.0414588, -29.6778767], [-51.041623, -29.6789736], [-51.0417303, -29.6795767]]}}, {"type": "Feature", "properties": {"alt_name": "Rua Ema Witt Negrine", "highway": "residential", "name": "Rua Ema Witt Negrini", "osm_id": 308990830, "osm_type": "way"}, "geometry": {"type": "LineString", "coordinates": [[-51.044117, -29.6801303], [-51.0441579, -29.680082], [-51.0441924, -29.6800355], [-51.0447183, -29.6793542], [-51.0452725, -29.678612], [-51.0456902, -29.6780349], [-51.0458883, -29.6777867], [-51.0462286, -29.6773426], [-51.0463955, -29.6772139], [-51.0466746, -29.6771749], [-51.0474458, -29.6770615], [-51.0476166, -29.677039], [-51.0476991, -29.6770267]]}}, {"type": "Feature", "properties": {"highway": "residential", "name": "Rua Itamar Jardim", "osm_id": 308990831, "osm_type": "way"}, "geometry": {"type": "LineString", "coordinates": [[-51.0371014, -29.6699676], [-51.0371924, -29.6706486], [-51.0372853, -29.6713441]]}}, {"type": "Feature", "properties": {"alt_name": "Rua Waldemar Mossmann", "highway": "residential", "name": "Rua Waldemar Massmann", "osm_id": 308990832, "osm_type": "way"}, "geometry": {"type": "LineString", "coordinates": [[-51.0382598, -29.672484], [-51.0386939, -29.6749287], [-51.0389461, -29.676539], [-51.0390176, -29.6772024]]}}, {"type": "Feature", "properties": {"highway": "residential", "name": "Rua Helio Nelson Weiss", "osm_id": 308990833, "osm_type": "way"}, "geometry": {"type": "LineString", "coordinates": [[-51.0390548, -29.6724114], [-51.039303, -29.6740165], [-51.0394564, -29.6748432], [-51.0397372, -29.6767509]]}}, {"type": "Feature", "properties": {"highway": "residential", "name": "Rua João Câmara", "osm_id": 308990834, "osm_type": "way"}, "geometry": {"type": "LineString", "coordinates": [[-51.0322176, -29.6717523], [-51.0321398, -29.671121]]}}, {"type": "Feature", "properties": {"highway": "residential", "lit": "yes", "name": "Rua Idalino João Martin", "osm_id": 308990835, "osm_type": "way"}, "geometry": {"type": "LineString", "coordinates": [[-51.0368454, -29.6664661], [-51.0373676, -29.6666754], [-51.0382188, -29.6670732], [-51.0387184, -29.6673152], [-51.0390541, -29.6674741], [-51.0397902, -29.6678201], [-51.0399091, -29.6678691], [-51.0400769, -29.6679464], [-51.0403546, -29.6680631], [-51.0406269, -29.6681867], [-51.0408578, -29.6682968], [-51.0412305, -29.6685028], [-51.0414474, -29.6686608], [-51.0416182, -29.6688373], [-51.0418161, -29.6690404], [-51.042014, -29.6692762], [-51.0420617, -29.6694577], [-51.0420766, -29.6695888], [-51.0420889, -29.6697631], [-51.0421045, -29.6701007], [-51.0421116, -29.6708231], [-51.0421502, -29.6713335], [-51.0421436, -29.6714457], [-51.0423137, -29.6716534], [-51.0424754, -29.6717685], [-51.0427024, -29.6718791], [-51.0428461, -29.6719322], [-51.0430617, -29.6719818], [-51.0433679, -29.6720553], [-51.0436521, -29.6721235], [-51.0437759, -29.6721496], [-51.0443348, -29.6722771], [-51.0446065, -29.6723455]]}}, {"type": "Feature", "properties": {"highway": "residential", "name": "Rua Willi Blos", "osm_id": 308990836, "osm_type": "way"}, "geometry": {"type": "LineString", "coordinates": [[-51.0405883, -29.6654419], [-51.0411658, -29.6659714], [-51.0417506, -29.6664843], [-51.0423509, -29.6670091], [-51.0429022, -29.6674911]]}}, {"type": "Feature", "properties": {"alt_name": "Rua Tres; Rua 03", "highway": "residential", "name": "Rua 3", "osm_id": 308990837, "osm_type": "way"}, "geometry": {"type": "LineString", "coordinates": [[-51.0344399, -29.6661893], [-51.0354906, -29.6661005]]}}, {"type": "Feature", "properties": {"highway": "residential", "name": "Rua Giuseppe Ricardo del Vecchio", "osm_id": 308990838, "osm_type": "way"}, "geometry": {"type": "LineString", "coordinates": [[-51.0341578, -29.6682472], [-51.0347124, -29.6682086], [-51.0349932, -29.6681869]]}}, {"type": "Feature", "properties": {"highway": "residential", "name": "Rua Lidia Eva Umann Schneider", "osm_id": 308990839, "osm_type": "way"}, "geometry": {"type": "LineString", "coordinates": [[-51.0446156, -29.6807732], [-51.0445594, -29.6808038], [-51.0444187, -29.680856], [-51.0443208, -29.6808831], [-51.0435975, -29.6809872], [-51.0431132, -29.6810461], [-51.0424823, -29.6811437], [-51.0418203, -29.6812441]]}}, {"type": "Feature", "properties": {"highway": "residential", "name": "Rua Emilio Willibaldo Weber", "osm_id": 308990841, "osm_type": "way"}, "geometry": {"type": "LineString", "coordinates": [[-51.0397407, -29.6856853], [-51.0396401, -29.6858304], [-51.0400615, -29.6866754], [-51.0407872, -29.6879939], [-51.0409864, -29.6883559]]}}, {"type": "Feature", "properties": {"highway": "residential", "name": "Rua Avelino Mônaco", "osm_id": 308990842, "osm_type": "way"}, "geometry": {"type": "LineString", "coordinates": [[-51.0355151, -29.6691374], [-51.035424, -29.6691346], [-51.0347093, -29.6692074], [-51.0338125, -29.6692931], [-51.0327598, -29.6693478]]}}, {"type": "Feature", "properties": {"highway": "residential", "name": "Rua Delmar Kleinkauf", "osm_id": 308990843, "osm_type": "way"}, "geometry": {"type": "LineString", "coordinates": [[-51.0404063, -29.6609115], [-51.0400385, -29.6609386], [-51.0382499, -29.6610331], [-51.0373822, -29.6610815], [-51.0372464, -29.6610874]]}}, {"type": "Feature", "properties": {"highway": "residential", "name": "Rua Percy João de Mello", "osm_id": 308990844, "osm_type": "way"}, "geometry": {"type": "LineString", "coordinates": [[-51.0359858, -29.6829347], [-51.0357696, -29.6829248], [-51.0349944, -29.6829508]]}}, {"type": "Feature", "properties": {"highway": "residential", "name": "Rua Edmundo Strassburger", "osm_id": 308990845, "osm_type": "way"}, "geometry": {"type": "LineString", "coordinates": [[-51.0402188, -29.6880684], [-51.0405044, -29.6880768], [-51.0407872, -29.6879939], [-51.0414882, -29.6877024], [-51.042287, -29.6873703]]}}, {"type": "Feature", "properties": {"highway": "residential", "name": "Rua Ademar Gonçalves", "osm_id": 308990846, "osm_type": "way"}, "geometry": {"type": "LineString", "coordinates": [[-51.0406391, -29.6769887], [-51.0404353, -29.6757834], [-51.0402889, -29.6747104], [-51.040066, -29.673428], [-51.0399146, -29.6724688]]}}, {"type": "Feature", "properties": {"highway": "residential", "name": "Rua Armindo Jacobus", "osm_id": 308990847, "osm_type": "way"}, "geometry": {"type": "LineString", "coordinates": [[-51.0424731, -29.6877183], [-51.0425379, -29.6872932], [-51.0425402, -29.6866308], [-51.0425539, -29.6858681], [-51.0425772, -29.6850876]]}}, {"type": "Feature", "properties": {"highway": "residential", "name": "Rua Zenio José Oliveira", "osm_id": 308990848, "osm_type": "way"}, "geometry": {"type": "LineString", "coordinates": [[-51.0321749, -29.6694047], [-51.0321375, -29.6694296], [-51.0314222, -29.6694642], [-51.0312994, -29.6694777]]}}, {"type": "Feature", "properties": {"highway": "residential", "name": "Rua Senador Teotônio Vilela", "osm_id": 308990849, "osm_type": "way"}, "geometry": {"type": "LineString", "coordinates": [[-51.0407017, -29.668951], [-51.0408125, -29.6695918], [-51.0409195, -29.6702637], [-51.0410326, -29.6709497], [-51.0410887, -29.6713377], [-51.041337, -29.6728205]]}}, {"type": "Feature", "properties": {"highway": "residential", "name": "Rua Bertholdo Konrath", "osm_id": 308990850, "osm_type": "way"}, "geometry": {"type": "LineString", "coordinates": [[-51.0439211, -29.6656282], [-51.0436089, -29.6658777], [-51.0423509, -29.6670091], [-51.0410247, -29.6681434], [-51.0408578, -29.6682968]]}}, {"type": "Feature", "properties": {"highway": "residential", "name": "Rua Evandro M. Dias", "osm_id": 308990851, "osm_type": "way"}, "geometry": {"type": "LineString", "coordinates": [[-51.0412833, -29.6819906], [-51.0420353, -29.6818899], [-51.0421971, -29.6818599], [-51.0436528, -29.6816665], [-51.0438821, -29.6816346], [-51.0447521, -29.6815119]]}}, {"type": "Feature", "properties": {"highway": "residential", "name": "Rua Pedro Saenger", "osm_id": 308990852, "osm_type": "way"}, "geometry": {"type": "LineString", "coordinates": [[-51.0452079, -29.6643664], [-51.0450165, -29.664119], [-51.0447799, -29.6637671], [-51.0446392, -29.6635837], [-51.0445674, -29.6635422]]}}, {"type": "Feature", "properties": {"alt_name": "Rua Saldanha Marinho", "highway": "residential", "name": "Rua Emilio Roth", "osm_id": 308990853, "osm_type": "way"}, "geometry": {"type": "LineString", "coordinates": [[-51.0428461, -29.6719322], [-51.0436026, -29.6695657], [-51.0442315, -29.6676007]]}}, {"type": "Feature", "properties": {"highway": "residential", "name": "Rua Eli Lampert", "osm_id": 308990854, "osm_type": "way"}, "geometry": {"type": "LineString", "coordinates": [[-51.0424823, -29.6811437], [-51.042158, -29.6807383], [-51.0427492, -29.680623], [-51.0431132, -29.6810461]]}}, {"type": "Feature", "properties": {"highway": "residential", "name": "Rua Philomena Gerhard", "osm_id": 308990856, "osm_type": "way"}, "geometry": {"type": "LineString", "coordinates": [[-51.0305476, -29.6677895], [-51.0305388, -29.6679191], [-51.0305564, -29.6680865], [-51.0305707, -29.6682102], [-51.0306212, -29.6686469], [-51.0306405, -29.6688132], [-51.0306862, -29.6690826]]}}, {"type": "Feature", "properties": {"highway": "residential", "name": "Rua João Felipe Fritzen", "osm_id": 308990857, "osm_type": "way"}, "geometry": {"type": "LineString", "coordinates": [[-51.0400769, -29.6679464], [-51.0405612, -29.6675389], [-51.0417506, -29.6664843], [-51.0420175, -29.6662528], [-51.0435952, -29.6648633]]}}, {"type": "Feature", "properties": {"highway": "residential", "name": "Rua Arlindo Sander", "osm_id": 308990858, "osm_type": "way"}, "geometry": {"type": "LineString", "coordinates": [[-51.0327559, -29.6688301], [-51.0326375, -29.6680631], [-51.0326683, -29.6680191]]}}, {"type": "Feature", "properties": {"highway": "residential", "name": "Rua Arlindo Schmidt", "osm_id": 308990860, "osm_type": "way"}, "geometry": {"type": "LineString", "coordinates": [[-51.0421436, -29.6714457], [-51.042066, -29.6717092], [-51.0417118, -29.6729132], [-51.0417295, -29.6730727], [-51.0418, -29.6735943], [-51.0418698, -29.6740857]]}}, {"type": "Feature", "properties": {"highway": "residential", "name": "Rua Alfredo Strassburger", "osm_id": 308990861, "osm_type": "way"}, "geometry": {"type": "LineString", "coordinates": [[-51.0407645, -29.672679], [-51.0409343, -29.6737667], [-51.0410904, -29.6749108], [-51.0412745, -29.6760036], [-51.0414488, -29.6770278], [-51.0414519, -29.6771333], [-51.0414304, -29.6771856]]}}, {"type": "Feature", "properties": {"highway": "residential", "name": "Rua João Olegario da Silva", "osm_id": 308990862, "osm_type": "way"}, "geometry": {"type": "LineString", "coordinates": [[-51.0322028, -29.6682871], [-51.0321748, -29.6682645], [-51.0321392, -29.6682577], [-51.0315031, -29.6682966], [-51.0313822, -29.6683108]]}}, {"type": "Feature", "properties": {"alt_name": "Rua Victor Meireles", "highway": "residential", "name": "Rua Vitor", "osm_id": 308990863, "osm_type": "way"}, "geometry": {"type": "LineString", "coordinates": [[-51.0433434, -29.6676612], [-51.0429038, -29.6690751], [-51.0426271, -29.6699658], [-51.0423264, -29.6708745], [-51.0421502, -29.6713335]]}}, {"type": "Feature", "properties": {"highway": "residential", "name": "Rua Benno Hoffmeister", "osm_id": 308990864, "osm_type": "way"}, "geometry": {"type": "LineString", "coordinates": [[-51.0471838, -29.6866112], [-51.0470888, -29.6866233]]}}, {"type": "Feature", "properties": {"highway": "residential", "name": "Rua Padre Eduardo Teixeira", "osm_id": 308990865, "osm_type": "way"}, "geometry": {"type": "LineString", "coordinates": [[-51.0377442, -29.6740796], [-51.0379098, -29.6749997], [-51.0381309, -29.6761146], [-51.0381889, -29.6764823], [-51.0382154, -29.6767293], [-51.0382142, -29.6768971]]}}, {"type": "Feature", "properties": {"alt_name": "Rua Washington Luis", "highway": "residential", "name": "Rua Washington Luiz", "osm_id": 308990866, "osm_type": "way"}, "geometry": {"type": "LineString", "coordinates": [[-51.0450653, -29.667555], [-51.0448623, -29.6682685], [-51.0445749, -29.6691927], [-51.0442844, -29.6700444], [-51.0436521, -29.6721235]]}}, {"type": "Feature", "properties": {"alt_name": "Rua Dois; Rua 02", "highway": "residential", "name": "Rua Balduíno Christiano Jaeger", "osm_id": 308990867, "osm_type": "way"}, "geometry": {"type": "LineString", "coordinates": [[-51.0351835, -29.6668557], [-51.0345248, -29.6668916], [-51.0330534, -29.6670379]]}}, {"type": "Feature", "properties": {"highway": "residential", "name": "Rua Andradina Paz", "osm_id": 308990868, "osm_type": "way"}, "geometry": {"type": "LineString", "coordinates": [[-51.0408973, -29.6796902], [-51.0409716, -29.680181], [-51.0412329, -29.6816681], [-51.0412833, -29.6819906], [-51.0413277, -29.6823063]]}}, {"type": "Feature", "properties": {"highway": "residential", "lit": "yes", "name": "Rua Machado de Assis", "oneway": "yes", "osm_id": 308990869, "osm_type": "way"}, "geometry": {"type": "LineString", "coordinates": [[-51.0451932, -29.6706824], [-51.045144, -29.6706479], [-51.0449846, -29.6705359], [-51.0442844, -29.6700444]]}}, {"type": "Feature", "properties": {"highway": "residential", "name": "Rua Etamar Júnior", "osm_id": 308990870, "osm_type": "way"}, "geometry": {"type": "LineString", "coordinates": [[-51.0365219, -29.6688623], [-51.0365441, -29.6688472], [-51.0365836, -29.6688349], [-51.0369182, -29.6688075], [-51.0369605, -29.6688204], [-51.0369967, -29.668853]]}}, {"type": "Feature", "properties": {"highway": "residential", "name": "Rua Celomar B. Orsi", "osm_id": 308990872, "osm_type": "way"}, "geometry": {"type": "LineString", "coordinates": [[-51.0422107, -29.6821986], [-51.0420353, -29.6818899], [-51.0418777, -29.6813971], [-51.0418203, -29.6812441]]}}, {"type": "Feature", "properties": {"highway": "residential", "name": "Rua Bruno Schmidt", "osm_id": 308990873, "osm_type": "way"}, "geometry": {"type": "LineString", "coordinates": [[-51.0400781, -29.6791695], [-51.0408669, -29.6790561], [-51.041623, -29.6789736], [-51.042628, -29.6788576], [-51.0430692, -29.6788297], [-51.0430853, -29.6788495], [-51.0431786, -29.6793971]]}}, {"type": "Feature", "properties": {"alt_name": "Rua Alberto Mossmann", "highway": "residential", "name": "Rua Alberto Mosmann", "osm_id": 308990874, "osm_type": "way"}, "geometry": {"type": "LineString", "coordinates": [[-51.0459934, -29.6675105], [-51.0459017, -29.6675117], [-51.045816, -29.6675161], [-51.0450653, -29.667555], [-51.0442315, -29.6676007], [-51.0440734, -29.6676063], [-51.0433434, -29.6676612], [-51.0431867, -29.667673], [-51.0426854, -29.6676691]]}}, {"type": "Feature", "properties": {"highway": "residential", "name": "Rua Inacio Schmitt", "osm_id": 308990875, "osm_type": "way"}, "geometry": {"type": "LineString", "coordinates": [[-51.0381889, -29.6764823], [-51.0384384, -29.6764434], [-51.0385497, -29.6764434], [-51.0389461, -29.676539], [-51.0397372, -29.6767509], [-51.0401473, -29.6768572], [-51.0406391, -29.6769887], [-51.0412239, -29.6771541], [-51.0413513, -29.6771833], [-51.0414304, -29.6771856]]}}, {"type": "Feature", "properties": {"highway": "residential", "name": "Rua Tarso Dutra", "osm_id": 308990876, "osm_type": "way"}, "geometry": {"type": "LineString", "coordinates": [[-51.0411541, -29.6622906], [-51.0397366, -29.6630817], [-51.038379, -29.6638762]]}}, {"type": "Feature", "properties": {"highway": "residential", "name": "Rua Percy João de Mello", "osm_id": 308990877, "osm_type": "way"}, "geometry": {"type": "LineString", "coordinates": [[-51.0401732, -29.6797743], [-51.0401618, -29.6797087], [-51.0400781, -29.6791695], [-51.0398183, -29.6774286]]}}, {"type": "Feature", "properties": {"highway": "residential", "name": "Rua João de Barro", "osm_id": 308990878, "osm_type": "way"}, "geometry": {"type": "LineString", "coordinates": [[-51.0372784, -29.6610329], [-51.0368614, -29.6608507], [-51.0364882, -29.6606837], [-51.0360769, -29.6605229], [-51.0359219, -29.6604788], [-51.035736, -29.6604812]]}}, {"type": "Feature", "properties": {"highway": "residential", "name": "Rua Selomar Hoffmeister", "osm_id": 308990880, "osm_type": "way"}, "geometry": {"type": "LineString", "coordinates": [[-51.0367134, -29.6648286], [-51.0366209, -29.6655084]]}}, {"type": "Feature", "properties": {"highway": "residential", "name": "Rua Alvicio Martine", "osm_id": 308990881, "osm_type": "way"}, "geometry": {"type": "LineString", "coordinates": [[-51.0359935, -29.6689188], [-51.0359627, -29.6689037], [-51.0358702, -29.6689019], [-51.0357649, -29.6689089], [-51.0354964, -29.6689312], [-51.0353988, -29.6689404]]}}, {"type": "Feature", "properties": {"highway": "residential", "name": "Rua João Dario Ritzel", "osm_id": 308990882, "osm_type": "way"}, "geometry": {"type": "LineString", "coordinates": [[-51.0336243, -29.6679808], [-51.0336595, -29.6679521], [-51.0340802, -29.6679023], [-51.0341177, -29.6679081]]}}, {"type": "Feature", "properties": {"alt_name": "Rua Oscar Konrat", "highway": "residential", "name": "Rua Oscar Konrath", "osm_id": 308990883, "osm_type": "way"}, "geometry": {"type": "LineString", "coordinates": [[-51.0433715, -29.6643384], [-51.0435952, -29.6648633], [-51.0439211, -29.6656282], [-51.0442334, -29.6663611]]}}, {"type": "Feature", "properties": {"highway": "residential", "name": "Rua Anecidio Gonçalves", "osm_id": 308990884, "osm_type": "way"}, "geometry": {"type": "LineString", "coordinates": [[-51.0424724, -29.6779977], [-51.0421532, -29.6780094], [-51.0419234, -29.6779947], [-51.0414588, -29.6778767], [-51.0413109, -29.6778385], [-51.0406683, -29.6776473], [-51.0398183, -29.6774286], [-51.0390176, -29.6772024], [-51.03865, -29.6771168]]}}, {"type": "Feature", "properties": {"highway": "residential", "name": "Rua da Bica", "osm_id": 308990885, "osm_type": "way"}, "geometry": {"type": "LineString", "coordinates": [[-51.0359715, -29.6836121], [-51.0352268, -29.6836023], [-51.0348804, -29.6835986], [-51.0345036, -29.6835718], [-51.0342702, -29.6835101], [-51.0337445, -29.6832432], [-51.0336265, -29.683185], [-51.0331514, -29.6829375]]}}, {"type": "Feature", "properties": {"alt_name": "Rua Nove; Rua 09", "highway": "residential", "name": "Rua 9", "osm_id": 308990886, "osm_type": "way"}, "geometry": {"type": "LineString", "coordinates": [[-51.0342943, -29.6649858], [-51.0343195, -29.6651937], [-51.034345, -29.6654045], [-51.0343783, -29.6656799], [-51.0344043, -29.6658948], [-51.0344399, -29.6661893], [-51.0344652, -29.6663939], [-51.0345248, -29.6668916]]}}, {"type": "Feature", "properties": {"highway": "residential", "name": "Rua Erno Emilio Matte", "osm_id": 308990887, "osm_type": "way"}, "geometry": {"type": "LineString", "coordinates": [[-51.0401732, -29.6797743], [-51.0407046, -29.6797107], [-51.0408973, -29.6796902], [-51.0415177, -29.6796046], [-51.0417303, -29.6795767], [-51.041881, -29.6795607], [-51.042128, -29.6795371], [-51.0427489, -29.6794567], [-51.0431786, -29.6793971], [-51.0434483, -29.6793668], [-51.0435413, -29.679361], [-51.0436596, -29.679349]]}}, {"type": "Feature", "properties": {"highway": "residential", "name": "Rua Ireno Kirsch", "osm_id": 308990888, "osm_type": "way"}, "geometry": {"type": "LineString", "coordinates": [[-51.0413866, -29.674991], [-51.0410904, -29.6749108], [-51.0402889, -29.6747104]]}}, {"type": "Feature", "properties": {"highway": "residential", "name": "Rua da Cascatinha", "surface": "unpaved", "osm_id": 308990889, "osm_type": "way"}, "geometry": {"type": "LineString", "coordinates": [[-51.0371924, -29.6706486], [-51.0358871, -29.6707685], [-51.0357688, -29.6707815], [-51.0330292, -29.6710312], [-51.0321398, -29.671121]]}}, {"type": "Feature", "properties": {"highway": "residential", "name": "Avenida Protázio Maschaski", "oneway": "yes", "osm_id": 308990890, "osm_type": "way"}, "geometry": {"type": "LineString", "coordinates": [[-51.0353988, -29.6689404], [-51.0352881, -29.6678672], [-51.0352103, -29.6672787], [-51.0351835, -29.6668557], [-51.0353109, -29.6664525], [-51.0354236, -29.6662229], [-51.0354906, -29.6661005], [-51.0357521, -29.6658139]]}}, {"type": "Feature", "properties": {"highway": "residential", "name": "Rua Júlio Zerwes", "osm_id": 308990891, "osm_type": "way"}, "geometry": {"type": "LineString", "coordinates": [[-51.0433715, -29.6643384], [-51.0430316, -29.664341], [-51.0417567, -29.6644313], [-51.0409628, -29.6644876], [-51.0400908, -29.6645302], [-51.0400557, -29.6645319], [-51.0392325, -29.6645721], [-51.0391865, -29.6645743], [-51.0384722, -29.6645979]]}}, {"type": "Feature", "properties": {"highway": "residential", "osm_id": 308990892, "osm_type": "way"}, "geometry": {"type": "LineString", "coordinates": [[-51.031071, -29.6718386], [-51.0311131, -29.6718562], [-51.0315709, -29.6718131], [-51.0316931, -29.6718016], [-51.0322176, -29.6717523], [-51.033114, -29.6716975]]}}, {"type": "Feature", "properties": {"highway": "residential", "name": "Rua Fernando M. Weber", "osm_id": 308990893, "osm_type": "way"}, "geometry": {"type": "LineString", "coordinates": [[-51.0389627, -29.6691667], [-51.0390737, -29.6698364], [-51.039193, -29.6705005], [-51.0392421, -29.6708166], [-51.0393683, -29.6715428], [-51.039521, -29.6723715]]}}, {"type": "Feature", "properties": {"highway": "residential", "name": "Rua Galdino Vargas", "osm_id": 308990894, "osm_type": "way"}, "geometry": {"type": "LineString", "coordinates": [[-51.0363566, -29.6625261], [-51.0374116, -29.6624849], [-51.0391191, -29.6623907], [-51.0411541, -29.6622906], [-51.0428048, -29.6621945]]}}, {"type": "Feature", "properties": {"highway": "residential", "name": "Rua Alvorada", "osm_id": 308991712, "osm_type": "way"}, "geometry": {"type": "LineString", "coordinates": [[-51.0762443, -29.6777848], [-51.0763392, -29.6788024], [-51.0763516, -29.6789349], [-51.076397, -29.67958], [-51.0764543, -29.6802923], [-51.0764921, -29.6810725], [-51.0764487, -29.681195], [-51.0762364, -29.6816375], [-51.0758789, -29.682445], [-51.0758094, -29.6826086], [-51.0754434, -29.683406], [-51.0749405, -29.68453], [-51.0746133, -29.6852496], [-51.0741442, -29.6863369]]}}, {"type": "Feature", "properties": {"highway": "residential", "name": "Avenida Santa Catarina", "oneway": "yes", "osm_id": 308991713, "osm_type": "way"}, "geometry": {"type": "LineString", "coordinates": [[-51.0773007, -29.6772793], [-51.0774501, -29.6783224], [-51.0775004, -29.678684], [-51.0776008, -29.6793626], [-51.0777078, -29.6801354], [-51.0777625, -29.6805314], [-51.0778733, -29.6814534], [-51.0779163, -29.6817743], [-51.0779948, -29.6822126], [-51.0781315, -29.6831139], [-51.0781764, -29.6835267]]}}, {"type": "Feature", "properties": {"highway": "residential", "name": "Rua Victor Graeff", "osm_id": 308991714, "osm_type": "way"}, "geometry": {"type": "LineString", "coordinates": [[-51.0737015, -29.6783751], [-51.07242, -29.6785331], [-51.0723261, -29.6785447], [-51.0720423, -29.6785797], [-51.070786, -29.6787346], [-51.0699638, -29.678836], [-51.069829, -29.6788526], [-51.0676826, -29.6791169], [-51.0657738, -29.6793526], [-51.0647821, -29.6794749]]}}, {"type": "Feature", "properties": {"highway": "tertiary", "name": "Avenida Bibiano Trott", "oneway": "yes", "surface": "asphalt", "osm_id": 308991715, "osm_type": "way"}, "geometry": {"type": "LineString", "coordinates": [[-51.0679848, -29.6709005], [-51.0681802, -29.6709906], [-51.0684453, -29.6711742], [-51.0686346, -29.6713645], [-51.0687093, -29.6714916]]}}, {"type": "Feature", "properties": {"highway": "residential", "name": "Avenida Santa Catarina", "oneway": "yes", "osm_id": 308991716, "osm_type": "way"}, "geometry": {"type": "LineString", "coordinates": [[-51.0780626, -29.6835333], [-51.0780198, -29.6831314], [-51.0778808, -29.6822288], [-51.0777737, -29.6814602], [-51.0775911, -29.6801493], [-51.0773797, -29.678693], [-51.0771918, -29.6772929]]}}, {"type": "Feature", "properties": {"highway": "residential", "name": "Rua Canoas", "osm_id": 308991717, "osm_type": "way"}, "geometry": {"type": "LineString", "coordinates": [[-51.0768901, -29.6746727], [-51.076242, -29.6747574]]}}, {"type": "Feature", "properties": {"highway": "residential", "name": "Rua Alegrete", "osm_id": 308991718, "osm_type": "way"}, "geometry": {"type": "LineString", "coordinates": [[-51.0770008, -29.6754298], [-51.07638, -29.6755173]]}}, {"type": "Feature", "properties": {"highway": "residential", "name": "Rua Prudente de Morais", "osm_id": 308991719, "osm_type": "way"}, "geometry": {"type": "LineString", "coordinates": [[-51.0749193, -29.6766786], [-51.0737596, -29.6768075]]}}, {"type": "Feature", "properties": {"alt_name": "Rua Alcaras Caldas", "highway": "tertiary", "lit": "yes", "name": "Rua Alcaraz Caldas", "oneway": "yes", "surface": "asphalt", "osm_id": 308991720, "osm_type": "way"}, "geometry": {"type": "LineString", "coordinates": [[-51.0695572, -29.6807948], [-51.06963, -29.6807167], [-51.0699997, -29.6802822], [-51.0700212, -29.6802109], [-51.0700428, -29.6800972], [-51.0699997, -29.6798396], [-51.0699626, -29.679588], [-51.069829, -29.6788526], [-51.0697232, -29.6781182]]}}, {"type": "Feature", "properties": {"alt_name": "Rua Prudente e Morais", "highway": "residential", "name": "Rua Prudente de Moraes", "osm_id": 308991721, "osm_type": "way"}, "geometry": {"type": "LineString", "coordinates": [[-51.0778252, -29.6762046], [-51.0771428, -29.6762772], [-51.076613, -29.6764235]]}}, {"type": "Feature", "properties": {"highway": "residential", "name": "Rua João F. de Oliveira", "osm_id": 308991722, "osm_type": "way"}, "geometry": {"type": "LineString", "coordinates": [[-51.0773286, -29.6730088], [-51.0778252, -29.6762046], [-51.077941, -29.6768483]]}}, {"type": "Feature", "properties": {"highway": "residential", "name": "Rua Júlio de Oliveira Lopes", "osm_id": 308991723, "osm_type": "way"}, "geometry": {"type": "LineString", "coordinates": [[-51.0701755, -29.6706386], [-51.0698549, -29.6706769], [-51.0689464, -29.6707855], [-51.0679848, -29.6709005]]}}, {"type": "Feature", "properties": {"highway": "residential", "name": "Rua Rubem Berta", "osm_id": 308991724, "osm_type": "way"}, "geometry": {"type": "LineString", "coordinates": [[-51.0646714, -29.6787288], [-51.0647821, -29.6794749], [-51.06483, -29.6798351]]}}, {"type": "Feature", "properties": {"highway": "tertiary", "lanes": "2", "lit": "yes", "name": "Avenida dos Estados", "surface": "asphalt", "osm_id": 308991725, "osm_type": "way"}, "geometry": {"type": "LineString", "coordinates": [[-51.0519318, -29.674986], [-51.0519969, -29.6749481], [-51.0522204, -29.6748182], [-51.0525729, -29.6746228], [-51.0533482, -29.6740957], [-51.0536313, -29.6739015], [-51.0538123, -29.6738142], [-51.054613, -29.673465], [-51.0547015, -29.67343], [-51.0552014, -29.6731878], [-51.0554761, -29.6730555], [-51.0559521, -29.6728457], [-51.0560978, -29.6727835], [-51.0562492, -29.6727433], [-51.0564526, -29.6726973], [-51.0567431, -29.6726441], [-51.0571495, -29.6725985], [-51.0575758, -29.6725716], [-51.0580668, -29.6726215], [-51.0584145, -29.6726837], [-51.0588123, -29.6727678]]}}, {"type": "Feature", "properties": {"highway": "residential", "name": "Rua Almirante Barroso", "oneway": "yes", "osm_id": 308991726, "osm_type": "way"}, "geometry": {"type": "LineString", "coordinates": [[-51.0695891, -29.6766554], [-51.0696707, -29.6766421], [-51.0701438, -29.6765687], [-51.0706771, -29.6765032], [-51.071407, -29.6764136], [-51.0716398, -29.676385], [-51.0728089, -29.6762414], [-51.0736693, -29.6761357]]}}, {"type": "Feature", "properties": {"highway": "residential", "name": "Rua Imaculada Conceição", "osm_id": 308991728, "osm_type": "way"}, "geometry": {"type": "LineString", "coordinates": [[-51.0750547, -29.677437], [-51.0749193, -29.6766786], [-51.0747041, -29.6752333], [-51.0744744, -29.6737997], [-51.0743518, -29.6730106], [-51.0742512, -29.6723779], [-51.0739478, -29.6704724]]}}, {"type": "Feature", "properties": {"highway": "residential", "name": "Rua Afonso Pena", "oneway": "yes", "surface": "asphalt", "osm_id": 308991729, "osm_type": "way"}, "geometry": {"type": "LineString", "coordinates": [[-51.0736076, -29.6746745], [-51.0725795, -29.6748005], [-51.0714094, -29.6749438], [-51.0701117, -29.6751028], [-51.0693411, -29.6752043], [-51.0691731, -29.6752162]]}}, {"type": "Feature", "properties": {"highway": "residential", "name": "Rua Afonso Pena", "oneway": "yes", "surface": "asphalt", "osm_id": 308991730, "osm_type": "way"}, "geometry": {"type": "LineString", "coordinates": [[-51.0691597, -29.6751446], [-51.0693302, -29.6751304], [-51.0701021, -29.6750217], [-51.0713962, -29.6748611], [-51.0725661, -29.6747159], [-51.0735942, -29.6745883]]}}, {"type": "Feature", "properties": {"highway": "residential", "name": "Rua Lajeado", "osm_id": 308991731, "osm_type": "way"}, "geometry": {"type": "LineString", "coordinates": [[-51.0806051, -29.6768946], [-51.0807732, -29.6779521], [-51.0809152, -29.678988], [-51.08111, -29.680195], [-51.0812858, -29.6813902]]}}, {"type": "Feature", "properties": {"highway": "residential", "name": "Rua Uruguaiana", "osm_id": 308991732, "osm_type": "way"}, "geometry": {"type": "LineString", "coordinates": [[-51.0772978, -29.6771824], [-51.0771428, -29.6762772], [-51.0770008, -29.6754298], [-51.0768901, -29.6746727], [-51.0767002, -29.6735197], [-51.0766649, -29.6731603], [-51.0764876, -29.6719225]]}}, {"type": "Feature", "properties": {"highway": "residential", "name": "Rua Presidente Costa e Silva", "osm_id": 308992270, "osm_type": "way"}, "geometry": {"type": "LineString", "coordinates": [[-51.071068, -29.6847905], [-51.0701176, -29.6849168], [-51.069848, -29.6849652], [-51.0697135, -29.6849962], [-51.0694302, -29.6850579], [-51.0689709, -29.685102]]}}, {"type": "Feature", "properties": {"highway": "residential", "name": "Rua Gustavo Barroso", "osm_id": 308992271, "osm_type": "way"}, "geometry": {"type": "LineString", "coordinates": [[-51.0676826, -29.6791169], [-51.0678002, -29.6798493], [-51.0679142, -29.6805601]]}}, {"type": "Feature", "properties": {"highway": "tertiary", "lit": "yes", "name": "Avenida São Leopoldo", "oneway": "yes", "surface": "asphalt", "osm_id": 308992272, "osm_type": "way"}, "geometry": {"type": "LineString", "coordinates": [[-51.070094, -29.6816239], [-51.0699022, -29.6811898], [-51.0697627, -29.6809979], [-51.0696424, -29.6808579], [-51.0695891, -29.6808132], [-51.0695572, -29.6807948], [-51.0693784, -29.680694], [-51.0691848, -29.6806049], [-51.0691213, -29.6805769], [-51.0689153, -29.6805288], [-51.0687032, -29.6805075], [-51.0685625, -29.6805139], [-51.0684388, -29.6805235], [-51.0682359, -29.6805529], [-51.06803, -29.6806063], [-51.0678055, -29.6807345], [-51.0677175, -29.6807671], [-51.0674735, -29.6808573], [-51.067286, -29.6808921], [-51.0670309, -29.6809107], [-51.0668372, -29.6809054], [-51.0666274, -29.6808736], [-51.0664037, -29.6808012], [-51.0661055, -29.6806677], [-51.0659134, -29.680556], [-51.0653062, -29.680203], [-51.0648562, -29.6799411], [-51.0647631, -29.6798981], [-51.0644762, -29.6798157], [-51.0641842, -29.6797783], [-51.0640555, -29.6797843]]}}, {"type": "Feature", "properties": {"highway": "residential", "name": "Rua Epitácio Pessoa", "osm_id": 308992273, "osm_type": "way"}, "geometry": {"type": "LineString", "coordinates": [[-51.0775004, -29.678684], [-51.0773797, -29.678693], [-51.0763392, -29.6788024], [-51.0751957, -29.6789498], [-51.0739584, -29.6791073]]}}, {"type": "Feature", "properties": {"highway": "tertiary", "lit": "yes", "name": "Avenida São Leopoldo", "oneway": "yes", "surface": "asphalt", "osm_id": 308992275, "osm_type": "way"}, "geometry": {"type": "LineString", "coordinates": [[-51.0639858, -29.6797074], [-51.0642923, -29.6797058], [-51.0645105, -29.6797432], [-51.06483, -29.6798351], [-51.0650055, -29.6799355], [-51.0653652, -29.6801448], [-51.0657644, -29.6803561], [-51.0660931, -29.6805513], [-51.066484, -29.6807409], [-51.0667073, -29.6808078], [-51.0669223, -29.6808318], [-51.0670001, -29.6808339], [-51.0671392, -29.680822], [-51.0673419, -29.6807955], [-51.067471, -29.6807501], [-51.0676708, -29.6806833], [-51.0679142, -29.6805601], [-51.0681707, -29.6804512], [-51.0683625, -29.6804136], [-51.0685473, -29.6803939], [-51.0687585, -29.6803955], [-51.0689374, -29.6804109], [-51.0692527, -29.6805179], [-51.06963, -29.6807167], [-51.0697076, -29.6807743]]}}, {"type": "Feature", "properties": {"highway": "residential", "name": "Rua Epitácio Pessoa", "osm_id": 308992278, "osm_type": "way"}, "geometry": {"type": "LineString", "coordinates": [[-51.0738189, -29.6791209], [-51.0724306, -29.6792891], [-51.071502, -29.679407], [-51.0700698, -29.679575], [-51.0699626, -29.679588], [-51.0678002, -29.6798493], [-51.0673255, -29.6799071], [-51.0668714, -29.6799624], [-51.0658834, -29.6800821], [-51.0653652, -29.6801448]]}}, {"type": "Feature", "properties": {"highway": "secondary", "junction": "roundabout", "lane_markings": "no", "lit": "yes", "oneway": "yes", "surface": "asphalt", "osm_id": 312599735, "osm_type": "way"}, "geometry": {"type": "LineString", "coordinates": [[-51.0443846, -29.6739425], [-51.0444001, -29.6739817], [-51.0444009, -29.6740231], [-51.044387, -29.6740628], [-51.0443597, -29.6740967], [-51.0443217, -29.6741217]]}}, {"type": "Feature", "properties": {"highway": "secondary", "lanes": "2", "lit": "yes", "maxspeed": "60", "name": "Avenida dos Municípios", "oneway": "yes", "surface": "asphalt", "osm_id": 312599736, "osm_type": "way"}, "geometry": {"type": "LineString", "coordinates": [[-51.0443217, -29.6741217], [-51.0442028, -29.67426], [-51.0441059, -29.6744208], [-51.0439962, -29.6747401], [-51.0439182, -29.6749801], [-51.0437733, -29.6754462], [-51.0436835, -29.675861], [-51.0436111, -29.6763117], [-51.043587, -29.6765715], [-51.0435724, -29.6769726], [-51.0435814, -29.6772149], [-51.0435997, -29.6775585], [-51.0436433, -29.6783915], [-51.0436909, -29.6787149], [-51.0437089, -29.6788641], [-51.043779, -29.6791352], [-51.0438201, -29.6792718], [-51.0438451, -29.679354], [-51.0438508, -29.6793801], [-51.0439557, -29.6796919], [-51.0441579, -29.680082], [-51.0441757, -29.6801113], [-51.0446156, -29.6807732], [-51.0448409, -29.6810854], [-51.0449415, -29.6812345], [-51.0450515, -29.6814026]]}}, {"type": "Feature", "properties": {"alt_name": "Rua Adriano Dias", "highway": "tertiary", "lanes": "2", "lit": "yes", "name": "Avenida Adriano Dias", "oneway": "yes", "surface": "asphalt", "osm_id": 312599737, "osm_type": "way"}, "geometry": {"type": "LineString", "coordinates": [[-51.0547015, -29.67343], [-51.0549404, -29.6737966], [-51.0552188, -29.6742239], [-51.055241, -29.6742581], [-51.0554655, -29.6746186], [-51.0558463, -29.675213], [-51.0563984, -29.6760598], [-51.0564161, -29.6760872], [-51.0570888, -29.6771322], [-51.0573541, -29.6775612], [-51.0575, -29.6777662], [-51.057845, -29.6783213], [-51.0581442, -29.6788028], [-51.0582969, -29.6790586], [-51.0586153, -29.6794833]]}}, {"type": "Feature", "properties": {"highway": "residential", "name": "Rua Voluntários da Pátria", "oneway": "yes", "surface": "asphalt", "osm_id": 312599738, "osm_type": "way"}, "geometry": {"type": "LineString", "coordinates": [[-51.0567963, -29.6796964], [-51.0567816, -29.6796139], [-51.0567147, -29.6792383], [-51.0578857, -29.6791059], [-51.0582038, -29.6790715], [-51.0582969, -29.6790586], [-51.0591729, -29.6789554], [-51.0592699, -29.6789642], [-51.0594121, -29.6789772], [-51.060175, -29.6790778], [-51.0604906, -29.6791205], [-51.0608085, -29.6791663], [-51.0609153, -29.6791897]]}}, {"type": "Feature", "properties": {"alt_name": "Avenida João 23; Avenida João 23º; Avenida João Vinte e Três", "highway": "tertiary", "name": "Avenida João XXIII", "oneway": "yes", "surface": "asphalt", "osm_id": 312599739, "osm_type": "way"}, "geometry": {"type": "LineString", "coordinates": [[-51.0607234, -29.6718353], [-51.0606079, -29.6711108], [-51.0604079, -29.6699864], [-51.0603766, -29.6697204], [-51.0601097, -29.6681369], [-51.0600873, -29.6679953], [-51.0599444, -29.6670889], [-51.0596716, -29.6653621], [-51.0594421, -29.6638975], [-51.0592135, -29.6624684], [-51.0592018, -29.6623847], [-51.0591052, -29.6617737], [-51.0590115, -29.661187], [-51.0589189, -29.660594], [-51.0588268, -29.6600103], [-51.0587358, -29.659434], [-51.0586675, -29.6590013], [-51.0586436, -29.6588495], [-51.0584187, -29.6574248]]}}, {"type": "Feature", "properties": {"alt_name": "Rua João Paulo 1; Rua João Paulo Um; Rua João Paulo Primeiro; 1º Rua João Paulo", "highway": "residential", "name": "Rua João Paulo I", "osm_id": 312599740, "osm_type": "way"}, "geometry": {"type": "LineString", "coordinates": [[-51.0656809, -29.6831067], [-51.0656555, -29.6830113], [-51.0653893, -29.6812121], [-51.0653359, -29.6811386], [-51.0651935, -29.6810806], [-51.0649843, -29.6810264], [-51.0648062, -29.6809916], [-51.0646281, -29.6809878], [-51.0642453, -29.6810419], [-51.0639519, -29.6810792], [-51.0637704, -29.6811022], [-51.0630194, -29.6811975], [-51.0626918, -29.6812391]]}}, {"type": "Feature", "properties": {"highway": "residential", "name": "Rua João Fritsch", "osm_id": 312599741, "osm_type": "way"}, "geometry": {"type": "LineString", "coordinates": [[-51.0620439, -29.6825976], [-51.0628893, -29.6825044], [-51.0632373, -29.6824405], [-51.0635088, -29.682336], [-51.0638333, -29.6821426], [-51.0638901, -29.6820826], [-51.0642344, -29.6818062], [-51.064408, -29.6817289], [-51.0645549, -29.6817095], [-51.0647152, -29.6817211], [-51.0648621, -29.6818101], [-51.0649422, -29.6819222], [-51.0649912, -29.6820499], [-51.0649617, -29.6822251], [-51.0648727, -29.6823489], [-51.064402, -29.6827134], [-51.0635803, -29.6833295], [-51.063338, -29.6835111], [-51.0630608, -29.6836624], [-51.0622217, -29.6837549], [-51.0613071, -29.6838558], [-51.0606694, -29.6839473], [-51.0606096, -29.6839539], [-51.060553, -29.6839736]]}}, {"type": "Feature", "properties": {"highway": "residential", "oneway": "yes", "osm_id": 312599742, "osm_type": "way"}, "geometry": {"type": "LineString", "coordinates": [[-51.0641131, -29.6803014], [-51.0640555, -29.6797843]]}}, {"type": "Feature", "properties": {"highway": "residential", "name": "Rua José Arnoldo Klaus", "osm_id": 312599743, "osm_type": "way"}, "geometry": {"type": "LineString", "coordinates": [[-51.0634054, -29.678882], [-51.0635249, -29.679758], [-51.0635266, -29.6798347]]}}, {"type": "Feature", "properties": {"highway": "residential", "name": "Rua Professora Amalia Oliveira", "osm_id": 312599744, "osm_type": "way"}, "geometry": {"type": "LineString", "coordinates": [[-51.0611225, -29.6827151], [-51.0599195, -29.6828476]]}}, {"type": "Feature", "properties": {"highway": "residential", "name": "Rua Carlos Laurer", "osm_id": 312599745, "osm_type": "way"}, "geometry": {"type": "LineString", "coordinates": [[-51.0534731, -29.6751814], [-51.0536777, -29.6765341]]}}, {"type": "Feature", "properties": {"highway": "residential", "name": "Rua Iguaçu", "osm_id": 312599746, "osm_type": "way"}, "geometry": {"type": "LineString", "coordinates": [[-51.0529331, -29.6786674], [-51.0541124, -29.6784976]]}}, {"type": "Feature", "properties": {"highway": "residential", "name": "Rua Santo Agostinho", "osm_id": 312599747, "osm_type": "way"}, "geometry": {"type": "LineString", "coordinates": [[-51.056651, -29.6736652], [-51.0568225, -29.6750834]]}}, {"type": "Feature", "properties": {"highway": "residential", "name": "Rua Marechal Rondon", "osm_id": 312599748, "osm_type": "way"}, "geometry": {"type": "LineString", "coordinates": [[-51.0573645, -29.6750222], [-51.0574619, -29.6756824], [-51.0574996, -29.6759379], [-51.0575637, -29.6763718], [-51.0576611, -29.6770318]]}}, {"type": "Feature", "properties": {"highway": "residential", "name": "Rua Daltro Filho", "osm_id": 312599749, "osm_type": "way"}, "geometry": {"type": "LineString", "coordinates": [[-51.0562034, -29.6797621], [-51.056258, -29.680185], [-51.0564514, -29.6816841], [-51.0564592, -29.6817219], [-51.0564629, -29.6817919]]}}, {"type": "Feature", "properties": {"alt_name": "Rua Santa Tersinha", "highway": "residential", "lane_markings": "yes", "lanes": "2", "name": "Rua Santa Terezinha", "oneway": "yes", "surface": "asphalt", "osm_id": 312599750, "osm_type": "way"}, "geometry": {"type": "LineString", "coordinates": [[-51.0612254, -29.679163], [-51.0609433, -29.6774652]]}}, {"type": "Feature", "properties": {"highway": "residential", "name": "Rua Willy Ermel", "osm_id": 312599751, "osm_type": "way"}, "geometry": {"type": "LineString", "coordinates": [[-51.0555667, -29.6761054], [-51.0544171, -29.6762451]]}}, {"type": "Feature", "properties": {"highway": "residential", "name": "Avenida João Schumann", "oneway": "yes", "surface": "asphalt", "osm_id": 312599752, "osm_type": "way"}, "geometry": {"type": "LineString", "coordinates": [[-51.0574423, -29.6819162], [-51.0574338, -29.6818148], [-51.0574204, -29.6817158], [-51.0573507, -29.6812394], [-51.0572206, -29.6804579], [-51.0572072, -29.6803846], [-51.0571177, -29.6797609], [-51.0571027, -29.6796566]]}}, {"type": "Feature", "properties": {"alt_name": "Rua Treze de Maio", "highway": "residential", "name": "Rua 13 de Maio", "osm_id": 312599753, "osm_type": "way"}, "geometry": {"type": "LineString", "coordinates": [[-51.0662296, -29.6744658], [-51.0663364, -29.6751013], [-51.0664369, -29.6756991], [-51.06655, -29.6763721], [-51.066662, -29.6770384], [-51.0667764, -29.6777191], [-51.0668166, -29.6779583], [-51.0668872, -29.6783785], [-51.0668991, -29.6784493]]}}, {"type": "Feature", "properties": {"highway": "residential", "name": "Rua João Fritsch", "osm_id": 312599754, "osm_type": "way"}, "geometry": {"type": "LineString", "coordinates": [[-51.0638333, -29.6821426], [-51.064402, -29.6827134]]}}, {"type": "Feature", "properties": {"highway": "living_street", "name": "Rua Pedro Américo", "osm_id": 312599755, "osm_type": "way"}, "geometry": {"type": "LineString", "coordinates": [[-51.0676959, -29.6776055], [-51.0676007, -29.6769284], [-51.0674988, -29.6762532], [-51.067389, -29.6755942], [-51.0672668, -29.6749862], [-51.0671977, -29.6743446]]}}, {"type": "Feature", "properties": {"alt_name": "Rua Jaime Spitzer", "highway": "residential", "name": "Rua Jaime Pitzer", "osm_id": 312599756, "osm_type": "way"}, "geometry": {"type": "LineString", "coordinates": [[-51.0628982, -29.6805301], [-51.0628088, -29.6799045], [-51.0627851, -29.6798175]]}}, {"type": "Feature", "properties": {"highway": "residential", "name": "Rua Celestino Dalri", "osm_id": 312599757, "osm_type": "way"}, "geometry": {"type": "LineString", "coordinates": [[-51.0540042, -29.6778192], [-51.052818, -29.6779829]]}}, {"type": "Feature", "properties": {"highway": "residential", "name": "Rua Olimpíadas", "osm_id": 312599758, "osm_type": "way"}, "geometry": {"type": "LineString", "coordinates": [[-51.0574123, -29.6735666], [-51.0575876, -29.674997]]}}, {"type": "Feature", "properties": {"alt_name": "Avenida João 23;Avenida João Vinte Três", "highway": "tertiary", "lane_markings": "no", "name": "Avenida João XXIII", "oneway": "yes", "surface": "asphalt", "osm_id": 312599759, "osm_type": "way"}, "geometry": {"type": "LineString", "coordinates": [[-51.0607919, -29.6718253], [-51.0608175, -29.6719925], [-51.0608314, -29.672076], [-51.0608754, -29.6723406], [-51.0609132, -29.6725514], [-51.0610045, -29.6727332], [-51.0610668, -29.6728608], [-51.0611103, -29.6729834], [-51.0611729, -29.6732009], [-51.0612362, -29.6736201], [-51.0612616, -29.6737613], [-51.061395, -29.6747289], [-51.0614063, -29.6747896], [-51.0615864, -29.6758774], [-51.0617026, -29.6766366], [-51.0618013, -29.6772486], [-51.0618228, -29.6773817], [-51.061893, -29.6778163], [-51.0619642, -29.6782627], [-51.0620199, -29.6786115], [-51.0620639, -29.6788749], [-51.0620942, -29.6790629]]}}, {"type": "Feature", "properties": {"alt_name": "Rua 3 Coroas", "highway": "tertiary", "lanes": "2", "lit": "yes", "name": "Rua Três Coroas", "oneway": "no", "surface": "asphalt", "osm_id": 312599762, "osm_type": "way"}, "geometry": {"type": "LineString", "coordinates": [[-51.0754509, -29.6700732], [-51.0744239, -29.6702035], [-51.074219, -29.6702347], [-51.0740551, -29.670337], [-51.0739478, -29.6704724], [-51.0737068, -29.6709913], [-51.073609, -29.6712178]]}}, {"type": "Feature", "properties": {"highway": "residential", "name": "Rua Visconde de Mauá", "osm_id": 312599763, "osm_type": "way"}, "geometry": {"type": "LineString", "coordinates": [[-51.0557584, -29.6815051], [-51.0557363, -29.6815548], [-51.0557102, -29.6816191], [-51.0547966, -29.683555], [-51.0542452, -29.684704]]}}, {"type": "Feature", "properties": {"highway": "residential", "name": "Rua General Osório", "osm_id": 312599764, "osm_type": "way"}, "geometry": {"type": "LineString", "coordinates": [[-51.0569829, -29.6771704], [-51.0570888, -29.6771322], [-51.0576611, -29.6770318], [-51.0583062, -29.676963], [-51.0585223, -29.676941], [-51.0589863, -29.6768905]]}}, {"type": "Feature", "properties": {"highway": "residential", "name": "Rua Avaí", "osm_id": 312599765, "osm_type": "way"}, "geometry": {"type": "LineString", "coordinates": [[-51.0658834, -29.6800821], [-51.0657738, -29.6793526], [-51.0656547, -29.6785974]]}}, {"type": "Feature", "properties": {"highway": "residential", "name": "Rua Frei Caneca", "osm_id": 312599766, "osm_type": "way"}, "geometry": {"type": "LineString", "coordinates": [[-51.0630194, -29.6811975], [-51.0638901, -29.6820826]]}}, {"type": "Feature", "properties": {"highway": "residential", "name": "Rua Padre Júlio", "osm_id": 312599767, "osm_type": "way"}, "geometry": {"type": "LineString", "coordinates": [[-51.0547256, -29.6772467], [-51.0548461, -29.6780511], [-51.0550072, -29.6790967], [-51.0551291, -29.6798992]]}}, {"type": "Feature", "properties": {"highway": "tertiary", "lane_markings": "no", "lit": "yes", "name": "Rua dos Andradas", "oneway": "yes", "surface": "asphalt", "osm_id": 312599768, "osm_type": "way"}, "geometry": {"type": "LineString", "coordinates": [[-51.0448047, -29.6741379], [-51.0445126, -29.6741144], [-51.0443217, -29.6741217]]}}, {"type": "Feature", "properties": {"alt_name": "Avenida dos Andradas", "highway": "tertiary", "lit": "yes", "name": "Rua dos Andradas", "surface": "asphalt", "osm_id": 312599769, "osm_type": "way"}, "geometry": {"type": "LineString", "coordinates": [[-51.0571389, -29.6779276], [-51.0570628, -29.6778005], [-51.0568531, -29.6774875], [-51.0557672, -29.6770718], [-51.0556818, -29.677051], [-51.0555091, -29.6770089], [-51.0553863, -29.6770144], [-51.0547256, -29.6772467], [-51.0546223, -29.677283], [-51.0542941, -29.6773918], [-51.0541336, -29.6774136], [-51.0540171, -29.6773918], [-51.0539511, -29.6773592], [-51.0538786, -29.6773234], [-51.0536551, -29.6771812], [-51.0529868, -29.6767822], [-51.0527744, -29.6766491], [-51.0526085, -29.6765557], [-51.0519922, -29.6761522]]}}, {"type": "Feature", "properties": {"highway": "residential", "name": "Rua Jorge Kock", "osm_id": 312599770, "osm_type": "way"}, "geometry": {"type": "LineString", "coordinates": [[-51.0544661, -29.6764404], [-51.0536777, -29.6765341], [-51.0532263, -29.6765952]]}}, {"type": "Feature", "properties": {"highway": "residential", "name": "Rua Delmar Scoll", "osm_id": 312599771, "osm_type": "way"}, "geometry": {"type": "LineString", "coordinates": [[-51.0625795, -29.680567], [-51.0626918, -29.6812391], [-51.0628893, -29.6825044], [-51.0630608, -29.6836624]]}}, {"type": "Feature", "properties": {"highway": "residential", "name": "Rua 12 de Outubro", "osm_id": 312599772, "osm_type": "way"}, "geometry": {"type": "LineString", "coordinates": [[-51.061859, -29.6813738], [-51.0609266, -29.681488], [-51.0598806, -29.6816072], [-51.0590705, -29.6817154]]}}, {"type": "Feature", "properties": {"highway": "residential", "name": "Rua General Ernesto Dorneles", "osm_id": 312599773, "osm_type": "way"}, "geometry": {"type": "LineString", "coordinates": [[-51.0558463, -29.675213], [-51.0557268, -29.6752267], [-51.0554689, -29.6752542], [-51.0542362, -29.6753631]]}}, {"type": "Feature", "properties": {"highway": "residential", "name": "Rua Tupi", "osm_id": 312599774, "osm_type": "way"}, "geometry": {"type": "LineString", "coordinates": [[-51.0550072, -29.6790967], [-51.054221, -29.6791777], [-51.0530447, -29.6793345], [-51.0527038, -29.6793719]]}}, {"type": "Feature", "properties": {"highway": "residential", "name": "Rua São Paulo", "osm_id": 312599775, "osm_type": "way"}, "geometry": {"type": "LineString", "coordinates": [[-51.0560387, -29.6797831], [-51.0556818, -29.677051], [-51.0555667, -29.6761054], [-51.0554689, -29.6752542]]}}, {"type": "Feature", "properties": {"highway": "residential", "lanes": "2", "lit": "yes", "name": "Rua João S. do Amaral", "oneway": "yes", "surface": "asphalt", "osm_id": 312599776, "osm_type": "way"}, "geometry": {"type": "LineString", "coordinates": [[-51.0526085, -29.6765557], [-51.0527304, -29.6774363], [-51.052818, -29.6779829], [-51.0528716, -29.6783191], [-51.0529331, -29.6786674], [-51.0530447, -29.6793345], [-51.0531736, -29.6801161]]}}, {"type": "Feature", "properties": {"highway": "residential", "name": "Rua Emilio Baldo Kaiser", "osm_id": 312599777, "osm_type": "way"}, "geometry": {"type": "LineString", "coordinates": [[-51.0539511, -29.6773592], [-51.0539691, -29.6775998], [-51.0540042, -29.6778192], [-51.0540537, -29.6781429], [-51.0541124, -29.6784976], [-51.054221, -29.6791777]]}}, {"type": "Feature", "properties": {"highway": "residential", "name": "Rua Tamoio", "surface": "asphalt", "osm_id": 312599778, "osm_type": "way"}, "geometry": {"type": "LineString", "coordinates": [[-51.0594397, -29.674062], [-51.059538, -29.674704], [-51.0595612, -29.674838], [-51.059631, -29.6753165], [-51.059769, -29.6762629], [-51.0599556, -29.6775274]]}}, {"type": "Feature", "properties": {"highway": "residential", "lit": "yes", "name": "Avenida dos Estados", "oneway": "yes", "osm_id": 312599779, "osm_type": "way"}, "geometry": {"type": "LineString", "coordinates": [[-51.0494462, -29.6822902], [-51.0495025, -29.6821049], [-51.0495937, -29.6818498], [-51.0497533, -29.6813423], [-51.0497995, -29.6811204], [-51.0498156, -29.6809584], [-51.0498076, -29.6808635], [-51.0497807, -29.6808247], [-51.0497446, -29.6807913]]}}, {"type": "Feature", "properties": {"highway": "residential", "name": "Rua Lima e Silva", "surface": "asphalt", "osm_id": 312599780, "osm_type": "way"}, "geometry": {"type": "LineString", "coordinates": [[-51.0592699, -29.6789642], [-51.0590987, -29.677633]]}}, {"type": "Feature", "properties": {"highway": "residential", "name": "Rua Carlos C. Prestes", "osm_id": 312599781, "osm_type": "way"}, "geometry": {"type": "LineString", "coordinates": [[-51.0587521, -29.6794694], [-51.0588426, -29.6801958], [-51.0588534, -29.6802647], [-51.058999, -29.6810472], [-51.0590612, -29.6816281], [-51.0590705, -29.6817154], [-51.0591499, -29.6821693], [-51.059254, -29.6827644]]}}, {"type": "Feature", "properties": {"alt_name": "Rua Dom Pedro Dois; Rua Dom Pedro 2º", "highway": "residential", "name": "Rua Dom Pedro II", "osm_id": 312599782, "osm_type": "way"}, "geometry": {"type": "LineString", "coordinates": [[-51.0586885, -29.6748752], [-51.0575876, -29.674997], [-51.0573645, -29.6750222], [-51.0568225, -29.6750834], [-51.0558463, -29.675213]]}}, {"type": "Feature", "properties": {"highway": "residential", "name": "Rua Padre Júlio", "osm_id": 312599783, "osm_type": "way"}, "geometry": {"type": "LineString", "coordinates": [[-51.0546223, -29.677283], [-51.0544661, -29.6764404], [-51.0544171, -29.6762451], [-51.0542362, -29.6753631], [-51.0540931, -29.674863]]}}, {"type": "Feature", "properties": {"highway": "residential", "name": "Avenida João Schumann", "oneway": "yes", "surface": "asphalt", "osm_id": 312599784, "osm_type": "way"}, "geometry": {"type": "LineString", "coordinates": [[-51.057165, -29.6796486], [-51.0571819, -29.6797533], [-51.0572823, -29.6803745], [-51.0572975, -29.6804411], [-51.0574132, -29.6812316], [-51.0574955, -29.681809], [-51.0575039, -29.6819305]]}}, {"type": "Feature", "properties": {"highway": "residential", "name": "Rua Salgado Filho", "osm_id": 312599785, "osm_type": "way"}, "geometry": {"type": "LineString", "coordinates": [[-51.0640945, -29.6803915], [-51.0628982, -29.6805301], [-51.0625795, -29.680567], [-51.0617469, -29.6806634]]}}, {"type": "Feature", "properties": {"highway": "residential", "name": "Rua Pastor Frederico", "oneway": "yes", "osm_id": 312599786, "osm_type": "way"}, "geometry": {"type": "LineString", "coordinates": [[-51.0605203, -29.6792346], [-51.060681, -29.6799853], [-51.0606934, -29.6800552], [-51.0609266, -29.681488], [-51.0611225, -29.6827151], [-51.0613071, -29.6838558]]}}, {"type": "Feature", "properties": {"highway": "residential", "oneway": "yes", "osm_id": 312599787, "osm_type": "way"}, "geometry": {"type": "LineString", "coordinates": [[-51.0647631, -29.6798981], [-51.0644877, -29.6799432], [-51.0643272, -29.6800198], [-51.0641981, -29.6801428], [-51.0641131, -29.6803014]]}}, {"type": "Feature", "properties": {"highway": "residential", "name": "Rua Marquês do Herval", "osm_id": 312599789, "osm_type": "way"}, "geometry": {"type": "LineString", "coordinates": [[-51.0597998, -29.6800813], [-51.0598079, -29.6801523], [-51.0598806, -29.6816072], [-51.0599195, -29.6828476], [-51.059961, -29.6832697]]}}, {"type": "Feature", "properties": {"highway": "residential", "name": "Rua Rui Barbosa", "osm_id": 312599790, "osm_type": "way"}, "geometry": {"type": "LineString", "coordinates": [[-51.0615148, -29.679125], [-51.0615693, -29.6794984], [-51.0616289, -29.6799074], [-51.0616353, -29.6799787], [-51.0617469, -29.6806634], [-51.061859, -29.6813738], [-51.0620439, -29.6825976], [-51.0622217, -29.6837549], [-51.0623346, -29.6843755]]}}, {"type": "Feature", "properties": {"alt_name": "Rua Adriano Dias", "highway": "tertiary", "lanes": "2", "lit": "yes", "name": "Avenida Adriano Dias", "oneway": "yes", "surface": "asphalt", "osm_id": 312599792, "osm_type": "way"}, "geometry": {"type": "LineString", "coordinates": [[-51.0585067, -29.679495], [-51.0582038, -29.6790715], [-51.0577524, -29.6783646], [-51.0573956, -29.6778058], [-51.0572471, -29.6775749], [-51.0569829, -29.6771704], [-51.0565798, -29.6765685], [-51.0562692, -29.6760777], [-51.0557268, -29.6752267], [-51.0554876, -29.6748428], [-51.05514, -29.674307], [-51.0551196, -29.6742755], [-51.0548515, -29.6738465], [-51.0547162, -29.6736323], [-51.054613, -29.673465]]}}, {"type": "Feature", "properties": {"alt_name": "Rua Vinte e Cinco de Julho", "highway": "residential", "name": "Rua 25 de Julho", "osm_id": 312603353, "osm_type": "way"}, "geometry": {"type": "LineString", "coordinates": [[-51.0522508, -29.686482], [-51.0513611, -29.6861609]]}}, {"type": "Feature", "properties": {"highway": "residential", "maxspeed": "30", "oneway": "yes", "source:maxspeed": "implicit", "surface": "asphalt", "osm_id": 312603355, "osm_type": "way"}, "geometry": {"type": "LineString", "coordinates": [[-51.0834655, -29.6841591], [-51.0835081, -29.6842599], [-51.0833461, -29.6845146], [-51.0828303, -29.6853345], [-51.0825765, -29.6857267], [-51.0824127, -29.6859681], [-51.0823153, -29.6860698], [-51.0821642, -29.6861955], [-51.0820572, -29.6862666], [-51.0819659, -29.6862967], [-51.0818637, -29.686324]]}}, {"type": "Feature", "properties": {"highway": "residential", "name": "Rua Gonçalves Dias", "osm_id": 312603358, "osm_type": "way"}, "geometry": {"type": "LineString", "coordinates": [[-51.0543714, -29.6882043], [-51.0537548, -29.6895272]]}}, {"type": "Feature", "properties": {"highway": "residential", "name": "Rua Franklin Felles", "osm_id": 312603360, "osm_type": "way"}, "geometry": {"type": "LineString", "coordinates": [[-51.047886, -29.6843097], [-51.046769, -29.6844852]]}}, {"type": "Feature", "properties": {"highway": "residential", "osm_id": 312603361, "osm_type": "way"}, "geometry": {"type": "LineString", "coordinates": [[-51.0514805, -29.6823402], [-51.0511327, -29.683062]]}}, {"type": "Feature", "properties": {"highway": "residential", "osm_id": 312603362, "osm_type": "way"}, "geometry": {"type": "LineString", "coordinates": [[-51.0571626, -29.6828274], [-51.0572822, -29.6835765]]}}, {"type": "Feature", "properties": {"highway": "residential", "name": "Avenida Presidente Vargas", "osm_id": 312603363, "osm_type": "way"}, "geometry": {"type": "LineString", "coordinates": [[-51.0554451, -29.6798637], [-51.054783, -29.6812724], [-51.0547586, -29.6813151], [-51.0547272, -29.6813786], [-51.0538875, -29.683228], [-51.0535505, -29.683815], [-51.0533028, -29.6842471], [-51.0532602, -29.6843207], [-51.0530787, -29.6846265]]}}, {"type": "Feature", "properties": {"highway": "residential", "name": "Rua São Francisco", "osm_id": 312603364, "osm_type": "way"}, "geometry": {"type": "LineString", "coordinates": [[-51.0555683, -29.683693], [-51.0557252, -29.6834227], [-51.0558996, -29.6832234], [-51.0561074, -29.6830685], [-51.0562402, -29.6829951], [-51.0564755, -29.6828884], [-51.0566958, -29.6828418], [-51.0569743, -29.6828254], [-51.0571626, -29.6828274], [-51.0572755, -29.6828379], [-51.0575141, -29.6828958], [-51.0577503, -29.6829868], [-51.0581312, -29.683222], [-51.0583467, -29.6833924], [-51.0596448, -29.6843524], [-51.059771, -29.6845668], [-51.0599229, -29.6853311]]}}, {"type": "Feature", "properties": {"highway": "residential", "name": "Avenida dos Estados", "osm_id": 312603365, "osm_type": "way"}, "geometry": {"type": "LineString", "coordinates": [[-51.0492491, -29.6856362], [-51.0491494, -29.6858217], [-51.0490082, -29.68605], [-51.0488854, -29.6862259], [-51.0486395, -29.6865195], [-51.0484097, -29.686692], [-51.048095, -29.686869], [-51.0477691, -29.6869628], [-51.0474263, -29.6870311], [-51.0472768, -29.6870576], [-51.0471906, -29.6870739]]}}, {"type": "Feature", "properties": {"highway": "residential", "name": "Rua Iray dos Reis", "osm_id": 312603366, "osm_type": "way"}, "geometry": {"type": "LineString", "coordinates": [[-51.0503916, -29.6827931], [-51.0511327, -29.683062], [-51.0517217, -29.6832879]]}}, {"type": "Feature", "properties": {"highway": "residential", "name": "Rua Araújo Lima", "osm_id": 312603367, "osm_type": "way"}, "geometry": {"type": "LineString", "coordinates": [[-51.0535351, -29.6879023], [-51.0543714, -29.6882043], [-51.0547885, -29.688356], [-51.0552833, -29.6885359], [-51.0560212, -29.6888131]]}}, {"type": "Feature", "properties": {"highway": "residential", "name": "Rua Bruno Kunz", "osm_id": 312603368, "osm_type": "way"}, "geometry": {"type": "LineString", "coordinates": [[-51.0476893, -29.683321], [-51.047886, -29.6843097], [-51.0480551, -29.6852644]]}}, {"type": "Feature", "properties": {"highway": "residential", "osm_id": 312603369, "osm_type": "way"}, "geometry": {"type": "LineString", "coordinates": [[-51.0573229, -29.6835861], [-51.0573345, -29.6841008], [-51.0573185, -29.684173], [-51.0572675, -29.6842616], [-51.057128, -29.6843361], [-51.0570127, -29.6844247], [-51.0569414, -29.6846046]]}}, {"type": "Feature", "properties": {"highway": "residential", "osm_id": 312603370, "osm_type": "way"}, "geometry": {"type": "LineString", "coordinates": [[-51.0830602, -29.6872779], [-51.0829282, -29.6870869], [-51.0828909, -29.6869903], [-51.0828652, -29.6868865], [-51.0827847, -29.6862195], [-51.0827686, -29.6861735], [-51.0827391, -29.6861362], [-51.0826519, -29.6860745], [-51.0824127, -29.6859681]]}}, {"type": "Feature", "properties": {"highway": "residential", "name": "Rua A. J. Renner", "osm_id": 312603372, "osm_type": "way"}, "geometry": {"type": "LineString", "coordinates": [[-51.0503907, -29.6886507], [-51.0500218, -29.6883674], [-51.0496077, -29.6880481], [-51.0489783, -29.6875629], [-51.0487407, -29.6873638], [-51.0482633, -29.686989], [-51.048095, -29.686869]]}}, {"type": "Feature", "properties": {"alt_name": "Rua 1º de Maio", "highway": "residential", "name": "Rua Primeiro de Maio", "osm_id": 312603373, "osm_type": "way"}, "geometry": {"type": "LineString", "coordinates": [[-51.0547966, -29.683555], [-51.0538875, -29.683228], [-51.0529243, -29.6828635], [-51.0520923, -29.6825587], [-51.0514805, -29.6823402], [-51.0506552, -29.6820366]]}}, {"type": "Feature", "properties": {"highway": "residential", "name": "Rua Visconde de Mauá", "osm_id": 312603376, "osm_type": "way"}, "geometry": {"type": "LineString", "coordinates": [[-51.0514385, -29.6887903], [-51.0521188, -29.6880887], [-51.0524827, -29.6876969], [-51.0528825, -29.6872813], [-51.0530559, -29.6871011]]}}, {"type": "Feature", "properties": {"highway": "residential", "name": "Rua São Francisco", "osm_id": 312603377, "osm_type": "way"}, "geometry": {"type": "LineString", "coordinates": [[-51.0551302, -29.6846193], [-51.0550096, -29.6846623], [-51.0548029, -29.6847433], [-51.0545539, -29.6847664], [-51.0543506, -29.6847329], [-51.0542452, -29.684704]]}}, {"type": "Feature", "properties": {"highway": "residential", "name": "Rua Willy Ostermann", "osm_id": 312603378, "osm_type": "way"}, "geometry": {"type": "LineString", "coordinates": [[-51.0514247, -29.6875423], [-51.0521188, -29.6880887], [-51.0521615, -29.6881224], [-51.0524776, -29.6883428], [-51.0527135, -29.6884937], [-51.0531866, -29.6886392]]}}, {"type": "Feature", "properties": {"highway": "residential", "name": "Rua Carlos Gomes", "osm_id": 312603380, "osm_type": "way"}, "geometry": {"type": "LineString", "coordinates": [[-51.0505306, -29.6885014], [-51.0514385, -29.6887903], [-51.0528963, -29.6892531], [-51.0537548, -29.6895272], [-51.0547055, -29.6898297]]}}, {"type": "Feature", "properties": {"highway": "residential", "name": "Rua Bom Jesus", "osm_id": 312604553, "osm_type": "way"}, "geometry": {"type": "LineString", "coordinates": [[-51.0758212, -29.6994845], [-51.0758062, -29.6992908], [-51.0756146, -29.6980791], [-51.075515, -29.6974015], [-51.0754176, -29.6967391], [-51.0753179, -29.6960608], [-51.0752199, -29.6953946], [-51.0751158, -29.6946951], [-51.0750223, -29.6940503], [-51.0749236, -29.6933792], [-51.0748253, -29.6927101], [-51.074726, -29.6920345], [-51.0746279, -29.6913674], [-51.0745286, -29.6906922], [-51.0744304, -29.6900237], [-51.0743304, -29.6893437], [-51.0742329, -29.6886807], [-51.0741344, -29.6880105], [-51.0740344, -29.6873304]]}}, {"type": "Feature", "properties": {"highway": "residential", "name": "Avenida Intermunicipal", "osm_id": 312604555, "osm_type": "way"}, "geometry": {"type": "LineString", "coordinates": [[-51.0774609, -29.7001509], [-51.0774518, -29.7000802], [-51.0773757, -29.6995847], [-51.0772472, -29.6985174], [-51.0772248, -29.6983312], [-51.0772339, -29.6982704], [-51.0772531, -29.6982136], [-51.0773758, -29.6980824], [-51.077394, -29.6980418], [-51.0774199, -29.6979839], [-51.0774136, -29.6978363], [-51.0770841, -29.6955466], [-51.077017, -29.6950801], [-51.0769386, -29.6944968], [-51.0767558, -29.6932919], [-51.0766616, -29.692703], [-51.0765669, -29.6921106], [-51.076555, -29.6920505]]}}, {"type": "Feature", "properties": {"highway": "residential", "name": "Rua Ângelo Bassani", "osm_id": 312604556, "osm_type": "way"}, "geometry": {"type": "LineString", "coordinates": [[-51.0772421, -29.685982], [-51.0769059, -29.6861988], [-51.0767564, -29.6863238], [-51.0766334, -29.6864664], [-51.076495, -29.6866685], [-51.0764108, -29.6868299], [-51.0763662, -29.6869331], [-51.0763399, -29.6870517], [-51.0763348, -29.6871066], [-51.0763476, -29.6873341], [-51.076399, -29.6876929], [-51.0764578, -29.6883007], [-51.0765375, -29.688871], [-51.0766265, -29.6894314], [-51.0766738, -29.6898042], [-51.0767004, -29.6900067], [-51.0767839, -29.6905677], [-51.076868, -29.6911342], [-51.0769818, -29.6916943]]}}, {"type": "Feature", "properties": {"highway": "residential", "name": "Rua João Anildo de Oliveira", "osm_id": 312604557, "osm_type": "way"}, "geometry": {"type": "LineString", "coordinates": [[-51.0785327, -29.6903809], [-51.0767839, -29.6905677]]}}, {"type": "Feature", "properties": {"highway": "residential", "name": "Rua Fernando Galeazzi Ali Odes", "osm_id": 312604558, "osm_type": "way"}, "geometry": {"type": "LineString", "coordinates": [[-51.076868, -29.6911342], [-51.0786072, -29.6909458]]}}, {"type": "Feature", "properties": {"highway": "residential", "name": "Rua Evaldo Luiz de Souza", "osm_id": 312604559, "osm_type": "way"}, "geometry": {"type": "LineString", "coordinates": [[-51.0787157, -29.687466], [-51.0787003, -29.6874574], [-51.0786802, -29.6874487], [-51.0786538, -29.6874484], [-51.0782667, -29.6874963], [-51.078135, -29.6875115], [-51.076399, -29.6876929], [-51.0760647, -29.687736]]}}, {"type": "Feature", "properties": {"highway": "residential", "name": "Rua Lino Sílvio Kieling", "osm_id": 312604560, "osm_type": "way"}, "geometry": {"type": "LineString", "coordinates": [[-51.0782121, -29.6881011], [-51.0764578, -29.6883007]]}}, {"type": "Feature", "properties": {"highway": "residential", "osm_id": 312604561, "osm_type": "way"}, "geometry": {"type": "LineString", "coordinates": [[-51.0781605, -29.6982805], [-51.0778897, -29.6983159], [-51.0778595, -29.6983287], [-51.0778403, -29.6983467]]}}, {"type": "Feature", "properties": {"highway": "residential", "osm_id": 312604562, "osm_type": "way"}, "geometry": {"type": "LineString", "coordinates": [[-51.0780702, -29.6979388], [-51.077836, -29.6979611], [-51.0777985, -29.6979547], [-51.0777741, -29.6979384]]}}, {"type": "Feature", "properties": {"alt_name": "Rua Um", "highway": "residential", "name": "Rua 1", "oneway": "no", "osm_id": 312604563, "osm_type": "way"}, "geometry": {"type": "LineString", "coordinates": [[-51.0784874, -29.6936355], [-51.0781984, -29.6915638]]}}, {"type": "Feature", "properties": {"alt_name": "Rua Dois", "highway": "residential", "name": "Rua 2", "osm_id": 312604564, "osm_type": "way"}, "geometry": {"type": "LineString", "coordinates": [[-51.0780028, -29.6936932], [-51.0777291, -29.6916149]]}}, {"type": "Feature", "properties": {"highway": "residential", "name": "Rua Miguel Becker", "osm_id": 312604565, "osm_type": "way"}, "geometry": {"type": "LineString", "coordinates": [[-51.0784576, -29.6898008], [-51.0767004, -29.6900067]]}}, {"type": "Feature", "properties": {"highway": "residential", "osm_id": 312604566, "osm_type": "way"}, "geometry": {"type": "LineString", "coordinates": [[-51.0769386, -29.6944968], [-51.0764853, -29.6945503], [-51.0761147, -29.694594]]}}, {"type": "Feature", "properties": {"highway": "residential", "name": "Rua Waldomiro Wilhelms", "osm_id": 312604568, "osm_type": "way"}, "geometry": {"type": "LineString", "coordinates": [[-51.077963, -29.6869392], [-51.0776576, -29.6869709], [-51.0763348, -29.6871066]]}}, {"type": "Feature", "properties": {"highway": "residential", "name": "Rua Alceni Reinhardt", "osm_id": 312604569, "osm_type": "way"}, "geometry": {"type": "LineString", "coordinates": [[-51.0783005, -29.6886609], [-51.0765375, -29.688871]]}}, {"type": "Feature", "properties": {"highway": "service", "osm_id": 312604571, "osm_type": "way"}, "geometry": {"type": "LineString", "coordinates": [[-51.0770841, -29.6955466], [-51.0763349, -29.6956215]]}}, {"type": "Feature", "properties": {"alt_name": "Rua Três", "highway": "residential", "name": "Rua 3", "osm_id": 312604572, "osm_type": "way"}, "geometry": {"type": "LineString", "coordinates": [[-51.0772168, -29.6916701], [-51.0775374, -29.6937475]]}}, {"type": "Feature", "properties": {"highway": "residential", "name": "Rua Vereador Renato Fernandes", "osm_id": 312604573, "osm_type": "way"}, "geometry": {"type": "LineString", "coordinates": [[-51.0783781, -29.6892443], [-51.0766265, -29.6894314], [-51.0762973, -29.6894561]]}}, {"type": "Feature", "properties": {"highway": "residential", "name": "Rua Pau Brasil", "osm_id": 312604574, "osm_type": "way"}, "geometry": {"type": "LineString", "coordinates": [[-51.0726192, -29.6875082], [-51.0732015, -29.6874256], [-51.0740344, -29.6873304], [-51.0747993, -29.6872496]]}}, {"type": "Feature", "properties": {"highway": "residential", "osm_id": 312604576, "osm_type": "way"}, "geometry": {"type": "LineString", "coordinates": [[-51.0777845, -29.6866003], [-51.0773412, -29.6866526], [-51.0766393, -29.6867354]]}}, {"type": "Feature", "properties": {"highway": "residential", "name": "Rua Acácia", "osm_id": 312604577, "osm_type": "way"}, "geometry": {"type": "LineString", "coordinates": [[-51.0750116, -29.6879127], [-51.0741344, -29.6880105], [-51.0734286, -29.6880894], [-51.0732852, -29.6881045]]}}, {"type": "Feature", "properties": {"highway": "tertiary", "maxspeed": "40", "name": "Avenida Octávio Oscar Bender", "source:maxspeed": "sign", "surface": "asphalt", "osm_id": 312604578, "osm_type": "way"}, "geometry": {"type": "LineString", "coordinates": [[-51.0764322, -29.685049], [-51.0770344, -29.6857447], [-51.0772421, -29.685982], [-51.077409, -29.6861728], [-51.0776425, -29.6864338], [-51.0777845, -29.6866003], [-51.0778612, -29.6867296], [-51.077963, -29.6869392], [-51.0780543, -29.68716], [-51.078095, -29.6873126], [-51.0781141, -29.6873842], [-51.078135, -29.6875115], [-51.0782121, -29.6881011], [-51.078259, -29.6884104], [-51.0783005, -29.6886609], [-51.0783781, -29.6892443], [-51.0784576, -29.6898008], [-51.0785041, -29.6901313], [-51.0785327, -29.6903809], [-51.0786072, -29.6909458], [-51.0787036, -29.691503]]}}, {"type": "Feature", "properties": {"alt_name": "Rua Cinco", "highway": "residential", "name": "Rua 5", "osm_id": 312604579, "osm_type": "way"}, "geometry": {"type": "LineString", "coordinates": [[-51.0765994, -29.6917336], [-51.076723, -29.6917215]]}}, {"type": "Feature", "properties": {"alt_name": "Rua Ottomar O Hoff", "highway": "residential", "name": "Rua Pau Brasil", "osm_id": 312604580, "osm_type": "way"}, "geometry": {"type": "LineString", "coordinates": [[-51.074751, -29.6864714], [-51.0747626, -29.6865336], [-51.0747725, -29.6865856], [-51.0748637, -29.6871658], [-51.074844, -29.6872197], [-51.0747993, -29.6872496]]}}, {"type": "Feature", "properties": {"highway": "service", "osm_id": 312604582, "osm_type": "way"}, "geometry": {"type": "LineString", "coordinates": [[-51.075924, -29.6933568], [-51.0760152, -29.6939486], [-51.0761147, -29.694594], [-51.0762309, -29.6955303], [-51.0762381, -29.6955671], [-51.0762555, -29.6955951], [-51.0762897, -29.6956137], [-51.0763349, -29.6956215]]}}, {"type": "Feature", "properties": {"highway": "residential", "name": "Rua Limeira", "osm_id": 312604584, "osm_type": "way"}, "geometry": {"type": "LineString", "coordinates": [[-51.073153, -29.6863395], [-51.0730623, -29.6865201], [-51.0727513, -29.6872105], [-51.0726192, -29.6875082], [-51.0722338, -29.6883594], [-51.0722057, -29.6884231], [-51.0720449, -29.688772], [-51.0719661, -29.6889556]]}}, {"type": "Feature", "properties": {"alt_name": "Rua Quatro", "highway": "residential", "name": "Rua 4", "osm_id": 312604586, "osm_type": "way"}, "geometry": {"type": "LineString", "coordinates": [[-51.078995, -29.6935619], [-51.0784874, -29.6936355], [-51.0780028, -29.6936932], [-51.0775374, -29.6937475], [-51.0771668, -29.693794], [-51.0771064, -29.6938004], [-51.0770756, -29.693794], [-51.0770492, -29.6937865]]}}, {"type": "Feature", "properties": {"highway": "residential", "name": "Rua Nogueira", "osm_id": 312604587, "osm_type": "way"}, "geometry": {"type": "LineString", "coordinates": [[-51.0780939, -29.7006868], [-51.0781604, -29.7005382], [-51.0781176, -29.7002795], [-51.077974, -29.699364], [-51.0778344, -29.6984079], [-51.077834, -29.6983689], [-51.0778403, -29.6983467]]}}, {"type": "Feature", "properties": {"highway": "residential", "osm_id": 312604588, "osm_type": "way"}, "geometry": {"type": "LineString", "coordinates": [[-51.0777741, -29.6979384], [-51.0777616, -29.6979169], [-51.0777534, -29.6978855], [-51.0776812, -29.6972268], [-51.0775781, -29.6965343], [-51.0775458, -29.6963171], [-51.0774613, -29.6958235], [-51.0774008, -29.6955147], [-51.0773988, -29.6954882], [-51.0774028, -29.6954652], [-51.0774189, -29.6954384], [-51.0774347, -29.6954233], [-51.0774683, -29.6954061], [-51.0775562, -29.6953879]]}}, {"type": "Feature", "properties": {"highway": "residential", "name": "Rua Cedro", "osm_id": 312604589, "osm_type": "way"}, "geometry": {"type": "LineString", "coordinates": [[-51.0751045, -29.6885809], [-51.0742329, -29.6886807], [-51.0732857, -29.6887898], [-51.0730342, -29.6888192], [-51.0724682, -29.6888918]]}}, {"type": "Feature", "properties": {"highway": "residential", "osm_id": 312604592, "osm_type": "way"}, "geometry": {"type": "LineString", "coordinates": [[-51.0788674, -29.7008926], [-51.0783533, -29.7006439], [-51.0781604, -29.7005382], [-51.0774609, -29.7001509], [-51.0763288, -29.6995815], [-51.0758062, -29.6992908]]}}, {"type": "Feature", "properties": {"highway": "residential", "name": "Rua Tomas Feltes Engel", "osm_id": 312604593, "osm_type": "way"}, "geometry": {"type": "LineString", "coordinates": [[-51.0787036, -29.691503], [-51.0781984, -29.6915638], [-51.0777291, -29.6916149], [-51.0772168, -29.6916701], [-51.0769818, -29.6916943], [-51.076723, -29.6917215]]}}, {"type": "Feature", "properties": {"highway": "residential", "osm_id": 312604594, "osm_type": "way"}, "geometry": {"type": "LineString", "coordinates": [[-51.0784874, -29.6936355], [-51.0784868, -29.6938062], [-51.0784677, -29.6939571], [-51.0784222, -29.6940994], [-51.0783341, -29.6942695], [-51.0782585, -29.6943952], [-51.0781397, -29.6945402], [-51.0780305, -29.6946421], [-51.0779073, -29.6947234], [-51.077721, -29.6948413], [-51.0775262, -29.6949334], [-51.077492, -29.694959], [-51.0774648, -29.6949916]]}}, {"type": "Feature", "properties": {"alt_name": "Rua Guilherme Heldt", "highway": "residential", "name": "Rua Chorão", "osm_id": 312605569, "osm_type": "way"}, "geometry": {"type": "LineString", "coordinates": [[-51.0725559, -29.6898788], [-51.0724445, -29.6895315], [-51.0723186, -29.6893324]]}}, {"type": "Feature", "properties": {"highway": "residential", "name": "Rua Carvalho", "osm_id": 312605570, "osm_type": "way"}, "geometry": {"type": "LineString", "coordinates": [[-51.0732852, -29.6881045], [-51.0732471, -29.6881168], [-51.0732176, -29.6881355], [-51.0732048, -29.688162], [-51.073203, -29.6882004]]}}, {"type": "Feature", "properties": {"highway": "residential", "name": "Rua Marfim", "osm_id": 312605571, "osm_type": "way"}, "geometry": {"type": "LineString", "coordinates": [[-51.0752767, -29.6933311], [-51.0749236, -29.6933792], [-51.0736444, -29.6935242], [-51.0725407, -29.6936469], [-51.0722743, -29.6936765], [-51.0714221, -29.693776], [-51.0709688, -29.693832], [-51.0707816, -29.6938827], [-51.0707181, -29.6939158], [-51.0705239, -29.6940257], [-51.0703381, -29.6941005], [-51.0700572, -29.6941614], [-51.0698592, -29.6941885], [-51.06961, -29.6942672]]}}, {"type": "Feature", "properties": {"highway": "residential", "name": "Rua Laranjeira", "osm_id": 312605572, "osm_type": "way"}, "geometry": {"type": "LineString", "coordinates": [[-51.0717751, -29.6926668], [-51.0722465, -29.6916615]]}}, {"type": "Feature", "properties": {"highway": "residential", "name": "Rua Mogno", "osm_id": 312605573, "osm_type": "way"}, "geometry": {"type": "LineString", "coordinates": [[-51.0761806, -29.698019], [-51.0756146, -29.6980791], [-51.0747591, -29.6981705]]}}, {"type": "Feature", "properties": {"highway": "residential", "osm_id": 312605574, "osm_type": "way"}, "geometry": {"type": "LineString", "coordinates": [[-51.0734277, -29.6897592], [-51.0729564, -29.6898237]]}}, {"type": "Feature", "properties": {"highway": "residential", "name": "Rua Angico", "osm_id": 312605575, "osm_type": "way"}, "geometry": {"type": "LineString", "coordinates": [[-51.0727526, -29.6912408], [-51.0729349, -29.6925276]]}}, {"type": "Feature", "properties": {"highway": "residential", "name": "Rua Eucalipto", "osm_id": 312605576, "osm_type": "way"}, "geometry": {"type": "LineString", "coordinates": [[-51.0753518, -29.6912784], [-51.0746279, -29.6913674], [-51.0736802, -29.6914836]]}}, {"type": "Feature", "properties": {"highway": "residential", "name": "Rua Jaboticaba", "osm_id": 312605577, "osm_type": "way"}, "geometry": {"type": "LineString", "coordinates": [[-51.0731084, -29.6908204], [-51.0726893, -29.6908635], [-51.0721377, -29.6909223], [-51.0720865, -29.6909278]]}}, {"type": "Feature", "properties": {"highway": "residential", "name": "Rua Cabriuva", "osm_id": 312605578, "osm_type": "way"}, "geometry": {"type": "LineString", "coordinates": [[-51.0754672, -29.6919494], [-51.074726, -29.6920345], [-51.0737768, -29.6921434]]}}, {"type": "Feature", "properties": {"highway": "residential", "name": "Rua Louro", "osm_id": 312605579, "osm_type": "way"}, "geometry": {"type": "LineString", "coordinates": [[-51.0754959, -29.6905795], [-51.0745286, -29.6906922], [-51.0736719, -29.6907912]]}}, {"type": "Feature", "properties": {"highway": "residential", "name": "Rua Canela", "osm_id": 312605580, "osm_type": "way"}, "geometry": {"type": "LineString", "coordinates": [[-51.0733824, -29.68945], [-51.0743304, -29.6893437], [-51.0752177, -29.6892442]]}}, {"type": "Feature", "properties": {"highway": "service", "name": "Rua Canela", "osm_id": 312605581, "osm_type": "way"}, "geometry": {"type": "LineString", "coordinates": [[-51.0759987, -29.6892986], [-51.0757696, -29.6893129], [-51.0754341, -29.6893413], [-51.0753999, -29.6893477], [-51.0753751, -29.6893623], [-51.0753583, -29.6893862], [-51.0753519, -29.6894154]]}}, {"type": "Feature", "properties": {"highway": "residential", "name": "Rua Alecrim", "osm_id": 312605582, "osm_type": "way"}, "geometry": {"type": "LineString", "coordinates": [[-51.0764074, -29.6973025], [-51.075515, -29.6974015], [-51.0742517, -29.6975416], [-51.0728621, -29.6976959]]}}, {"type": "Feature", "properties": {"highway": "service", "osm_id": 312605583, "osm_type": "way"}, "geometry": {"type": "LineString", "coordinates": [[-51.0755962, -29.6907152], [-51.0756996, -29.6907114], [-51.0760671, -29.6906741], [-51.0761288, -29.6906759], [-51.0761824, -29.6906858], [-51.07622, -29.6907347], [-51.0762173, -29.6907953], [-51.0762079, -29.6908326], [-51.076169, -29.6908675], [-51.0761053, -29.6908803], [-51.0759947, -29.6908931], [-51.0758337, -29.6908885], [-51.075706, -29.6908636], [-51.0755962, -29.6907152]]}}, {"type": "Feature", "properties": {"alt_name": "Rua da 2ª Conquista", "highway": "residential", "name": "Rua da Segunda Conquista", "osm_id": 312605584, "osm_type": "way"}, "geometry": {"type": "LineString", "coordinates": [[-51.0709688, -29.693832], [-51.071271, -29.6958341], [-51.0715341, -29.6974079]]}}, {"type": "Feature", "properties": {"highway": "residential", "name": "Rua Timbauva", "osm_id": 312605585, "osm_type": "way"}, "geometry": {"type": "LineString", "coordinates": [[-51.0753996, -29.6899189], [-51.0744304, -29.6900237], [-51.0734815, -29.6901264]]}}, {"type": "Feature", "properties": {"highway": "residential", "name": "Rua Pitangueira", "osm_id": 312605586, "osm_type": "way"}, "geometry": {"type": "LineString", "coordinates": [[-51.0736323, -29.691156], [-51.0731661, -29.6911989], [-51.0727526, -29.6912408], [-51.0721916, -29.6912979]]}}, {"type": "Feature", "properties": {"highway": "residential", "name": "Rua Jacarandá", "osm_id": 312605587, "osm_type": "way"}, "geometry": {"type": "LineString", "coordinates": [[-51.0756962, -29.6960216], [-51.0753179, -29.6960608], [-51.0740513, -29.696204], [-51.0726587, -29.6963614], [-51.0718103, -29.6964575]]}}, {"type": "Feature", "properties": {"highway": "residential", "name": "Rua Paineira", "osm_id": 312605588, "osm_type": "way"}, "geometry": {"type": "LineString", "coordinates": [[-51.0751158, -29.6946951], [-51.0738478, -29.694864], [-51.0724671, -29.695023], [-51.0716168, -29.6951209]]}}, {"type": "Feature", "properties": {"highway": "residential", "name": "Rua Videira", "osm_id": 312605589, "osm_type": "way"}, "geometry": {"type": "LineString", "coordinates": [[-51.0772531, -29.6982136], [-51.0771681, -29.6982343], [-51.077059, -29.6982485], [-51.0769462, -29.6982483], [-51.0768312, -29.6982383], [-51.0767363, -29.6982157], [-51.0766619, -29.6982005], [-51.0766058, -29.6981801], [-51.0765365, -29.6981309]]}}, {"type": "Feature", "properties": {"highway": "residential", "osm_id": 312605590, "osm_type": "way"}, "geometry": {"type": "LineString", "coordinates": [[-51.077394, -29.6980418], [-51.0774493, -29.6984399], [-51.0774444, -29.6984621], [-51.0774273, -29.6984836], [-51.0773948, -29.6984958], [-51.0773392, -29.6985082], [-51.0772472, -29.6985174]]}}, {"type": "Feature", "properties": {"highway": "residential", "name": "Rua Imbuia", "osm_id": 312605591, "osm_type": "way"}, "geometry": {"type": "LineString", "coordinates": [[-51.0761189, -29.6966607], [-51.0754176, -29.6967391], [-51.07415, -29.6968808], [-51.0727554, -29.6970366], [-51.0719078, -29.6971315]]}}, {"type": "Feature", "properties": {"highway": "residential", "name": "Rua Figueira", "osm_id": 312605592, "osm_type": "way"}, "geometry": {"type": "LineString", "coordinates": [[-51.0715193, -29.6944472], [-51.0723708, -29.6943507], [-51.0737462, -29.6941948], [-51.0750223, -29.6940503], [-51.0752887, -29.69402]]}}, {"type": "Feature", "properties": {"highway": "residential", "name": "Rua Pinheiro", "osm_id": 312605593, "osm_type": "way"}, "geometry": {"type": "LineString", "coordinates": [[-51.0755906, -29.6926228], [-51.0748253, -29.6927101], [-51.0735431, -29.6928561], [-51.0724458, -29.6929811], [-51.0713638, -29.6931038]]}}, {"type": "Feature", "properties": {"highway": "residential", "name": "Rua Sossego", "osm_id": 312605594, "osm_type": "way"}, "geometry": {"type": "LineString", "coordinates": [[-51.071013, -29.6971732], [-51.0708374, -29.6958823], [-51.0707068, -29.6948743], [-51.0706215, -29.6943119], [-51.0706229, -29.6941668], [-51.0707181, -29.6939158]]}}, {"type": "Feature", "properties": {"highway": "residential", "name": "Rua Palmeira", "osm_id": 312605595, "osm_type": "way"}, "geometry": {"type": "LineString", "coordinates": [[-51.0733607, -29.6924765], [-51.0731661, -29.6911989], [-51.0731084, -29.6908204], [-51.0729564, -29.6898237], [-51.0728689, -29.6891871]]}}, {"type": "Feature", "properties": {"highway": "residential", "name": "Rua Umbu", "osm_id": 312605596, "osm_type": "way"}, "geometry": {"type": "LineString", "coordinates": [[-51.0712983, -29.6927023], [-51.0717751, -29.6926668], [-51.0723872, -29.6925934], [-51.0729349, -29.6925276], [-51.0733607, -29.6924765], [-51.0738176, -29.6924217]]}}, {"type": "Feature", "properties": {"highway": "residential", "name": "Rua Alamo", "osm_id": 312605597, "osm_type": "way"}, "geometry": {"type": "LineString", "coordinates": [[-51.0712983, -29.6927023], [-51.0720865, -29.6909278], [-51.0724143, -29.6901952]]}}, {"type": "Feature", "properties": {"highway": "residential", "name": "Rua Araucária", "osm_id": 312605598, "osm_type": "way"}, "geometry": {"type": "LineString", "coordinates": [[-51.0708374, -29.6958823], [-51.071271, -29.6958341], [-51.0717129, -29.6957849], [-51.0725627, -29.6956903], [-51.0739499, -29.695536], [-51.0752199, -29.6953946], [-51.0759167, -29.6953171]]}}, {"type": "Feature", "properties": {"highway": "residential", "name": "Rua Cipreste", "osm_id": 312605599, "osm_type": "way"}, "geometry": {"type": "LineString", "coordinates": [[-51.0725407, -29.6936469], [-51.0724458, -29.6929811], [-51.0723872, -29.6925934], [-51.0722465, -29.6916615], [-51.0721916, -29.6912979], [-51.0721517, -29.6910333], [-51.0721377, -29.6909223]]}}, {"type": "Feature", "properties": {"highway": "residential", "name": "Rua Lothario Gerhardt", "osm_id": 312605600, "osm_type": "way"}, "geometry": {"type": "LineString", "coordinates": [[-51.0742517, -29.6975416], [-51.07415, -29.6968808], [-51.0740513, -29.696204], [-51.0739499, -29.695536], [-51.0738478, -29.694864], [-51.0737462, -29.6941948], [-51.0736444, -29.6935242], [-51.0735431, -29.6928561]]}}, {"type": "Feature", "properties": {"highway": "residential", "name": "Rua Walter Strassburger", "osm_id": 312605601, "osm_type": "way"}, "geometry": {"type": "LineString", "coordinates": [[-51.0695448, -29.6965534], [-51.0698207, -29.6959661], [-51.0698553, -29.6958158], [-51.0698427, -29.6956654], [-51.06961, -29.6942672], [-51.0695405, -29.6938498], [-51.0693784, -29.6928907], [-51.0692761, -29.6922857], [-51.0691331, -29.691394], [-51.0690096, -29.6906536]]}}, {"type": "Feature", "properties": {"highway": "residential", "name": "Rua Elvira Conceição", "osm_id": 312605602, "osm_type": "way"}, "geometry": {"type": "LineString", "coordinates": [[-51.0728707, -29.698009], [-51.0728773, -29.6979443], [-51.072882, -29.697826], [-51.0728621, -29.6976959], [-51.0727554, -29.6970366], [-51.0726587, -29.6963614], [-51.0725627, -29.6956903], [-51.0724671, -29.695023], [-51.0723708, -29.6943507], [-51.0722743, -29.6936765]]}}, {"type": "Feature", "properties": {"alt_name": "Rua João da Silva", "highway": "residential", "name": "Rua João A. da Silva", "osm_id": 312605603, "osm_type": "way"}, "geometry": {"type": "LineString", "coordinates": [[-51.0720075, -29.6976141], [-51.0719078, -29.6971315], [-51.0718103, -29.6964575], [-51.0717129, -29.6957849], [-51.0716168, -29.6951209], [-51.0715193, -29.6944472], [-51.0714221, -29.693776]]}}, {"type": "Feature", "properties": {"highway": "residential", "name": "Rua Itaipu", "surface": "asphalt", "osm_id": 312612485, "osm_type": "way"}, "geometry": {"type": "LineString", "coordinates": [[-51.0589435, -29.6697936], [-51.0588451, -29.6696699], [-51.0587979, -29.6695112], [-51.0586736, -29.6687171], [-51.0586547, -29.6685626], [-51.0585577, -29.6680207], [-51.0584471, -29.667343], [-51.0584355, -29.6672722], [-51.0583065, -29.6664842]]}}, {"type": "Feature", "properties": {"highway": "residential", "name": "Rua Tomé Paz", "osm_id": 312612486, "osm_type": "way"}, "geometry": {"type": "LineString", "coordinates": [[-51.0483686, -29.6697795], [-51.048118, -29.6697141], [-51.0479448, -29.6696793], [-51.0478073, -29.6696651], [-51.0474892, -29.6696709], [-51.0473858, -29.6696837], [-51.0466645, -29.6697789], [-51.0461503, -29.6698321], [-51.0461314, -29.669835]]}}, {"type": "Feature", "properties": {"highway": "residential", "name": "Rua Marechal Deodoro", "osm_id": 312612487, "osm_type": "way"}, "geometry": {"type": "LineString", "coordinates": [[-51.0536313, -29.6739015], [-51.0535928, -29.6737483], [-51.0535802, -29.6735103], [-51.0535896, -29.6733353], [-51.0536403, -29.6731187], [-51.0536715, -29.6729852], [-51.0538824, -29.6723234], [-51.0542097, -29.6712786], [-51.0544941, -29.6703469]]}}, {"type": "Feature", "properties": {"highway": "residential", "name": "Rua Alfredo Spitzer", "osm_id": 312612488, "osm_type": "way"}, "geometry": {"type": "LineString", "coordinates": [[-51.0516809, -29.6730084], [-51.0519618, -29.6725226], [-51.0520522, -29.6722894], [-51.0524362, -29.6710038]]}}, {"type": "Feature", "properties": {"highway": "residential", "name": "Rua Jacob Weiss", "osm_id": 312612489, "osm_type": "way"}, "geometry": {"type": "LineString", "coordinates": [[-51.0632468, -29.6683214], [-51.0626818, -29.6688187], [-51.0622256, -29.6692099], [-51.0619721, -29.6693877], [-51.0617516, -29.669472], [-51.0614894, -29.6695562], [-51.0612083, -29.6696097], [-51.0604568, -29.6697088], [-51.0603766, -29.6697204], [-51.0596309, -29.6698219], [-51.0592983, -29.6698675], [-51.0590905, -29.6698457], [-51.0589435, -29.6697936]]}}, {"type": "Feature", "properties": {"highway": "residential", "name": "Rua Duque de Caxias", "oneway": "yes", "osm_id": 312612490, "osm_type": "way"}, "geometry": {"type": "LineString", "coordinates": [[-51.0631898, -29.6715162], [-51.0639171, -29.6714189], [-51.064764, -29.6713244], [-51.0648105, -29.671332], [-51.0648568, -29.6713793], [-51.0648555, -29.6714552]]}}, {"type": "Feature", "properties": {"highway": "residential", "name": "Rua Cristiano Spindler", "osm_id": 312612491, "osm_type": "way"}, "geometry": {"type": "LineString", "coordinates": [[-51.0516999, -29.6705486], [-51.0518412, -29.6704476], [-51.0523169, -29.6700818], [-51.0524826, -29.669952], [-51.0526888, -29.6697986], [-51.0529907, -29.6695603], [-51.053047, -29.6694694], [-51.0530631, -29.6693529], [-51.0530189, -29.6692189], [-51.0529585, -29.6691292], [-51.0528338, -29.6690662], [-51.0527332, -29.6690464], [-51.052516, -29.6690488]]}}, {"type": "Feature", "properties": {"highway": "residential", "name": "Rua Tânia Simon", "osm_id": 312612492, "osm_type": "way"}, "geometry": {"type": "LineString", "coordinates": [[-51.0689464, -29.6707855], [-51.0688133, -29.6700775], [-51.0686978, -29.6693724], [-51.0685935, -29.6687324], [-51.0684838, -29.6680581], [-51.0683846, -29.6674519], [-51.0682895, -29.6668685], [-51.0681958, -29.6662931], [-51.0681793, -29.6661919], [-51.0680876, -29.6656297], [-51.0679935, -29.6650524], [-51.0678347, -29.6640779], [-51.0677451, -29.6635285], [-51.067644, -29.6629082], [-51.0675513, -29.6623396], [-51.0670876, -29.6594942], [-51.0669929, -29.6589135], [-51.0668978, -29.6583302], [-51.0668067, -29.6577707], [-51.0667883, -29.6576581], [-51.0666961, -29.6570922], [-51.0665991, -29.6564971], [-51.0665053, -29.6559219], [-51.0664147, -29.6553659], [-51.0663175, -29.6547696], [-51.0662201, -29.6541719], [-51.0659469, -29.6524954]]}}, {"type": "Feature", "properties": {"highway": "residential", "name": "Rua Tapajós", "osm_id": 312612493, "osm_type": "way"}, "geometry": {"type": "LineString", "coordinates": [[-51.0474007, -29.6745884], [-51.0473148, -29.6738171], [-51.0471813, -29.673169], [-51.0470734, -29.6724796], [-51.0469643, -29.6717891], [-51.0468674, -29.6711754], [-51.0467948, -29.6706379], [-51.0466645, -29.6697789], [-51.0465128, -29.6687535]]}}, {"type": "Feature", "properties": {"highway": "residential", "name": "Rua Sergio P. Schirmer", "osm_id": 312612494, "osm_type": "way"}, "geometry": {"type": "LineString", "coordinates": [[-51.0723261, -29.6785447], [-51.0724306, -29.6792891]]}}, {"type": "Feature", "properties": {"alt_name": "Rua Adalberto W Von Rosental", "highway": "residential", "name": "Rua Adalberto", "osm_id": 312612495, "osm_type": "way"}, "geometry": {"type": "LineString", "coordinates": [[-51.0475192, -29.6705401], [-51.0473858, -29.6696837]]}}, {"type": "Feature", "properties": {"highway": "residential", "name": "Travessa Ster", "osm_id": 312612496, "osm_type": "way"}, "geometry": {"type": "LineString", "coordinates": [[-51.0524826, -29.669952], [-51.0530674, -29.6705388]]}}, {"type": "Feature", "properties": {"highway": "residential", "name": "Rua Henrique Schirmer", "osm_id": 312612497, "osm_type": "way"}, "geometry": {"type": "LineString", "coordinates": [[-51.0554129, -29.6684168], [-51.0562121, -29.6683182], [-51.0573762, -29.6681735], [-51.0585577, -29.6680207]]}}, {"type": "Feature", "properties": {"highway": "residential", "name": "Rua São Cristóvão", "osm_id": 312612498, "osm_type": "way"}, "geometry": {"type": "LineString", "coordinates": [[-51.0474892, -29.6696709], [-51.0473871, -29.6690431], [-51.0472969, -29.6684056], [-51.0472282, -29.6679937], [-51.0471891, -29.6677181], [-51.0471093, -29.6671564], [-51.0470976, -29.6670744], [-51.0470705, -29.6668833], [-51.0468064, -29.665025], [-51.0467932, -29.664932]]}}, {"type": "Feature", "properties": {"highway": "residential", "name": "Rua Aurora Rodrigues Fróes", "osm_id": 312612499, "osm_type": "way"}, "geometry": {"type": "LineString", "coordinates": [[-51.0677735, -29.673318], [-51.0676318, -29.6723867]]}}, {"type": "Feature", "properties": {"highway": "residential", "osm_id": 312612500, "osm_type": "way"}, "geometry": {"type": "LineString", "coordinates": [[-51.0687093, -29.6714916], [-51.0686649, -29.6715444], [-51.068626, -29.6715721], [-51.0685988, -29.6715815]]}}, {"type": "Feature", "properties": {"highway": "residential", "name": "Rua Tuiuti", "osm_id": 312612501, "osm_type": "way"}, "geometry": {"type": "LineString", "coordinates": [[-51.0574996, -29.6759379], [-51.0563984, -29.6760598], [-51.0562692, -29.6760777]]}}, {"type": "Feature", "properties": {"alt_name": "Rua 06 de Junho; Rua Seis de Junho", "highway": "residential", "name": "Rua 6 de Junho", "osm_id": 312612502, "osm_type": "way"}, "geometry": {"type": "LineString", "coordinates": [[-51.0699395, -29.6740215], [-51.0701021, -29.6750217], [-51.0701117, -29.6751028]]}}, {"type": "Feature", "properties": {"highway": "residential", "name": "Rua Malta", "osm_id": 312612503, "osm_type": "way"}, "geometry": {"type": "LineString", "coordinates": [[-51.062809, -29.6777048], [-51.0626087, -29.6765132], [-51.0623769, -29.6748947]]}}, {"type": "Feature", "properties": {"highway": "residential", "name": "Rua Pio XI", "osm_id": 312612504, "osm_type": "way"}, "geometry": {"type": "LineString", "coordinates": [[-51.0587772, -29.6755445], [-51.0574619, -29.6756824]]}}, {"type": "Feature", "properties": {"highway": "residential", "name": "Rua Nazarena Stein", "osm_id": 312612505, "osm_type": "way"}, "geometry": {"type": "LineString", "coordinates": [[-51.0695876, -29.6667105], [-51.0682895, -29.6668685]]}}, {"type": "Feature", "properties": {"highway": "residential", "name": "Rua Guilherme Bauer", "osm_id": 312612506, "osm_type": "way"}, "geometry": {"type": "LineString", "coordinates": [[-51.0720423, -29.6785797], [-51.0719358, -29.67785]]}}, {"type": "Feature", "properties": {"highway": "residential", "name": "Rua Emilio Caetano de Souza", "osm_id": 312612507, "osm_type": "way"}, "geometry": {"type": "LineString", "coordinates": [[-51.0554616, -29.6687262], [-51.0545874, -29.6688199]]}}, {"type": "Feature", "properties": {"alt_name": "Rua Marino O Blankenheim", "highway": "residential", "name": "Rua Marino Blankenheim", "osm_id": 312612508, "osm_type": "way"}, "geometry": {"type": "LineString", "coordinates": [[-51.0738061, -29.6804725], [-51.0727921, -29.6806185]]}}, {"type": "Feature", "properties": {"highway": "residential", "name": "Rua Rodolfo Weber", "osm_id": 312612509, "osm_type": "way"}, "geometry": {"type": "LineString", "coordinates": [[-51.0468674, -29.6711754], [-51.0461265, -29.6712346]]}}, {"type": "Feature", "properties": {"highway": "residential", "name": "Rua Paula Stefa", "osm_id": 312612510, "osm_type": "way"}, "geometry": {"type": "LineString", "coordinates": [[-51.0535802, -29.6735103], [-51.0527242, -29.6735619]]}}, {"type": "Feature", "properties": {"highway": "residential", "name": "Rua Padre Azevedo", "osm_id": 312612511, "osm_type": "way"}, "geometry": {"type": "LineString", "coordinates": [[-51.0726069, -29.6740148], [-51.0725325, -29.6735199], [-51.0724991, -29.6732975], [-51.0724442, -29.6729324]]}}, {"type": "Feature", "properties": {"highway": "residential", "osm_id": 312612512, "osm_type": "way"}, "geometry": {"type": "LineString", "coordinates": [[-51.0687829, -29.6627895], [-51.067644, -29.6629082]]}}, {"type": "Feature", "properties": {"highway": "residential", "name": "Rua Rui Ramos", "osm_id": 312612513, "osm_type": "way"}, "geometry": {"type": "LineString", "coordinates": [[-51.0588886, -29.6762153], [-51.0575637, -29.6763718]]}}, {"type": "Feature", "properties": {"highway": "residential", "osm_id": 312612514, "osm_type": "way"}, "geometry": {"type": "LineString", "coordinates": [[-51.0679935, -29.6650524], [-51.0672575, -29.6651532], [-51.0668315, -29.6652115], [-51.0665044, -29.6652564]]}}, {"type": "Feature", "properties": {"highway": "residential", "name": "Rua Piratini", "osm_id": 312612515, "osm_type": "way"}, "geometry": {"type": "LineString", "coordinates": [[-51.0605919, -29.6752046], [-51.059631, -29.6753165]]}}, {"type": "Feature", "properties": {"highway": "residential", "name": "Rua 07", "osm_id": 312612516, "osm_type": "way"}, "geometry": {"type": "LineString", "coordinates": [[-51.0696807, -29.6672854], [-51.0683846, -29.6674519]]}}, {"type": "Feature", "properties": {"highway": "tertiary", "name": "Avenida Kennedy", "oneway": "yes", "surface": "asphalt", "osm_id": 312612518, "osm_type": "way"}, "geometry": {"type": "LineString", "coordinates": [[-51.0560978, -29.6727835], [-51.055971, -29.6720089], [-51.0559688, -29.6719007], [-51.0560021, -29.6717034], [-51.0560578, -29.6713843], [-51.0560927, -29.6712073], [-51.0561869, -29.670721], [-51.056276, -29.6702716], [-51.0563245, -29.670128], [-51.0564474, -29.6698778], [-51.0565537, -29.669706], [-51.0566614, -29.6695839], [-51.0567958, -29.6694392], [-51.0569347, -29.6693314], [-51.0571284, -29.6692076], [-51.0572891, -29.6691187], [-51.0575255, -29.6690224], [-51.0576774, -29.6689623], [-51.0579426, -29.6688536], [-51.0586547, -29.6685626], [-51.0587153, -29.6685395], [-51.0593891, -29.668273], [-51.0595273, -29.6682247], [-51.0600873, -29.6679953], [-51.0601724, -29.667946], [-51.0602938, -29.6678185], [-51.0610083, -29.6671919], [-51.0612962, -29.6669246], [-51.0618164, -29.6664616], [-51.063604, -29.6648706]]}}, {"type": "Feature", "properties": {"highway": "tertiary", "name": "Avenida Kennedy", "oneway": "yes", "surface": "asphalt", "osm_id": 312612519, "osm_type": "way"}, "geometry": {"type": "LineString", "coordinates": [[-51.0601097, -29.6681369], [-51.0597766, -29.6682869], [-51.0593967, -29.6684423], [-51.0589549, -29.6686126], [-51.0586736, -29.6687171], [-51.0584202, -29.6688075], [-51.0576991, -29.669086], [-51.0574127, -29.6692263], [-51.0571776, -29.669344], [-51.0569413, -29.6695163], [-51.0567603, -29.6696912], [-51.0566188, -29.669891], [-51.0564838, -29.6701129], [-51.0564148, -29.6702966], [-51.056288, -29.6710277], [-51.0561433, -29.6718438], [-51.0561277, -29.6719753], [-51.0562492, -29.6727433]]}}, {"type": "Feature", "properties": {"highway": "residential", "name": "Rua Sírio Blos", "osm_id": 312612520, "osm_type": "way"}, "geometry": {"type": "LineString", "coordinates": [[-51.0700382, -29.6699187], [-51.0688133, -29.6700775], [-51.0670128, -29.6703109]]}}, {"type": "Feature", "properties": {"highway": "residential", "name": "Rua Edvino E. Ermel", "osm_id": 312612521, "osm_type": "way"}, "geometry": {"type": "LineString", "coordinates": [[-51.0688153, -29.6721321], [-51.0700624, -29.6719889], [-51.0703944, -29.6719527]]}}, {"type": "Feature", "properties": {"highway": "residential", "name": "Rua José Nunes da Silva", "osm_id": 312612522, "osm_type": "way"}, "geometry": {"type": "LineString", "coordinates": [[-51.0668645, -29.6696121], [-51.0686978, -29.6693724], [-51.0699945, -29.6692134]]}}, {"type": "Feature", "properties": {"highway": "residential", "name": "Rua Ilma Schafer", "osm_id": 312612523, "osm_type": "way"}, "geometry": {"type": "LineString", "coordinates": [[-51.0698557, -29.6685697], [-51.0685935, -29.6687324], [-51.0667695, -29.6689674]]}}, {"type": "Feature", "properties": {"highway": "residential", "name": "Rua 26", "osm_id": 312612524, "osm_type": "way"}, "geometry": {"type": "LineString", "coordinates": [[-51.0649508, -29.6720406], [-51.0648555, -29.6714552]]}}, {"type": "Feature", "properties": {"alt_name": "Rua Santa Inácio de Loiola", "highway": "residential", "name": "Rua Santo Ignácio Loiola", "oneway": "yes", "osm_id": 312612525, "osm_type": "way"}, "geometry": {"type": "LineString", "coordinates": [[-51.0618286, -29.6778303], [-51.061893, -29.6778163], [-51.062809, -29.6777048], [-51.0636727, -29.6775994]]}}, {"type": "Feature", "properties": {"highway": "residential", "name": "Rua Malta", "osm_id": 312612526, "osm_type": "way"}, "geometry": {"type": "LineString", "coordinates": [[-51.0618678, -29.6716889], [-51.0620904, -29.6730763], [-51.0622139, -29.6739555]]}}, {"type": "Feature", "properties": {"highway": "residential", "name": "Rua Ivo Caberlon", "osm_id": 312612527, "osm_type": "way"}, "geometry": {"type": "LineString", "coordinates": [[-51.0700624, -29.6719889], [-51.0699542, -29.6713289], [-51.0698549, -29.6706769]]}}, {"type": "Feature", "properties": {"alt_name": "Rua Pedro Otavio Wichmann", "highway": "residential", "name": "Rua Pedro Otavio Wischmann", "osm_id": 312612528, "osm_type": "way"}, "geometry": {"type": "LineString", "coordinates": [[-51.0639171, -29.6714189], [-51.0637889, -29.6707522], [-51.0637084, -29.6702473], [-51.063594, -29.6694232], [-51.0634814, -29.6687682], [-51.0633677, -29.6681918]]}}, {"type": "Feature", "properties": {"highway": "residential", "name": "Rua Waldemar Selbach", "osm_id": 312612529, "osm_type": "way"}, "geometry": {"type": "LineString", "coordinates": [[-51.0657034, -29.6735713], [-51.0655732, -29.6726483], [-51.0654626, -29.6719788]]}}, {"type": "Feature", "properties": {"highway": "residential", "lane_markings": "no", "lit": "yes", "name": "Rua Eduardo Dienstmann", "surface": "paving_stones", "osm_id": 312612530, "osm_type": "way"}, "geometry": {"type": "LineString", "coordinates": [[-51.0490241, -29.6742616], [-51.0490139, -29.674386], [-51.0491534, -29.6752856]]}}, {"type": "Feature", "properties": {"highway": "residential", "name": "Rua Luís Castro", "osm_id": 312612531, "osm_type": "way"}, "geometry": {"type": "LineString", "coordinates": [[-51.0549269, -29.6713266], [-51.0558722, -29.6712298]]}}, {"type": "Feature", "properties": {"highway": "residential", "name": "Rua Pasini", "osm_id": 312612532, "osm_type": "way"}, "geometry": {"type": "LineString", "coordinates": [[-51.0470734, -29.6724796], [-51.0461407, -29.6725552]]}}, {"type": "Feature", "properties": {"alt_name": "Rua Atalibio Shaefer", "highway": "residential", "name": "Rua Atalibio Sheffer", "osm_id": 312612533, "osm_type": "way"}, "geometry": {"type": "LineString", "coordinates": [[-51.0724853, -29.681453], [-51.0726023, -29.6822343], [-51.0727233, -29.6830197]]}}, {"type": "Feature", "properties": {"highway": "residential", "lanes": "2", "lit": "yes", "name": "Avenida João Pedro Dias", "oneway": "no", "surface": "asphalt", "osm_id": 312612534, "osm_type": "way"}, "geometry": {"type": "LineString", "coordinates": [[-51.0519708, -29.6749129], [-51.0518347, -29.6749448], [-51.0513354, -29.6749725], [-51.0504346, -29.6749542], [-51.0502307, -29.6749286], [-51.0500819, -29.6748913], [-51.0498767, -29.6748296], [-51.0496996, -29.6747445], [-51.0494582, -29.6745954], [-51.0493141, -29.6744873], [-51.0490241, -29.6742616], [-51.0486703, -29.6739863], [-51.0485039, -29.6738569], [-51.047992, -29.6734798], [-51.0476094, -29.6732011], [-51.0475552, -29.6731559], [-51.0474489, -29.6730176], [-51.0473666, -29.6728629], [-51.0472931, -29.6727081], [-51.0472553, -29.6725534], [-51.0472353, -29.6724026], [-51.0472486, -29.672186], [-51.0472798, -29.6720371], [-51.0473198, -29.6719191], [-51.0474489, -29.6716638], [-51.0477383, -29.6710276], [-51.0479732, -29.6705818], [-51.04824, -29.6700334], [-51.0483686, -29.6697795], [-51.048456, -29.6695876], [-51.0486444, -29.6692061], [-51.0489361, -29.6686109], [-51.049252, -29.6679482], [-51.0494605, -29.6674971], [-51.0496638, -29.6670642], [-51.0498717, -29.6666315]]}}, {"type": "Feature", "properties": {"highway": "residential", "name": "Rua Ciro Martins", "osm_id": 312612536, "osm_type": "way"}, "geometry": {"type": "LineString", "coordinates": [[-51.0666646, -29.6682991], [-51.0669852, -29.6682566], [-51.0677402, -29.6681566], [-51.0684838, -29.6680581], [-51.0697712, -29.6678875]]}}, {"type": "Feature", "properties": {"highway": "residential", "name": "Rua Atalibio Sheffer", "osm_id": 312612537, "osm_type": "way"}, "geometry": {"type": "LineString", "coordinates": [[-51.0724088, -29.6813599], [-51.0722306, -29.6800915]]}}, {"type": "Feature", "properties": {"alt_name": "Rua Rodolfo Heldt", "highway": "residential", "lit": "yes", "name": "Rua Rodolfo Meldt", "surface": "asphalt", "osm_id": 312612538, "osm_type": "way"}, "geometry": {"type": "LineString", "coordinates": [[-51.0664052, -29.6712254], [-51.0664981, -29.6718537], [-51.0666018, -29.6725168], [-51.0667654, -29.6734293], [-51.0669263, -29.674333], [-51.0669327, -29.6743813]]}}, {"type": "Feature", "properties": {"highway": "tertiary", "lane_markings": "no", "lit": "yes", "oneway": "yes", "surface": "asphalt", "osm_id": 312612539, "osm_type": "way"}, "geometry": {"type": "LineString", "coordinates": [[-51.07215, -29.6731724], [-51.0722044, -29.6729303], [-51.0721955, -29.6727714], [-51.072189, -29.6727263], [-51.0721705, -29.6726601]]}}, {"type": "Feature", "properties": {"highway": "secondary_link", "lanes": "1", "lit": "yes", "oneway": "yes", "surface": "asphalt", "osm_id": 312612541, "osm_type": "way"}, "geometry": {"type": "LineString", "coordinates": [[-51.0727408, -29.6710478], [-51.072823, -29.6710192], [-51.0728877, -29.6710169], [-51.0729545, -29.6710324], [-51.0730257, -29.6710633], [-51.0731235, -29.6711471]]}}, {"type": "Feature", "properties": {"highway": "residential", "name": "Rua Cairú", "osm_id": 312612542, "osm_type": "way"}, "geometry": {"type": "LineString", "coordinates": [[-51.0649921, -29.6786784], [-51.0649067, -29.6781367], [-51.064875, -29.677936], [-51.0647974, -29.6774442], [-51.0646656, -29.6766084], [-51.0646087, -29.6762475], [-51.0644209, -29.6750571], [-51.0643637, -29.6746944], [-51.0643586, -29.6746492], [-51.0642155, -29.6737547], [-51.0640713, -29.6728405], [-51.0639639, -29.6721598]]}}, {"type": "Feature", "properties": {"highway": "residential", "name": "Rua Henrique Bauer", "osm_id": 312612543, "osm_type": "way"}, "geometry": {"type": "LineString", "coordinates": [[-51.0550674, -29.6723116], [-51.0543471, -29.6727362], [-51.0539253, -29.672985], [-51.0537679, -29.6730671], [-51.0536403, -29.6731187]]}}, {"type": "Feature", "properties": {"highway": "residential", "name": "Rua João Deuner", "osm_id": 312612544, "osm_type": "way"}, "geometry": {"type": "LineString", "coordinates": [[-51.0479732, -29.6705818], [-51.0478327, -29.6705362], [-51.0476171, -29.670535], [-51.0475192, -29.6705401], [-51.0467948, -29.6706379]]}}, {"type": "Feature", "properties": {"highway": "residential", "name": "Rua Ciro Godoy da Silveira", "osm_id": 312612545, "osm_type": "way"}, "geometry": {"type": "LineString", "coordinates": [[-51.0667925, -29.6624425], [-51.0670021, -29.6636216], [-51.0672575, -29.6651532], [-51.0674765, -29.6664534], [-51.0674988, -29.6665967], [-51.0677402, -29.6681566]]}}, {"type": "Feature", "properties": {"highway": "residential", "name": "Rua Vicente Celestino", "osm_id": 312612546, "osm_type": "way"}, "geometry": {"type": "LineString", "coordinates": [[-51.0615401, -29.6717304], [-51.061347, -29.6705438], [-51.0612083, -29.6696097], [-51.0610673, -29.6688513], [-51.0610138, -29.6684383], [-51.0609969, -29.668309]]}}, {"type": "Feature", "properties": {"highway": "secondary_link", "lanes": "1", "lit": "yes", "oneway": "yes", "surface": "asphalt", "osm_id": 312612547, "osm_type": "way"}, "geometry": {"type": "LineString", "coordinates": [[-51.0731235, -29.6711471], [-51.0732079, -29.6712208], [-51.0732906, -29.6712741], [-51.0733774, -29.6712876], [-51.0734775, -29.6712818], [-51.073609, -29.6712178]]}}, {"type": "Feature", "properties": {"highway": "residential", "lane_markings": "no", "name": "Rua Tiradentes", "oneway": "no", "surface": "asphalt", "osm_id": 312612548, "osm_type": "way"}, "geometry": {"type": "LineString", "coordinates": [[-51.0618228, -29.6773817], [-51.0617469, -29.6773918]]}}, {"type": "Feature", "properties": {"alt_name": "Rua Castro Alves", "highway": "residential", "name": "Rua Castrto Alves", "osm_id": 312612549, "osm_type": "way"}, "geometry": {"type": "LineString", "coordinates": [[-51.0664981, -29.6718537], [-51.0654626, -29.6719788], [-51.0649508, -29.6720406], [-51.0639639, -29.6721598], [-51.0628652, -29.6722926]]}}, {"type": "Feature", "properties": {"highway": "residential", "name": "Rua Emilio Schmidt", "osm_id": 312612550, "osm_type": "way"}, "geometry": {"type": "LineString", "coordinates": [[-51.0619721, -29.6693877], [-51.0619104, -29.6691048], [-51.0617991, -29.6689539], [-51.0613106, -29.66857], [-51.0609969, -29.668309], [-51.0604931, -29.6678429]]}}, {"type": "Feature", "properties": {"alt_name": "Rua Padre Ambrosiso Schupp", "highway": "residential", "name": "Rua Ambrósio Schupp", "osm_id": 312612551, "osm_type": "way"}, "geometry": {"type": "LineString", "coordinates": [[-51.0486703, -29.6739863], [-51.0484833, -29.6739708], [-51.048089, -29.6738939], [-51.0477363, -29.6738216], [-51.0475472, -29.6737972], [-51.0473148, -29.6738171]]}}, {"type": "Feature", "properties": {"alt_name": "Rua Ida Guilhermina Knieling", "highway": "residential", "name": "Rua Orsi", "osm_id": 312612552, "osm_type": "way"}, "geometry": {"type": "LineString", "coordinates": [[-51.0610258, -29.66736], [-51.0618515, -29.668071], [-51.0626322, -29.6687289], [-51.0626818, -29.6688187], [-51.06293, -29.6703368], [-51.0630086, -29.6708609], [-51.0630884, -29.671376], [-51.0631176, -29.6715571]]}}, {"type": "Feature", "properties": {"alt_name": "Rua Emilio Blos II; Rua Emilio Blos 2º", "highway": "residential", "name": "Rua Emilio Blos", "osm_id": 312612553, "osm_type": "way"}, "geometry": {"type": "LineString", "coordinates": [[-51.0554616, -29.6687262], [-51.0554129, -29.6684168], [-51.0553338, -29.6677188], [-51.0554101, -29.6675292], [-51.0554825, -29.6674337], [-51.0555824, -29.667323], [-51.0556209, -29.6672854], [-51.0559711, -29.6670274], [-51.0561003, -29.66694], [-51.0563161, -29.6668113], [-51.0565552, -29.6667208], [-51.0571208, -29.6665995], [-51.0583065, -29.6664842]]}}, {"type": "Feature", "properties": {"highway": "residential", "name": "Rua Duque de Caxias", "oneway": "yes", "osm_id": 312612554, "osm_type": "way"}, "geometry": {"type": "LineString", "coordinates": [[-51.0648555, -29.6714552], [-51.0648008, -29.67141], [-51.0647616, -29.671391], [-51.064712, -29.6713915], [-51.0632046, -29.6715763]]}}, {"type": "Feature", "properties": {"highway": "residential", "name": "Rua Jacob Hoffmeister", "osm_id": 312612555, "osm_type": "way"}, "geometry": {"type": "LineString", "coordinates": [[-51.05219, -29.6736246], [-51.052411, -29.6734219], [-51.0525643, -29.6732445], [-51.0527796, -29.6729473], [-51.0528539, -29.6725793], [-51.0530847, -29.6718235], [-51.0532565, -29.6714093]]}}, {"type": "Feature", "properties": {"alt_name": "Rua Alfredo Spitzer", "highway": "residential", "name": "Rua Felipe Dreyer", "osm_id": 312612556, "osm_type": "way"}, "geometry": {"type": "LineString", "coordinates": [[-51.0538854, -29.6699462], [-51.0537103, -29.6700204], [-51.0530674, -29.6705388], [-51.0524362, -29.6710038]]}}, {"type": "Feature", "properties": {"highway": "residential", "name": "Rua Paulista", "osm_id": 312612557, "osm_type": "way"}, "geometry": {"type": "LineString", "coordinates": [[-51.0547725, -29.6701651], [-51.0548722, -29.6709897], [-51.0549269, -29.6713266], [-51.0550674, -29.6723116], [-51.0552014, -29.6731878]]}}, {"type": "Feature", "properties": {"highway": "residential", "name": "Rua Lauro Müller", "osm_id": 312612558, "osm_type": "way"}, "geometry": {"type": "LineString", "coordinates": [[-51.0666018, -29.6725168], [-51.0655732, -29.6726483], [-51.0640713, -29.6728405], [-51.0629685, -29.6729717], [-51.0620904, -29.6730763], [-51.0615193, -29.6731539], [-51.0611729, -29.6732009], [-51.0610906, -29.6732117]]}}, {"type": "Feature", "properties": {"highway": "residential", "name": "Avenida Presidente Tancredo Neves", "osm_id": 312612559, "osm_type": "way"}, "geometry": {"type": "LineString", "coordinates": [[-51.0461265, -29.6712346], [-51.0460894, -29.6711905], [-51.0460599, -29.6710903], [-51.0460451, -29.6709854], [-51.0460304, -29.6708468], [-51.046029, -29.6705939], [-51.0460559, -29.6704261], [-51.0460718, -29.6702137], [-51.046096, -29.6700185]]}}, {"type": "Feature", "properties": {"highway": "residential", "name": "Rua Pedro F. A. Feltes", "osm_id": 312612560, "osm_type": "way"}, "geometry": {"type": "LineString", "coordinates": [[-51.0519969, -29.6749481], [-51.0519708, -29.6749129], [-51.0519738, -29.6748808], [-51.0521641, -29.6746115], [-51.052315, -29.6743543], [-51.0527242, -29.6735619]]}}, {"type": "Feature", "properties": {"highway": "living_street", "name": "Rua Pedestre Jocobs", "osm_id": 312612561, "osm_type": "way"}, "geometry": {"type": "LineString", "coordinates": [[-51.052315, -29.6743543], [-51.0522796, -29.6741649], [-51.0522396, -29.6739058], [-51.05219, -29.6736246], [-51.0521478, -29.6733939], [-51.0520727, -29.6729968], [-51.0519769, -29.6725811], [-51.0519618, -29.6725226]]}}, {"type": "Feature", "properties": {"highway": "residential", "name": "Rua Aymoré", "osm_id": 312612562, "osm_type": "way"}, "geometry": {"type": "LineString", "coordinates": [[-51.0638732, -29.678823], [-51.0636727, -29.6775994], [-51.0634892, -29.6763934], [-51.063307, -29.6751959], [-51.0632512, -29.6748305], [-51.0632457, -29.6747942], [-51.0631073, -29.673884], [-51.0629685, -29.6729717], [-51.0628652, -29.6722926], [-51.0627545, -29.6715764]]}}, {"type": "Feature", "properties": {"alt_name": "Rua Helio Negrini", "highway": "residential", "name": "Rua Helio Negrini", "osm_id": 312613711, "osm_type": "way"}, "geometry": {"type": "LineString", "coordinates": [[-51.056151, -29.6615142], [-51.05656, -29.6614733], [-51.0573741, -29.6613818], [-51.0575006, -29.6613667], [-51.0590115, -29.661187], [-51.0590927, -29.6611773], [-51.0604446, -29.6610021], [-51.0617084, -29.6608469], [-51.0628347, -29.6607187]]}}, {"type": "Feature", "properties": {"highway": "residential", "name": "Rua Helga Huff", "osm_id": 312613712, "osm_type": "way"}, "geometry": {"type": "LineString", "coordinates": [[-51.0610772, -29.6566239], [-51.0611289, -29.6570988], [-51.0613403, -29.6585251], [-51.0614386, -29.6591045], [-51.0615303, -29.6596844], [-51.0616225, -29.6602565], [-51.0617084, -29.6608469], [-51.0618057, -29.6614556], [-51.0619002, -29.6620652], [-51.0619131, -29.6621453]]}}, {"type": "Feature", "properties": {"highway": "residential", "name": "Rua Ademar João Kasper", "osm_id": 312613713, "osm_type": "way"}, "geometry": {"type": "LineString", "coordinates": [[-51.060661, -29.6622987], [-51.0606473, -29.6622137], [-51.0605478, -29.6615918], [-51.0604446, -29.6610021], [-51.0603574, -29.6604183], [-51.0602716, -29.6598356], [-51.060175, -29.6592599], [-51.0600677, -29.6586772], [-51.0598227, -29.6572555], [-51.0597567, -29.65682]]}}, {"type": "Feature", "properties": {"highway": "residential", "name": "Avenida José Jarbas do Valle Mattos", "oneway": "yes", "osm_id": 312613715, "osm_type": "way"}, "geometry": {"type": "LineString", "coordinates": [[-51.0630175, -29.6620199], [-51.0619131, -29.6621453], [-51.060661, -29.6622987], [-51.0592966, -29.6624592], [-51.0592135, -29.6624684], [-51.0576933, -29.6626493]]}}, {"type": "Feature", "properties": {"highway": "residential", "osm_id": 312613716, "osm_type": "way"}, "geometry": {"type": "LineString", "coordinates": [[-51.046206, -29.6669381], [-51.0460084, -29.6651648], [-51.0459692, -29.6650566], [-51.045936, -29.6649528], [-51.0458116, -29.664496], [-51.0457557, -29.6643173], [-51.0457178, -29.6642187]]}}, {"type": "Feature", "properties": {"alt_name": "Rua João Ermel", "highway": "residential", "name": "Rua João A. Fremei", "osm_id": 312613717, "osm_type": "way"}, "geometry": {"type": "LineString", "coordinates": [[-51.0553794, -29.6659032], [-51.0561625, -29.6658051], [-51.0569744, -29.665694], [-51.0581606, -29.6655552], [-51.0588862, -29.6654625], [-51.0596716, -29.6653621]]}}, {"type": "Feature", "properties": {"highway": "residential", "name": "Rua Jacuí", "osm_id": 312613718, "osm_type": "way"}, "geometry": {"type": "LineString", "coordinates": [[-51.0563126, -29.6689847], [-51.0574964, -29.668895]]}}, {"type": "Feature", "properties": {"alt_name": "Rua Luis R Dreyer", "highway": "residential", "name": "Rua Luiz L. Dreyer", "osm_id": 312613719, "osm_type": "way"}, "geometry": {"type": "LineString", "coordinates": [[-51.0641219, -29.666527], [-51.0626635, -29.6678229]]}}, {"type": "Feature", "properties": {"highway": "residential", "name": "Rua Professor Libório Mentz", "osm_id": 312613720, "osm_type": "way"}, "geometry": {"type": "LineString", "coordinates": [[-51.0592054, -29.6671787], [-51.0593891, -29.668273]]}}, {"type": "Feature", "properties": {"highway": "residential", "name": "Rua A. Michaelsen", "osm_id": 312613722, "osm_type": "way"}, "geometry": {"type": "LineString", "coordinates": [[-51.0485397, -29.6676685], [-51.0483002, -29.6681715]]}}, {"type": "Feature", "properties": {"highway": "residential", "name": "Rua Lindolfo Marcos Silvano Vieira", "osm_id": 312613723, "osm_type": "way"}, "geometry": {"type": "LineString", "coordinates": [[-51.0555791, -29.6650329], [-51.0552814, -29.6635491]]}}, {"type": "Feature", "properties": {"highway": "residential", "name": "Rua Adolfo Blank", "osm_id": 312613724, "osm_type": "way"}, "geometry": {"type": "LineString", "coordinates": [[-51.0555984, -29.6695758], [-51.0563811, -29.6694792]]}}, {"type": "Feature", "properties": {"highway": "residential", "name": "Rua Hugo Bender", "osm_id": 312613725, "osm_type": "way"}, "geometry": {"type": "LineString", "coordinates": [[-51.0552218, -29.6621584], [-51.0540933, -29.6623086], [-51.0535306, -29.6623835]]}}, {"type": "Feature", "properties": {"highway": "residential", "name": "Rua Professor Libório Mentz", "osm_id": 312613726, "osm_type": "way"}, "geometry": {"type": "LineString", "coordinates": [[-51.0593967, -29.6684423], [-51.0596309, -29.6698219]]}}, {"type": "Feature", "properties": {"alt_name": "Rua General Gelzer Netto", "highway": "tertiary", "lit": "yes", "name": "Rua General Gaelzer Neto", "surface": "asphalt", "osm_id": 312613728, "osm_type": "way"}, "geometry": {"type": "LineString", "coordinates": [[-51.0573837, -29.6514764], [-51.0573305, -29.6518342], [-51.0571837, -29.6532743], [-51.0570365, -29.6545543], [-51.0569222, -29.6556885], [-51.0568774, -29.6560854], [-51.0568181, -29.656611], [-51.0568045, -29.6566894], [-51.056762, -29.6569356], [-51.0566733, -29.6574495], [-51.0565413, -29.6583212], [-51.0564251, -29.6592562], [-51.0563077, -29.6602012], [-51.0562963, -29.6602959], [-51.056151, -29.6615142], [-51.0561172, -29.6617812], [-51.0559762, -29.6628119], [-51.0559395, -29.6630809], [-51.0558742, -29.6635115], [-51.0557826, -29.6641087], [-51.0557287, -29.6644931], [-51.0556449, -29.6648858], [-51.0555791, -29.6650329], [-51.0555537, -29.6650899], [-51.0553299, -29.6656201], [-51.0549627, -29.6661553], [-51.0547758, -29.6664385], [-51.0544485, -29.666965], [-51.0543554, -29.6670709]]}}, {"type": "Feature", "properties": {"highway": "residential", "name": "Rua Pedro C. da Silva", "osm_id": 312613729, "osm_type": "way"}, "geometry": {"type": "LineString", "coordinates": [[-51.0630086, -29.6708609], [-51.0637889, -29.6707522], [-51.064491, -29.6706788]]}}, {"type": "Feature", "properties": {"highway": "residential", "name": "Rua Governador Meneghetti", "osm_id": 312613730, "osm_type": "way"}, "geometry": {"type": "LineString", "coordinates": [[-51.0478154, -29.667404], [-51.0485397, -29.6676685], [-51.049252, -29.6679482]]}}, {"type": "Feature", "properties": {"alt_name": "Rua Hélio Claser", "highway": "residential", "name": "Rua Hélio Klaser", "osm_id": 312613731, "osm_type": "way"}, "geometry": {"type": "LineString", "coordinates": [[-51.0458824, -29.6669598], [-51.0459689, -29.6669541], [-51.046206, -29.6669381], [-51.0470705, -29.6668833]]}}, {"type": "Feature", "properties": {"highway": "residential", "name": "Rua Freneo Parma", "osm_id": 312613732, "osm_type": "way"}, "geometry": {"type": "LineString", "coordinates": [[-51.0591282, -29.6569159], [-51.0591856, -29.6573333], [-51.0593905, -29.6587584]]}}, {"type": "Feature", "properties": {"alt_name": "Rua Francisco F da Silva", "highway": "residential", "name": "Rua Francisco P. da Silva", "osm_id": 312613733, "osm_type": "way"}, "geometry": {"type": "LineString", "coordinates": [[-51.0621001, -29.6673371], [-51.0635748, -29.6660538], [-51.0638603, -29.6658054]]}}, {"type": "Feature", "properties": {"highway": "residential", "name": "Rua Itaipu", "osm_id": 312613734, "osm_type": "way"}, "geometry": {"type": "LineString", "coordinates": [[-51.056762, -29.6569356], [-51.057124, -29.659127], [-51.05713, -29.6591785]]}}, {"type": "Feature", "properties": {"highway": "residential", "lanes": "2", "lit": "yes", "name": "Avenida João Pedro Dias", "oneway": "yes", "surface": "asphalt", "osm_id": 312613735, "osm_type": "way"}, "geometry": {"type": "LineString", "coordinates": [[-51.050555, -29.6651658], [-51.0507338, -29.6646932], [-51.0508132, -29.6644984], [-51.0509743, -29.6641859], [-51.0511331, -29.6639526], [-51.0512662, -29.6637842], [-51.0514898, -29.6635496], [-51.0526905, -29.6623801], [-51.0529777, -29.6620595], [-51.0539141, -29.6610613], [-51.0548341, -29.6601421], [-51.0550092, -29.6599331], [-51.055161, -29.6597464], [-51.0553081, -29.6594908], [-51.0553851, -29.6593325], [-51.0554575, -29.6590687], [-51.0555205, -29.6587644], [-51.0555439, -29.6585188], [-51.0555392, -29.6582571], [-51.0554995, -29.6579872], [-51.0554412, -29.6577843], [-51.0553314, -29.6574901], [-51.0552263, -29.6572811], [-51.0549718, -29.6569199], [-51.0548761, -29.6567839], [-51.0547757, -29.6565892], [-51.054722, -29.6564349], [-51.0546893, -29.6562462], [-51.0546869, -29.6560636], [-51.0547452, -29.6553628], [-51.0547492, -29.6552947], [-51.0547313, -29.6550998], [-51.0546589, -29.6548644], [-51.0545539, -29.6546574], [-51.0544301, -29.6544829], [-51.0542807, -29.6543429], [-51.0535241, -29.6537057], [-51.053349, -29.6535312], [-51.0531949, -29.6533121], [-51.0531062, -29.6531517], [-51.0530244, -29.6529488], [-51.0529064, -29.6524511], [-51.0527775, -29.6519071], [-51.0527368, -29.6517602], [-51.0526621, -29.6514503]]}}, {"type": "Feature", "properties": {"highway": "residential", "name": "Rua José Pinheiro", "osm_id": 312613736, "osm_type": "way"}, "geometry": {"type": "LineString", "coordinates": [[-51.0578847, -29.663928], [-51.0567195, -29.6640282], [-51.0562227, -29.6640709], [-51.0557826, -29.6641087]]}}, {"type": "Feature", "properties": {"highway": "residential", "name": "Rua David Dal Ri", "osm_id": 312613737, "osm_type": "way"}, "geometry": {"type": "LineString", "coordinates": [[-51.0632468, -29.6683214], [-51.0626635, -29.6678229], [-51.0623758, -29.6675748], [-51.0621001, -29.6673371], [-51.0615652, -29.6668759]]}}, {"type": "Feature", "properties": {"highway": "residential", "name": "Rua Maria Julieta Krause Bohn", "osm_id": 312613739, "osm_type": "way"}, "geometry": {"type": "LineString", "coordinates": [[-51.0626545, -29.6595564], [-51.0615303, -29.6596844], [-51.0602716, -29.6598356], [-51.0589062, -29.6600001], [-51.0588268, -29.6600103]]}}, {"type": "Feature", "properties": {"highway": "residential", "name": "Rua Rodrigo José Pilz", "osm_id": 312613741, "osm_type": "way"}, "geometry": {"type": "LineString", "coordinates": [[-51.0625677, -29.658974], [-51.0614386, -29.6591045], [-51.060175, -29.6592599], [-51.0588144, -29.6594243], [-51.0587358, -29.659434]]}}, {"type": "Feature", "properties": {"highway": "residential", "name": "Rua Luiz Laerte Machado", "osm_id": 312613742, "osm_type": "way"}, "geometry": {"type": "LineString", "coordinates": [[-51.0627496, -29.6601368], [-51.0616225, -29.6602565], [-51.0603574, -29.6604183], [-51.0589992, -29.6605841], [-51.0589189, -29.660594]]}}, {"type": "Feature", "properties": {"alt_name": "Rua Edmundo Wolff", "highway": "residential", "name": "Rua Edmundo Wolf", "osm_id": 312613743, "osm_type": "way"}, "geometry": {"type": "LineString", "coordinates": [[-51.0630296, -29.6655822], [-51.0635748, -29.6660538], [-51.0641219, -29.666527]]}}, {"type": "Feature", "properties": {"highway": "residential", "name": "Rua Sigmar Rosenthal", "osm_id": 312613744, "osm_type": "way"}, "geometry": {"type": "LineString", "coordinates": [[-51.0558742, -29.6635115], [-51.0556065, -29.663516], [-51.0552814, -29.6635491], [-51.0550351, -29.6636837], [-51.0547228, -29.663911], [-51.0545489, -29.6640305], [-51.053909, -29.6644703]]}}, {"type": "Feature", "properties": {"highway": "residential", "name": "Rua Maurício Sirotski Sobrinho", "osm_id": 312613745, "osm_type": "way"}, "geometry": {"type": "LineString", "coordinates": [[-51.0553362, -29.6628733], [-51.0552218, -29.6621584], [-51.0550844, -29.6613005], [-51.0550687, -29.6612026], [-51.0549387, -29.6601938]]}}, {"type": "Feature", "properties": {"alt_name": "Rua João Crippa Lima", "highway": "residential", "name": "Rua Crippa Lima", "osm_id": 312613746, "osm_type": "way"}, "geometry": {"type": "LineString", "coordinates": [[-51.0577791, -29.6632844], [-51.056542, -29.6634005]]}}, {"type": "Feature", "properties": {"highway": "residential", "name": "Rua Opinio Schirmer", "osm_id": 312613747, "osm_type": "way"}, "geometry": {"type": "LineString", "coordinates": [[-51.0580012, -29.6646653], [-51.0568376, -29.6648326], [-51.0566923, -29.6648797], [-51.0565731, -29.6649519], [-51.0564193, -29.6650886], [-51.0562151, -29.6651714], [-51.0559545, -29.6651829], [-51.0555537, -29.6650899]]}}, {"type": "Feature", "properties": {"highway": "residential", "name": "Rua Adolfo Blankenhein", "osm_id": 312613748, "osm_type": "way"}, "geometry": {"type": "LineString", "coordinates": [[-51.0563811, -29.6694792], [-51.0563126, -29.6689847], [-51.0562121, -29.6683182], [-51.0560764, -29.6675588], [-51.0559711, -29.6670274]]}}, {"type": "Feature", "properties": {"highway": "residential", "name": "Rua Claudio Metz", "osm_id": 312613749, "osm_type": "way"}, "geometry": {"type": "LineString", "coordinates": [[-51.0547228, -29.663911], [-51.0546381, -29.6634579], [-51.0546224, -29.6633364], [-51.0546376, -29.6632967], [-51.0546828, -29.6632542], [-51.0551627, -29.6629172], [-51.0552236, -29.6628841], [-51.0553362, -29.6628733], [-51.0559762, -29.6628119]]}}, {"type": "Feature", "properties": {"highway": "residential", "name": "Rua João G. da Cunha", "osm_id": 312613750, "osm_type": "way"}, "geometry": {"type": "LineString", "coordinates": [[-51.0554323, -29.659348], [-51.0554886, -29.6593665], [-51.0556705, -29.6593449], [-51.0564251, -29.6592562], [-51.05713, -29.6591785]]}}, {"type": "Feature", "properties": {"alt_name": "Rua Martinho Lutero", "highway": "residential", "name": "Rua F", "osm_id": 312613752, "osm_type": "way"}, "geometry": {"type": "LineString", "coordinates": [[-51.0550844, -29.6613005], [-51.0553491, -29.6612766], [-51.055455, -29.6612376], [-51.055482, -29.661197], [-51.0556184, -29.6598489], [-51.0556705, -29.6593449]]}}, {"type": "Feature", "properties": {"highway": "residential", "name": "Rua Mário Monteiro", "osm_id": 312613754, "osm_type": "way"}, "geometry": {"type": "LineString", "coordinates": [[-51.0586436, -29.6588495], [-51.0587213, -29.6588399], [-51.0593905, -29.6587584], [-51.0600677, -29.6586772], [-51.0607457, -29.6585892], [-51.0613403, -29.6585251], [-51.0624678, -29.6583991]]}}, {"type": "Feature", "properties": {"highway": "residential", "name": "Rua Pedro Canisio Forneck", "osm_id": 312613756, "osm_type": "way"}, "geometry": {"type": "LineString", "coordinates": [[-51.0575802, -29.6619558], [-51.0591052, -29.6617737], [-51.0591872, -29.661764], [-51.0605478, -29.6615918], [-51.0618057, -29.6614556], [-51.0629045, -29.6613202]]}}, {"type": "Feature", "properties": {"highway": "residential", "name": "Rua Candiota", "osm_id": 312613757, "osm_type": "way"}, "geometry": {"type": "LineString", "coordinates": [[-51.0612962, -29.6669246], [-51.0600346, -29.6670779], [-51.0599444, -29.6670889], [-51.0592054, -29.6671787], [-51.0584355, -29.6672722], [-51.0572503, -29.6674162], [-51.0560764, -29.6675588]]}}, {"type": "Feature", "properties": {"highway": "residential", "name": "Rua Germano Roth", "osm_id": 312613758, "osm_type": "way"}, "geometry": {"type": "LineString", "coordinates": [[-51.0562227, -29.6640709], [-51.056542, -29.6634005], [-51.0567592, -29.6628982], [-51.0567686, -29.6628399], [-51.0567726, -29.6627432], [-51.05656, -29.6614733], [-51.0564252, -29.6608715], [-51.0562963, -29.6602959]]}}, {"type": "Feature", "properties": {"highway": "residential", "name": "Rua Passo Real", "osm_id": 312613760, "osm_type": "way"}, "geometry": {"type": "LineString", "coordinates": [[-51.0575255, -29.6690224], [-51.0574964, -29.668895], [-51.0573762, -29.6681735], [-51.0572503, -29.6674162], [-51.0571208, -29.6665995], [-51.0570345, -29.6660987], [-51.0569744, -29.665694], [-51.0568376, -29.6648326], [-51.0567195, -29.6640282]]}}, {"type": "Feature", "properties": {"highway": "residential", "name": "Rua Asilda Blos", "osm_id": 312613761, "osm_type": "way"}, "geometry": {"type": "LineString", "coordinates": [[-51.0630078, -29.6619393], [-51.0629045, -29.6613202], [-51.0628347, -29.6607187], [-51.0627496, -29.6601368], [-51.0626545, -29.6595564], [-51.0625677, -29.658974], [-51.0624678, -29.6583991], [-51.06222, -29.6569779], [-51.0621216, -29.656468]]}}, {"type": "Feature", "properties": {"flood_prone": "yes", "highway": "unclassified", "name": "Estrada das Tranqueiras", "osm_id": 312614416, "osm_type": "way"}, "geometry": {"type": "LineString", "coordinates": [[-51.0522759, -29.6969986], [-51.0522149, -29.6967553], [-51.0521215, -29.6965406], [-51.0519617, -29.6962599], [-51.0516079, -29.6957685], [-51.0514374, -29.695441], [-51.051186, -29.6950261], [-51.0508233, -29.6946112], [-51.0507425, -29.6945082], [-51.0506832, -29.6943554], [-51.0506652, -29.6941996]]}}, {"type": "Feature", "properties": {"highway": "residential", "name": "Rua José Vargas", "osm_id": 312614417, "osm_type": "way"}, "geometry": {"type": "LineString", "coordinates": [[-51.0490899, -29.6901366], [-51.0506479, -29.6906297], [-51.052335, -29.6911654], [-51.0540392, -29.6917057], [-51.0558093, -29.6922948], [-51.0575466, -29.6928439], [-51.0593032, -29.6934087], [-51.0609641, -29.693947]]}}, {"type": "Feature", "properties": {"highway": "residential", "name": "Rua Olivia Gerhardt", "osm_id": 312614418, "osm_type": "way"}, "geometry": {"type": "LineString", "coordinates": [[-51.0612171, -29.6956999], [-51.0608283, -29.6959229]]}}, {"type": "Feature", "properties": {"highway": "residential", "name": "Rua João Miguel da Silva", "osm_id": 312614419, "osm_type": "way"}, "geometry": {"type": "LineString", "coordinates": [[-51.0476543, -29.665947], [-51.0481073, -29.6661212]]}}, {"type": "Feature", "properties": {"highway": "residential", "name": "Rua Reinoldo Junges", "osm_id": 312614421, "osm_type": "way"}, "geometry": {"type": "LineString", "coordinates": [[-51.0416966, -29.6891989], [-51.0429775, -29.6886612]]}}, {"type": "Feature", "properties": {"highway": "residential", "name": "Rua Olemar Heinsohn", "osm_id": 312614422, "osm_type": "way"}, "geometry": {"type": "LineString", "coordinates": [[-51.0489783, -29.6875629], [-51.0487493, -29.6877945], [-51.0486808, -29.6878638], [-51.0480824, -29.688469]]}}, {"type": "Feature", "properties": {"highway": "residential", "name": "Rua Nilo Peçanha", "osm_id": 312614424, "osm_type": "way"}, "geometry": {"type": "LineString", "coordinates": [[-51.0588449, -29.6945991], [-51.0611873, -29.6953444], [-51.0624664, -29.6957377]]}}, {"type": "Feature", "properties": {"highway": "residential", "name": "Rua Alfredo Feltes", "osm_id": 312614425, "osm_type": "way"}, "geometry": {"type": "LineString", "coordinates": [[-51.0613693, -29.6969931], [-51.0609317, -29.6970443], [-51.0603815, -29.6971051], [-51.0601628, -29.6971286], [-51.0583254, -29.6973258]]}}, {"type": "Feature", "properties": {"highway": "residential", "name": "Rua Otacilia F da Silva", "osm_id": 312614426, "osm_type": "way"}, "geometry": {"type": "LineString", "coordinates": [[-51.0427489, -29.6794567], [-51.0429905, -29.6800235], [-51.0429815, -29.6800735]]}}, {"type": "Feature", "properties": {"highway": "residential", "name": "Rua João Correa", "osm_id": 312614427, "osm_type": "way"}, "geometry": {"type": "LineString", "coordinates": [[-51.0624377, -29.6950982], [-51.0610853, -29.6946852], [-51.0590587, -29.694044]]}}, {"type": "Feature", "properties": {"alt_name": "Rua Everaldo Silva", "highway": "residential", "name": "Rua Everaldo M. Silva", "osm_id": 312614428, "osm_type": "way"}, "geometry": {"type": "LineString", "coordinates": [[-51.0597213, -29.6958161], [-51.0581278, -29.696004], [-51.0574902, -29.6960712]]}}, {"type": "Feature", "properties": {"highway": "residential", "name": "Rua Olymio Bittencourt", "osm_id": 312614429, "osm_type": "way"}, "geometry": {"type": "LineString", "coordinates": [[-51.0581278, -29.696004], [-51.0582314, -29.6966728], [-51.0583254, -29.6973258]]}}, {"type": "Feature", "properties": {"highway": "residential", "name": "Rua Theno Michel", "osm_id": 312614430, "osm_type": "way"}, "geometry": {"type": "LineString", "coordinates": [[-51.0415585, -29.6760839], [-51.0412745, -29.6760036], [-51.0404353, -29.6757834]]}}, {"type": "Feature", "properties": {"highway": "residential", "name": "Rua Olivia Gerhardt", "osm_id": 312614431, "osm_type": "way"}, "geometry": {"type": "LineString", "coordinates": [[-51.0612171, -29.6956999], [-51.0611995, -29.6957632], [-51.0611835, -29.6958049], [-51.0611806, -29.6958385], [-51.0613693, -29.6969931], [-51.0615885, -29.6984063]]}}, {"type": "Feature", "properties": {"highway": "residential", "name": "Rua Willy Korndoerffer", "osm_id": 312614432, "osm_type": "way"}, "geometry": {"type": "LineString", "coordinates": [[-51.0600636, -29.6964711], [-51.0598328, -29.6964929], [-51.0582314, -29.6966728]]}}, {"type": "Feature", "properties": {"highway": "residential", "osm_id": 312614433, "osm_type": "way"}, "geometry": {"type": "LineString", "coordinates": [[-51.0596953, -29.6955824], [-51.0597213, -29.6958161], [-51.0598328, -29.6964929]]}}, {"type": "Feature", "properties": {"highway": "residential", "name": "Rua Otacilia F da Silva", "osm_id": 312614434, "osm_type": "way"}, "geometry": {"type": "LineString", "coordinates": [[-51.042128, -29.6795371], [-51.0423674, -29.6801171], [-51.0424267, -29.6801359], [-51.0429815, -29.6800735]]}}, {"type": "Feature", "properties": {"highway": "residential", "name": "Rua Alzemiro Bohrer", "osm_id": 312614435, "osm_type": "way"}, "geometry": {"type": "LineString", "coordinates": [[-51.0599312, -29.6956562], [-51.0600636, -29.6964711], [-51.0601628, -29.6971286]]}}, {"type": "Feature", "properties": {"highway": "residential", "name": "Rua Alberto Fleck", "osm_id": 312614436, "osm_type": "way"}, "geometry": {"type": "LineString", "coordinates": [[-51.0543326, -29.6910476], [-51.0540392, -29.6917057], [-51.0537643, -29.6923602], [-51.0535372, -29.6929008], [-51.0532673, -29.6935437]]}}, {"type": "Feature", "properties": {"highway": "residential", "osm_id": 312614437, "osm_type": "way"}, "geometry": {"type": "LineString", "coordinates": [[-51.0399796, -29.6818197], [-51.0398582, -29.6811571], [-51.0398384, -29.6811212], [-51.0394254, -29.6807406]]}}, {"type": "Feature", "properties": {"highway": "residential", "lit": "yes", "name": "Avenida Luiz Alberto Fett", "oneway": "yes", "surface": "asphalt", "osm_id": 312614439, "osm_type": "way"}, "geometry": {"type": "LineString", "coordinates": [[-51.0523359, -29.6660365], [-51.0517246, -29.6657203], [-51.0514598, -29.6656126], [-51.0506577, -29.6653235], [-51.0506377, -29.6653163], [-51.0505619, -29.6652913], [-51.050504, -29.6652699], [-51.0499899, -29.6650802], [-51.0495962, -29.6649414], [-51.0491963, -29.6648629], [-51.049112, -29.6648476], [-51.0485558, -29.664824], [-51.0477721, -29.6648893], [-51.0468064, -29.665025], [-51.046613, -29.665052], [-51.0460084, -29.6651648]]}}, {"type": "Feature", "properties": {"highway": "residential", "name": "Avenida dos Municípios", "oneway": "yes", "osm_id": 312614440, "osm_type": "way"}, "geometry": {"type": "LineString", "coordinates": [[-51.0499961, -29.6891563], [-51.0504549, -29.689297], [-51.0512127, -29.6895216], [-51.0525635, -29.6899569]]}}, {"type": "Feature", "properties": {"highway": "residential", "osm_id": 312614441, "osm_type": "way"}, "geometry": {"type": "LineString", "coordinates": [[-51.0272281, -29.6818713], [-51.0272722, -29.6817583], [-51.0276134, -29.6815586], [-51.0280264, -29.6813683], [-51.0283173, -29.6812497]]}}, {"type": "Feature", "properties": {"highway": "residential", "osm_id": 312614443, "osm_type": "way"}, "geometry": {"type": "LineString", "coordinates": [[-51.0277318, -29.6818359], [-51.0278181, -29.6821202], [-51.027951, -29.6825383], [-51.0280515, -29.6828565], [-51.0281341, -29.6831654]]}}, {"type": "Feature", "properties": {"highway": "residential", "name": "Rua Marechal Floriano", "osm_id": 312614445, "osm_type": "way"}, "geometry": {"type": "LineString", "coordinates": [[-51.0560796, -29.6916039], [-51.0558093, -29.6922948], [-51.0555396, -29.6929205], [-51.0553098, -29.693459], [-51.0550299, -29.6941178]]}}, {"type": "Feature", "properties": {"highway": "residential", "name": "Rua Fortunato Gambim", "osm_id": 312614446, "osm_type": "way"}, "geometry": {"type": "LineString", "coordinates": [[-51.0585895, -29.6952543], [-51.0588449, -29.6945991], [-51.0590587, -29.694044], [-51.0593032, -29.6934087], [-51.0596716, -29.6924081]]}}, {"type": "Feature", "properties": {"highway": "residential", "name": "Rua Henrique Parma", "osm_id": 312614447, "osm_type": "way"}, "geometry": {"type": "LineString", "coordinates": [[-51.0488157, -29.6637739], [-51.0465252, -29.6641259], [-51.0461095, -29.6641818], [-51.0457178, -29.6642187], [-51.0455346, -29.6642292]]}}, {"type": "Feature", "properties": {"highway": "residential", "name": "Rua Marcos Silvano", "osm_id": 312614448, "osm_type": "way"}, "geometry": {"type": "LineString", "coordinates": [[-51.0579471, -29.6918434], [-51.0578191, -29.6921583], [-51.0575466, -29.6928439], [-51.0572806, -29.6934941], [-51.0570593, -29.69401], [-51.0567843, -29.6946738]]}}, {"type": "Feature", "properties": {"highway": "residential", "lit": "yes", "name": "Avenida Luiz Alberto Fett", "oneway": "yes", "surface": "asphalt", "osm_id": 312614449, "osm_type": "way"}, "geometry": {"type": "LineString", "coordinates": [[-51.0459692, -29.6650566], [-51.0460959, -29.6650302], [-51.0467932, -29.664932], [-51.0472038, -29.6648742], [-51.0477567, -29.6647967], [-51.048188, -29.6647583], [-51.0485515, -29.6647308], [-51.0488334, -29.6647345], [-51.049216, -29.6647764], [-51.0495385, -29.6648309], [-51.0500441, -29.6649772], [-51.0505333, -29.6651578], [-51.050555, -29.6651658], [-51.0506137, -29.6651874], [-51.0506827, -29.6652108], [-51.0515119, -29.6655119], [-51.0518774, -29.665676], [-51.0523957, -29.6659552]]}}, {"type": "Feature", "properties": {"highway": "secondary", "name": "Avenida Presidente Vargas", "oneway": "yes", "osm_id": 312614450, "osm_type": "way"}, "geometry": {"type": "LineString", "coordinates": [[-51.048826, -29.690681], [-51.0488083, -29.6907959], [-51.0486838, -29.6910209], [-51.0485153, -29.6911088], [-51.0483461, -29.6911246], [-51.0481455, -29.6911112]]}}, {"type": "Feature", "properties": {"highway": "residential", "name": "Rua Alfredo Casemiro de Lima", "osm_id": 312614451, "osm_type": "way"}, "geometry": {"type": "LineString", "coordinates": [[-51.0404667, -29.681775], [-51.0399796, -29.6818197], [-51.0390439, -29.6819692], [-51.0389507, -29.6819727], [-51.038885, -29.6819639]]}}, {"type": "Feature", "properties": {"highway": "residential", "name": "Rua João Correa", "osm_id": 312614452, "osm_type": "way"}, "geometry": {"type": "LineString", "coordinates": [[-51.0485153, -29.6911088], [-51.0486046, -29.6911703], [-51.048788, -29.6912966], [-51.0489073, -29.6913694], [-51.0491431, -29.6913692], [-51.0506136, -29.6913676], [-51.0520582, -29.6918216], [-51.0537643, -29.6923602], [-51.0555396, -29.6929205], [-51.0572806, -29.6934941]]}}, {"type": "Feature", "properties": {"highway": "residential", "name": "Rua José Mendes", "osm_id": 312614453, "osm_type": "way"}, "geometry": {"type": "LineString", "coordinates": [[-51.0470976, -29.6670744], [-51.0476543, -29.665947], [-51.0477926, -29.6656717], [-51.0478489, -29.6654934], [-51.0478471, -29.6653628], [-51.0477721, -29.6648893], [-51.0477567, -29.6647967]]}}, {"type": "Feature", "properties": {"highway": "residential", "name": "Rua Monteiro Lobato", "osm_id": 312614454, "osm_type": "way"}, "geometry": {"type": "LineString", "coordinates": [[-51.0506824, -29.6898883], [-51.0506479, -29.6906297], [-51.0506136, -29.6913676], [-51.0505855, -29.6919707], [-51.050565, -29.6924124], [-51.0505522, -29.6926867]]}}, {"type": "Feature", "properties": {"highway": "residential", "name": "Avenida dos Municipios", "osm_id": 312614455, "osm_type": "way"}, "geometry": {"type": "LineString", "coordinates": [[-51.0585971, -29.6924063], [-51.0578191, -29.6921583], [-51.0560796, -29.6916039], [-51.0543326, -29.6910476], [-51.0526158, -29.6905], [-51.0506824, -29.6898883]]}}, {"type": "Feature", "properties": {"alt_name": "Rua Avelino Blanknhein", "highway": "residential", "name": "Rua Avelino Blankheih", "osm_id": 312614456, "osm_type": "way"}, "geometry": {"type": "LineString", "coordinates": [[-51.0553098, -29.693459], [-51.0535372, -29.6929008], [-51.0518297, -29.692363], [-51.0505855, -29.6919707]]}}, {"type": "Feature", "properties": {"highway": "residential", "name": "Rua Olivia Gerhardt", "osm_id": 312614457, "osm_type": "way"}, "geometry": {"type": "LineString", "coordinates": [[-51.0607867, -29.6928038], [-51.0608509, -29.6932202], [-51.0609641, -29.693947], [-51.0610853, -29.6946852], [-51.0611038, -29.6948104], [-51.0611873, -29.6953444], [-51.0612041, -29.6955298], [-51.0612171, -29.6956999]]}}, {"type": "Feature", "properties": {"flood_prone": "yes", "highway": "unclassified", "osm_id": 312614458, "osm_type": "way"}, "geometry": {"type": "LineString", "coordinates": [[-51.0506652, -29.6941996], [-51.0509005, -29.6937816], [-51.0509974, -29.6934556], [-51.0509867, -29.6932726], [-51.0509439, -29.6931526], [-51.05086, -29.693049], [-51.0506058, -29.6928766], [-51.0505646, -29.6927991], [-51.0505522, -29.6926867]]}}, {"type": "Feature", "properties": {"highway": "residential", "name": "Rua Cerejeira", "osm_id": 312616633, "osm_type": "way"}, "geometry": {"type": "LineString", "coordinates": [[-51.0722057, -29.6884231], [-51.0720876, -29.6877035], [-51.0720739, -29.68762], [-51.07199, -29.6870989], [-51.07199, -29.6869715], [-51.0720366, -29.686734], [-51.0721077, -29.6865931], [-51.0722011, -29.6864773], [-51.07233, -29.6863692], [-51.0725855, -29.686234], [-51.0728095, -29.6861606]]}}, {"type": "Feature", "properties": {"highway": "residential", "name": "Avenida Independência", "oneway": "yes", "osm_id": 312616634, "osm_type": "way"}, "geometry": {"type": "LineString", "coordinates": [[-51.0612633, -29.6929991], [-51.061621, -29.6929331], [-51.0618001, -29.6929021], [-51.0618684, -29.6928761], [-51.0619858, -29.6927876], [-51.0620547, -29.6927066], [-51.0621058, -29.6926081], [-51.0620947, -29.6924363]]}}, {"type": "Feature", "properties": {"alt_name": "Rua Trinta e Um de Janeiro", "highway": "residential", "name": "Rua 31 de Janeiro", "osm_id": 312616635, "osm_type": "way"}, "geometry": {"type": "LineString", "coordinates": [[-51.0592383, -29.688159], [-51.0591447, -29.6881598], [-51.0590451, -29.6881881], [-51.0586371, -29.6884075], [-51.0579388, -29.6886466], [-51.057606, -29.688991], [-51.0574348, -29.6891893], [-51.0572733, -29.6894768], [-51.0572453, -29.689526], [-51.0568882, -29.6902385], [-51.0568027, -29.6903173], [-51.0567, -29.6903665], [-51.056591, -29.6903826], [-51.0565006, -29.6903706], [-51.0564188, -29.6903407], [-51.0563594, -29.6903018], [-51.0563131, -29.6902518], [-51.056288, -29.6901932], [-51.0562767, -29.6901047], [-51.0562994, -29.689967], [-51.056646, -29.6892595], [-51.0570901, -29.6883086], [-51.0573827, -29.6876879], [-51.0576928, -29.687058], [-51.0576903, -29.6870135], [-51.0576792, -29.6869651]]}}, {"type": "Feature", "properties": {"highway": "residential", "name": "Rua Otomar Emel", "osm_id": 312616637, "osm_type": "way"}, "geometry": {"type": "LineString", "coordinates": [[-51.0704928, -29.6830989], [-51.0694461, -29.6832121]]}}, {"type": "Feature", "properties": {"highway": "residential", "name": "Rua Lécio José Gomes", "osm_id": 312616638, "osm_type": "way"}, "geometry": {"type": "LineString", "coordinates": [[-51.0572733, -29.6894768], [-51.056646, -29.6892595]]}}, {"type": "Feature", "properties": {"highway": "residential", "name": "Rua Werno Egon Heldt", "osm_id": 312616639, "osm_type": "way"}, "geometry": {"type": "LineString", "coordinates": [[-51.0707809, -29.6868425], [-51.0709963, -29.6884046]]}}, {"type": "Feature", "properties": {"highway": "residential", "name": "Rua Alfredo Blos", "osm_id": 312616640, "osm_type": "way"}, "geometry": {"type": "LineString", "coordinates": [[-51.0677175, -29.6807671], [-51.0678808, -29.6819098], [-51.0678938, -29.6820011]]}}, {"type": "Feature", "properties": {"highway": "residential", "name": "Rua Madre Teresa", "osm_id": 312616641, "osm_type": "way"}, "geometry": {"type": "LineString", "coordinates": [[-51.0713032, -29.6854601], [-51.069947, -29.6856259]]}}, {"type": "Feature", "properties": {"highway": "residential", "name": "Rua Edvino Blos", "osm_id": 312616642, "osm_type": "way"}, "geometry": {"type": "LineString", "coordinates": [[-51.0644452, -29.6924867], [-51.0630836, -29.6926656]]}}, {"type": "Feature", "properties": {"alt_name": "Rua Cinco", "highway": "residential", "name": "Rua 5", "osm_id": 312616643, "osm_type": "way"}, "geometry": {"type": "LineString", "coordinates": [[-51.071412, -29.6861707], [-51.0704248, -29.686278]]}}, {"type": "Feature", "properties": {"alt_name": "Rua Geraldo Gancado Fiusa", "highway": "residential", "name": "Rua Geraldo Fiusa", "osm_id": 312616644, "osm_type": "way"}, "geometry": {"type": "LineString", "coordinates": [[-51.0643368, -29.6918113], [-51.0629767, -29.6919873]]}}, {"type": "Feature", "properties": {"highway": "residential", "name": "Rua Guilherme Schneider", "osm_id": 312616645, "osm_type": "way"}, "geometry": {"type": "LineString", "coordinates": [[-51.0704048, -29.6824448], [-51.0693109, -29.6825405]]}}, {"type": "Feature", "properties": {"alt_name": "Rua Ailton dos Santos", "highway": "residential", "name": "Rua Aílton C. dos Santos", "osm_id": 312616646, "osm_type": "way"}, "geometry": {"type": "LineString", "coordinates": [[-51.060216, -29.6917836], [-51.0588016, -29.691323]]}}, {"type": "Feature", "properties": {"highway": "residential", "name": "Rua Suzete Heidrich", "osm_id": 312616647, "osm_type": "way"}, "geometry": {"type": "LineString", "coordinates": [[-51.0601175, -29.6911506], [-51.0587015, -29.6906916]]}}, {"type": "Feature", "properties": {"highway": "residential", "name": "Rua Danila Blos", "osm_id": 312616648, "osm_type": "way"}, "geometry": {"type": "LineString", "coordinates": [[-51.0626604, -29.6899801], [-51.063769, -29.6898434], [-51.064016, -29.6898129]]}}, {"type": "Feature", "properties": {"highway": "residential", "name": "Rua Helmuth Blos", "osm_id": 312616649, "osm_type": "way"}, "geometry": {"type": "LineString", "coordinates": [[-51.0641221, -29.6904742], [-51.0638928, -29.6905009], [-51.0627631, -29.6906322]]}}, {"type": "Feature", "properties": {"highway": "residential", "osm_id": 312616650, "osm_type": "way"}, "geometry": {"type": "LineString", "coordinates": [[-51.070151, -29.6869111], [-51.0697236, -29.6869609], [-51.0692727, -29.6870135]]}}, {"type": "Feature", "properties": {"highway": "residential", "name": "Rua Reni Heldt", "osm_id": 312616651, "osm_type": "way"}, "geometry": {"type": "LineString", "coordinates": [[-51.0715016, -29.6867561], [-51.0707809, -29.6868425], [-51.07043, -29.6868846]]}}, {"type": "Feature", "properties": {"alt_name": "Rua Vinte e Quatro de Agosto", "highway": "residential", "name": "Rua 24 de Agosto", "osm_id": 312616652, "osm_type": "way"}, "geometry": {"type": "LineString", "coordinates": [[-51.0621649, -29.6921018], [-51.0620283, -29.6920718], [-51.0611821, -29.6918151], [-51.0601786, -29.6915062]]}}, {"type": "Feature", "properties": {"alt_name": "Rua Vitor Hugo Schneider", "highway": "residential", "name": "Rua Vitor Higo Schneider", "osm_id": 312616653, "osm_type": "way"}, "geometry": {"type": "LineString", "coordinates": [[-51.0600135, -29.6905238], [-51.0586225, -29.6900917]]}}, {"type": "Feature", "properties": {"highway": "residential", "name": "Rua Professora Liane da Rosa", "osm_id": 312616654, "osm_type": "way"}, "geometry": {"type": "LineString", "coordinates": [[-51.0705649, -29.6837725], [-51.0692669, -29.6839115], [-51.0687861, -29.6839629]]}}, {"type": "Feature", "properties": {"highway": "residential", "name": "Rua Seringueira", "osm_id": 312616655, "osm_type": "way"}, "geometry": {"type": "LineString", "coordinates": [[-51.0719958, -29.6856691], [-51.0718433, -29.6858055], [-51.0716611, -29.6859561], [-51.0715589, -29.6860545], [-51.0714217, -29.6862342]]}}, {"type": "Feature", "properties": {"alt_name": "Rua Onze de Abril", "highway": "residential", "name": "Rua 11 de Abril", "osm_id": 312616656, "osm_type": "way"}, "geometry": {"type": "LineString", "coordinates": [[-51.0717412, -29.6883147], [-51.0709963, -29.6884046], [-51.0703994, -29.6884767], [-51.0699579, -29.68853], [-51.0695109, -29.688584]]}}, {"type": "Feature", "properties": {"highway": "residential", "name": "Avenida dos Municípios", "osm_id": 312616657, "osm_type": "way"}, "geometry": {"type": "LineString", "coordinates": [[-51.061621, -29.6929331], [-51.0607531, -29.6925872], [-51.0603101, -29.6924275], [-51.0593127, -29.6920843], [-51.058903, -29.6919628], [-51.0574617, -29.6915355]]}}, {"type": "Feature", "properties": {"highway": "residential", "name": "Rua Júlio C. L. Lima", "osm_id": 312616658, "osm_type": "way"}, "geometry": {"type": "LineString", "coordinates": [[-51.058903, -29.6919628], [-51.0588016, -29.691323], [-51.0587015, -29.6906916], [-51.0586225, -29.6900917], [-51.0585299, -29.6894684], [-51.0584723, -29.6891686]]}}, {"type": "Feature", "properties": {"highway": "residential", "name": "Rua Emilio Von Reisswitz", "osm_id": 312616659, "osm_type": "way"}, "geometry": {"type": "LineString", "coordinates": [[-51.0698119, -29.6905491], [-51.0695109, -29.688584], [-51.0692727, -29.6870135], [-51.0691181, -29.6859942], [-51.0689709, -29.685102], [-51.0687861, -29.6839629]]}}, {"type": "Feature", "properties": {"highway": "residential", "name": "Rua Plátano", "osm_id": 312616660, "osm_type": "way"}, "geometry": {"type": "LineString", "coordinates": [[-51.0723577, -29.6859158], [-51.0722349, -29.6859761], [-51.072135, -29.6860354], [-51.0720433, -29.6860989], [-51.0718589, -29.6862842], [-51.0717493, -29.6864223], [-51.0716501, -29.6865854], [-51.0715156, -29.6868479]]}}, {"type": "Feature", "properties": {"highway": "secondary", "lit": "yes", "name": "Avenida Independência", "oneway": "yes", "surface": "asphalt", "osm_id": 312616661, "osm_type": "way"}, "geometry": {"type": "LineString", "coordinates": [[-51.0518898, -29.6803345], [-51.051939, -29.6804902], [-51.0519554, -29.6805442], [-51.0519782, -29.6805675], [-51.0520285, -29.6805867]]}}, {"type": "Feature", "properties": {"highway": "residential", "name": "Rua Santos Dumont", "osm_id": 312616662, "osm_type": "way"}, "geometry": {"type": "LineString", "coordinates": [[-51.0632691, -29.693843], [-51.0630836, -29.6926656], [-51.0630729, -29.6925981], [-51.0629767, -29.6919873], [-51.0628695, -29.6913068], [-51.0627631, -29.6906322], [-51.0626604, -29.6899801], [-51.0625523, -29.6892943], [-51.0624457, -29.6886178], [-51.0623414, -29.6879554], [-51.0622355, -29.6872835], [-51.0621308, -29.686619], [-51.0620269, -29.6859585], [-51.0619188, -29.6852733], [-51.0618229, -29.6846647], [-51.0618139, -29.6846262], [-51.0617987, -29.684545]]}}, {"type": "Feature", "properties": {"highway": "residential", "name": "Avenida Arnildo Paz", "osm_id": 312616663, "osm_type": "way"}, "geometry": {"type": "LineString", "coordinates": [[-51.064768, -29.6944974], [-51.0646941, -29.6939686], [-51.0644452, -29.6924867], [-51.0643368, -29.6918113], [-51.0642377, -29.6911945], [-51.064231, -29.6911525], [-51.0641221, -29.6904742], [-51.064016, -29.6898129], [-51.0639052, -29.689123], [-51.0638447, -29.6887464], [-51.0638195, -29.6885957], [-51.0638142, -29.6885609], [-51.0637986, -29.6884591], [-51.0636941, -29.687808], [-51.0635858, -29.6871332], [-51.0634769, -29.6864548], [-51.0634011, -29.6858017], [-51.0633233, -29.685148], [-51.0632136, -29.6845091], [-51.0632052, -29.684446]]}}, {"type": "Feature", "properties": {"highway": "residential", "name": "Rua Oripe Paz", "osm_id": 312616664, "osm_type": "way"}, "geometry": {"type": "LineString", "coordinates": [[-51.0603111, -29.69263], [-51.0603101, -29.6924275], [-51.060216, -29.6917836], [-51.0601786, -29.6915062], [-51.0601175, -29.6911506], [-51.0600135, -29.6905238], [-51.0599291, -29.6899294], [-51.0599023, -29.6898068], [-51.0597991, -29.6891571], [-51.0597552, -29.6888422]]}}, {"type": "Feature", "properties": {"highway": "residential", "name": "Rua Rosalina Fagundes", "osm_id": 312616665, "osm_type": "way"}, "geometry": {"type": "LineString", "coordinates": [[-51.0692669, -29.6839115], [-51.0694302, -29.6850579], [-51.0696836, -29.6866929], [-51.0697236, -29.6869609], [-51.0699579, -29.68853], [-51.0699884, -29.688735], [-51.0702643, -29.6904956]]}}, {"type": "Feature", "properties": {"highway": "residential", "name": "Rua Alfredo Krumennauer", "osm_id": 312616666, "osm_type": "way"}, "geometry": {"type": "LineString", "coordinates": [[-51.057239, -29.6916141], [-51.0574617, -29.6915355], [-51.0576597, -29.6914072], [-51.0579017, -29.6912462], [-51.0581028, -29.6910551], [-51.0583602, -29.6907467], [-51.0587015, -29.6906916]]}}, {"type": "Feature", "properties": {"highway": "residential", "name": "Rua Guajuvira", "osm_id": 312616668, "osm_type": "way"}, "geometry": {"type": "LineString", "coordinates": [[-51.0730623, -29.6865201], [-51.072883, -29.6865371], [-51.0726583, -29.6866163], [-51.0724933, -29.686735], [-51.0724148, -29.686851], [-51.0723201, -29.6870647], [-51.0720739, -29.68762]]}}, {"type": "Feature", "properties": {"alt_name": "Rua 1ª Conquista", "highway": "residential", "name": "Rua Primeira Conquista", "osm_id": 312616669, "osm_type": "way"}, "geometry": {"type": "LineString", "coordinates": [[-51.0707115, -29.6904407], [-51.0703994, -29.6884767], [-51.070151, -29.6869111], [-51.069947, -29.6856259], [-51.069848, -29.6849652], [-51.0697591, -29.6844416]]}}, {"type": "Feature", "properties": {"alt_name": "Rua José Alfredo Natus", "highway": "residential", "name": "Rua José Natos", "osm_id": 312616670, "osm_type": "way"}, "geometry": {"type": "LineString", "coordinates": [[-51.0628695, -29.6913068], [-51.064231, -29.6911525]]}}, {"type": "Feature", "properties": {"highway": "residential", "name": "Rua Pedestre", "osm_id": 312617316, "osm_type": "way"}, "geometry": {"type": "LineString", "coordinates": [[-51.0784049, -29.6697064], [-51.0783047, -29.6690309], [-51.0782032, -29.6683475], [-51.0781065, -29.667696], [-51.0780023, -29.6670141]]}}, {"type": "Feature", "properties": {"highway": "residential", "name": "Rua Pedro Vieira", "osm_id": 312632508, "osm_type": "way"}, "geometry": {"type": "LineString", "coordinates": [[-51.0694062, -29.6654884], [-51.0680876, -29.6656297]]}}, {"type": "Feature", "properties": {"highway": "residential", "name": "Avenida Fabiano Trott", "osm_id": 312632544, "osm_type": "way"}, "geometry": {"type": "LineString", "coordinates": [[-51.0681958, -29.6662931], [-51.0694492, -29.6661484], [-51.0700952, -29.6660646], [-51.0705421, -29.6660134], [-51.0706524, -29.6659737], [-51.070764, -29.665903], [-51.0708593, -29.665856]]}}, {"type": "Feature", "properties": {"highway": "residential", "name": "Avenida Fabiano Trott", "osm_id": 312632545, "osm_type": "way"}, "geometry": {"type": "LineString", "coordinates": [[-51.0694977, -29.6660443], [-51.0681793, -29.6661919]]}}, {"type": "Feature", "properties": {"highway": "residential", "name": "Rua Reinaldo Lauer", "osm_id": 326999897, "osm_type": "way"}, "geometry": {"type": "LineString", "coordinates": [[-51.0377475, -29.6699049], [-51.0377745, -29.6699274], [-51.0378054, -29.66996], [-51.037948, -29.6709725], [-51.0380105, -29.6713671], [-51.0382046, -29.6724897]]}}, {"type": "Feature", "properties": {"landuse": "industrial", "name": "Grupo Correa", "osm_id": 340302135, "osm_type": "way"}, "geometry": {"type": "Polygon", "coordinates": [[[-51.0450309, -29.6706523], [-51.0445407, -29.6722494], [-51.0437334, -29.6720623], [-51.0438214, -29.6717756], [-51.0441631, -29.6718548], [-51.044254, -29.6715588], [-51.0439103, -29.671479], [-51.0439848, -29.671237], [-51.0443219, -29.6713153], [-51.0443884, -29.671099], [-51.044053, -29.6710211], [-51.0443229, -29.6701445], [-51.0450309, -29.6706523]]]}}, {"type": "Feature", "properties": {"alt_name": "Rua João Lampert", "highway": "residential", "lanes": "2", "lit": "yes", "name": "Avenida Rio Grande do Sul", "surface": "asphalt", "osm_id": 355829178, "osm_type": "way"}, "geometry": {"type": "LineString", "coordinates": [[-51.0799778, -29.6640863], [-51.0799838, -29.6641102], [-51.0800026, -29.6642337], [-51.0800555, -29.6646602], [-51.0801829, -29.6654515], [-51.0802674, -29.6659001], [-51.0803908, -29.666731], [-51.0804056, -29.6668522], [-51.0806897, -29.6687474], [-51.0808057, -29.669458], [-51.0810087, -29.6707559], [-51.0811113, -29.6713611], [-51.081119, -29.6714076], [-51.081166, -29.6716916], [-51.0812231, -29.6720542], [-51.0812509, -29.6722268], [-51.0813568, -29.6728831], [-51.0814619, -29.6735352], [-51.0818213, -29.6757974], [-51.0819106, -29.6763281], [-51.0819412, -29.6765097], [-51.081953, -29.6765797]]}}, {"type": "Feature", "properties": {"alt_name": "Rua Prudente e Morais", "highway": "living_street", "name": "Rua Prudente de Moraes", "surface": "unpaved", "osm_id": 355829179, "osm_type": "way"}, "geometry": {"type": "LineString", "coordinates": [[-51.0811204, -29.6758375], [-51.0808912, -29.6758695], [-51.0801873, -29.6759638]]}}, {"type": "Feature", "properties": {"alt_name": "Rua Oswaldo Aranha", "highway": "residential", "name": "Rua Osvaldo Aranha", "osm_id": 355829180, "osm_type": "way"}, "geometry": {"type": "LineString", "coordinates": [[-51.0794132, -29.6702864], [-51.0792996, -29.6704056], [-51.0793044, -29.6705766], [-51.0794686, -29.6715507], [-51.079643, -29.6725738], [-51.0797084, -29.6729805], [-51.0798388, -29.6738459], [-51.0799783, -29.6746709], [-51.080109, -29.675512], [-51.0801873, -29.6759638], [-51.0802371, -29.6761606], [-51.0803739, -29.6764997], [-51.0804888, -29.6767515]]}}, {"type": "Feature", "properties": {"highway": "residential", "name": "Rua Porto Alegre", "osm_id": 355829181, "osm_type": "way"}, "geometry": {"type": "LineString", "coordinates": [[-51.0799625, -29.6702309], [-51.0795777, -29.6702617], [-51.0794132, -29.6702864]]}}, {"type": "Feature", "properties": {"alt_name": "Rua 3 Passos", "highway": "residential", "name": "Rua Três Passos", "osm_id": 355829182, "osm_type": "way"}, "geometry": {"type": "LineString", "coordinates": [[-51.0778634, -29.6726964], [-51.0777028, -29.6717763], [-51.0775902, -29.671109], [-51.0774826, -29.6704837], [-51.0773709, -29.6698345]]}}, {"type": "Feature", "properties": {"alt_name": "Rua Alvorada", "highway": "residential", "lanes": "2", "lit": "yes", "name": "Rua Passo Fundo", "surface": "asphalt", "osm_id": 355829183, "osm_type": "way"}, "geometry": {"type": "LineString", "coordinates": [[-51.0787247, -29.6647486], [-51.0781727, -29.665582], [-51.0781182, -29.6656644], [-51.0776673, -29.6663452], [-51.077148, -29.6671249], [-51.0770769, -29.6672321], [-51.0762002, -29.6685583], [-51.0754917, -29.6696901]]}}, {"type": "Feature", "properties": {"highway": "residential", "lanes": "2", "lit": "yes", "name": "Rua Passo Fundo", "surface": "asphalt", "osm_id": 355829184, "osm_type": "way"}, "geometry": {"type": "LineString", "coordinates": [[-51.0754917, -29.6696901], [-51.0754509, -29.6700732]]}}, {"type": "Feature", "properties": {"highway": "residential", "name": "Rua Professor Henrique Pohl", "osm_id": 355829186, "osm_type": "way"}, "geometry": {"type": "LineString", "coordinates": [[-51.0693133, -29.6767312], [-51.0688379, -29.6767736], [-51.0676007, -29.6769284], [-51.066662, -29.6770384]]}}, {"type": "Feature", "properties": {"highway": "residential", "name": "Rua Alberto Pasqualini", "osm_id": 355829189, "osm_type": "way"}, "geometry": {"type": "LineString", "coordinates": [[-51.0646087, -29.6762475], [-51.0634892, -29.6763934], [-51.0626087, -29.6765132], [-51.0617026, -29.6766366], [-51.0616243, -29.6766452]]}}, {"type": "Feature", "properties": {"highway": "residential", "lane_markings": "yes", "lanes": "2", "name": "Rua São Miguel", "surface": "asphalt", "osm_id": 355829192, "osm_type": "way"}, "geometry": {"type": "LineString", "coordinates": [[-51.0607099, -29.6759762], [-51.0615103, -29.6758851], [-51.0615864, -29.6758774]]}}, {"type": "Feature", "properties": {"alt_name": "Rua Olindo F Silva", "highway": "residential", "name": "Rua Olindo F. da Silva", "osm_id": 355829194, "osm_type": "way"}, "geometry": {"type": "LineString", "coordinates": [[-51.0685377, -29.6748289], [-51.0672668, -29.6749862], [-51.0663364, -29.6751013]]}}, {"type": "Feature", "properties": {"alt_name": "Rua Acrisio M Oliveira; Rua Acrisio de Oliveira", "highway": "residential", "name": "Rua Acrisio M. de Oliveira", "osm_id": 355829195, "osm_type": "way"}, "geometry": {"type": "LineString", "coordinates": [[-51.0691958, -29.6753593], [-51.0686304, -29.675429], [-51.067389, -29.6755942], [-51.0664369, -29.6756991], [-51.0654563, -29.6758198]]}}, {"type": "Feature", "properties": {"highway": "residential", "name": "Rua José L da Silva", "osm_id": 355829196, "osm_type": "way"}, "geometry": {"type": "LineString", "coordinates": [[-51.0654563, -29.6758198], [-51.0653073, -29.6749466], [-51.0652458, -29.6745863]]}}, {"type": "Feature", "properties": {"highway": "residential", "name": "Rua Padre Landel de Moura", "osm_id": 355829197, "osm_type": "way"}, "geometry": {"type": "LineString", "coordinates": [[-51.0687334, -29.6760967], [-51.0674988, -29.6762532], [-51.06655, -29.6763721], [-51.0646656, -29.6766084]]}}, {"type": "Feature", "properties": {"highway": "tertiary", "name": "Avenida Bibiano Trott", "oneway": "yes", "surface": "asphalt", "osm_id": 355829198, "osm_type": "way"}, "geometry": {"type": "LineString", "coordinates": [[-51.0685988, -29.6715815], [-51.0685797, -29.6714876], [-51.068457, -29.6713318], [-51.0682673, -29.6711858], [-51.0680191, -29.6710695], [-51.0678457, -29.6710444], [-51.0675237, -29.671076], [-51.0672042, -29.6711167], [-51.0664052, -29.6712254], [-51.0663858, -29.6711171]]}}, {"type": "Feature", "properties": {"alt_name": "Rua Alcaras Caldas", "highway": "tertiary", "lit": "yes", "name": "Rua Alcaraz Caldas", "oneway": "yes", "surface": "asphalt", "osm_id": 355829199, "osm_type": "way"}, "geometry": {"type": "LineString", "coordinates": [[-51.0698271, -29.6781039], [-51.0698767, -29.6782284], [-51.0699638, -29.678836], [-51.0700698, -29.679575], [-51.0701503, -29.680088], [-51.0701503, -29.6802255], [-51.0700882, -29.6803476], [-51.0697076, -29.6807743]]}}, {"type": "Feature", "properties": {"highway": "tertiary", "lane_markings": "no", "lit": "yes", "name": "Avenida Bibiano Trott", "oneway": "yes", "surface": "asphalt", "osm_id": 355829200, "osm_type": "way"}, "geometry": {"type": "LineString", "coordinates": [[-51.0697232, -29.6781182], [-51.0696691, -29.6780502], [-51.0694139, -29.676739], [-51.069406, -29.6766973], [-51.0691958, -29.6753593], [-51.0691731, -29.6752162], [-51.0691597, -29.6751446], [-51.0691008, -29.6747592], [-51.0690006, -29.6741265]]}}, {"type": "Feature", "properties": {"highway": "residential", "name": "Rua Elson G. Heidrich", "osm_id": 355829201, "osm_type": "way"}, "geometry": {"type": "LineString", "coordinates": [[-51.0528798, -29.668778], [-51.052516, -29.6690488], [-51.0518413, -29.6695332], [-51.0512058, -29.6700347], [-51.0505169, -29.6705454]]}}, {"type": "Feature", "properties": {"highway": "residential", "name": "Rua Onócio Leopoldo Haag", "osm_id": 355829202, "osm_type": "way"}, "geometry": {"type": "LineString", "coordinates": [[-51.0537449, -29.6670969], [-51.0513183, -29.668942], [-51.050291, -29.6696851]]}}, {"type": "Feature", "properties": {"highway": "residential", "name": "Rua Jacob Blos", "osm_id": 355829203, "osm_type": "way"}, "geometry": {"type": "LineString", "coordinates": [[-51.0531252, -29.666541], [-51.0524628, -29.6670576], [-51.0524003, -29.6671035], [-51.0518155, -29.667548], [-51.0507634, -29.6683493], [-51.0501883, -29.6687642]]}}, {"type": "Feature", "properties": {"highway": "residential", "name": "Rua Osmar Reichert", "osm_id": 355829204, "osm_type": "way"}, "geometry": {"type": "LineString", "coordinates": [[-51.0518413, -29.6695332], [-51.0513183, -29.668942], [-51.0507634, -29.6683493]]}}, {"type": "Feature", "properties": {"highway": "residential", "osm_id": 355829205, "osm_type": "way"}, "geometry": {"type": "LineString", "coordinates": [[-51.0516999, -29.6705486], [-51.0512058, -29.6700347]]}}, {"type": "Feature", "properties": {"highway": "residential", "name": "Rua Eugênio N. Ritzel", "osm_id": 355829206, "osm_type": "way"}, "geometry": {"type": "LineString", "coordinates": [[-51.0515119, -29.6655119], [-51.0514598, -29.6656126], [-51.0511305, -29.6662669], [-51.0507636, -29.6669621], [-51.0501236, -29.6683445]]}}, {"type": "Feature", "properties": {"highway": "residential", "lanes": "2", "lit": "yes", "name": "Avenida João Pedro Dias", "oneway": "yes", "surface": "paving_stones", "osm_id": 355829207, "osm_type": "way"}, "geometry": {"type": "LineString", "coordinates": [[-51.0506377, -29.6653163], [-51.0499921, -29.6666719]]}}, {"type": "Feature", "properties": {"highway": "residential", "lanes": "2", "lit": "yes", "name": "Avenida João Pedro Dias", "oneway": "no", "surface": "asphalt", "osm_id": 355829208, "osm_type": "way"}, "geometry": {"type": "LineString", "coordinates": [[-51.0498717, -29.6666315], [-51.0498985, -29.6665719], [-51.0502688, -29.6657497], [-51.050504, -29.6652699]]}}, {"type": "Feature", "properties": {"highway": "residential", "lit": "yes", "name": "Rua João Miguel da Silva", "osm_id": 355829209, "osm_type": "way"}, "geometry": {"type": "LineString", "coordinates": [[-51.0518155, -29.667548], [-51.0515419, -29.667325], [-51.0512228, -29.6671415], [-51.0507636, -29.6669621], [-51.0499921, -29.6666719], [-51.0498909, -29.6666412], [-51.0498717, -29.6666315], [-51.0493462, -29.6664283], [-51.0485215, -29.6660994], [-51.0484866, -29.6660982]]}}, {"type": "Feature", "properties": {"highway": "residential", "name": "Rua Sigfrid Heuser", "osm_id": 355829210, "osm_type": "way"}, "geometry": {"type": "LineString", "coordinates": [[-51.0484866, -29.6660982], [-51.0484584, -29.6661221], [-51.0484067, -29.6662347], [-51.0482523, -29.66654], [-51.0480376, -29.6669647], [-51.0478154, -29.667404], [-51.0475769, -29.6678756], [-51.0474882, -29.6679371], [-51.0472282, -29.6679937]]}}, {"type": "Feature", "properties": {"highway": "residential", "name": "Rua Belarmino J. de Mello", "osm_id": 355829211, "osm_type": "way"}, "geometry": {"type": "LineString", "coordinates": [[-51.0494605, -29.6674971], [-51.0480376, -29.6669647]]}}, {"type": "Feature", "properties": {"highway": "residential", "name": "Rua Alvicio Jost", "osm_id": 355829212, "osm_type": "way"}, "geometry": {"type": "LineString", "coordinates": [[-51.0496638, -29.6670642], [-51.0482523, -29.66654]]}}, {"type": "Feature", "properties": {"highway": "residential", "name": "Rua Arseu Jaeger", "osm_id": 355829213, "osm_type": "way"}, "geometry": {"type": "LineString", "coordinates": [[-51.0493462, -29.6664283], [-51.049761, -29.6655595], [-51.0499899, -29.6650802], [-51.0500441, -29.6649772]]}}, {"type": "Feature", "properties": {"highway": "residential", "name": "Rua Edvino Reichert", "osm_id": 355829214, "osm_type": "way"}, "geometry": {"type": "LineString", "coordinates": [[-51.0491889, -29.6653399], [-51.049761, -29.6655595], [-51.0502688, -29.6657497]]}}, {"type": "Feature", "properties": {"highway": "residential", "name": "Rua Miguel Guilherme Blos", "osm_id": 355829215, "osm_type": "way"}, "geometry": {"type": "LineString", "coordinates": [[-51.0524003, -29.6671035], [-51.05204, -29.6667953], [-51.0515938, -29.6664997], [-51.0511305, -29.6662669]]}}, {"type": "Feature", "properties": {"highway": "residential", "name": "Rua Firmino Fauth", "osm_id": 355829216, "osm_type": "way"}, "geometry": {"type": "LineString", "coordinates": [[-51.0555824, -29.667323], [-51.0549823, -29.6673771], [-51.0543903, -29.6674479]]}}, {"type": "Feature", "properties": {"highway": "residential", "name": "Rua H. Weber", "osm_id": 355829217, "osm_type": "way"}, "geometry": {"type": "LineString", "coordinates": [[-51.0556209, -29.6672854], [-51.0553794, -29.6659032], [-51.0553299, -29.6656201]]}}, {"type": "Feature", "properties": {"alt_name": "Rua Marcos Steffen", "highway": "residential", "name": "Rua Marcos", "osm_id": 355829218, "osm_type": "way"}, "geometry": {"type": "LineString", "coordinates": [[-51.0563161, -29.6668113], [-51.0561625, -29.6658051]]}}, {"type": "Feature", "properties": {"highway": "residential", "name": "Rua João Lourenço Vidal", "osm_id": 355829219, "osm_type": "way"}, "geometry": {"type": "LineString", "coordinates": [[-51.0545489, -29.6640305], [-51.0548348, -29.6654987], [-51.0549627, -29.6661553]]}}, {"type": "Feature", "properties": {"highway": "residential", "osm_id": 355829220, "osm_type": "way"}, "geometry": {"type": "LineString", "coordinates": [[-51.0540933, -29.6623086], [-51.053932, -29.6612189]]}}, {"type": "Feature", "properties": {"highway": "residential", "name": "Rua Itaipu", "oneway": "yes", "surface": "asphalt", "osm_id": 355829221, "osm_type": "way"}, "geometry": {"type": "LineString", "coordinates": [[-51.057575, -29.6626614], [-51.0575636, -29.6625814], [-51.0573741, -29.6613818]]}}, {"type": "Feature", "properties": {"highway": "residential", "name": "Rua Itaipu", "oneway": "yes", "surface": "asphalt", "osm_id": 355829222, "osm_type": "way"}, "geometry": {"type": "LineString", "coordinates": [[-51.0575006, -29.6613667], [-51.0575802, -29.6619558], [-51.0576869, -29.6625696], [-51.0576933, -29.6626493]]}}, {"type": "Feature", "properties": {"highway": "residential", "name": "Rua Osmildo F Maciel", "oneway": "yes", "osm_id": 355829223, "osm_type": "way"}, "geometry": {"type": "LineString", "coordinates": [[-51.0576933, -29.6626493], [-51.057575, -29.6626614]]}}, {"type": "Feature", "properties": {"highway": "residential", "name": "Avenida José Jarbas do Valle Mattos", "oneway": "yes", "osm_id": 355829224, "osm_type": "way"}, "geometry": {"type": "LineString", "coordinates": [[-51.0575636, -29.6625814], [-51.0576869, -29.6625696], [-51.0592018, -29.6623847], [-51.0592848, -29.6623755], [-51.0606473, -29.6622137], [-51.0619002, -29.6620652], [-51.0630078, -29.6619393]]}}, {"type": "Feature", "properties": {"highway": "residential", "name": "Rua Nicolas M. Bauer", "osm_id": 355829225, "osm_type": "way"}, "geometry": {"type": "LineString", "coordinates": [[-51.0604587, -29.6567267], [-51.0605246, -29.6571773], [-51.0607457, -29.6585892]]}}, {"type": "Feature", "properties": {"alt_name": "Avenida João 23; Avenida João 23º; Avenida João Vinte e Três", "highway": "tertiary", "name": "Avenida João XXIII", "oneway": "yes", "surface": "asphalt", "osm_id": 355829226, "osm_type": "way"}, "geometry": {"type": "LineString", "coordinates": [[-51.0584944, -29.657416], [-51.0587213, -29.6588399], [-51.0588144, -29.6594243], [-51.0589062, -29.6600001], [-51.0589992, -29.6605841], [-51.0590927, -29.6611773], [-51.0591872, -29.661764], [-51.0592848, -29.6623755], [-51.0592966, -29.6624592], [-51.0595251, -29.6638879], [-51.0597577, -29.6653513], [-51.0600346, -29.6670779], [-51.0601724, -29.667946], [-51.0601964, -29.6680969], [-51.0604568, -29.6697088], [-51.0604958, -29.6699741], [-51.0606031, -29.6706441], [-51.0606881, -29.6711059], [-51.0607919, -29.6718253]]}}, {"type": "Feature", "properties": {"alt_name": "Avenida João 23;Avenida João Vinte Três", "highway": "tertiary", "lane_markings": "no", "name": "Avenida João XXIII", "oneway": "yes", "surface": "asphalt", "osm_id": 355829227, "osm_type": "way"}, "geometry": {"type": "LineString", "coordinates": [[-51.0620079, -29.6790753], [-51.0619453, -29.6786223], [-51.0618742, -29.6781602], [-51.0618286, -29.6778303], [-51.0617469, -29.6773918], [-51.0616243, -29.6766452], [-51.0615103, -29.6758851], [-51.0613332, -29.6747876], [-51.0613257, -29.6747159], [-51.0611712, -29.6737683], [-51.0611596, -29.6737312], [-51.0611445, -29.673622], [-51.0610906, -29.6732117], [-51.0610617, -29.6730374], [-51.0610177, -29.6729157], [-51.0608965, -29.6726805], [-51.0608493, -29.6725629], [-51.0608252, -29.6724236], [-51.0607669, -29.6720868], [-51.0607234, -29.6718353]]}}, {"type": "Feature", "properties": {"highway": "residential", "name": "Rua Emilio Goedtel", "osm_id": 355829228, "osm_type": "way"}, "geometry": {"type": "LineString", "coordinates": [[-51.0610177, -29.6729157], [-51.0596678, -29.6730845]]}}, {"type": "Feature", "properties": {"highway": "residential", "name": "Rua Berito C. Schein", "osm_id": 355829229, "osm_type": "way"}, "geometry": {"type": "LineString", "coordinates": [[-51.0706859, -29.6619306], [-51.0675513, -29.6623396], [-51.0667925, -29.6624425], [-51.0660618, -29.6625509]]}}, {"type": "Feature", "properties": {"highway": "residential", "name": "Rua Lucindo Amélio Giaconello", "osm_id": 355829233, "osm_type": "way"}, "geometry": {"type": "LineString", "coordinates": [[-51.067983, -29.6593791], [-51.0670876, -29.6594942], [-51.0659771, -29.6596402]]}}, {"type": "Feature", "properties": {"highway": "residential", "name": "Rua Delmar Hoffmeister", "osm_id": 355829242, "osm_type": "way"}, "geometry": {"type": "LineString", "coordinates": [[-51.0689654, -29.663362], [-51.0677451, -29.6635285], [-51.0670021, -29.6636216], [-51.0666318, -29.6636699], [-51.0662539, -29.6636932], [-51.0660081, -29.6636367], [-51.0655308, -29.6634729], [-51.0653723, -29.6634763], [-51.0652389, -29.6635324], [-51.0648365, -29.6639811], [-51.0645807, -29.6642663], [-51.0637281, -29.6649654]]}}, {"type": "Feature", "properties": {"highway": "tertiary", "osm_id": 355829243, "osm_type": "way"}, "geometry": {"type": "LineString", "coordinates": [[-51.0637281, -29.6649654], [-51.063604, -29.6648706]]}}, {"type": "Feature", "properties": {"alt_name": "Avenida Carlos Strassburguer Filho", "highway": "secondary", "lanes": "2", "lit": "yes", "name": "Avenida Carlos Strassburger Filho", "oneway": "yes", "surface": "asphalt", "osm_id": 355829244, "osm_type": "way"}, "geometry": {"type": "LineString", "coordinates": [[-51.0750851, -29.6605278], [-51.0751163, -29.6606476], [-51.0752054, -29.6608927], [-51.0753883, -29.6612304], [-51.0755432, -29.6615682], [-51.0756504, -29.6618932], [-51.0757328, -29.6622842], [-51.0757799, -29.6626488], [-51.0757899, -29.663021], [-51.0757759, -29.6633792], [-51.0756172, -29.6645978], [-51.0755661, -29.6648495], [-51.0755224, -29.6650386], [-51.0752597, -29.6666972], [-51.0752128, -29.6668382], [-51.0751493, -29.6669954], [-51.0749911, -29.6672838], [-51.0743481, -29.6683917], [-51.0741803, -29.6686902], [-51.0737349, -29.66944], [-51.0734459, -29.669951], [-51.0731658, -29.6704464], [-51.0731135, -29.6706626], [-51.0731235, -29.6711471], [-51.0731314, -29.6712076], [-51.0732887, -29.6719993]]}}, {"type": "Feature", "properties": {"alt_name": "Avenida Carlos Strassburguer Filho", "highway": "secondary", "lanes": "2", "lit": "yes", "name": "Avenida Carlos Strassburger Filho", "oneway": "yes", "surface": "asphalt", "osm_id": 355829245, "osm_type": "way"}, "geometry": {"type": "LineString", "coordinates": [[-51.0719235, -29.6720035], [-51.0720669, -29.6718927], [-51.0722533, -29.6716996], [-51.0725346, -29.6713513], [-51.0727408, -29.6710478], [-51.0730705, -29.6704041], [-51.0731722, -29.6702173], [-51.0733782, -29.6698388], [-51.0737659, -29.6692109], [-51.0740806, -29.6686616], [-51.0750455, -29.6669644], [-51.075085, -29.6668387], [-51.0751343, -29.6666614], [-51.0753153, -29.6653307], [-51.0754602, -29.664585], [-51.0756713, -29.663322], [-51.0756838, -29.6630179], [-51.0756661, -29.6626742], [-51.0755932, -29.6621846], [-51.0755275, -29.6618954], [-51.0754059, -29.6615493], [-51.0752778, -29.6612607], [-51.0751113, -29.6609417], [-51.0749956, -29.6607179], [-51.0749659, -29.660665], [-51.0749082, -29.6605618]]}}, {"type": "Feature", "properties": {"alt_name": "Avenida São Leopoldo", "highway": "secondary", "maxspeed": "60", "name": "Rua Reynaldo Kayser", "oneway": "no", "source:maxspeed": "implicit", "surface": "asphalt", "osm_id": 356051478, "osm_type": "way"}, "geometry": {"type": "LineString", "coordinates": [[-51.0816689, -29.6863022], [-51.081574, -29.6863279], [-51.0813748, -29.6863507], [-51.0811032, -29.6863642], [-51.0808673, -29.6863333], [-51.0806314, -29.6862617], [-51.0804155, -29.6861593], [-51.080273, -29.686049], [-51.080115, -29.6858905], [-51.0800059, -29.6857416], [-51.079908, -29.6855096], [-51.0798234, -29.6851228], [-51.0797233, -29.6846839], [-51.0796231, -29.6844093], [-51.0794962, -29.6841773], [-51.0793827, -29.68404], [-51.0792931, -29.6839669], [-51.0791179, -29.6838196], [-51.0788886, -29.6836842], [-51.078666, -29.6835778], [-51.078439, -29.683516], [-51.0781764, -29.6835267], [-51.0780626, -29.6835333], [-51.0778492, -29.6835527], [-51.0776311, -29.6836127], [-51.0774463, -29.6837016], [-51.0772883, -29.683808], [-51.0771169, -29.6839607], [-51.0769678, -29.6841425], [-51.0768565, -29.68433], [-51.0766406, -29.6846742], [-51.0764322, -29.685049], [-51.0763157, -29.685264], [-51.0762538, -29.6853599], [-51.075889, -29.6859473], [-51.0757926, -29.6860548], [-51.0757461, -29.686098]]}}, {"type": "Feature", "properties": {"highway": "residential", "osm_id": 356051491, "osm_type": "way"}, "geometry": {"type": "LineString", "coordinates": [[-51.0784132, -29.6782082], [-51.0774501, -29.6783224]]}}, {"type": "Feature", "properties": {"highway": "living_street", "name": "Rua Alfredo Strotmann", "osm_id": 356051493, "osm_type": "way"}, "geometry": {"type": "LineString", "coordinates": [[-51.0668714, -29.6799624], [-51.0669961, -29.6806242]]}}, {"type": "Feature", "properties": {"highway": "secondary", "maxspeed": "50", "name": "Avenida Brasil", "surface": "asphalt", "osm_id": 356051494, "osm_type": "way"}, "geometry": {"type": "LineString", "coordinates": [[-51.0609153, -29.6791897], [-51.0612254, -29.679163], [-51.0615148, -29.679125], [-51.0620079, -29.6790753], [-51.0620942, -29.6790629], [-51.0634054, -29.678882], [-51.0638732, -29.678823], [-51.0646714, -29.6787288], [-51.0649921, -29.6786784], [-51.0656547, -29.6785974], [-51.0667904, -29.6784622], [-51.0668991, -29.6784493], [-51.0671845, -29.6784154], [-51.0675628, -29.6783704], [-51.0690571, -29.678194], [-51.0697232, -29.6781182], [-51.0698271, -29.6781039]]}}, {"type": "Feature", "properties": {"highway": "residential", "name": "Rua Guilherme Schneider", "osm_id": 356051497, "osm_type": "way"}, "geometry": {"type": "LineString", "coordinates": [[-51.0633233, -29.685148], [-51.0619188, -29.6852733]]}}, {"type": "Feature", "properties": {"highway": "residential", "name": "Rua Alcides Weiss", "osm_id": 356051498, "osm_type": "way"}, "geometry": {"type": "LineString", "coordinates": [[-51.0634011, -29.6858017], [-51.0620269, -29.6859585], [-51.0612295, -29.6860717]]}}, {"type": "Feature", "properties": {"highway": "residential", "name": "Rua Willy Scharten", "osm_id": 356051499, "osm_type": "way"}, "geometry": {"type": "LineString", "coordinates": [[-51.0634769, -29.6864548], [-51.0621308, -29.686619]]}}, {"type": "Feature", "properties": {"highway": "residential", "name": "Rua Pedro Älvares Cabral", "osm_id": 356051500, "osm_type": "way"}, "geometry": {"type": "LineString", "coordinates": [[-51.0635858, -29.6871332], [-51.0622355, -29.6872835], [-51.0613993, -29.6873904]]}}, {"type": "Feature", "properties": {"highway": "residential", "name": "Rua Cristóvão Colombo", "osm_id": 356051501, "osm_type": "way"}, "geometry": {"type": "LineString", "coordinates": [[-51.0636941, -29.687808], [-51.0623414, -29.6879554]]}}, {"type": "Feature", "properties": {"highway": "residential", "name": "Rua Oscar Schirmer", "osm_id": 356051502, "osm_type": "way"}, "geometry": {"type": "LineString", "coordinates": [[-51.0637986, -29.6884591], [-51.0624457, -29.6886178], [-51.0616106, -29.6887286]]}}, {"type": "Feature", "properties": {"highway": "residential", "name": "Rua Fernão Dias", "osm_id": 356051503, "osm_type": "way"}, "geometry": {"type": "LineString", "coordinates": [[-51.0639052, -29.689123], [-51.0636351, -29.6891572], [-51.0625523, -29.6892943]]}}, {"type": "Feature", "properties": {"highway": "residential", "name": "Rua Santa Maria", "osm_id": 356051505, "osm_type": "way"}, "geometry": {"type": "LineString", "coordinates": [[-51.0611821, -29.6918151], [-51.0608603, -29.6898139], [-51.060688, -29.6887309], [-51.0605897, -29.6880424], [-51.0604468, -29.687305], [-51.0603802, -29.6868886], [-51.0603414, -29.6866461], [-51.0603159, -29.686468], [-51.0601547, -29.6853428], [-51.0601105, -29.6852312]]}}, {"type": "Feature", "properties": {"highway": "residential", "name": "Avenida Pedro Blos", "oneway": "yes", "surface": "asphalt", "osm_id": 356051506, "osm_type": "way"}, "geometry": {"type": "LineString", "coordinates": [[-51.0594606, -29.685943], [-51.0589487, -29.6864137], [-51.0584436, -29.6867665], [-51.0579509, -29.6869823], [-51.0576928, -29.687058], [-51.0570542, -29.6871603], [-51.0568003, -29.6871617], [-51.0564561, -29.687116], [-51.0560245, -29.6870194], [-51.0546881, -29.6865236], [-51.0542619, -29.6863655], [-51.0535566, -29.6861266], [-51.0525809, -29.6857727]]}}, {"type": "Feature", "properties": {"highway": "residential", "name": "Avenida Pedro Blos", "oneway": "yes", "surface": "asphalt", "osm_id": 356051507, "osm_type": "way"}, "geometry": {"type": "LineString", "coordinates": [[-51.0526186, -29.6856756], [-51.0536125, -29.686013], [-51.0543119, -29.6862596], [-51.0547464, -29.6864184], [-51.055232, -29.6865983], [-51.0560752, -29.6869039], [-51.0564642, -29.6869925], [-51.057024, -29.6870315], [-51.0573426, -29.6870217], [-51.0576792, -29.6869651], [-51.0582237, -29.6867548], [-51.0588374, -29.6863974], [-51.0596815, -29.6855256], [-51.0599229, -29.6853311], [-51.0601105, -29.6852312], [-51.0602735, -29.6851819], [-51.0608959, -29.6851061], [-51.0609862, -29.6850902], [-51.0610686, -29.6850765]]}}, {"type": "Feature", "properties": {"highway": "residential", "name": "Rua Avelino Ritzel", "osm_id": 356051508, "osm_type": "way"}, "geometry": {"type": "LineString", "coordinates": [[-51.0594606, -29.685943], [-51.0595995, -29.6869785], [-51.0598016, -29.6881289]]}}, {"type": "Feature", "properties": {"alt_name": "Rua Trinta e Um de Janeiro", "highway": "residential", "name": "Rua 31 de Janeiro", "osm_id": 356051509, "osm_type": "way"}, "geometry": {"type": "LineString", "coordinates": [[-51.0614792, -29.6878967], [-51.0613592, -29.6879195], [-51.0605897, -29.6880424], [-51.0598016, -29.6881289], [-51.0595327, -29.6881673], [-51.0593834, -29.6881734], [-51.0592383, -29.688159]]}}, {"type": "Feature", "properties": {"highway": "residential", "name": "Rua Garibaldi", "osm_id": 356051510, "osm_type": "way"}, "geometry": {"type": "LineString", "coordinates": [[-51.0612987, -29.6865518], [-51.061219, -29.6865537], [-51.061138, -29.6865609], [-51.0603414, -29.6866461]]}}, {"type": "Feature", "properties": {"alt_name": "Rua Marcirio 50", "highway": "residential", "name": "Rua Marcirio Cinquenta", "osm_id": 356051511, "osm_type": "way"}, "geometry": {"type": "LineString", "coordinates": [[-51.0603802, -29.6868886], [-51.0595995, -29.6869785]]}}, {"type": "Feature", "properties": {"highway": "residential", "name": "Rua Albino Zimmer", "osm_id": 356051512, "osm_type": "way"}, "geometry": {"type": "LineString", "coordinates": [[-51.060688, -29.6887309], [-51.0597552, -29.6888422]]}}, {"type": "Feature", "properties": {"highway": "residential", "name": "Rua Bento Gonçalves", "osm_id": 356051513, "osm_type": "way"}, "geometry": {"type": "LineString", "coordinates": [[-51.0599291, -29.6899294], [-51.0608603, -29.6898139], [-51.0616479, -29.6896923]]}}, {"type": "Feature", "properties": {"highway": "residential", "name": "Avenida Independência", "oneway": "yes", "surface": "asphalt", "osm_id": 356051514, "osm_type": "way"}, "geometry": {"type": "LineString", "coordinates": [[-51.0620947, -29.6924363], [-51.0620283, -29.6920718], [-51.0616479, -29.6896923], [-51.0613592, -29.6879195], [-51.061138, -29.6865609], [-51.0609133, -29.6852047], [-51.0608959, -29.6851061], [-51.0608558, -29.6847225]]}}, {"type": "Feature", "properties": {"highway": "secondary", "name": "Avenida Independência", "oneway": "yes", "surface": "asphalt", "osm_id": 356051515, "osm_type": "way"}, "geometry": {"type": "LineString", "coordinates": [[-51.0608441, -29.684652], [-51.0607447, -29.6843668], [-51.0606527, -29.6841238], [-51.060553, -29.6839736], [-51.0604835, -29.6838975], [-51.0602837, -29.6836883], [-51.0601034, -29.6835235], [-51.0593852, -29.6830051], [-51.0591834, -29.6828648], [-51.0589148, -29.6826739], [-51.0584272, -29.6823962], [-51.0580326, -29.6822154], [-51.0577014, -29.6820995], [-51.0575805, -29.682067], [-51.0575129, -29.6820488], [-51.0574525, -29.6820326]]}}, {"type": "Feature", "properties": {"highway": "residential", "name": "Avenida Independência", "oneway": "yes", "surface": "asphalt", "osm_id": 356051516, "osm_type": "way"}, "geometry": {"type": "LineString", "coordinates": [[-51.0610876, -29.6851783], [-51.0612295, -29.6860717], [-51.0612987, -29.6865518], [-51.0613993, -29.6873904], [-51.0614792, -29.6878967], [-51.0616106, -29.6887286], [-51.0617594, -29.6896705], [-51.0621649, -29.6921018], [-51.0622697, -29.6927151], [-51.0623708, -29.6934641]]}}, {"type": "Feature", "properties": {"alt_name": "Rua Luiz da Silva", "highway": "residential", "name": "Rua Luiz C. da Silva", "osm_id": 356051517, "osm_type": "way"}, "geometry": {"type": "LineString", "coordinates": [[-51.0599023, -29.6898068], [-51.0596252, -29.6898208], [-51.0585299, -29.6894684]]}}, {"type": "Feature", "properties": {"highway": "residential", "name": "Rua Cezar Maurer", "osm_id": 356051518, "osm_type": "way"}, "geometry": {"type": "LineString", "coordinates": [[-51.0592383, -29.688159], [-51.0590541, -29.687094], [-51.0589487, -29.6864137]]}}, {"type": "Feature", "properties": {"highway": "residential", "name": "Rua Carlos Diri", "osm_id": 356051519, "osm_type": "way"}, "geometry": {"type": "LineString", "coordinates": [[-51.0590541, -29.687094], [-51.0584601, -29.687394], [-51.0580341, -29.6876091], [-51.0579509, -29.6869823]]}}, {"type": "Feature", "properties": {"highway": "residential", "name": "Rua Flávia Scholl", "osm_id": 356051522, "osm_type": "way"}, "geometry": {"type": "LineString", "coordinates": [[-51.0584601, -29.687394], [-51.0586371, -29.6884075]]}}, {"type": "Feature", "properties": {"highway": "residential", "osm_id": 356051523, "osm_type": "way"}, "geometry": {"type": "LineString", "coordinates": [[-51.0579295, -29.6878887], [-51.0573827, -29.6876879]]}}, {"type": "Feature", "properties": {"highway": "residential", "name": "Rua Henrique Blos", "osm_id": 356051524, "osm_type": "way"}, "geometry": {"type": "LineString", "coordinates": [[-51.0579388, -29.6886466], [-51.0570901, -29.6883086]]}}, {"type": "Feature", "properties": {"highway": "residential", "name": "Rua Balduíno Dreger", "osm_id": 356051525, "osm_type": "way"}, "geometry": {"type": "LineString", "coordinates": [[-51.0595327, -29.6881673], [-51.0584723, -29.6891686], [-51.0583589, -29.6892358], [-51.0582399, -29.6893489], [-51.0580975, -29.6895372], [-51.0579564, -29.6897765], [-51.057723, -29.6902687], [-51.0575678, -29.6905514], [-51.0574457, -29.6907007], [-51.057317, -29.6908084], [-51.0570842, -29.6909384], [-51.0569208, -29.6910051], [-51.0567591, -29.6910364], [-51.056558, -29.6910434], [-51.0564261, -29.6910365], [-51.0562454, -29.6909957], [-51.0561256, -29.6909578], [-51.0559648, -29.6908754], [-51.0558327, -29.6907659], [-51.0557188, -29.690641], [-51.0555892, -29.6904358], [-51.0555319, -29.6902043], [-51.0555216, -29.6900568], [-51.0555455, -29.68981], [-51.055636, -29.6895966], [-51.0560212, -29.6888131], [-51.0568003, -29.6871617]]}}, {"type": "Feature", "properties": {"highway": "residential", "name": "Rua Borges de Medeiros", "osm_id": 356051526, "osm_type": "way"}, "geometry": {"type": "LineString", "coordinates": [[-51.0547224, -29.6908243], [-51.0547985, -29.6906666], [-51.054735, -29.6904401], [-51.0546894, -29.690065], [-51.0547055, -29.6898297], [-51.0547779, -29.6895501], [-51.0552833, -29.6885359]]}}, {"type": "Feature", "properties": {"highway": "residential", "name": "Rua Padre Reus", "osm_id": 356051527, "osm_type": "way"}, "geometry": {"type": "LineString", "coordinates": [[-51.0551302, -29.6846193], [-51.0543119, -29.6862596], [-51.0542619, -29.6863655], [-51.0538133, -29.6873385], [-51.053803, -29.6873615], [-51.0537925, -29.6873849], [-51.0535351, -29.6879023], [-51.0531866, -29.6886392], [-51.0528963, -29.6892531], [-51.0525635, -29.6899569]]}}, {"type": "Feature", "properties": {"highway": "residential", "name": "Rua Oswaldo Cruz", "osm_id": 356051529, "osm_type": "way"}, "geometry": {"type": "LineString", "coordinates": [[-51.0521332, -29.6867604], [-51.0530559, -29.6871011], [-51.053803, -29.6873615]]}}, {"type": "Feature", "properties": {"highway": "residential", "name": "Avenida Presidente Vargas", "osm_id": 356051531, "osm_type": "way"}, "geometry": {"type": "LineString", "coordinates": [[-51.0530787, -29.6846265], [-51.0526186, -29.6856756], [-51.0525809, -29.6857727]]}}, {"type": "Feature", "properties": {"highway": "residential", "lanes": "2", "maxspeed": "40", "name": "Avenida Presidente Vargas", "surface": "asphalt", "osm_id": 356051532, "osm_type": "way"}, "geometry": {"type": "LineString", "coordinates": [[-51.0521332, -29.6867604], [-51.051901, -29.6870575], [-51.0515643, -29.6873994], [-51.0515241, -29.6874411], [-51.0514247, -29.6875423], [-51.0513013, -29.6876679], [-51.0512777, -29.6876919], [-51.0505306, -29.6885014], [-51.0504751, -29.6885615], [-51.0503907, -29.6886507], [-51.0500363, -29.689025]]}}, {"type": "Feature", "properties": {"highway": "secondary", "lit": "yes", "name": "Avenida Independência", "oneway": "yes", "osm_id": 356051535, "osm_type": "way"}, "geometry": {"type": "LineString", "coordinates": [[-51.0511554, -29.6804875], [-51.0509778, -29.6804468]]}}, {"type": "Feature", "properties": {"highway": "secondary", "lit": "yes", "name": "Avenida Independência", "oneway": "yes", "surface": "asphalt", "osm_id": 356051536, "osm_type": "way"}, "geometry": {"type": "LineString", "coordinates": [[-51.0520285, -29.6805867], [-51.0529082, -29.6807807], [-51.0538013, -29.6810213], [-51.054783, -29.6812724], [-51.0557584, -29.6815051], [-51.0564514, -29.6816841], [-51.0574423, -29.6819162]]}}, {"type": "Feature", "properties": {"highway": "secondary", "name": "Avenida Independência", "oneway": "yes", "surface": "asphalt", "osm_id": 356051537, "osm_type": "way"}, "geometry": {"type": "LineString", "coordinates": [[-51.0574423, -29.6819162], [-51.0575039, -29.6819305], [-51.0578153, -29.6820226], [-51.0582773, -29.682199], [-51.0585282, -29.6823146], [-51.0586071, -29.6823509], [-51.0590417, -29.6826058], [-51.059254, -29.6827644], [-51.059961, -29.6832697], [-51.0601145, -29.6833877], [-51.0604345, -29.6836562], [-51.0605739, -29.6838318], [-51.0606694, -29.6839473], [-51.0607339, -29.6840433], [-51.0609258, -29.6844628], [-51.0609786, -29.6846354]]}}, {"type": "Feature", "properties": {"highway": "secondary", "lit": "yes", "name": "Avenida Independência", "oneway": "yes", "surface": "asphalt", "osm_id": 356051538, "osm_type": "way"}, "geometry": {"type": "LineString", "coordinates": [[-51.0574525, -29.6820326], [-51.0564629, -29.6817919], [-51.0557102, -29.6816191], [-51.0547272, -29.6813786], [-51.0537398, -29.6811253], [-51.0528485, -29.6808802], [-51.0520201, -29.6807024], [-51.0517287, -29.6806415], [-51.0511554, -29.6804875]]}}, {"type": "Feature", "properties": {"highway": "residential", "name": "Rua Rudolfo Dick", "oneway": "yes", "osm_id": 356051539, "osm_type": "way"}, "geometry": {"type": "LineString", "coordinates": [[-51.0574132, -29.6812316], [-51.0583709, -29.6811202], [-51.0585521, -29.6810992], [-51.058999, -29.6810472]]}}, {"type": "Feature", "properties": {"highway": "tertiary", "name": "Avenida São Leopoldo", "oneway": "yes", "surface": "asphalt", "osm_id": 356051540, "osm_type": "way"}, "geometry": {"type": "LineString", "coordinates": [[-51.0572072, -29.6803846], [-51.0572823, -29.6803745], [-51.0576716, -29.6803299], [-51.0588426, -29.6801958], [-51.0597998, -29.6800813], [-51.060681, -29.6799853], [-51.0616289, -29.6799074], [-51.0627851, -29.6798175], [-51.0635249, -29.679758], [-51.0639858, -29.6797074]]}}, {"type": "Feature", "properties": {"highway": "tertiary", "name": "Avenida São Leopoldo", "oneway": "yes", "surface": "asphalt", "osm_id": 356051541, "osm_type": "way"}, "geometry": {"type": "LineString", "coordinates": [[-51.0640555, -29.6797843], [-51.0635266, -29.6798347], [-51.0628088, -29.6799045], [-51.0616353, -29.6799787], [-51.0606934, -29.6800552], [-51.0598079, -29.6801523], [-51.0588534, -29.6802647], [-51.0576837, -29.6803973], [-51.0572975, -29.6804411], [-51.0572206, -29.6804579]]}}, {"type": "Feature", "properties": {"highway": "residential", "osm_id": 356051542, "osm_type": "way"}, "geometry": {"type": "LineString", "coordinates": [[-51.0583467, -29.6833924], [-51.0585044, -29.6844516], [-51.0587034, -29.6857115], [-51.0588374, -29.6863974]]}}, {"type": "Feature", "properties": {"highway": "living_street", "name": "Rua José de Alencar", "osm_id": 356051543, "osm_type": "way"}, "geometry": {"type": "LineString", "coordinates": [[-51.0602837, -29.6836883], [-51.0597575, -29.684173]]}}, {"type": "Feature", "properties": {"highway": "residential", "name": "Rua Fagundes Varela", "osm_id": 356051544, "osm_type": "way"}, "geometry": {"type": "LineString", "coordinates": [[-51.0575979, -29.6850979], [-51.0578627, -29.685048], [-51.057989, -29.6849129], [-51.0580533, -29.6847639], [-51.0580628, -29.6844992], [-51.0580096, -29.6842853], [-51.0578976, -29.6840445], [-51.0575947, -29.6837303], [-51.0574244, -29.6836266], [-51.0573229, -29.6835861], [-51.0572822, -29.6835765], [-51.0569952, -29.683531], [-51.0566184, -29.6835567], [-51.0562268, -29.6837559], [-51.0560672, -29.6839854], [-51.0557199, -29.6847812], [-51.0556729, -29.6849944], [-51.0557279, -29.6852799], [-51.0559803, -29.6856262], [-51.0561394, -29.6857605], [-51.0564749, -29.6859731], [-51.0565471, -29.686018], [-51.0574825, -29.6866241], [-51.0576062, -29.6868122], [-51.0576792, -29.6869651]]}}, {"type": "Feature", "properties": {"highway": "residential", "name": "Rua Raposo Tavares", "osm_id": 356051545, "osm_type": "way"}, "geometry": {"type": "LineString", "coordinates": [[-51.0565471, -29.686018], [-51.0560752, -29.6869039], [-51.0560245, -29.6870194]]}}, {"type": "Feature", "properties": {"highway": "residential", "osm_id": 356051546, "osm_type": "way"}, "geometry": {"type": "LineString", "coordinates": [[-51.0556755, -29.6857015], [-51.055232, -29.6865983]]}}, {"type": "Feature", "properties": {"highway": "residential", "name": "Rua Paulo Becker", "osm_id": 356051547, "osm_type": "way"}, "geometry": {"type": "LineString", "coordinates": [[-51.0587034, -29.6857115], [-51.0579238, -29.6857825], [-51.0575182, -29.6858119]]}}, {"type": "Feature", "properties": {"highway": "residential", "name": "Rua São Jorge", "osm_id": 356051548, "osm_type": "way"}, "geometry": {"type": "LineString", "coordinates": [[-51.0528584, -29.6902705], [-51.0526158, -29.6905], [-51.052335, -29.6911654], [-51.0520582, -29.6918216], [-51.0518297, -29.692363], [-51.0515582, -29.6930064]]}}, {"type": "Feature", "properties": {"highway": "residential", "name": "Rua das Flores", "osm_id": 356051549, "osm_type": "way"}, "geometry": {"type": "LineString", "coordinates": [[-51.0608283, -29.6959229], [-51.0607886, -29.695931], [-51.0607434, -29.6959285], [-51.0606487, -29.6959009], [-51.0599312, -29.6956562], [-51.0596953, -29.6955824], [-51.0585895, -29.6952543], [-51.0567843, -29.6946738], [-51.0560753, -29.6944491], [-51.0550299, -29.6941178], [-51.0541803, -29.6938464], [-51.053358, -29.6935722], [-51.0532673, -29.6935437], [-51.0515582, -29.6930064], [-51.0505522, -29.6926867]]}}, {"type": "Feature", "properties": {"highway": "residential", "name": "Rua Walter Sander", "osm_id": 356093910, "osm_type": "way"}, "geometry": {"type": "LineString", "coordinates": [[-51.0653073, -29.6749466], [-51.0644209, -29.6750571], [-51.063307, -29.6751959]]}}, {"type": "Feature", "properties": {"highway": "tertiary", "lanes": "2", "lit": "yes", "name": "Avenida dos Estados", "surface": "asphalt", "osm_id": 356093912, "osm_type": "way"}, "geometry": {"type": "LineString", "coordinates": [[-51.0627954, -29.6748864], [-51.0623769, -29.6748947], [-51.0620278, -29.6748716], [-51.0615267, -29.674797], [-51.0614063, -29.6747896], [-51.0613639, -29.6747888], [-51.0613332, -29.6747876], [-51.0610734, -29.674729], [-51.0604891, -29.6745203], [-51.0600976, -29.674354], [-51.0594397, -29.674062], [-51.0592226, -29.6739656], [-51.0585168, -29.6737126], [-51.0583063, -29.6736697], [-51.0577616, -29.6735853], [-51.0574123, -29.6735666], [-51.0571007, -29.6735928], [-51.056651, -29.6736652], [-51.0565318, -29.6736962], [-51.0563398, -29.6737491], [-51.0558211, -29.6739772], [-51.055241, -29.6742581], [-51.05514, -29.674307], [-51.0540931, -29.674863], [-51.0534731, -29.6751814], [-51.0519922, -29.6761522]]}}, {"type": "Feature", "properties": {"highway": "tertiary", "lanes": "2", "lit": "yes", "name": "Avenida dos Estados", "surface": "asphalt", "osm_id": 356093913, "osm_type": "way"}, "geometry": {"type": "LineString", "coordinates": [[-51.0691547, -29.6741148], [-51.0690006, -29.6741265], [-51.0684399, -29.6741952], [-51.0671977, -29.6743446], [-51.0669327, -29.6743813], [-51.0662296, -29.6744658], [-51.0652458, -29.6745863], [-51.0643637, -29.6746944], [-51.0632512, -29.6748305], [-51.0627954, -29.6748864]]}}, {"type": "Feature", "properties": {"highway": "residential", "name": "Rua Jorge Kock", "oneway": "yes", "osm_id": 356093914, "osm_type": "way"}, "geometry": {"type": "LineString", "coordinates": [[-51.0532263, -29.6765952], [-51.0529868, -29.6767822]]}}, {"type": "Feature", "properties": {"highway": "residential", "lanes": "2", "lit": "yes", "name": "Rua Arlindo Wiltgen", "surface": "paving_stones", "osm_id": 356093915, "osm_type": "way"}, "geometry": {"type": "LineString", "coordinates": [[-51.0498767, -29.6748296], [-51.0499855, -29.6755354]]}}, {"type": "Feature", "properties": {"highway": "residential", "osm_id": 356093916, "osm_type": "way"}, "geometry": {"type": "LineString", "coordinates": [[-51.0475552, -29.6731559], [-51.0471813, -29.673169]]}}, {"type": "Feature", "properties": {"alt_name": "Rua 6º Papa Paulo; Rua Papa Paulo Sexto", "highway": "residential", "name": "Rua Papa Paulo VI", "osm_id": 356093917, "osm_type": "way"}, "geometry": {"type": "LineString", "coordinates": [[-51.0486444, -29.6692061], [-51.0482826, -29.6690946], [-51.0478948, -29.6690341], [-51.0473871, -29.6690431]]}}, {"type": "Feature", "properties": {"highway": "residential", "name": "Rua Arthur Bernardes", "osm_id": 356093919, "osm_type": "way"}, "geometry": {"type": "LineString", "coordinates": [[-51.0489361, -29.6686109], [-51.0484464, -29.6684487], [-51.0480146, -29.6683807], [-51.0472969, -29.6684056]]}}, {"type": "Feature", "properties": {"highway": "residential", "osm_id": 356093920, "osm_type": "way"}, "geometry": {"type": "LineString", "coordinates": [[-51.0377154, -29.6713968], [-51.0380105, -29.6713671]]}}, {"type": "Feature", "properties": {"highway": "secondary_link", "lit": "yes", "oneway": "yes", "surface": "asphalt", "osm_id": 356093921, "osm_type": "way"}, "geometry": {"type": "LineString", "coordinates": [[-51.0446348, -29.6722849], [-51.0446562, -29.6722856], [-51.0447141, -29.6722993], [-51.044751, -29.6723284], [-51.0447679, -29.6723811], [-51.044706, -29.6724222], [-51.0446692, -29.6724274], [-51.0446376, -29.6724218], [-51.0446063, -29.672413], [-51.0445999, -29.6724102]]}}, {"type": "Feature", "properties": {"highway": "residential", "name": "Rua Manoel V. Z. Teixeira", "osm_id": 356093922, "osm_type": "way"}, "geometry": {"type": "LineString", "coordinates": [[-51.039521, -29.6723715], [-51.0390548, -29.6724114], [-51.0389005, -29.672426], [-51.0382598, -29.672484], [-51.0382046, -29.6724897], [-51.0379138, -29.6725199]]}}, {"type": "Feature", "properties": {"highway": "residential", "name": "Rua Ireno Kirsch", "osm_id": 356093923, "osm_type": "way"}, "geometry": {"type": "LineString", "coordinates": [[-51.0402889, -29.6747104], [-51.0394564, -29.6748432], [-51.0386939, -29.6749287], [-51.0379098, -29.6749997], [-51.0369144, -29.6750881], [-51.0368146, -29.6751069]]}}, {"type": "Feature", "properties": {"highway": "residential", "name": "Rua Marcelino Stein", "osm_id": 356093925, "osm_type": "way"}, "geometry": {"type": "LineString", "coordinates": [[-51.035155, -29.6772845], [-51.0351367, -29.6770149], [-51.035059, -29.6764076], [-51.0349834, -29.6757635]]}}, {"type": "Feature", "properties": {"highway": "residential", "name": "Rua João Norci de Lima", "osm_id": 356093926, "osm_type": "way"}, "geometry": {"type": "LineString", "coordinates": [[-51.0382154, -29.6767293], [-51.0371479, -29.6768287], [-51.0370279, -29.6768406], [-51.0351367, -29.6770149]]}}, {"type": "Feature", "properties": {"highway": "residential", "name": "Rua Celita Alice Dietrich", "osm_id": 356093927, "osm_type": "way"}, "geometry": {"type": "LineString", "coordinates": [[-51.0381309, -29.6761146], [-51.0370481, -29.6762179], [-51.036939, -29.6762288], [-51.035059, -29.6764076]]}}, {"type": "Feature", "properties": {"highway": "residential", "name": "Rua Germano Saueressig", "osm_id": 356093933, "osm_type": "way"}, "geometry": {"type": "LineString", "coordinates": [[-51.0625085, -29.6703958], [-51.0621251, -29.6704461], [-51.061347, -29.6705438], [-51.0606031, -29.6706441]]}}, {"type": "Feature", "properties": {"highway": "residential", "name": "Rua Duque de Caxias", "osm_id": 356093934, "osm_type": "way"}, "geometry": {"type": "LineString", "coordinates": [[-51.0631176, -29.6715571], [-51.0627545, -29.6715764], [-51.0623114, -29.6716326], [-51.0618678, -29.6716889], [-51.0615401, -29.6717304], [-51.0607919, -29.6718253], [-51.0607234, -29.6718353]]}}, {"type": "Feature", "properties": {"highway": "residential", "name": "Rua Eloi", "osm_id": 356093935, "osm_type": "way"}, "geometry": {"type": "LineString", "coordinates": [[-51.0643941, -29.669329], [-51.063594, -29.6694232]]}}, {"type": "Feature", "properties": {"highway": "residential", "name": "Rua Waldemar Kirsch", "osm_id": 356093936, "osm_type": "way"}, "geometry": {"type": "LineString", "coordinates": [[-51.064297, -29.6686608], [-51.0634814, -29.6687682]]}}, {"type": "Feature", "properties": {"highway": "residential", "name": "Rua Arno J. Dias", "osm_id": 356093938, "osm_type": "way"}, "geometry": {"type": "LineString", "coordinates": [[-51.0623758, -29.6675748], [-51.0618515, -29.668071], [-51.0613106, -29.66857]]}}, {"type": "Feature", "properties": {"highway": "residential", "lanes": "2", "lit": "yes", "name": "Rua La Salle", "surface": "asphalt", "osm_id": 356117910, "osm_type": "way"}, "geometry": {"type": "LineString", "coordinates": [[-51.0527304, -29.6774363], [-51.0513608, -29.6775855]]}}, {"type": "Feature", "properties": {"highway": "residential", "lane_markings": "no", "lit": "yes", "name": "Rua Liberato Salzano", "oneway": "yes", "surface": "asphalt", "osm_id": 356117912, "osm_type": "way"}, "geometry": {"type": "LineString", "coordinates": [[-51.0512199, -29.6785233], [-51.0515341, -29.6784882], [-51.0519715, -29.6784393], [-51.0528716, -29.6783191]]}}, {"type": "Feature", "properties": {"highway": "residential", "name": "Travessa São José", "osm_id": 356117917, "osm_type": "way"}, "geometry": {"type": "LineString", "coordinates": [[-51.059538, -29.674704], [-51.0586805, -29.6748141]]}}, {"type": "Feature", "properties": {"highway": "tertiary", "lanes": "2", "lit": "yes", "name": "Avenida dos Estados", "surface": "asphalt", "osm_id": 356117919, "osm_type": "way"}, "geometry": {"type": "LineString", "coordinates": [[-51.07215, -29.6731724], [-51.0718455, -29.6733345], [-51.0713825, -29.673581], [-51.0712118, -29.6736476], [-51.0709104, -29.6737651], [-51.0705044, -29.6738868], [-51.0699395, -29.6740215]]}}, {"type": "Feature", "properties": {"highway": "residential", "name": "Travessa Francisco Alves", "osm_id": 356375352, "osm_type": "way"}, "geometry": {"type": "LineString", "coordinates": [[-51.0593852, -29.6830051], [-51.0589307, -29.683485]]}}, {"type": "Feature", "properties": {"highway": "residential", "name": "Rua Raposo Tavares", "osm_id": 356375353, "osm_type": "way"}, "geometry": {"type": "LineString", "coordinates": [[-51.0564749, -29.6859731], [-51.0569242, -29.6854931], [-51.0570074, -29.6854805]]}}, {"type": "Feature", "properties": {"highway": "residential", "name": "Rua Paulo Becker", "osm_id": 356375354, "osm_type": "way"}, "geometry": {"type": "LineString", "coordinates": [[-51.0570074, -29.6854805], [-51.0575182, -29.6858119], [-51.0576688, -29.6859257], [-51.0578376, -29.6861136]]}}, {"type": "Feature", "properties": {"highway": "residential", "name": "Avenida das Indústrias", "osm_id": 356375355, "osm_type": "way"}, "geometry": {"type": "LineString", "coordinates": [[-51.0698119, -29.6905491], [-51.0702643, -29.6904956], [-51.0707115, -29.6904407], [-51.0712963, -29.6903694]]}}, {"type": "Feature", "properties": {"highway": "residential", "osm_id": 356375357, "osm_type": "way"}, "geometry": {"type": "LineString", "coordinates": [[-51.0564188, -29.6903407], [-51.0561256, -29.6909578]]}}, {"type": "Feature", "properties": {"highway": "residential", "lanes": "2", "maxspeed": "40", "name": "Rua Rubem F. Martins", "osm_id": 356375358, "osm_type": "way"}, "geometry": {"type": "LineString", "coordinates": [[-51.0471367, -29.6851209], [-51.0475661, -29.685112], [-51.0477297, -29.685133], [-51.0480551, -29.6852644], [-51.0481165, -29.6852978], [-51.0482178, -29.6853707], [-51.0485356, -29.6856072]]}}, {"type": "Feature", "properties": {"highway": "secondary", "lane_markings": "no", "lit": "yes", "name": "Avenida Brasil", "oneway": "yes", "surface": "asphalt", "osm_id": 356375360, "osm_type": "way"}, "geometry": {"type": "LineString", "coordinates": [[-51.0453737, -29.6817139], [-51.0455588, -29.6817193], [-51.0461219, -29.68171], [-51.0475954, -29.6816342], [-51.047792, -29.6816201], [-51.0481721, -29.6815433], [-51.0485154, -29.6814187], [-51.0487528, -29.6812905], [-51.0489526, -29.681125], [-51.0492302, -29.6808687], [-51.0494468, -29.6807091], [-51.0496078, -29.6806106], [-51.0497221, -29.6805591], [-51.0498525, -29.6805128], [-51.0499193, -29.6804967], [-51.0500564, -29.6804737], [-51.0505613, -29.680406], [-51.0509065, -29.6803733], [-51.0509895, -29.6803627], [-51.0512593, -29.6803269], [-51.05174, -29.6802699], [-51.0517897, -29.6802637], [-51.0518671, -29.6802541], [-51.052404, -29.6801876], [-51.0530583, -29.6801044], [-51.0531736, -29.6801161]]}}, {"type": "Feature", "properties": {"highway": "secondary", "lit": "yes", "maxspeed": "50", "name": "Avenida Brasil", "surface": "asphalt", "osm_id": 356375361, "osm_type": "way"}, "geometry": {"type": "LineString", "coordinates": [[-51.0609153, -29.6791897], [-51.0605203, -29.6792346], [-51.059766, -29.6793587], [-51.0587521, -29.6794694], [-51.0586153, -29.6794833], [-51.0585067, -29.679495], [-51.0572488, -29.679639], [-51.057165, -29.6796486], [-51.0571027, -29.6796566], [-51.0568622, -29.6796881], [-51.0567963, -29.6796964], [-51.0567438, -29.6797027], [-51.0566235, -29.6797159], [-51.0564961, -29.6797299], [-51.0562034, -29.6797621], [-51.0560387, -29.6797831], [-51.0554451, -29.6798637], [-51.0551291, -29.6798992], [-51.0542867, -29.6800066]]}}, {"type": "Feature", "properties": {"highway": "secondary_link", "oneway": "yes", "osm_id": 356375362, "osm_type": "way"}, "geometry": {"type": "LineString", "coordinates": [[-51.0458525, -29.6818254], [-51.0457091, -29.6819], [-51.0456218, -29.6819978], [-51.0455972, -29.6821014]]}}, {"type": "Feature", "properties": {"highway": "secondary_link", "oneway": "yes", "osm_id": 356375363, "osm_type": "way"}, "geometry": {"type": "LineString", "coordinates": [[-51.0464325, -29.6817873], [-51.0462348, -29.68177], [-51.0461683, -29.6817625], [-51.0461355, -29.6817438], [-51.0461219, -29.68171]]}}, {"type": "Feature", "properties": {"highway": "residential", "name": "Avenida Presidente Tancredo Neves", "osm_id": 356375364, "osm_type": "way"}, "geometry": {"type": "LineString", "coordinates": [[-51.0478237, -29.6814497], [-51.047004, -29.6811786], [-51.0469254, -29.6811654], [-51.0468632, -29.6811553], [-51.0465546, -29.6811013], [-51.0456729, -29.6806019], [-51.0453054, -29.6802892], [-51.0449506, -29.6798143], [-51.0447183, -29.6793542], [-51.0445933, -29.6789544], [-51.0444618, -29.678479], [-51.0444839, -29.6783468]]}}, {"type": "Feature", "properties": {"highway": "residential", "name": "Rua João Alipio", "osm_id": 356375365, "osm_type": "way"}, "geometry": {"type": "LineString", "coordinates": [[-51.0456902, -29.6780349], [-51.0450257, -29.6776385]]}}, {"type": "Feature", "properties": {"highway": "residential", "name": "Rua Fernando Kozicki", "surface": "asphalt", "osm_id": 356375366, "osm_type": "way"}, "geometry": {"type": "LineString", "coordinates": [[-51.0452725, -29.678612], [-51.0454408, -29.6790721], [-51.0455214, -29.6792648], [-51.0456822, -29.6795848], [-51.0460518, -29.6799948], [-51.0462342, -29.6801393], [-51.0464622, -29.6802314], [-51.0466892, -29.6802338], [-51.0469692, -29.6802178], [-51.0471521, -29.680155], [-51.0473375, -29.6799752], [-51.0476134, -29.6798133], [-51.0478617, -29.6796985]]}}, {"type": "Feature", "properties": {"alt_name": "Rua Rudolfo Feltes", "highway": "residential", "name": "Rua Rudolfo H. Feltes", "osm_id": 356375367, "osm_type": "way"}, "geometry": {"type": "LineString", "coordinates": [[-51.0464622, -29.6802314], [-51.0462331, -29.6791561], [-51.0462107, -29.6789958], [-51.0459784, -29.6779648], [-51.0458883, -29.6777867]]}}, {"type": "Feature", "properties": {"highway": "residential", "name": "Rua João Arlindo Hilgert", "osm_id": 356375368, "osm_type": "way"}, "geometry": {"type": "LineString", "coordinates": [[-51.0444839, -29.6783468], [-51.0450257, -29.6776385], [-51.0456945, -29.6767391], [-51.0457435, -29.6766901], [-51.0459136, -29.6765999], [-51.0461919, -29.6765204]]}}, {"type": "Feature", "properties": {"highway": "residential", "name": "Avenida Presidente Tancredo Neves", "oneway": "yes", "osm_id": 356375369, "osm_type": "way"}, "geometry": {"type": "LineString", "coordinates": [[-51.047792, -29.6816201], [-51.0478119, -29.6815434], [-51.0478237, -29.6814497]]}}, {"type": "Feature", "properties": {"highway": "secondary", "lane_markings": "no", "lit": "yes", "maxspeed": "50", "name": "Avenida Brasil", "oneway": "yes", "surface": "asphalt", "osm_id": 356375370, "osm_type": "way"}, "geometry": {"type": "LineString", "coordinates": [[-51.0509778, -29.6804468], [-51.050892, -29.6804528], [-51.050301, -29.6805437], [-51.0499112, -29.6806354], [-51.0497686, -29.6806826], [-51.049727, -29.6807014], [-51.0496553, -29.6807357], [-51.0494904, -29.6808145], [-51.0492274, -29.6810121], [-51.0489692, -29.6812597], [-51.048579, -29.6815061], [-51.0483738, -29.6815912], [-51.0478562, -29.6817286], [-51.0466419, -29.6817787], [-51.0464325, -29.6817873], [-51.0459946, -29.6818161], [-51.0458525, -29.6818254]]}}, {"type": "Feature", "properties": {"highway": "secondary", "lane_markings": "no", "lit": "yes", "oneway": "yes", "surface": "asphalt", "osm_id": 356375371, "osm_type": "way"}, "geometry": {"type": "LineString", "coordinates": [[-51.0518113, -29.6803464], [-51.0518045, -29.6803214], [-51.0517988, -29.6802981], [-51.0517897, -29.6802637]]}}, {"type": "Feature", "properties": {"highway": "residential", "name": "Rua Amaro Nardes", "osm_id": 356375372, "osm_type": "way"}, "geometry": {"type": "LineString", "coordinates": [[-51.0426187, -29.6879903], [-51.0413823, -29.6885086]]}}, {"type": "Feature", "properties": {"highway": "residential", "name": "Rua Deputado Plínio Salgado", "osm_id": 356375373, "osm_type": "way"}, "geometry": {"type": "LineString", "coordinates": [[-51.0426187, -29.6879903], [-51.0424731, -29.6877183], [-51.042287, -29.6873703], [-51.0420806, -29.6869844], [-51.0417439, -29.6863863], [-51.0414439, -29.6858533], [-51.0412964, -29.6855913], [-51.0410365, -29.6850737]]}}, {"type": "Feature", "properties": {"highway": "residential", "name": "Rua Jacob Junges", "osm_id": 356375374, "osm_type": "way"}, "geometry": {"type": "LineString", "coordinates": [[-51.0418203, -29.6812441], [-51.0413654, -29.6806231], [-51.0411068, -29.6803119], [-51.0409716, -29.680181]]}}, {"type": "Feature", "properties": {"highway": "residential", "name": "Rua Carvalho", "osm_id": 356375378, "osm_type": "way"}, "geometry": {"type": "LineString", "coordinates": [[-51.0732857, -29.6887898], [-51.0733824, -29.68945], [-51.0734277, -29.6897592], [-51.0734815, -29.6901264], [-51.0735805, -29.6908026], [-51.0736323, -29.691156], [-51.0736802, -29.6914836], [-51.0737768, -29.6921434], [-51.0738176, -29.6924217]]}}, {"type": "Feature", "properties": {"highway": "residential", "name": "Rua Guilherme Heldt", "osm_id": 356375381, "osm_type": "way"}, "geometry": {"type": "LineString", "coordinates": [[-51.0719284, -29.6889913], [-51.0718761, -29.688916], [-51.0718376, -29.6888459], [-51.0717872, -29.6886955], [-51.0717526, -29.6883893], [-51.0717412, -29.6883147], [-51.0716555, -29.6877578], [-51.0715156, -29.6868479], [-51.0715016, -29.6867561], [-51.0714217, -29.6862342], [-51.071412, -29.6861707], [-51.0713032, -29.6854601], [-51.0712978, -29.6854251], [-51.0712747, -29.6851183], [-51.0712627, -29.6849873], [-51.0712725, -29.6849071], [-51.0712887, -29.6848256]]}}, {"type": "Feature", "properties": {"highway": "living_street", "name": "Rua Coqueiro", "osm_id": 356375384, "osm_type": "way"}, "geometry": {"type": "LineString", "coordinates": [[-51.0720876, -29.6877035], [-51.0716555, -29.6877578]]}}, {"type": "Feature", "properties": {"highway": "living_street", "name": "Rua Macieira", "osm_id": 356375385, "osm_type": "way"}, "geometry": {"type": "LineString", "coordinates": [[-51.0727513, -29.6872105], [-51.0723201, -29.6870647]]}}, {"type": "Feature", "properties": {"alt_name": "Rua Vinte de Setembro", "highway": "residential", "name": "Rua 20 de Setembro", "osm_id": 356593965, "osm_type": "way"}, "geometry": {"type": "LineString", "coordinates": [[-51.0500209, -29.6834911], [-51.0496561, -29.6833638], [-51.0493017, -29.6833256], [-51.0490777, -29.6833306], [-51.0485718, -29.6833248], [-51.0481627, -29.6833213], [-51.0476893, -29.683321], [-51.0474962, -29.6833178], [-51.0466831, -29.6833101]]}}, {"type": "Feature", "properties": {"highway": "residential", "name": "Rua Irio Hoffmeister", "osm_id": 356593966, "osm_type": "way"}, "geometry": {"type": "LineString", "coordinates": [[-51.0641131, -29.6803014], [-51.0640945, -29.6803915], [-51.0639519, -29.6810792]]}}, {"type": "Feature", "properties": {"highway": "residential", "name": "Rua Francisco Oliveira", "osm_id": 356593967, "osm_type": "way"}, "geometry": {"type": "LineString", "coordinates": [[-51.0547758, -29.6664385], [-51.0548655, -29.6665666], [-51.0548982, -29.6667341], [-51.0549823, -29.6673771]]}}, {"type": "Feature", "properties": {"highway": "residential", "name": "Rua José Valdir Duarte", "osm_id": 356593968, "osm_type": "way"}, "geometry": {"type": "LineString", "coordinates": [[-51.0548348, -29.6654987], [-51.0540861, -29.6656168]]}}, {"type": "Feature", "properties": {"highway": "residential", "name": "Avenida Fabiano Trott", "osm_id": 361036951, "osm_type": "way"}, "geometry": {"type": "LineString", "coordinates": [[-51.0708593, -29.665856], [-51.0716431, -29.6657441], [-51.0717046, -29.665735], [-51.0719684, -29.6656959], [-51.0723329, -29.665676], [-51.0725092, -29.6656726], [-51.0728502, -29.6656862], [-51.073152, -29.6657611], [-51.0734733, -29.6658871], [-51.0744985, -29.6663797], [-51.0751343, -29.6666614], [-51.0752597, -29.6666972]]}}, {"type": "Feature", "properties": {"highway": "residential", "name": "Rua Margarida Cavalheiro da Silva", "osm_id": 369606505, "osm_type": "way"}, "geometry": {"type": "LineString", "coordinates": [[-51.0717046, -29.665735], [-51.0714603, -29.6655812], [-51.0713612, -29.6654643], [-51.0712621, -29.6652121], [-51.0711488, -29.6647078], [-51.0709837, -29.6637171], [-51.0706859, -29.6619306], [-51.0703978, -29.6602019], [-51.0700978, -29.6583701]]}}, {"type": "Feature", "properties": {"highway": "residential", "name": "Rua 13", "osm_id": 369606506, "osm_type": "way"}, "geometry": {"type": "LineString", "coordinates": [[-51.0678347, -29.6640779], [-51.0709837, -29.6637171], [-51.0714112, -29.6636711]]}}, {"type": "Feature", "properties": {"highway": "residential", "name": "Rua Geraldo Dick", "osm_id": 372463927, "osm_type": "way"}, "geometry": {"type": "LineString", "coordinates": [[-51.0392325, -29.6645721], [-51.0390386, -29.6657977]]}}, {"type": "Feature", "properties": {"highway": "residential", "name": "Rua Edvino Haubrich", "osm_id": 372465928, "osm_type": "way"}, "geometry": {"type": "LineString", "coordinates": [[-51.0400557, -29.6645319], [-51.039872, -29.6658756]]}}, {"type": "Feature", "properties": {"highway": "residential", "name": "Rua João C. Schoeller", "osm_id": 372465929, "osm_type": "way"}, "geometry": {"type": "LineString", "coordinates": [[-51.039872, -29.6658756], [-51.040136, -29.6665397], [-51.0405612, -29.6675389]]}}, {"type": "Feature", "properties": {"highway": "residential", "name": "Rua Selomar Hoffmeister", "osm_id": 372465930, "osm_type": "way"}, "geometry": {"type": "LineString", "coordinates": [[-51.0386198, -29.6603188], [-51.0382499, -29.6610331], [-51.0378572, -29.6617161], [-51.0374116, -29.6624849], [-51.037135, -29.6629645], [-51.0370772, -29.6631018], [-51.0370603, -29.6632225], [-51.0368731, -29.6645018], [-51.0368694, -29.6645761]]}}, {"type": "Feature", "properties": {"highway": "residential", "name": "Rua Tarso Dutra", "osm_id": 372465931, "osm_type": "way"}, "geometry": {"type": "LineString", "coordinates": [[-51.0368694, -29.6645761], [-51.0369144, -29.6646227], [-51.0370155, -29.6646308], [-51.0371528, -29.6645763], [-51.0375943, -29.6643221], [-51.038379, -29.6638762]]}}, {"type": "Feature", "properties": {"addr:city": "Campo bom", "addr:housenumber": "5238", "addr:postcode": "93700-000", "addr:street": "Avenida dos Municípios", "addr:suburb": "Santa Lúcia", "industrial": "factory", "landuse": "industrial", "name": "Box Print Embalagens e Displays", "phone": "+55 51 2111-1311", "osm_id": 401413291, "osm_type": "way"}, "geometry": {"type": "Polygon", "coordinates": [[[-51.0440565, -29.6737375], [-51.0439932, -29.6739665], [-51.0434442, -29.6759564], [-51.0433912, -29.6765705], [-51.0434248, -29.6778388], [-51.0434354, -29.6782365], [-51.0435679, -29.6790809], [-51.0431427, -29.6791145], [-51.0429952, -29.6780065], [-51.0428296, -29.6767619], [-51.0426048, -29.6754957], [-51.042503, -29.673549], [-51.0429395, -29.6736391], [-51.0431373, -29.6736523], [-51.0431827, -29.6736554], [-51.0440565, -29.6737375]]]}}, {"type": "Feature", "properties": {"highway": "residential", "name": "Avenida João Demetrio", "oneway": "yes", "osm_id": 410057692, "osm_type": "way"}, "geometry": {"type": "LineString", "coordinates": [[-51.035424, -29.6691346], [-51.0352759, -29.6690526], [-51.0350754, -29.6689317], [-51.0347989, -29.668822], [-51.0346452, -29.6687764], [-51.0344888, -29.668763], [-51.0340527, -29.6688032], [-51.0337537, -29.6688451], [-51.0327054, -29.6689151], [-51.0321632, -29.6689601], [-51.0315609, -29.6690246], [-51.0314469, -29.6690256]]}}, {"type": "Feature", "properties": {"highway": "residential", "name": "Rua Waldemir Faccini", "osm_id": 410057694, "osm_type": "way"}, "geometry": {"type": "LineString", "coordinates": [[-51.0378064, -29.6693117], [-51.0370654, -29.6693876], [-51.0365828, -29.6694343], [-51.0360697, -29.6694767], [-51.0355733, -29.6695256], [-51.0354601, -29.6695388]]}}, {"type": "Feature", "properties": {"highway": "residential", "surface": "unpaved", "osm_id": 410057696, "osm_type": "way"}, "geometry": {"type": "LineString", "coordinates": [[-51.0380242, -29.6829399], [-51.0379434, -29.6832433], [-51.0378693, -29.6835224], [-51.037727, -29.6841608], [-51.0376118, -29.6846776], [-51.0374905, -29.685141], [-51.037439, -29.6853925], [-51.0374151, -29.6855606]]}}, {"type": "Feature", "properties": {"highway": "residential", "name": "Rua Ernesto Jacobus", "osm_id": 410057697, "osm_type": "way"}, "geometry": {"type": "LineString", "coordinates": [[-51.0469877, -29.6791292], [-51.0466025, -29.6791669], [-51.0464108, -29.6791492], [-51.0462911, -29.679084], [-51.0462107, -29.6789958]]}}, {"type": "Feature", "properties": {"alt_name": "Rua Sete; Rua 07", "highway": "residential", "name": "Rua Manuel Antônio Gomes", "osm_id": 410057704, "osm_type": "way"}, "geometry": {"type": "LineString", "coordinates": [[-51.0330993, -29.6660037], [-51.0344043, -29.6658948]]}}, {"type": "Feature", "properties": {"alt_name": "Rua Um; Rua 01", "highway": "residential", "name": "Rua 1", "osm_id": 410057708, "osm_type": "way"}, "geometry": {"type": "LineString", "coordinates": [[-51.0354105, -29.6664991], [-51.035724, -29.6667252], [-51.0360029, -29.6668347], [-51.0366693, -29.666908]]}}, {"type": "Feature", "properties": {"highway": "residential", "surface": "unpaved", "osm_id": 410057711, "osm_type": "way"}, "geometry": {"type": "LineString", "coordinates": [[-51.0336217, -29.663769], [-51.0287945, -29.6642383], [-51.0286751, -29.6642908], [-51.0285692, -29.6644108], [-51.028026, -29.6652568], [-51.0279027, -29.6654037], [-51.0277444, -29.6655412], [-51.0276344, -29.6656018], [-51.0274586, -29.6655951], [-51.0272232, -29.6655425], [-51.0270293, -29.6655495], [-51.0269094, -29.6655658]]}}, {"type": "Feature", "properties": {"highway": "living_street", "name": "Rua Pedestre", "osm_id": 410057716, "osm_type": "way"}, "geometry": {"type": "LineString", "coordinates": [[-51.0547013, -29.6697272], [-51.05398, -29.6695061]]}}, {"type": "Feature", "properties": {"highway": "residential", "name": "Rua Jacob Spindler", "osm_id": 410057721, "osm_type": "way"}, "geometry": {"type": "LineString", "coordinates": [[-51.0520522, -29.6722894], [-51.0524755, -29.6719584], [-51.0532565, -29.6714093], [-51.0534078, -29.6712702], [-51.0535835, -29.6711295], [-51.0537954, -29.6709431], [-51.0540847, -29.6707052], [-51.0544941, -29.6703469], [-51.0547725, -29.6701651]]}}, {"type": "Feature", "properties": {"alt_name": "Rua dos Andradas", "highway": "residential", "name": "Travessa dos Andradas", "osm_id": 410057727, "osm_type": "way"}, "geometry": {"type": "LineString", "coordinates": [[-51.0458629, -29.6742987], [-51.045563, -29.6740514], [-51.0453697, -29.673799], [-51.0452327, -29.6732619]]}}, {"type": "Feature", "properties": {"highway": "residential", "name": "Rua Tancredo Neves", "osm_id": 410057731, "osm_type": "way"}, "geometry": {"type": "LineString", "coordinates": [[-51.0470463, -29.6745048], [-51.0469732, -29.6741316], [-51.046937, -29.6740244], [-51.04689, -29.6739393], [-51.0468189, -29.67381], [-51.046768, -29.673662], [-51.046749, -29.6734401], [-51.0467087, -29.6732151], [-51.0466612, -29.6729505], [-51.0459262, -29.6729756]]}}, {"type": "Feature", "properties": {"highway": "living_street", "name": "Rua Pedestre", "osm_id": 410057735, "osm_type": "way"}, "geometry": {"type": "LineString", "coordinates": [[-51.0548461, -29.6780511], [-51.0540537, -29.6781429]]}}, {"type": "Feature", "properties": {"highway": "residential", "name": "Rua F Blos", "osm_id": 410057737, "osm_type": "way"}, "geometry": {"type": "LineString", "coordinates": [[-51.0556725, -29.6700392], [-51.0547725, -29.6701651]]}}, {"type": "Feature", "properties": {"highway": "residential", "osm_id": 410057741, "osm_type": "way"}, "geometry": {"type": "LineString", "coordinates": [[-51.0585044, -29.6844516], [-51.0580628, -29.6844992]]}}, {"type": "Feature", "properties": {"highway": "residential", "name": "Rua Norberto Maurer", "osm_id": 410057745, "osm_type": "way"}, "geometry": {"type": "LineString", "coordinates": [[-51.0597991, -29.6891571], [-51.0595409, -29.6891812], [-51.0593588, -29.6891722], [-51.059048, -29.6890987]]}}, {"type": "Feature", "properties": {"natural": "water", "water": "lake", "osm_id": 410344515, "osm_type": "way"}, "geometry": {"type": "Polygon", "coordinates": [[[-51.0432643, -29.6756284], [-51.0432665, -29.675734], [-51.0432466, -29.6759067], [-51.0432201, -29.6759278], [-51.0431781, -29.6758395], [-51.0431605, -29.6757877], [-51.0431693, -29.6757109], [-51.0431119, -29.6756917], [-51.0431362, -29.6756572], [-51.0431804, -29.6756284], [-51.0432179, -29.6756284], [-51.0432643, -29.6756284]]]}}, {"type": "Feature", "properties": {"highway": "service", "oneway": "no", "service": "driveway", "osm_id": 410352681, "osm_type": "way"}, "geometry": {"type": "LineString", "coordinates": [[-51.0432373, -29.6777357], [-51.0432123, -29.6776997], [-51.0431784, -29.6776481], [-51.0431411, -29.6775869], [-51.0431258, -29.6775322], [-51.0430879, -29.676697], [-51.0431142, -29.6766564], [-51.0431637, -29.6766387], [-51.0432114, -29.6766383], [-51.0432424, -29.6766514], [-51.0432745, -29.6766792], [-51.0433124, -29.6775352], [-51.0432742, -29.677598], [-51.0432549, -29.6776531]]}}, {"type": "Feature", "properties": {"highway": "service", "service": "driveway", "osm_id": 410352682, "osm_type": "way"}, "geometry": {"type": "LineString", "coordinates": [[-51.0433539, -29.6778172], [-51.0432493, -29.6779235], [-51.0432316, -29.678028], [-51.0432351, -29.6781433], [-51.0432741, -29.6783371], [-51.0432953, -29.6784862], [-51.0432776, -29.6786], [-51.0432422, -29.6787061]]}}, {"type": "Feature", "properties": {"highway": "secondary_link", "oneway": "yes", "osm_id": 484308494, "osm_type": "way"}, "geometry": {"type": "LineString", "coordinates": [[-51.0438508, -29.6793801], [-51.0438075, -29.6794193], [-51.043786, -29.6794315], [-51.043738, -29.6794423]]}}, {"type": "Feature", "properties": {"highway": "secondary_link", "oneway": "yes", "osm_id": 484308495, "osm_type": "way"}, "geometry": {"type": "LineString", "coordinates": [[-51.0436795, -29.6792679], [-51.0437086, -29.6792611], [-51.0437391, -29.679259], [-51.0437827, -29.6792649], [-51.0438201, -29.6792718]]}}, {"type": "Feature", "properties": {"highway": "secondary", "lane_markings": "no", "lit": "yes", "oneway": "yes", "surface": "asphalt", "osm_id": 491712922, "osm_type": "way"}, "geometry": {"type": "LineString", "coordinates": [[-51.0724442, -29.6729324], [-51.0723013, -29.6727999], [-51.0722445, -29.6727368], [-51.0722036, -29.6726914], [-51.0721705, -29.6726601]]}}, {"type": "Feature", "properties": {"highway": "secondary", "lanes": "1", "lit": "yes", "oneway": "yes", "surface": "asphalt", "osm_id": 491712923, "osm_type": "way"}, "geometry": {"type": "LineString", "coordinates": [[-51.0718833, -29.6723013], [-51.0719008, -29.6720925], [-51.0719235, -29.6720035]]}}, {"type": "Feature", "properties": {"access": "bus", "highway": "service", "oneway": "yes", "osm_id": 493918538, "osm_type": "way"}, "geometry": {"type": "LineString", "coordinates": [[-51.045973, -29.6827075], [-51.0460886, -29.6827424], [-51.0462392, -29.6827308], [-51.0464368, -29.6826377]]}}, {"type": "Feature", "properties": {"access": "bus", "highway": "service", "oneway": "yes", "osm_id": 493918539, "osm_type": "way"}, "geometry": {"type": "LineString", "coordinates": [[-51.0464368, -29.6826377], [-51.0463397, -29.6827948], [-51.0462908, -29.6829026], [-51.0462855, -29.6830046]]}}, {"type": "Feature", "properties": {"access": "bus", "highway": "service", "osm_id": 493918540, "osm_type": "way"}, "geometry": {"type": "LineString", "coordinates": [[-51.0464368, -29.6826377], [-51.0464736, -29.6825359], [-51.0464368, -29.6824515], [-51.0463765, -29.6823701]]}}, {"type": "Feature", "properties": {"highway": "secondary", "maxspeed": "40", "name": "Avenida dos Municípios", "oneway": "yes", "osm_id": 493918541, "osm_type": "way"}, "geometry": {"type": "LineString", "coordinates": [[-51.045973, -29.6827075], [-51.0460854, -29.6828261], [-51.0461795, -29.6829126], [-51.0462459, -29.6829702], [-51.0462855, -29.6830046]]}}, {"type": "Feature", "properties": {"highway": "secondary", "maxspeed": "40", "name": "Avenida dos Municípios", "oneway": "yes", "osm_id": 493918542, "osm_type": "way"}, "geometry": {"type": "LineString", "coordinates": [[-51.0464161, -29.6833109], [-51.0464314, -29.6833536], [-51.0464478, -29.6834043], [-51.0464851, -29.6835345], [-51.0465023, -29.6836042], [-51.0465256, -29.6836979], [-51.0465631, -29.6838354], [-51.0466674, -29.6841241], [-51.0467469, -29.6844051], [-51.046769, -29.6844852], [-51.0467882, -29.6845804], [-51.0468025, -29.6846346], [-51.0468364, -29.6848022], [-51.0468575, -29.6849148], [-51.046878, -29.6850456]]}}, {"type": "Feature", "properties": {"highway": "secondary", "lanes": "4", "maxspeed": "40", "name": "Avenida dos Municípios", "oneway": "yes", "source": "survey; Bing", "surface": "asphalt", "osm_id": 493918543, "osm_type": "way"}, "geometry": {"type": "LineString", "coordinates": [[-51.0461295, -29.6832857], [-51.0460874, -29.6832368], [-51.0460491, -29.6831652], [-51.0460116, -29.683083], [-51.045995, -29.6830317], [-51.0459754, -29.6829706]]}}, {"type": "Feature", "properties": {"highway": "secondary", "lanes": "2", "maxspeed": "50", "name": "Avenida Brasil", "oneway": "yes", "surface": "asphalt", "osm_id": 493918544, "osm_type": "way"}, "geometry": {"type": "LineString", "coordinates": [[-51.0820281, -29.6765702], [-51.0822783, -29.6765386], [-51.0825339, -29.6765063], [-51.0829438, -29.6764586], [-51.0845293, -29.676281], [-51.0856642, -29.6761589], [-51.0857156, -29.6761537], [-51.0859019, -29.6761291], [-51.086728, -29.6760335], [-51.0871619, -29.6759824], [-51.0878193, -29.6759009]]}}, {"type": "Feature", "properties": {"highway": "residential", "lanes": "2", "oneway": "yes", "osm_id": 493918545, "osm_type": "way"}, "geometry": {"type": "LineString", "coordinates": [[-51.0819106, -29.676895], [-51.0818615, -29.6770249]]}}, {"type": "Feature", "properties": {"highway": "residential", "lanes": "1", "name": "Rua Wolfram Metzler", "oneway": "yes", "surface": "asphalt", "osm_id": 493918546, "osm_type": "way"}, "geometry": {"type": "LineString", "coordinates": [[-51.0821728, -29.6775121], [-51.0819711, -29.6774565], [-51.0816451, -29.6772919], [-51.0812558, -29.6770695], [-51.0811901, -29.6770269], [-51.0811243, -29.6769843]]}}, {"type": "Feature", "properties": {"highway": "secondary", "lanes": "2", "maxspeed": "50", "name": "Avenida Brasil", "oneway": "yes", "surface": "asphalt", "osm_id": 493918549, "osm_type": "way"}, "geometry": {"type": "LineString", "coordinates": [[-51.0877578, -29.6761694], [-51.0874891, -29.6760806], [-51.0872611, -29.6760693], [-51.0870396, -29.6760942], [-51.0857827, -29.6762351], [-51.0845015, -29.6763727], [-51.0829941, -29.6765617], [-51.0825746, -29.6766013], [-51.0822814, -29.6766862], [-51.0819559, -29.6768484]]}}, {"type": "Feature", "properties": {"highway": "secondary", "lanes": "2", "maxspeed": "50", "name": "Avenida Brasil", "oneway": "yes", "surface": "asphalt", "osm_id": 493918551, "osm_type": "way"}, "geometry": {"type": "LineString", "coordinates": [[-51.0810715, -29.676956], [-51.0809121, -29.6769307], [-51.0806051, -29.6768946], [-51.08049, -29.6768967], [-51.0786518, -29.6771052], [-51.0773007, -29.6772793], [-51.0771918, -29.6772929], [-51.0751361, -29.6775225], [-51.074977, -29.6775403], [-51.0747449, -29.6775124]]}}, {"type": "Feature", "properties": {"highway": "secondary", "junction": "roundabout", "lane_markings": "no", "lit": "yes", "oneway": "yes", "surface": "asphalt", "osm_id": 496810370, "osm_type": "way"}, "geometry": {"type": "LineString", "coordinates": [[-51.0441147, -29.6740672], [-51.0440991, -29.674028], [-51.0440981, -29.6739864], [-51.0441121, -29.6739466], [-51.0441395, -29.6739125], [-51.0441777, -29.6738875]]}}, {"type": "Feature", "properties": {"highway": "secondary", "junction": "roundabout", "lane_markings": "no", "lit": "yes", "oneway": "yes", "surface": "asphalt", "osm_id": 496810371, "osm_type": "way"}, "geometry": {"type": "LineString", "coordinates": [[-51.0443217, -29.6741217], [-51.0442765, -29.6741354], [-51.0442286, -29.6741362], [-51.0441828, -29.6741242], [-51.0441436, -29.6741004], [-51.0441147, -29.6740672]]}}, {"type": "Feature", "properties": {"highway": "secondary", "maxspeed": "40", "name": "Avenida dos Municípios", "oneway": "yes", "osm_id": 496810373, "osm_type": "way"}, "geometry": {"type": "LineString", "coordinates": [[-51.0462855, -29.6830046], [-51.0463882, -29.6832238]]}}, {"type": "Feature", "properties": {"alt_name": "Rua Wolfran Metzler", "highway": "residential", "lanes": "2", "maxspeed": "40", "name": "Rua Wolfram Metzler", "surface": "asphalt", "osm_id": 497065223, "osm_type": "way"}, "geometry": {"type": "LineString", "coordinates": [[-51.0870979, -29.678565], [-51.0870207, -29.6786168], [-51.0868278, -29.6787458], [-51.0867047, -29.6787959], [-51.0865783, -29.6788285], [-51.0863144, -29.6788422], [-51.0855491, -29.6788148], [-51.0852119, -29.6787775], [-51.0848432, -29.6785943], [-51.0847042, -29.6784815], [-51.0845858, -29.6783403], [-51.0845055, -29.6782297], [-51.0842998, -29.6778935], [-51.0841939, -29.6777322], [-51.0840903, -29.6775772], [-51.0839725, -29.6774605], [-51.083763, -29.6773443], [-51.0835493, -29.6772835], [-51.0833871, -29.6772908], [-51.0832353, -29.6773233], [-51.0831127, -29.6773606], [-51.0829009, -29.677458], [-51.0827115, -29.6775184], [-51.0825208, -29.6775574], [-51.0823653, -29.6775485], [-51.0821728, -29.6775121]]}}, {"type": "Feature", "properties": {"highway": "secondary", "maxspeed": "50", "name": "Avenida Brasil", "oneway": "yes", "surface": "asphalt", "osm_id": 497065224, "osm_type": "way"}, "geometry": {"type": "LineString", "coordinates": [[-51.0458525, -29.6818254], [-51.0457131, -29.6818697], [-51.0455924, -29.6819367], [-51.0455336, -29.6819806]]}}, {"type": "Feature", "properties": {"highway": "secondary", "maxspeed": "40", "name": "Avenida dos Municípios", "oneway": "yes", "osm_id": 497065225, "osm_type": "way"}, "geometry": {"type": "LineString", "coordinates": [[-51.0455972, -29.6821014], [-51.0456992, -29.6823111], [-51.0459113, -29.6826162], [-51.045973, -29.6827075]]}}, {"type": "Feature", "properties": {"highway": "secondary", "junction": "roundabout", "lane_markings": "no", "lit": "yes", "oneway": "yes", "surface": "asphalt", "osm_id": 497065226, "osm_type": "way"}, "geometry": {"type": "LineString", "coordinates": [[-51.0441777, -29.6738875], [-51.0442229, -29.6738739], [-51.0442708, -29.6738732], [-51.0443166, -29.6738854], [-51.0443558, -29.6739093], [-51.0443846, -29.6739425]]}}, {"type": "Feature", "properties": {"highway": "secondary", "lit": "yes", "maxspeed": "50", "name": "Avenida Brasil", "surface": "asphalt", "osm_id": 530699610, "osm_type": "way"}, "geometry": {"type": "LineString", "coordinates": [[-51.0542867, -29.6800066], [-51.0531736, -29.6801161]]}}, {"type": "Feature", "properties": {"alt_name": "Rua Vinte e Cinco de Julho", "highway": "residential", "name": "Rua 25 de Julho", "osm_id": 530699612, "osm_type": "way"}, "geometry": {"type": "LineString", "coordinates": [[-51.0513611, -29.6861609], [-51.0505217, -29.6858655], [-51.0500893, -29.6857598], [-51.0497318, -29.6856923], [-51.0492491, -29.6856362]]}}, {"type": "Feature", "properties": {"highway": "residential", "name": "Avenida Presidente Vargas", "osm_id": 530699614, "osm_type": "way"}, "geometry": {"type": "LineString", "coordinates": [[-51.0522508, -29.686482], [-51.0521332, -29.6867604]]}}, {"type": "Feature", "properties": {"highway": "secondary", "lanes": "4", "maxspeed": "40", "name": "Avenida dos Municípios", "oneway": "yes", "source": "survey; Bing", "surface": "asphalt", "osm_id": 530699616, "osm_type": "way"}, "geometry": {"type": "LineString", "coordinates": [[-51.0459754, -29.6829706], [-51.0459574, -29.6829252], [-51.045906, -29.6827762], [-51.0458252, -29.6826281], [-51.0456807, -29.6824395], [-51.0455305, -29.6822508], [-51.0454688, -29.682192], [-51.0454084, -29.6821339], [-51.0453222, -29.6820662]]}}, {"type": "Feature", "properties": {"highway": "secondary", "junction": "roundabout", "oneway": "yes", "osm_id": 535858611, "osm_type": "way"}, "geometry": {"type": "LineString", "coordinates": [[-51.0497927, -29.689141], [-51.0498353, -29.6891501], [-51.0498749, -29.6891664], [-51.0499101, -29.6891892], [-51.0499393, -29.6892176], [-51.0499615, -29.6892505], [-51.0499758, -29.6892865]]}}, {"type": "Feature", "properties": {"intermittent": "yes", "waterway": "stream", "osm_id": 540871335, "osm_type": "way"}, "geometry": {"type": "LineString", "coordinates": [[-51.0416436, -29.6963675], [-51.0417241, -29.6963185], [-51.0417657, -29.6962976], [-51.0419253, -29.6962358], [-51.0421506, -29.6962312], [-51.0423034, -29.6963011], [-51.0424054, -29.6963966], [-51.0425904, -29.6964595], [-51.0429096, -29.6962684], [-51.0430759, -29.6960541], [-51.0438699, -29.6957186], [-51.0442722, -29.6956114], [-51.0446692, -29.6956533], [-51.044873, -29.6958211], [-51.0449857, -29.6959236], [-51.0450286, -29.6961613], [-51.0449755, -29.6966118]]}}, {"type": "Feature", "properties": {"intermittent": "yes", "layer": "-1", "tunnel": "culvert", "waterway": "stream", "osm_id": 540871336, "osm_type": "way"}, "geometry": {"type": "LineString", "coordinates": [[-51.0414585, -29.6963954], [-51.0416436, -29.6963675]]}}, {"type": "Feature", "properties": {"waterway": "stream", "osm_id": 540871337, "osm_type": "way"}, "geometry": {"type": "LineString", "coordinates": [[-51.0246062, -29.7203129], [-51.0246948, -29.7198003], [-51.0245419, -29.7194952], [-51.0244399, -29.7191901], [-51.0245499, -29.7189478], [-51.0249335, -29.7187591], [-51.0252097, -29.7185169], [-51.0256282, -29.7184191], [-51.0258293, -29.7177062], [-51.0265374, -29.7170167], [-51.0278249, -29.7163272], [-51.0284901, -29.7159358], [-51.0286188, -29.7156749], [-51.0285545, -29.7147431], [-51.0289622, -29.7142772], [-51.0315585, -29.7133081], [-51.0318589, -29.71301], [-51.0316873, -29.71178], [-51.0316444, -29.7099722], [-51.0302711, -29.7092267], [-51.0295415, -29.7067479], [-51.0291982, -29.7047164], [-51.0290909, -29.7037845], [-51.0297775, -29.7032813], [-51.0320091, -29.7015945], [-51.0364723, -29.6984166], [-51.0365582, -29.6982116], [-51.0365421, -29.697946], [-51.036762, -29.6977037], [-51.0369605, -29.6975266], [-51.037041, -29.6973262], [-51.0373414, -29.6973495], [-51.0375667, -29.6975033], [-51.0377544, -29.6976711], [-51.038307, -29.6977549], [-51.0388702, -29.6976617], [-51.0394925, -29.6973868], [-51.0397822, -29.6971026], [-51.0400075, -29.697042], [-51.0405868, -29.6970979], [-51.0409838, -29.6970979], [-51.0412949, -29.6970466], [-51.0414532, -29.6968486], [-51.0414612, -29.6966506], [-51.0414384, -29.6964513], [-51.0414585, -29.6963954]]}}, {"type": "Feature", "properties": {"intermittent": "yes", "waterway": "stream", "osm_id": 541134385, "osm_type": "way"}, "geometry": {"type": "LineString", "coordinates": [[-51.0672158, -29.6611735], [-51.0671648, -29.6612364], [-51.0667652, -29.6615091], [-51.0665882, -29.6617608], [-51.0663749, -29.6618957], [-51.0661927, -29.6620235], [-51.0659879, -29.6621925], [-51.0657132, -29.6624491], [-51.0653222, -29.6627607], [-51.065113, -29.6629262], [-51.0649306, -29.6631406], [-51.0647804, -29.6633177], [-51.0645872, -29.6635042], [-51.0643405, -29.6639051], [-51.0641286, -29.6643269], [-51.0637316, -29.664842]]}}, {"type": "Feature", "properties": {"intermittent": "yes", "layer": "-1", "tunnel": "culvert", "waterway": "stream", "osm_id": 541134386, "osm_type": "way"}, "geometry": {"type": "LineString", "coordinates": [[-51.0675752, -29.6608402], [-51.0672158, -29.6611735]]}}, {"type": "Feature", "properties": {"intermittent": "yes", "layer": "-1", "tunnel": "culvert", "waterway": "stream", "osm_id": 541134389, "osm_type": "way"}, "geometry": {"type": "LineString", "coordinates": [[-51.0587534, -29.668592], [-51.0586005, -29.6686526]]}}, {"type": "Feature", "properties": {"intermittent": "yes", "waterway": "stream", "osm_id": 541134390, "osm_type": "way"}, "geometry": {"type": "LineString", "coordinates": [[-51.0600275, -29.6680932], [-51.0587534, -29.668592]]}}, {"type": "Feature", "properties": {"intermittent": "yes", "layer": "-1", "tunnel": "culvert", "waterway": "stream", "osm_id": 541134391, "osm_type": "way"}, "geometry": {"type": "LineString", "coordinates": [[-51.0602716, -29.6679417], [-51.0600275, -29.6680932]]}}, {"type": "Feature", "properties": {"intermittent": "yes", "waterway": "stream", "osm_id": 541134392, "osm_type": "way"}, "geometry": {"type": "LineString", "coordinates": [[-51.0636216, -29.6649539], [-51.0602716, -29.6679417]]}}, {"type": "Feature", "properties": {"intermittent": "yes", "layer": "-1", "tunnel": "culvert", "waterway": "stream", "osm_id": 541134393, "osm_type": "way"}, "geometry": {"type": "LineString", "coordinates": [[-51.0637316, -29.664842], [-51.0636216, -29.6649539]]}}, {"type": "Feature", "properties": {"intermittent": "yes", "waterway": "stream", "osm_id": 541134394, "osm_type": "way"}, "geometry": {"type": "LineString", "coordinates": [[-51.0716039, -29.6532999], [-51.0716093, -29.6535376], [-51.0716254, -29.6538453], [-51.0717541, -29.6542975], [-51.0717917, -29.6545492], [-51.0717702, -29.6549781], [-51.071679, -29.6553184], [-51.0716093, -29.6555049], [-51.0714805, -29.6557007], [-51.0711694, -29.6559944], [-51.0708475, -29.6562648], [-51.0705257, -29.6565072], [-51.0704613, -29.656992], [-51.0700321, -29.6575141], [-51.0696352, -29.6582087], [-51.069147, -29.6587028], [-51.0689324, -29.6590012], [-51.0685462, -29.6593088], [-51.0684013, -29.6595652], [-51.0684389, -29.6599615], [-51.0682887, -29.660395], [-51.0678676, -29.6607283], [-51.0675752, -29.6608402]]}}, {"type": "Feature", "properties": {"intermittent": "yes", "waterway": "stream", "osm_id": 541134395, "osm_type": "way"}, "geometry": {"type": "LineString", "coordinates": [[-51.0561973, -29.6728592], [-51.0562295, -29.6731551], [-51.0561338, -29.6733567]]}}, {"type": "Feature", "properties": {"intermittent": "yes", "layer": "-1", "tunnel": "culvert", "waterway": "stream", "osm_id": 541134396, "osm_type": "way"}, "geometry": {"type": "LineString", "coordinates": [[-51.0561651, -29.672682], [-51.0561973, -29.6728592]]}}, {"type": "Feature", "properties": {"intermittent": "yes", "waterway": "stream", "osm_id": 541134397, "osm_type": "way"}, "geometry": {"type": "LineString", "coordinates": [[-51.0586005, -29.6686526], [-51.0571575, -29.6692375], [-51.0568705, -29.669431], [-51.0565433, -29.6698132], [-51.0563475, -29.6702467], [-51.0561436, -29.6713956], [-51.0560498, -29.6719666], [-51.0561651, -29.672682]]}}, {"type": "Feature", "properties": {"name": "Arroio Schmidt", "source": "IBGE", "waterway": "river", "osm_id": 541134398, "osm_type": "way"}, "geometry": {"type": "LineString", "coordinates": [[-51.0447228, -29.6898632], [-51.0448891, -29.6905972], [-51.0448355, -29.6912636], [-51.0448194, -29.6915945], [-51.0449562, -29.6919365]]}}, {"type": "Feature", "properties": {"layer": "-1", "name": "Arroio Schmidt", "source": "IBGE", "tunnel": "culvert", "waterway": "river", "osm_id": 541134399, "osm_type": "way"}, "geometry": {"type": "LineString", "coordinates": [[-51.0447174, -29.68953], [-51.0447228, -29.6898632]]}}, {"type": "Feature", "properties": {"layer": "-1", "name": "Arroio Schmidt", "source": "IBGE", "tunnel": "culvert", "waterway": "river", "osm_id": 541134401, "osm_type": "way"}, "geometry": {"type": "LineString", "coordinates": [[-51.047464, -29.6867479], [-51.0469061, -29.6868224]]}}, {"type": "Feature", "properties": {"name": "Arroio Schmidt", "source": "IBGE", "waterway": "river", "osm_id": 541134402, "osm_type": "way"}, "geometry": {"type": "LineString", "coordinates": [[-51.0489097, -29.6857296], [-51.0488588, -29.6859323], [-51.0487622, -29.6860954], [-51.0484618, -29.6864123], [-51.0481238, -29.6865615], [-51.047464, -29.6867479]]}}, {"type": "Feature", "properties": {"layer": "-1", "name": "Arroio Schmidt", "source": "IBGE", "tunnel": "culvert", "waterway": "river", "osm_id": 541134403, "osm_type": "way"}, "geometry": {"type": "LineString", "coordinates": [[-51.0489875, -29.6854872], [-51.0489097, -29.6857296]]}}, {"type": "Feature", "properties": {"name": "Arroio Schmidt", "source": "IBGE", "waterway": "river", "osm_id": 541134404, "osm_type": "way"}, "geometry": {"type": "LineString", "coordinates": [[-51.04976, -29.6835229], [-51.0496903, -29.6838351], [-51.0495722, -29.6841847], [-51.0493523, -29.6845319], [-51.0492718, -29.6847486], [-51.049237, -29.6850189], [-51.0491833, -29.6852309], [-51.0490733, -29.6853964], [-51.0489875, -29.6854872]]}}, {"type": "Feature", "properties": {"layer": "-1", "name": "Arroio Schmidt", "source": "IBGE", "tunnel": "culvert", "waterway": "stream", "osm_id": 541134405, "osm_type": "way"}, "geometry": {"type": "LineString", "coordinates": [[-51.0498887, -29.6832293], [-51.0498565, -29.6833027], [-51.04976, -29.6835229]]}}, {"type": "Feature", "properties": {"name": "Arroio Schmidt", "source": "IBGE", "waterway": "river", "osm_id": 541134406, "osm_type": "way"}, "geometry": {"type": "LineString", "coordinates": [[-51.0507256, -29.6806566], [-51.0506183, -29.6808338], [-51.0505888, -29.6809899], [-51.050629, -29.681167], [-51.0506022, -29.6814163], [-51.0504896, -29.6816074], [-51.0503662, -29.6820269], [-51.0501999, -29.6824836], [-51.0498887, -29.6832293]]}}, {"type": "Feature", "properties": {"layer": "-1", "name": "Arroio Schmidt", "source": "IBGE", "tunnel": "culvert", "waterway": "river", "osm_id": 541134407, "osm_type": "way"}, "geometry": {"type": "LineString", "coordinates": [[-51.0508114, -29.6802046], [-51.0507256, -29.6806566]]}}, {"type": "Feature", "properties": {"name": "Arroio Schmidt", "source": "IBGE", "waterway": "river", "osm_id": 541134408, "osm_type": "way"}, "geometry": {"type": "LineString", "coordinates": [[-51.0516429, -29.6761544], [-51.0513318, -29.6765879], [-51.0512406, -29.6769514], [-51.0510421, -29.678014], [-51.0508221, -29.6796127], [-51.0508114, -29.6802046]]}}, {"type": "Feature", "properties": {"layer": "-1", "name": "Arroio Schmidt", "source": "IBGE", "tunnel": "culvert", "waterway": "river", "osm_id": 541134409, "osm_type": "way"}, "geometry": {"type": "LineString", "coordinates": [[-51.0520238, -29.6759167], [-51.0516429, -29.6761544]]}}, {"type": "Feature", "properties": {"name": "Arroio Schmidt", "source": "IBGE", "waterway": "river", "osm_id": 541134410, "osm_type": "way"}, "geometry": {"type": "LineString", "coordinates": [[-51.0547489, -29.6741596], [-51.0544431, -29.674304], [-51.053499, -29.6749612], [-51.053102, -29.675185], [-51.052587, -29.6755345], [-51.0520238, -29.6759167]]}}, {"type": "Feature", "properties": {"layer": "-1", "name": "Arroio Schmidt", "source": "IBGE", "tunnel": "culvert", "waterway": "river", "osm_id": 541134411, "osm_type": "way"}, "geometry": {"type": "LineString", "coordinates": [[-51.0552478, -29.6738193], [-51.0547489, -29.6741596]]}}, {"type": "Feature", "properties": {"name": "Arroio Schmidt", "source": "IBGE", "waterway": "river", "osm_id": 541134412, "osm_type": "way"}, "geometry": {"type": "LineString", "coordinates": [[-51.0609984, -29.6740058], [-51.0600865, -29.6737494], [-51.0590404, -29.6734418], [-51.0580802, -29.6731808], [-51.0574526, -29.6730503], [-51.0570073, -29.673027], [-51.0566318, -29.6730969], [-51.0563368, -29.6732414], [-51.0561338, -29.6733567], [-51.0559183, -29.6734791], [-51.0552478, -29.6738193]]}}, {"type": "Feature", "properties": {"layer": "-1", "name": "Arroio Schmidt", "source": "IBGE", "tunnel": "culvert", "waterway": "stream", "osm_id": 541134413, "osm_type": "way"}, "geometry": {"type": "LineString", "coordinates": [[-51.0615403, -29.6741223], [-51.0609984, -29.6740058]]}}, {"type": "Feature", "properties": {"name": "Arroio Schmidt", "source": "IBGE", "waterway": "stream", "osm_id": 541134414, "osm_type": "way"}, "geometry": {"type": "LineString", "coordinates": [[-51.0630369, -29.6745045], [-51.0628545, -29.6744765], [-51.0624576, -29.67436], [-51.0615403, -29.6741223]]}}, {"type": "Feature", "properties": {"layer": "-1", "name": "Arroio Schmidt", "source": "IBGE", "tunnel": "culvert", "waterway": "stream", "osm_id": 541134415, "osm_type": "way"}, "geometry": {"type": "LineString", "coordinates": [[-51.0634178, -29.6744998], [-51.0630369, -29.6745045]]}}, {"type": "Feature", "properties": {"name": "Arroio Schmidt", "source": "IBGE", "waterway": "stream", "osm_id": 541134416, "osm_type": "way"}, "geometry": {"type": "LineString", "coordinates": [[-51.0641447, -29.6744695], [-51.0639676, -29.6745045], [-51.0634178, -29.6744998]]}}, {"type": "Feature", "properties": {"layer": "-1", "name": "Arroio Schmidt", "source": "IBGE", "tunnel": "culvert", "waterway": "stream", "osm_id": 541134417, "osm_type": "way"}, "geometry": {"type": "LineString", "coordinates": [[-51.064488, -29.6743903], [-51.0641447, -29.6744695]]}}, {"type": "Feature", "properties": {"name": "Arroio Schmidt", "source": "IBGE", "waterway": "stream", "osm_id": 541134418, "osm_type": "way"}, "geometry": {"type": "LineString", "coordinates": [[-51.0665828, -29.6741922], [-51.0656816, -29.674318], [-51.0648823, -29.6743693], [-51.064488, -29.6743903]]}}, {"type": "Feature", "properties": {"layer": "-1", "name": "Arroio Schmidt", "source": "IBGE", "tunnel": "culvert", "waterway": "stream", "osm_id": 541134419, "osm_type": "way"}, "geometry": {"type": "LineString", "coordinates": [[-51.0671568, -29.674085], [-51.0665828, -29.6741922]]}}, {"type": "Feature", "properties": {"name": "Arroio Schmidt", "source": "IBGE", "waterway": "stream", "osm_id": 541134420, "osm_type": "way"}, "geometry": {"type": "LineString", "coordinates": [[-51.0687017, -29.6736515], [-51.0678381, -29.6739265], [-51.0671568, -29.674085]]}}, {"type": "Feature", "properties": {"layer": "-1", "name": "Arroio Schmidt", "source": "IBGE", "tunnel": "culvert", "waterway": "stream", "osm_id": 541134421, "osm_type": "way"}, "geometry": {"type": "LineString", "coordinates": [[-51.0693026, -29.6734558], [-51.0687017, -29.6736515]]}}, {"type": "Feature", "properties": {"name": "Arroio Schmidt", "source": "IBGE", "waterway": "stream", "osm_id": 541134422, "osm_type": "way"}, "geometry": {"type": "LineString", "coordinates": [[-51.0718131, -29.6725609], [-51.0715342, -29.67271], [-51.0709012, -29.6729431], [-51.0698122, -29.6732181], [-51.0693026, -29.6734558]]}}, {"type": "Feature", "properties": {"layer": "-1", "name": "Arroio Schmidt", "source": "IBGE", "tunnel": "culvert", "waterway": "stream", "osm_id": 541134423, "osm_type": "way"}, "geometry": {"type": "LineString", "coordinates": [[-51.072253, -29.6723325], [-51.0718131, -29.6725609]]}}, {"type": "Feature", "properties": {"name": "Arroio Schmidt", "source": "IBGE", "waterway": "stream", "osm_id": 541134424, "osm_type": "way"}, "geometry": {"type": "LineString", "coordinates": [[-51.0731167, -29.671892], [-51.0730201, -29.6719782], [-51.0726339, -29.6722066], [-51.072253, -29.6723325]]}}, {"type": "Feature", "properties": {"layer": "-1", "name": "Arroio Schmidt", "source": "IBGE", "tunnel": "culvert", "waterway": "stream", "osm_id": 541134425, "osm_type": "way"}, "geometry": {"type": "LineString", "coordinates": [[-51.0733956, -29.6711416], [-51.0733742, -29.6714143], [-51.0733178, -29.6715634], [-51.0731167, -29.671892]]}}, {"type": "Feature", "properties": {"name": "Arroio Schmidt", "source": "IBGE", "waterway": "stream", "osm_id": 541134426, "osm_type": "way"}, "geometry": {"type": "LineString", "coordinates": [[-51.0773212, -29.6601368], [-51.077317, -29.6602225], [-51.0773063, -29.6603297], [-51.077376, -29.6605675], [-51.0775155, -29.6608005], [-51.0775155, -29.6610383], [-51.0774511, -29.661262], [-51.077435, -29.6615604], [-51.077376, -29.6618121], [-51.0773438, -29.6620685], [-51.0773438, -29.6622736], [-51.0772955, -29.6624647], [-51.0772741, -29.6626232], [-51.0773277, -29.6627164], [-51.0774297, -29.6628143], [-51.0774082, -29.6629448], [-51.077317, -29.6630241], [-51.0772955, -29.6631639], [-51.0773438, -29.6634016], [-51.0772312, -29.6636533], [-51.0768557, -29.6642919], [-51.0765284, -29.6646928], [-51.0760939, -29.6650284], [-51.075815, -29.6655785], [-51.0757077, -29.6662497], [-51.075595, -29.666879], [-51.0755467, -29.6673218], [-51.0755843, -29.6676574], [-51.0759115, -29.6680396], [-51.0759223, -29.6682633], [-51.0758257, -29.6683845], [-51.0755789, -29.6684824], [-51.0753268, -29.6686083], [-51.0751283, -29.6688973], [-51.0748547, -29.669163], [-51.074726, -29.669396], [-51.074667, -29.6696151], [-51.0745436, -29.6698481], [-51.074447, -29.6699693], [-51.0740393, -29.6700532], [-51.0738087, -29.670207], [-51.0737175, -29.6703515], [-51.0736826, -29.6705007], [-51.0735431, -29.6707943], [-51.0733956, -29.6711416]]}}, {"type": "Feature", "properties": {"layer": "-1", "name": "Arroio Campo Bom", "source": "IBGE", "tunnel": "culvert", "waterway": "river", "osm_id": 541134441, "osm_type": "way"}, "geometry": {"type": "LineString", "coordinates": [[-51.029292, -29.6670305], [-51.0293993, -29.6671936]]}}, {"type": "Feature", "properties": {"name": "Arroio Campo Bom", "source": "IBGE", "waterway": "river", "osm_id": 541134442, "osm_type": "way"}, "geometry": {"type": "LineString", "coordinates": [[-51.029402, -29.6642547], [-51.0294288, -29.6643805], [-51.0293859, -29.6645716], [-51.0292733, -29.6646416], [-51.0292143, -29.6647255], [-51.0291982, -29.6649399], [-51.0291016, -29.6651403], [-51.0290265, -29.665378], [-51.0290372, -29.665702], [-51.0290292, -29.6658069], [-51.0289997, -29.6658465], [-51.02893, -29.6659188], [-51.028946, -29.6659863], [-51.0290426, -29.6660656], [-51.0290667, -29.6661378], [-51.0290667, -29.6662683], [-51.0290614, -29.6664175], [-51.0290828, -29.6666156], [-51.029115, -29.6667718], [-51.0291767, -29.6669093], [-51.029292, -29.6670305]]}}, {"type": "Feature", "properties": {"layer": "-1", "name": "Arroio Campo Bom", "source": "IBGE", "tunnel": "culvert", "waterway": "river", "osm_id": 541134443, "osm_type": "way"}, "geometry": {"type": "LineString", "coordinates": [[-51.0290185, -29.681887], [-51.0288656, -29.6821597]]}}, {"type": "Feature", "properties": {"name": "Arroio Campo Bom", "source": "IBGE", "waterway": "river", "osm_id": 541134444, "osm_type": "way"}, "geometry": {"type": "LineString", "coordinates": [[-51.0293993, -29.6671936], [-51.029453, -29.6674406], [-51.02952, -29.6677856], [-51.029589, -29.6679754], [-51.0297273, -29.6681245], [-51.0297526, -29.6682699], [-51.0297503, -29.6683586], [-51.0297255, -29.6683985], [-51.0297065, -29.668521], [-51.0297358, -29.668558], [-51.0297899, -29.668556], [-51.029826, -29.6686118], [-51.0298248, -29.6686768], [-51.0297884, -29.6687347], [-51.0298242, -29.6687704], [-51.0299421, -29.6688085], [-51.0299679, -29.6688392], [-51.0299596, -29.6688942], [-51.0299628, -29.6689376], [-51.0299351, -29.6689808], [-51.0299245, -29.6690579], [-51.0299209, -29.6691167], [-51.0298596, -29.6691544], [-51.0298159, -29.6692039], [-51.0297519, -29.6692353], [-51.0296778, -29.6692703], [-51.0296091, -29.6693463], [-51.0295742, -29.6694199], [-51.029492, -29.6694546], [-51.0293882, -29.669439], [-51.0293124, -29.6694221], [-51.0291656, -29.6694898], [-51.0290855, -29.6697083], [-51.028989, -29.6700579], [-51.0291714, -29.6703981], [-51.029056, -29.6707757], [-51.0287502, -29.6708876], [-51.0286403, -29.6709948], [-51.0286832, -29.6711439], [-51.0286859, -29.6714096], [-51.0287046, -29.6715308], [-51.0286725, -29.6715984], [-51.0286725, -29.6717219], [-51.0288227, -29.671885], [-51.0288012, -29.6719969], [-51.0286564, -29.6721367], [-51.0286832, -29.6723092], [-51.028769, -29.6725236], [-51.0291714, -29.672738], [-51.0292491, -29.6730386], [-51.0291874, -29.6732111], [-51.0291338, -29.6735653], [-51.0290426, -29.6736841], [-51.0289219, -29.6737447], [-51.028887, -29.6738403], [-51.0289863, -29.6739265], [-51.0290185, -29.6740594], [-51.0290936, -29.6741526], [-51.0291445, -29.6742621], [-51.0291204, -29.674353], [-51.0291311, -29.6744392], [-51.0292169, -29.6745185], [-51.0294181, -29.6746629], [-51.0294583, -29.6747841], [-51.0294852, -29.6749939], [-51.0295844, -29.6752409], [-51.0297561, -29.6754949], [-51.0298258, -29.675707], [-51.0297185, -29.6760472], [-51.0296005, -29.676229], [-51.029579, -29.6763828], [-51.02974, -29.6766578], [-51.0299438, -29.6772357], [-51.0300887, -29.6777717], [-51.030035, -29.6783822], [-51.0300243, -29.6791], [-51.0301477, -29.6795847], [-51.0302174, -29.6798783], [-51.0301799, -29.6801813], [-51.0300511, -29.6804329], [-51.0297292, -29.6809945], [-51.0295764, -29.6812788], [-51.0294449, -29.6814233], [-51.0292706, -29.6816051], [-51.0290185, -29.681887]]}}, {"type": "Feature", "properties": {"name": "Arroio Campo Bom", "source": "IBGE", "waterway": "river", "osm_id": 541134445, "osm_type": "way"}, "geometry": {"type": "LineString", "coordinates": [[-51.0288656, -29.6821597], [-51.0288361, -29.6822366], [-51.0288119, -29.682458], [-51.0289541, -29.6827446], [-51.0289648, -29.6829683], [-51.0288978, -29.6831943], [-51.0289407, -29.6833598], [-51.0289621, -29.6835811], [-51.0290802, -29.6843245], [-51.029166, -29.6849583], [-51.0291762, -29.6851742], [-51.0292143, -29.6857459], [-51.0292357, -29.6860022], [-51.0293591, -29.686417], [-51.0293806, -29.6867292], [-51.0293001, -29.6872372], [-51.0293269, -29.6875634], [-51.0293913, -29.6877918], [-51.0295906, -29.6880818]]}}, {"type": "Feature", "properties": {"name": "Arroio Schmidt", "source": "IBGE", "waterway": "river", "osm_id": 541134446, "osm_type": "way"}, "geometry": {"type": "LineString", "coordinates": [[-51.0469061, -29.6868224], [-51.046733, -29.6869184], [-51.0465843, -29.6870275], [-51.0463829, -29.6874546], [-51.0460498, -29.6879338], [-51.0458279, -29.6882578], [-51.0455572, -29.6885279], [-51.0452678, -29.6888152], [-51.0450232, -29.6890267], [-51.0447738, -29.6893763], [-51.0447174, -29.68953]]}}, {"type": "Feature", "properties": {"highway": "residential", "name": "Rua Limeira", "oneway": "yes", "osm_id": 541809998, "osm_type": "way"}, "geometry": {"type": "LineString", "coordinates": [[-51.071713, -29.6894015], [-51.0717487, -29.6892772], [-51.0717903, -29.6891817], [-51.0719043, -29.6890367]]}}, {"type": "Feature", "properties": {"highway": "residential", "junction": "roundabout", "osm_id": 541809999, "osm_type": "way"}, "geometry": {"type": "LineString", "coordinates": [[-51.0720142, -29.6889312], [-51.0720685, -29.6889203], [-51.072124, -29.688924], [-51.0721875, -29.6889484], [-51.0722362, -29.6889914], [-51.0722633, -29.689047], [-51.0722673, -29.6890846], [-51.0722612, -29.6891221], [-51.0722451, -29.6891572], [-51.0722047, -29.6892013], [-51.0721492, -29.6892306], [-51.0721089, -29.6892398], [-51.0720672, -29.6892409], [-51.0720044, -29.6892265], [-51.0719511, -29.6891941], [-51.071914, -29.6891476], [-51.0718978, -29.6890929], [-51.0719043, -29.6890367], [-51.0719284, -29.6889913], [-51.0719661, -29.6889556], [-51.0720142, -29.6889312]]}}, {"type": "Feature", "properties": {"highway": "residential", "name": "Rua Limeira", "oneway": "yes", "osm_id": 541810000, "osm_type": "way"}, "geometry": {"type": "LineString", "coordinates": [[-51.0720672, -29.6892409], [-51.0719305, -29.689284], [-51.071713, -29.6894015]]}}, {"type": "Feature", "properties": {"highway": "residential", "osm_id": 541810083, "osm_type": "way"}, "geometry": {"type": "LineString", "coordinates": [[-51.082666, -29.6849219], [-51.0814488, -29.6850662]]}}, {"type": "Feature", "properties": {"highway": "residential", "name": "Rua Cravo", "osm_id": 541810084, "osm_type": "way"}, "geometry": {"type": "LineString", "coordinates": [[-51.076747, -29.6695107], [-51.0768121, -29.669904]]}}, {"type": "Feature", "properties": {"highway": "service", "name": "Rua Vacaria", "osm_id": 541810085, "osm_type": "way"}, "geometry": {"type": "LineString", "coordinates": [[-51.0774826, -29.6704837], [-51.0763873, -29.6706161]]}}, {"type": "Feature", "properties": {"highway": "residential", "name": "Rua Taquari", "osm_id": 541810086, "osm_type": "way"}, "geometry": {"type": "LineString", "coordinates": [[-51.0764322, -29.685049], [-51.0758987, -29.6848039], [-51.0757131, -29.6847427]]}}, {"type": "Feature", "properties": {"highway": "residential", "osm_id": 541810087, "osm_type": "way"}, "geometry": {"type": "LineString", "coordinates": [[-51.0758987, -29.6848039], [-51.0763515, -29.6840466], [-51.0763811, -29.6839454], [-51.0763526, -29.6838898], [-51.0763019, -29.6838547], [-51.0759685, -29.6838861], [-51.0756636, -29.6839148], [-51.0755417, -29.6839571]]}}, {"type": "Feature", "properties": {"highway": "residential", "osm_id": 541810088, "osm_type": "way"}, "geometry": {"type": "LineString", "coordinates": [[-51.0759685, -29.6838861], [-51.0756311, -29.6845187]]}}, {"type": "Feature", "properties": {"highway": "residential", "name": "Rua Torres", "osm_id": 541810089, "osm_type": "way"}, "geometry": {"type": "LineString", "coordinates": [[-51.0762538, -29.6853599], [-51.0757279, -29.6851609]]}}, {"type": "Feature", "properties": {"highway": "living_street", "osm_id": 541810090, "osm_type": "way"}, "geometry": {"type": "LineString", "coordinates": [[-51.0764607, -29.6830554], [-51.0764211, -29.6828308], [-51.0763737, -29.6825164]]}}, {"type": "Feature", "properties": {"alt_name": "Rua Campos Sales", "highway": "residential", "name": "Rua Campos Salles", "osm_id": 541810091, "osm_type": "way"}, "geometry": {"type": "LineString", "coordinates": [[-51.0751064, -29.6751903], [-51.0747041, -29.6752333], [-51.0738428, -29.675332]]}}, {"type": "Feature", "properties": {"highway": "residential", "osm_id": 541810095, "osm_type": "way"}, "geometry": {"type": "LineString", "coordinates": [[-51.0651216, -29.6946518], [-51.0654496, -29.696774], [-51.0655316, -29.6973111]]}}, {"type": "Feature", "properties": {"highway": "residential", "lanes": "2", "lit": "yes", "name": "Avenida João Pedro Dias", "oneway": "yes", "surface": "asphalt", "osm_id": 541810096, "osm_type": "way"}, "geometry": {"type": "LineString", "coordinates": [[-51.0527895, -29.6514363], [-51.0529083, -29.651899], [-51.0530843, -29.6526573], [-51.0531586, -29.6529308], [-51.0532465, -29.653171], [-51.0533878, -29.6533847], [-51.0535303, -29.6535575], [-51.0537353, -29.6537358], [-51.054303, -29.6542151], [-51.0545272, -29.654435], [-51.0546607, -29.6546189], [-51.0547628, -29.6548263], [-51.0548314, -29.6550482], [-51.0548482, -29.655298], [-51.0548522, -29.6553513], [-51.0548513, -29.6554558], [-51.0548073, -29.656089], [-51.0548165, -29.6562577], [-51.0548463, -29.6564009], [-51.0548996, -29.6565595], [-51.0549724, -29.656715], [-51.0553229, -29.6572026], [-51.0554886, -29.6575269], [-51.0555676, -29.6577578], [-51.0556518, -29.65808], [-51.0556725, -29.6582768], [-51.0556744, -29.6584737], [-51.0556297, -29.6588432], [-51.0555442, -29.6591949], [-51.0554886, -29.6593665], [-51.0553639, -29.65961], [-51.0551676, -29.659916], [-51.0549387, -29.6601938], [-51.0547832, -29.6603442], [-51.0544783, -29.6606576], [-51.053932, -29.6612189], [-51.0534448, -29.6617553], [-51.0527655, -29.6624496], [-51.0521706, -29.6630149], [-51.0515727, -29.6636262], [-51.0515321, -29.6636678], [-51.0514626, -29.6637351], [-51.0513129, -29.6639006], [-51.0511908, -29.664065], [-51.0510829, -29.664234], [-51.050975, -29.6644423], [-51.0506827, -29.6652108]]}}, {"type": "Feature", "properties": {"highway": "residential", "lane_markings": "no", "lit": "yes", "name": "Avenida João Pedro Dias", "surface": "paving_stones", "osm_id": 541810098, "osm_type": "way"}, "geometry": {"type": "LineString", "coordinates": [[-51.0499921, -29.6666719], [-51.0498404, -29.6669948]]}}, {"type": "Feature", "properties": {"highway": "living_street", "osm_id": 541810099, "osm_type": "way"}, "geometry": {"type": "LineString", "coordinates": [[-51.0546381, -29.6634579], [-51.0543584, -29.6635041], [-51.0542228, -29.6626903]]}}, {"type": "Feature", "properties": {"alt_name": "Avenida São Leopoldo; Rua Ottomar O Hoff", "highway": "secondary", "name": "Rua Reynaldo Kayser", "osm_id": 604047668, "osm_type": "way"}, "geometry": {"type": "LineString", "coordinates": [[-51.0757461, -29.686098], [-51.0755834, -29.6862308], [-51.0751872, -29.6864145], [-51.074751, -29.6864714]]}}, {"type": "Feature", "properties": {"name": "Banhado do Rio dos Sinos - Barreiro", "natural": "water", "water": "basin", "osm_id": 625179571, "osm_type": "way"}, "geometry": {"type": "Polygon", "coordinates": [[[-51.0409094, -29.6896341], [-51.0395576, -29.6890469], [-51.0386993, -29.688963], [-51.0382058, -29.6890656], [-51.0379912, -29.6888698], [-51.0377444, -29.6889071], [-51.0377015, -29.6890469], [-51.037959, -29.6891588], [-51.0376586, -29.6892426], [-51.0376908, -29.6894104], [-51.0374011, -29.6893638], [-51.0371543, -29.6893079], [-51.037114, -29.689556], [-51.0371221, -29.6897087], [-51.0373582, -29.6898112], [-51.0373689, -29.6900069], [-51.0371865, -29.6899883], [-51.0372509, -29.690156], [-51.0369183, -29.6902026], [-51.0368003, -29.690156], [-51.0367037, -29.6902772], [-51.0367574, -29.6904543], [-51.0371221, -29.690417], [-51.0372294, -29.6905941], [-51.0374333, -29.6907712], [-51.0375191, -29.6909389], [-51.0381199, -29.691144], [-51.0384954, -29.6910042], [-51.0389675, -29.6910601], [-51.039107, -29.6913677], [-51.0395254, -29.6917125], [-51.0399331, -29.691815], [-51.0400082, -29.6919828], [-51.0403193, -29.6921319], [-51.040255, -29.6922811], [-51.0401477, -29.6923463], [-51.040212, -29.6924861], [-51.0404803, -29.6924302], [-51.0405661, -29.6922997], [-51.0407699, -29.6922904], [-51.0407699, -29.6925141], [-51.0409309, -29.692775], [-51.0410596, -29.6928403], [-51.0412957, -29.6924209], [-51.0415317, -29.6918616], [-51.0417248, -29.6913584], [-51.0419501, -29.6908364], [-51.0423364, -29.6904263], [-51.0411991, -29.6898671], [-51.0409094, -29.6896341]]]}}, {"type": "Feature", "properties": {"highway": "unclassified", "surface": "unpaved", "osm_id": 625769011, "osm_type": "way"}, "geometry": {"type": "LineString", "coordinates": [[-51.0329828, -29.6667869], [-51.0328979, -29.6667783], [-51.0317764, -29.6668971], [-51.0315764, -29.6669183], [-51.0302415, -29.6670361], [-51.0298478, -29.6670655], [-51.0283153, -29.6671988], [-51.0267402, -29.6673377], [-51.0258344, -29.6674212], [-51.0256148, -29.6674415], [-51.0254293, -29.6674692], [-51.0251735, -29.6674766], [-51.0248027, -29.6675192], [-51.024095, -29.6675618], [-51.0234258, -29.667647], [-51.0232744, -29.6676656], [-51.0231615, -29.6677248], [-51.0225828, -29.6683517], [-51.0224725, -29.668409], [-51.0223148, -29.6684389], [-51.0212586, -29.6685244], [-51.0197388, -29.6686482], [-51.0193477, -29.6686801], [-51.0193096, -29.6682168], [-51.0191831, -29.6681], [-51.01893, -29.6680725], [-51.0123102, -29.6686302]]}}, {"type": "Feature", "properties": {"highway": "residential", "osm_id": 625769517, "osm_type": "way"}, "geometry": {"type": "LineString", "coordinates": [[-51.0367134, -29.6648286], [-51.0357719, -29.6655606]]}}, {"type": "Feature", "properties": {"highway": "residential", "name": "Rua Tomé Paz", "osm_id": 625866307, "osm_type": "way"}, "geometry": {"type": "LineString", "coordinates": [[-51.0460106, -29.6698524], [-51.0459857, -29.6698561], [-51.0457185, -29.6698772], [-51.0455509, -29.6698904], [-51.0454604, -29.6698825]]}}, {"type": "Feature", "properties": {"highway": "residential", "name": "Rua Tomé Paz", "osm_id": 625866308, "osm_type": "way"}, "geometry": {"type": "LineString", "coordinates": [[-51.0461314, -29.669835], [-51.0460106, -29.6698524]]}}, {"type": "Feature", "properties": {"waterway": "river", "osm_id": 625866309, "osm_type": "way"}, "geometry": {"type": "LineString", "coordinates": [[-51.0490772, -29.6648798], [-51.0490808, -29.6649153], [-51.0490725, -29.6649503], [-51.0490269, -29.6650039], [-51.0490055, -29.6650459], [-51.0489491, -29.6651158], [-51.0489277, -29.6651718], [-51.0489089, -29.6652557], [-51.0489035, -29.6653069], [-51.0488713, -29.6653396], [-51.0488177, -29.6653745], [-51.0487587, -29.6654048], [-51.0486997, -29.6654351], [-51.0486514, -29.6654631], [-51.0486058, -29.665512], [-51.0485709, -29.665547], [-51.048528, -29.6655889], [-51.0485066, -29.6656262], [-51.0484771, -29.6656659], [-51.0484529, -29.6657055], [-51.0484127, -29.6657358], [-51.0483832, -29.6657684], [-51.0483698, -29.6658034], [-51.0483429, -29.6658476], [-51.0482947, -29.6658686], [-51.0482544, -29.6659059], [-51.0482249, -29.6659455], [-51.0481981, -29.6660061], [-51.048174, -29.6660434], [-51.048115, -29.6662066]]}}, {"type": "Feature", "properties": {"waterway": "river", "osm_id": 625866310, "osm_type": "way"}, "geometry": {"type": "LineString", "coordinates": [[-51.048115, -29.6662066], [-51.0480881, -29.6662742], [-51.048056, -29.6663511], [-51.0480184, -29.6664303], [-51.0479835, -29.6665072], [-51.0479218, -29.6666098], [-51.0478843, -29.6667007], [-51.0478682, -29.6667636], [-51.047836, -29.6668452], [-51.0478146, -29.6669081], [-51.0477877, -29.6669663], [-51.0477636, -29.66702], [-51.0477502, -29.6670689], [-51.0477234, -29.6671108], [-51.0477019, -29.6671691], [-51.0474408, -29.6675905], [-51.0473574, -29.6676965], [-51.0472888, -29.6677564]]}}, {"type": "Feature", "properties": {"waterway": "river", "osm_id": 625866311, "osm_type": "way"}, "geometry": {"type": "LineString", "coordinates": [[-51.0471172, -29.6679149], [-51.0470662, -29.6679662], [-51.0470153, -29.6680198], [-51.0469348, -29.6681037], [-51.0468677, -29.6681619], [-51.0467926, -29.6682389], [-51.0467309, -29.6683018], [-51.0466719, -29.668374], [-51.0466049, -29.6684486], [-51.0465351, -29.6685185], [-51.0464413, -29.6686304], [-51.0463662, -29.6687026], [-51.0462776, -29.6687865], [-51.046224, -29.6688658], [-51.0461811, -29.6689427], [-51.0461435, -29.6690336], [-51.046106, -29.6691455], [-51.046106, -29.669248], [-51.0461221, -29.6693622], [-51.0461382, -29.6694624], [-51.0461489, -29.6695556], [-51.0461516, -29.6696255], [-51.0461328, -29.6697304], [-51.0461054, -29.6697992]]}}, {"type": "Feature", "properties": {"waterway": "river", "osm_id": 625866312, "osm_type": "way"}, "geometry": {"type": "LineString", "coordinates": [[-51.0460631, -29.6699052], [-51.0460443, -29.6699821], [-51.0460282, -29.6700427], [-51.0459987, -29.6701313], [-51.0459504, -29.6702245], [-51.0459451, -29.6703107], [-51.0459343, -29.6704016], [-51.045929, -29.6704809], [-51.0459343, -29.6705764], [-51.0459477, -29.6706417], [-51.0459585, -29.6707162], [-51.0459531, -29.6707792], [-51.0459451, -29.6708514], [-51.0459316, -29.670919], [-51.0459155, -29.6709773], [-51.0459209, -29.6710682], [-51.0459209, -29.6711357], [-51.0459102, -29.6711987], [-51.0458726, -29.6712639], [-51.0458324, -29.6713292], [-51.0457788, -29.6714131], [-51.0457627, -29.671497], [-51.0457895, -29.6715809], [-51.0458002, -29.6716787], [-51.0458029, -29.6717673], [-51.0457868, -29.6718139], [-51.0457573, -29.6718605], [-51.0457332, -29.6719118], [-51.0457037, -29.6719607], [-51.0456741, -29.6720237], [-51.04565, -29.6720819], [-51.0456312, -29.6721542], [-51.0456017, -29.6722287], [-51.045583, -29.672308], [-51.0455588, -29.6723919], [-51.0455266, -29.6724641], [-51.0455052, -29.6725387], [-51.0454837, -29.6726086], [-51.0454408, -29.6726902], [-51.0453818, -29.6727531], [-51.0453121, -29.6727787], [-51.0452316, -29.6728067], [-51.045186, -29.6728184], [-51.0451028, -29.672844], [-51.0450224, -29.6728999], [-51.0449526, -29.6729535], [-51.0448829, -29.6730118], [-51.0448319, -29.6730677], [-51.0447595, -29.6731609], [-51.044722, -29.6732635], [-51.0447139, -29.673387], [-51.0447273, -29.6734919], [-51.0447488, -29.6735828], [-51.0447944, -29.6737156], [-51.0448346, -29.6738321], [-51.0448561, -29.6738787], [-51.0449044, -29.6739906]]}}, {"type": "Feature", "properties": {"waterway": "river", "osm_id": 625866313, "osm_type": "way"}, "geometry": {"type": "LineString", "coordinates": [[-51.0448588, -29.674212], [-51.0448668, -29.6742912], [-51.0448936, -29.6743448], [-51.0448856, -29.674445], [-51.0448775, -29.6745359], [-51.0449151, -29.6747247], [-51.0449365, -29.6748039], [-51.04495, -29.6748925], [-51.0449714, -29.6750043], [-51.0449848, -29.6750952], [-51.0449687, -29.6751675], [-51.0449204, -29.6751884], [-51.0448588, -29.6752234], [-51.044789, -29.6752653], [-51.0447515, -29.6753166], [-51.044722, -29.6753888], [-51.0447193, -29.6754518], [-51.0447086, -29.6755496], [-51.0446844, -29.6756359], [-51.0446174, -29.6756871], [-51.0445691, -29.6757594], [-51.0445181, -29.675827], [-51.0444913, -29.6759132], [-51.0444752, -29.6759901], [-51.0444484, -29.6760903], [-51.0444403, -29.6761695], [-51.0444457, -29.6762581], [-51.0444242, -29.6763397], [-51.0444242, -29.6764515], [-51.0444189, -29.6765424], [-51.0444081, -29.6766589], [-51.0444081, -29.6767288], [-51.0444028, -29.6768104], [-51.0444055, -29.6768687], [-51.0443947, -29.6769595], [-51.0443652, -29.6770341], [-51.0443277, -29.6771087], [-51.0443062, -29.6771739], [-51.0443196, -29.6772415], [-51.044333, -29.6773068], [-51.0443572, -29.6774], [-51.0443679, -29.6774885], [-51.0443518, -29.6775678], [-51.0443143, -29.6776587], [-51.0442687, -29.6777192], [-51.0442123, -29.6777985], [-51.0441909, -29.6778707], [-51.0441909, -29.6779639], [-51.0441963, -29.6780292], [-51.0441802, -29.6781294], [-51.0441292, -29.6782319], [-51.0440836, -29.6783042], [-51.0440326, -29.6784067], [-51.0440005, -29.6784953], [-51.0440005, -29.6785745], [-51.0440353, -29.6786677], [-51.0440916, -29.6787493], [-51.0441426, -29.6788355], [-51.0441748, -29.6789287], [-51.0441989, -29.6790289], [-51.0442311, -29.6791198], [-51.0442499, -29.679234], [-51.0442767, -29.6793458], [-51.0443009, -29.6794484], [-51.0443116, -29.6795323], [-51.0443357, -29.6796092]]}}, {"type": "Feature", "properties": {"waterway": "river", "osm_id": 625866314, "osm_type": "way"}, "geometry": {"type": "LineString", "coordinates": [[-51.0445235, -29.6797886], [-51.0445503, -29.6798818], [-51.0445771, -29.679961], [-51.0446147, -29.6800356], [-51.0446522, -29.6801008], [-51.0447112, -29.6801801], [-51.0447756, -29.6802546], [-51.0448614, -29.6803385], [-51.0449312, -29.6804364], [-51.0450116, -29.680497], [-51.0451297, -29.6805716], [-51.0452369, -29.6806368], [-51.0453603, -29.6806927], [-51.0454783, -29.6807627], [-51.0455803, -29.6808186], [-51.0456768, -29.6808559], [-51.0457573, -29.6809025], [-51.0458324, -29.6809398], [-51.0459451, -29.6809957], [-51.0460362, -29.6810423], [-51.0461918, -29.6811075], [-51.0463098, -29.6811635], [-51.0464332, -29.6812101], [-51.0465512, -29.6812427], [-51.0466746, -29.6812846], [-51.0468195, -29.6813219], [-51.0469697, -29.6813592], [-51.0470877, -29.6813965], [-51.0472003, -29.6814198], [-51.0473183, -29.6814524], [-51.0474954, -29.6815037], [-51.0476617, -29.681555]]}}, {"type": "Feature", "properties": {"layer": "-1", "tunnel": "culvert", "waterway": "river", "osm_id": 625866315, "osm_type": "way"}, "geometry": {"type": "LineString", "coordinates": [[-51.0476617, -29.681555], [-51.0482531, -29.6817621]]}}, {"type": "Feature", "properties": {"layer": "-1", "tunnel": "culvert", "waterway": "stream", "osm_id": 625866316, "osm_type": "way"}, "geometry": {"type": "LineString", "coordinates": [[-51.0492656, -29.6823356], [-51.049499, -29.6824614]]}}, {"type": "Feature", "properties": {"highway": "residential", "name": "Rua Idalino João Martin", "oneway": "yes", "osm_id": 625878266, "osm_type": "way"}, "geometry": {"type": "LineString", "coordinates": [[-51.0359732, -29.6626572], [-51.0360724, -29.6623873]]}}, {"type": "Feature", "properties": {"highway": "residential", "lane_markings": "yes", "lanes": "2", "name": "Rua Tiradentes", "oneway": "yes", "surface": "asphalt", "osm_id": 626037631, "osm_type": "way"}, "geometry": {"type": "LineString", "coordinates": [[-51.0599556, -29.6775274], [-51.0590987, -29.677633]]}}, {"type": "Feature", "properties": {"highway": "residential", "name": "Rua Tamoio", "oneway": "yes", "surface": "asphalt", "osm_id": 626037632, "osm_type": "way"}, "geometry": {"type": "LineString", "coordinates": [[-51.0599556, -29.6775274], [-51.0600208, -29.6779694], [-51.060175, -29.6790778]]}}, {"type": "Feature", "properties": {"highway": "residential", "lane_markings": "yes", "lanes": "2", "name": "Rua Tiradentes", "oneway": "yes", "surface": "asphalt", "osm_id": 626037633, "osm_type": "way"}, "geometry": {"type": "LineString", "coordinates": [[-51.0609433, -29.6774652], [-51.0599556, -29.6775274]]}}, {"type": "Feature", "properties": {"alt_name": "Rua Santa Tersinha", "highway": "residential", "lane_markings": "yes", "lanes": "2", "name": "Rua Santa Terezinha", "surface": "asphalt", "osm_id": 626037634, "osm_type": "way"}, "geometry": {"type": "LineString", "coordinates": [[-51.0609433, -29.6774652], [-51.0607099, -29.6759762], [-51.0605919, -29.6752046], [-51.0604891, -29.6745203]]}}, {"type": "Feature", "properties": {"highway": "residential", "name": "Rua Lima e Silva", "surface": "asphalt", "osm_id": 626037635, "osm_type": "way"}, "geometry": {"type": "LineString", "coordinates": [[-51.0590987, -29.677633], [-51.0589863, -29.6768905], [-51.0588886, -29.6762153], [-51.0587772, -29.6755445], [-51.058717, -29.6751165], [-51.0586885, -29.6748752], [-51.0586805, -29.6748141], [-51.0585168, -29.6737126]]}}, {"type": "Feature", "properties": {"highway": "residential", "lane_markings": "yes", "lanes": "2", "name": "Rua Tiradentes", "oneway": "yes", "surface": "asphalt", "osm_id": 626037636, "osm_type": "way"}, "geometry": {"type": "LineString", "coordinates": [[-51.0590987, -29.677633], [-51.0575, -29.6777662]]}}, {"type": "Feature", "properties": {"highway": "residential", "name": "Rua Pedro de Oliveira Amador", "surface": "asphalt", "osm_id": 626218722, "osm_type": "way"}, "geometry": {"type": "LineString", "coordinates": [[-51.0328457, -29.6759675], [-51.0337761, -29.6758787], [-51.0345477, -29.6758051], [-51.0349834, -29.6757635], [-51.0353583, -29.6757278], [-51.0360885, -29.6756581], [-51.0368632, -29.6755869], [-51.0369724, -29.6755771]]}}, {"type": "Feature", "properties": {"highway": "residential", "name": "Rua Waldomiro Warken", "surface": "asphalt", "osm_id": 626218723, "osm_type": "way"}, "geometry": {"type": "LineString", "coordinates": [[-51.035924, -29.6742002], [-51.0360885, -29.6756581]]}}, {"type": "Feature", "properties": {"highway": "residential", "name": "Rua H", "surface": "asphalt", "osm_id": 626218724, "osm_type": "way"}, "geometry": {"type": "LineString", "coordinates": [[-51.0351708, -29.6742801], [-51.0353583, -29.6757278]]}}, {"type": "Feature", "properties": {"highway": "residential", "name": "Rua Isabel Vieira", "surface": "asphalt", "osm_id": 626218725, "osm_type": "way"}, "geometry": {"type": "LineString", "coordinates": [[-51.033598, -29.6743939], [-51.0337761, -29.6758787], [-51.0338104, -29.6761528]]}}, {"type": "Feature", "properties": {"highway": "residential", "name": "Rua I", "surface": "asphalt", "osm_id": 626218726, "osm_type": "way"}, "geometry": {"type": "LineString", "coordinates": [[-51.0343766, -29.6743509], [-51.0345477, -29.6758051]]}}, {"type": "Feature", "properties": {"highway": "residential", "name": "Rua Antônio Germi de Mellos", "osm_id": 626218727, "osm_type": "way"}, "geometry": {"type": "LineString", "coordinates": [[-51.0466746, -29.6771749], [-51.0469079, -29.6786313], [-51.0469877, -29.6791292], [-51.0471521, -29.680155]]}}, {"type": "Feature", "properties": {"highway": "residential", "name": "Rua Elpídio de Oliveira Bilhalva", "osm_id": 626218728, "osm_type": "way"}, "geometry": {"type": "LineString", "coordinates": [[-51.0474458, -29.6770615], [-51.0476751, -29.6785288], [-51.0478617, -29.6796985], [-51.0479767, -29.6804256], [-51.0479859, -29.6805287]]}}, {"type": "Feature", "properties": {"highway": "residential", "lanes": "2", "lit": "yes", "name": "Rua Lions Internacional", "surface": "paving_stones", "osm_id": 626218729, "osm_type": "way"}, "geometry": {"type": "LineString", "coordinates": [[-51.0492821, -29.6753537], [-51.0493999, -29.676046], [-51.0493858, -29.6762115], [-51.0492839, -29.6763735], [-51.0491779, -29.6765051], [-51.0491565, -29.6766152], [-51.0491592, -29.6766939], [-51.049237, -29.6773149], [-51.0493791, -29.6783496], [-51.0494582, -29.6788833], [-51.0494716, -29.6789811], [-51.0496078, -29.6806106]]}}, {"type": "Feature", "properties": {"highway": "residential", "osm_id": 626218730, "osm_type": "way"}, "geometry": {"type": "LineString", "coordinates": [[-51.0493791, -29.6783496], [-51.0476751, -29.6785288], [-51.0469079, -29.6786313]]}}, {"type": "Feature", "properties": {"highway": "residential", "osm_id": 626218731, "osm_type": "way"}, "geometry": {"type": "LineString", "coordinates": [[-51.0495644, -29.6767589], [-51.0493379, -29.6767097], [-51.0491592, -29.6766939], [-51.0489481, -29.6767128], [-51.0487009, -29.6767773]]}}, {"type": "Feature", "properties": {"highway": "residential", "osm_id": 626218733, "osm_type": "way"}, "geometry": {"type": "LineString", "coordinates": [[-51.0496777, -29.6774354], [-51.049237, -29.6773149]]}}, {"type": "Feature", "properties": {"highway": "residential", "oneway": "yes", "osm_id": 626218734, "osm_type": "way"}, "geometry": {"type": "LineString", "coordinates": [[-51.0468632, -29.6811553], [-51.0469973, -29.6811064], [-51.0471489, -29.6810586], [-51.0474707, -29.6809468], [-51.0475726, -29.6808908], [-51.0476679, -29.6808128], [-51.0477912, -29.6806753], [-51.0479767, -29.6804256]]}}, {"type": "Feature", "properties": {"highway": "residential", "osm_id": 626218735, "osm_type": "way"}, "geometry": {"type": "LineString", "coordinates": [[-51.0501221, -29.6788722], [-51.0497485, -29.678899], [-51.0495927, -29.6789421], [-51.0494716, -29.6789811], [-51.0492771, -29.6790946], [-51.0490477, -29.6792865]]}}, {"type": "Feature", "properties": {"highway": "residential", "osm_id": 626218736, "osm_type": "way"}, "geometry": {"type": "LineString", "coordinates": [[-51.0490335, -29.6791573], [-51.0491397, -29.6790651], [-51.0493025, -29.6789605], [-51.0494582, -29.6788833], [-51.0497131, -29.6788129], [-51.0501355, -29.6787481]]}}, {"type": "Feature", "properties": {"highway": "residential", "oneway": "yes", "osm_id": 626218738, "osm_type": "way"}, "geometry": {"type": "LineString", "coordinates": [[-51.0479859, -29.6805287], [-51.0478181, -29.6807475], [-51.047688, -29.6808943], [-51.0475807, -29.6809619], [-51.0474345, -29.6810237], [-51.0471931, -29.6810912], [-51.0471242, -29.6811208], [-51.047004, -29.6811786]]}}, {"type": "Feature", "properties": {"highway": "residential", "name": "Rua Vilma Schuck", "osm_id": 652996872, "osm_type": "way"}, "geometry": {"type": "LineString", "coordinates": [[-51.0415177, -29.6796046], [-51.0417858, -29.6802349], [-51.0418689, -29.6805413]]}}, {"type": "Feature", "properties": {"highway": "residential", "name": "Rua Amaro Egidio Batista", "osm_id": 652996873, "osm_type": "way"}, "geometry": {"type": "LineString", "coordinates": [[-51.0365828, -29.6694343], [-51.0365219, -29.6688623]]}}, {"type": "Feature", "properties": {"highway": "residential", "name": "Rua Norci F. da Silva", "osm_id": 652996874, "osm_type": "way"}, "geometry": {"type": "LineString", "coordinates": [[-51.0369967, -29.668853], [-51.0370654, -29.6693876]]}}, {"type": "Feature", "properties": {"highway": "residential", "name": "Rua Sergio Bruno Leoblein", "osm_id": 652996875, "osm_type": "way"}, "geometry": {"type": "LineString", "coordinates": [[-51.0360697, -29.6694767], [-51.0360123, -29.6689753], [-51.0359935, -29.6689188]]}}, {"type": "Feature", "properties": {"highway": "residential", "name": "Rua Lauterio M. Alves", "osm_id": 654089302, "osm_type": "way"}, "geometry": {"type": "LineString", "coordinates": [[-51.0330956, -29.6679999], [-51.0331287, -29.668044], [-51.0332651, -29.6687883]]}}, {"type": "Feature", "properties": {"highway": "residential", "name": "Rua Lidio Gonçalves Leite", "osm_id": 654089303, "osm_type": "way"}, "geometry": {"type": "LineString", "coordinates": [[-51.0341177, -29.6679081], [-51.0341578, -29.6682472], [-51.0342107, -29.6686947]]}}, {"type": "Feature", "properties": {"highway": "residential", "name": "Rua Arlindo Eloi", "osm_id": 654089304, "osm_type": "way"}, "geometry": {"type": "LineString", "coordinates": [[-51.0349932, -29.6681869], [-51.0350237, -29.6682251], [-51.0350621, -29.6688288]]}}, {"type": "Feature", "properties": {"highway": "residential", "osm_id": 657542624, "osm_type": "way"}, "geometry": {"type": "LineString", "coordinates": [[-51.0706771, -29.6765032], [-51.070685, -29.676564]]}}, {"type": "Feature", "properties": {"highway": "residential", "osm_id": 657542625, "osm_type": "way"}, "geometry": {"type": "LineString", "coordinates": [[-51.0701438, -29.6765687], [-51.0701572, -29.6766282]]}}, {"type": "Feature", "properties": {"highway": "residential", "name": "Rua Almirante Barroso", "oneway": "yes", "osm_id": 657542627, "osm_type": "way"}, "geometry": {"type": "LineString", "coordinates": [[-51.069406, -29.6766973], [-51.0695891, -29.6766554]]}}, {"type": "Feature", "properties": {"alt_name": "Rua Três Coroas; Rua 3 Coroas", "highway": "tertiary", "lanes": "2", "lit": "yes", "name": "Avenida dos Estados", "oneway": "yes", "surface": "asphalt", "osm_id": 657542628, "osm_type": "way"}, "geometry": {"type": "LineString", "coordinates": [[-51.073609, -29.6712178], [-51.073507, -29.6714541], [-51.0733088, -29.671949], [-51.0732887, -29.6719993]]}}, {"type": "Feature", "properties": {"highway": "tertiary", "lanes": "1", "name": "Rua Tiradentes", "surface": "asphalt", "osm_id": 657553546, "osm_type": "way"}, "geometry": {"type": "LineString", "coordinates": [[-51.0575, -29.6777662], [-51.0573956, -29.6778058], [-51.0571389, -29.6779276]]}}, {"type": "Feature", "properties": {"highway": "residential", "name": "Avenida João Schumann", "oneway": "yes", "osm_id": 657555931, "osm_type": "way"}, "geometry": {"type": "LineString", "coordinates": [[-51.0574525, -29.6820326], [-51.0574456, -29.6819648], [-51.0574423, -29.6819162]]}}, {"type": "Feature", "properties": {"highway": "residential", "name": "Rua Carlos C. Prestes", "osm_id": 657560114, "osm_type": "way"}, "geometry": {"type": "LineString", "coordinates": [[-51.059254, -29.6827644], [-51.0592216, -29.6828172], [-51.0591834, -29.6828648]]}}, {"type": "Feature", "properties": {"alt_name": "Rua Santa Inácio de Loiola", "highway": "residential", "name": "Rua Santo Ignácio Loiola", "osm_id": 657584147, "osm_type": "way"}, "geometry": {"type": "LineString", "coordinates": [[-51.0647974, -29.6774442], [-51.0636727, -29.6775994]]}}, {"type": "Feature", "properties": {"highway": "residential", "lanes": "2", "lit": "yes", "name": "Avenida dos Estados", "surface": "asphalt", "osm_id": 657586507, "osm_type": "way"}, "geometry": {"type": "LineString", "coordinates": [[-51.0519922, -29.6761522], [-51.051753, -29.6763595], [-51.0516429, -29.6765318], [-51.0514572, -29.6771389], [-51.0513608, -29.6775855], [-51.0513115, -29.6778131], [-51.0512199, -29.6785233], [-51.0510668, -29.6797479], [-51.0509895, -29.6803627]]}}, {"type": "Feature", "properties": {"highway": "tertiary_link", "osm_id": 657593110, "osm_type": "way"}, "geometry": {"type": "LineString", "coordinates": [[-51.0671713, -29.6710107], [-51.0672042, -29.6711167]]}}, {"type": "Feature", "properties": {"highway": "tertiary_link", "osm_id": 657599463, "osm_type": "way"}, "geometry": {"type": "LineString", "coordinates": [[-51.0685473, -29.6803939], [-51.0685625, -29.6805139]]}}, {"type": "Feature", "properties": {"highway": "tertiary_link", "osm_id": 657602970, "osm_type": "way"}, "geometry": {"type": "LineString", "coordinates": [[-51.0692527, -29.6805179], [-51.0691848, -29.6806049]]}}, {"type": "Feature", "properties": {"highway": "residential", "name": "Rua Presidente Costa e Silva", "osm_id": 657662387, "osm_type": "way"}, "geometry": {"type": "LineString", "coordinates": [[-51.071246, -29.6847848], [-51.0711633, -29.6847875], [-51.0711171, -29.684789], [-51.071068, -29.6847905]]}}, {"type": "Feature", "properties": {"highway": "residential", "name": "Rua Presidente Costa e Silva", "osm_id": 657662388, "osm_type": "way"}, "geometry": {"type": "LineString", "coordinates": [[-51.0732822, -29.6845362], [-51.0719606, -29.6846849], [-51.071246, -29.6847848]]}}, {"type": "Feature", "properties": {"highway": "secondary", "name": "Avenida São Leopoldo", "oneway": "yes", "osm_id": 657664752, "osm_type": "way"}, "geometry": {"type": "LineString", "coordinates": [[-51.072454, -29.6858045], [-51.0722674, -29.6857678], [-51.0722044, -29.6857509], [-51.0721336, -29.6857319], [-51.0720757, -29.6857086]]}}, {"type": "Feature", "properties": {"alt_name": "Rua Ipe", "highway": "residential", "name": "Avenida São Leopoldo", "osm_id": 657664753, "osm_type": "way"}, "geometry": {"type": "LineString", "coordinates": [[-51.0747725, -29.6865856], [-51.0744629, -29.6866223], [-51.0741944, -29.6866688], [-51.0740286, -29.6866605], [-51.07388, -29.6866386], [-51.0736316, -29.6865498], [-51.073372, -29.6864338], [-51.073153, -29.6863395], [-51.0728095, -29.6861606], [-51.0727281, -29.686114], [-51.0723577, -29.6859158], [-51.0722904, -29.6858701], [-51.072241, -29.6858321], [-51.0722154, -29.685782], [-51.0722044, -29.6857509]]}}, {"type": "Feature", "properties": {"highway": "secondary", "name": "Avenida São Leopoldo", "osm_id": 657664754, "osm_type": "way"}, "geometry": {"type": "LineString", "coordinates": [[-51.072454, -29.6858045], [-51.0727331, -29.6859043], [-51.0730604, -29.6860017], [-51.0737619, -29.6862091], [-51.0741442, -29.6863369]]}}, {"type": "Feature", "properties": {"highway": "secondary_link", "osm_id": 657665873, "osm_type": "way"}, "geometry": {"type": "LineString", "coordinates": [[-51.052404, -29.6801876], [-51.0524113, -29.6802804]]}}, {"type": "Feature", "properties": {"highway": "residential", "name": "Rua Lauro S S Tessaro", "osm_id": 657693294, "osm_type": "way"}, "geometry": {"type": "LineString", "coordinates": [[-51.0436528, -29.6816665], [-51.0436627, -29.6828582], [-51.0436587, -29.6829584]]}}, {"type": "Feature", "properties": {"highway": "residential", "name": "Rua Evilacio Schuch", "osm_id": 658030553, "osm_type": "way"}, "geometry": {"type": "LineString", "coordinates": [[-51.0425772, -29.6850876], [-51.0426039, -29.6843789]]}}, {"type": "Feature", "properties": {"highway": "service", "osm_id": 658030833, "osm_type": "way"}, "geometry": {"type": "LineString", "coordinates": [[-51.0606881, -29.6711059], [-51.0606079, -29.6711108], [-51.0602206, -29.6711393], [-51.0599537, -29.6711777], [-51.0589887, -29.6712932], [-51.0588044, -29.6713152]]}}, {"type": "Feature", "properties": {"highway": "tertiary", "lane_markings": "no", "lit": "yes", "name": "Avenida dos Estados", "oneway": "yes", "surface": "asphalt", "osm_id": 658519813, "osm_type": "way"}, "geometry": {"type": "LineString", "coordinates": [[-51.0724442, -29.6729324], [-51.0724194, -29.6729499], [-51.07215, -29.6731724]]}}, {"type": "Feature", "properties": {"highway": "residential", "name": "Avenida Intermunicipal", "surface": "gravel", "osm_id": 658850316, "osm_type": "way"}, "geometry": {"type": "LineString", "coordinates": [[-51.0779658, -29.6975437], [-51.0776898, -29.6967018], [-51.0776362, -29.6966051], [-51.0776067, -29.6965661], [-51.0775781, -29.6965343]]}}, {"type": "Feature", "properties": {"highway": "secondary", "lit": "yes", "oneway": "yes", "surface": "asphalt", "osm_id": 659938810, "osm_type": "way"}, "geometry": {"type": "LineString", "coordinates": [[-51.0520201, -29.6807024], [-51.0519794, -29.680663], [-51.0519406, -29.680641], [-51.051899, -29.68061], [-51.0518735, -29.6805389], [-51.0518568, -29.6804848], [-51.0518113, -29.6803464]]}}, {"type": "Feature", "properties": {"highway": "service", "osm_id": 668526713, "osm_type": "way"}, "geometry": {"type": "LineString", "coordinates": [[-51.0514444, -29.6642243], [-51.0513318, -29.6643758], [-51.0511896, -29.6645449], [-51.0511541, -29.6645512], [-51.0511199, -29.6645402], [-51.0510984, -29.6645204], [-51.051081, -29.6644796], [-51.0511038, -29.6644271], [-51.0512701, -29.6642861], [-51.0513539, -29.6642488], [-51.0514444, -29.6642243]]}}, {"type": "Feature", "properties": {"highway": "residential", "oneway": "yes", "osm_id": 668526714, "osm_type": "way"}, "geometry": {"type": "LineString", "coordinates": [[-51.0516492, -29.6641246], [-51.0522276, -29.6644766], [-51.0533365, -29.6651684], [-51.053442, -29.6652029], [-51.0535321, -29.6651985]]}}, {"type": "Feature", "properties": {"highway": "residential", "name": "Rua Universina Oliveira", "oneway": "yes", "osm_id": 668526717, "osm_type": "way"}, "geometry": {"type": "LineString", "coordinates": [[-51.053984, -29.667507], [-51.0539206, -29.6673792], [-51.0538496, -29.6672544], [-51.0537712, -29.667133], [-51.0537449, -29.6670969], [-51.0536836, -29.6670125], [-51.0535888, -29.6668963], [-51.0534869, -29.6667846], [-51.0534198, -29.6667054]]}}, {"type": "Feature", "properties": {"highway": "residential", "name": "Rua Universina Oliveira", "oneway": "yes", "osm_id": 668526718, "osm_type": "way"}, "geometry": {"type": "LineString", "coordinates": [[-51.0540708, -29.667893], [-51.0540462, -29.6678217], [-51.0540093, -29.6676562], [-51.0539898, -29.6675697], [-51.053984, -29.667507], [-51.0539845, -29.6674441], [-51.0539918, -29.6673778], [-51.0540062, -29.6673124], [-51.0540274, -29.6672484], [-51.054102, -29.6671481]]}}, {"type": "Feature", "properties": {"highway": "residential", "osm_id": 668526719, "osm_type": "way"}, "geometry": {"type": "LineString", "coordinates": [[-51.0533091, -29.6634725], [-51.0532254, -29.6635252], [-51.053161, -29.6635788], [-51.0522276, -29.6644766], [-51.0521747, -29.6645265], [-51.0516347, -29.6650465]]}}, {"type": "Feature", "properties": {"highway": "residential", "oneway": "yes", "surface": "asphalt", "osm_id": 668526720, "osm_type": "way"}, "geometry": {"type": "LineString", "coordinates": [[-51.0539845, -29.6669372], [-51.0540385, -29.6669243], [-51.0540904, -29.6669058], [-51.0541488, -29.6668766], [-51.0542017, -29.6668405]]}}, {"type": "Feature", "properties": {"highway": "residential", "osm_id": 668526721, "osm_type": "way"}, "geometry": {"type": "LineString", "coordinates": [[-51.0536757, -29.6661292], [-51.0536969, -29.6661048], [-51.053712, -29.6660771], [-51.0537204, -29.6660473], [-51.0537216, -29.6660166], [-51.0535631, -29.6653807], [-51.0535321, -29.6651985], [-51.0533091, -29.6634725], [-51.0531986, -29.662791], [-51.0531735, -29.6627663], [-51.0531426, -29.6627473], [-51.0531074, -29.662735], [-51.0530711, -29.6627303], [-51.0530346, -29.6627327], [-51.0529996, -29.6627422], [-51.0529679, -29.6627584], [-51.0517832, -29.6639663], [-51.0517609, -29.663989], [-51.0516492, -29.6641246], [-51.0516063, -29.6641778]]}}, {"type": "Feature", "properties": {"highway": "tertiary", "junction": "roundabout", "surface": "asphalt", "osm_id": 668526723, "osm_type": "way"}, "geometry": {"type": "LineString", "coordinates": [[-51.0542768, -29.6672787], [-51.054239, -29.6672812], [-51.0542017, -29.667275], [-51.0541676, -29.6672608], [-51.0541388, -29.6672393], [-51.0541174, -29.667212], [-51.0541049, -29.6671809], [-51.054102, -29.6671481], [-51.0541091, -29.6671157], [-51.0541255, -29.667086], [-51.054152, -29.6670576], [-51.0541816, -29.6670424], [-51.0542173, -29.6670315], [-51.0542552, -29.667029], [-51.0542924, -29.6670352], [-51.0543266, -29.6670494], [-51.0543554, -29.6670709], [-51.0543768, -29.6670982], [-51.0543893, -29.6671293], [-51.0543922, -29.6671621], [-51.0543851, -29.6671945], [-51.0543687, -29.6672242], [-51.054344, -29.6672492], [-51.0543126, -29.6672678], [-51.0542768, -29.6672787]]}}, {"type": "Feature", "properties": {"highway": "residential", "name": "Rua Paulista", "osm_id": 668526728, "osm_type": "way"}, "geometry": {"type": "LineString", "coordinates": [[-51.0545874, -29.6688199], [-51.0546497, -29.6693459], [-51.0547013, -29.6697272], [-51.0547725, -29.6701651]]}}, {"type": "Feature", "properties": {"highway": "residential", "name": "Rua Universina Oliveira", "osm_id": 668526729, "osm_type": "way"}, "geometry": {"type": "LineString", "coordinates": [[-51.0538854, -29.6699462], [-51.0537623, -29.6703999], [-51.0534078, -29.6712702]]}}, {"type": "Feature", "properties": {"highway": "residential", "name": "Rua Paulista", "osm_id": 668526731, "osm_type": "way"}, "geometry": {"type": "LineString", "coordinates": [[-51.0534448, -29.6617553], [-51.0535306, -29.6623835], [-51.053909, -29.6644703], [-51.0540861, -29.6656168], [-51.0542407, -29.666704]]}}, {"type": "Feature", "properties": {"highway": "residential", "name": "Rua Itaipu", "surface": "asphalt", "osm_id": 668526733, "osm_type": "way"}, "geometry": {"type": "LineString", "coordinates": [[-51.0580012, -29.6646653], [-51.057953, -29.6643401], [-51.0578847, -29.663928], [-51.0577791, -29.6632844], [-51.0576933, -29.6626493]]}}, {"type": "Feature", "properties": {"highway": "residential", "name": "Rua Itaipu", "surface": "asphalt", "osm_id": 668526735, "osm_type": "way"}, "geometry": {"type": "LineString", "coordinates": [[-51.05713, -29.6591785], [-51.0575006, -29.6613667]]}}, {"type": "Feature", "properties": {"highway": "residential", "name": "Rua João G. da Cunha", "osm_id": 668526736, "osm_type": "way"}, "geometry": {"type": "LineString", "coordinates": [[-51.05713, -29.6591785], [-51.0577908, -29.6591057], [-51.0586675, -29.6590013]]}}, {"type": "Feature", "properties": {"highway": "residential", "name": "Rua João G. da Cunha", "osm_id": 668526737, "osm_type": "way"}, "geometry": {"type": "LineString", "coordinates": [[-51.0553851, -29.6593325], [-51.0554323, -29.659348]]}}, {"type": "Feature", "properties": {"alt_name": "Travessa Pio 12; Travessa Pio Doze", "highway": "residential", "lanes": "1", "maxspeed": "30", "name": "Travessa Pio XII", "surface": "asphalt", "osm_id": 681391862, "osm_type": "way"}, "geometry": {"type": "LineString", "coordinates": [[-51.0443594, -29.6927342], [-51.0445546, -29.6923671], [-51.0444437, -29.6922333], [-51.0441972, -29.6921316], [-51.0438029, -29.6920459], [-51.0435872, -29.691987], [-51.0431805, -29.6918532], [-51.0428785, -29.6917783], [-51.0427984, -29.691789], [-51.0427245, -29.6918425], [-51.0426444, -29.6919389], [-51.0426136, -29.6920084], [-51.0425951, -29.6921209], [-51.0425766, -29.6922119], [-51.0426013, -29.6923136], [-51.0426752, -29.6924795], [-51.0428539, -29.692699], [-51.0430819, -29.6930683], [-51.0432791, -29.6934163], [-51.0435268, -29.6938484]]}}, {"type": "Feature", "properties": {"highway": "residential", "lanes": "1", "maxspeed": "30", "name": "Rua Alzemiro Cardoso da Conceição", "surface": "asphalt", "osm_id": 681391871, "osm_type": "way"}, "geometry": {"type": "LineString", "coordinates": [[-51.0430521, -29.6923617], [-51.0443594, -29.6927342], [-51.0444346, -29.6927601]]}}, {"type": "Feature", "properties": {"natural": "water", "water": "lake", "osm_id": 681394589, "osm_type": "way"}, "geometry": {"type": "Polygon", "coordinates": [[[-51.0449762, -29.6934034], [-51.045163, -29.6936874], [-51.0451257, -29.6938253], [-51.0451163, -29.6940444], [-51.0454339, -29.6944581], [-51.045546, -29.6946934], [-51.0452564, -29.6948476], [-51.0450416, -29.6950423], [-51.0449575, -29.695237], [-51.0447054, -29.6955048], [-51.0446026, -29.6955859], [-51.0443504, -29.6955616], [-51.0443878, -29.6953263], [-51.0441917, -29.6950423], [-51.0440983, -29.6947827], [-51.0441263, -29.6945636], [-51.0441169, -29.694377], [-51.0441543, -29.6942229], [-51.0442757, -29.6940687], [-51.0443971, -29.69402], [-51.0445466, -29.6936874], [-51.0449762, -29.6934034]]]}}, {"type": "Feature", "properties": {"amenity": "fuel", "osm_id": 681399867, "osm_type": "way"}, "geometry": {"type": "Polygon", "coordinates": [[[-51.0448914, -29.6818872], [-51.0445371, -29.6819408], [-51.0446912, -29.6821683], [-51.04495, -29.6821147], [-51.0448914, -29.6818872]]]}}, {"type": "Feature", "properties": {"waterway": "stream", "osm_id": 681408331, "osm_type": "way"}, "geometry": {"type": "LineString", "coordinates": [[-51.0784069, -29.6879437], [-51.0792626, -29.6939794]]}}, {"type": "Feature", "properties": {"alt_name": "Rua Cinco", "highway": "residential", "name": "Rua 5", "osm_id": 681494748, "osm_type": "way"}, "geometry": {"type": "LineString", "coordinates": [[-51.076723, -29.6917215], [-51.0769898, -29.6936798], [-51.0770126, -29.693748], [-51.077028, -29.6937696], [-51.0770492, -29.6937865]]}}, {"type": "Feature", "properties": {"highway": "residential", "name": "Rua Boa Vista", "osm_id": 698140730, "osm_type": "way"}, "geometry": {"type": "LineString", "coordinates": [[-51.0349944, -29.6829508], [-51.0347155, -29.6829461], [-51.0344674, -29.6829415], [-51.0342313, -29.6829368], [-51.0341039, -29.6829205], [-51.0340127, -29.6829201]]}}, {"type": "Feature", "properties": {"highway": "residential", "name": "Rua Ervino Braun", "osm_id": 698146661, "osm_type": "way"}, "geometry": {"type": "LineString", "coordinates": [[-51.0321632, -29.6689601], [-51.0321749, -29.6694047]]}}, {"type": "Feature", "properties": {"highway": "residential", "name": "Rua Agenor José Alves", "osm_id": 698146662, "osm_type": "way"}, "geometry": {"type": "LineString", "coordinates": [[-51.0322602, -29.6688694], [-51.0322028, -29.6682871]]}}, {"type": "Feature", "properties": {"highway": "residential", "name": "Rua Reinwald I Schnorr", "osm_id": 698146663, "osm_type": "way"}, "geometry": {"type": "LineString", "coordinates": [[-51.0326683, -29.6680191], [-51.0330956, -29.6679999]]}}, {"type": "Feature", "properties": {"highway": "residential", "name": "Rua Ernesto Müller", "osm_id": 698146664, "osm_type": "way"}, "geometry": {"type": "LineString", "coordinates": [[-51.0337352, -29.6687422], [-51.0336243, -29.6679808]]}}, {"type": "Feature", "properties": {"layer": "-1", "tunnel": "culvert", "waterway": "river", "osm_id": 698271282, "osm_type": "way"}, "geometry": {"type": "LineString", "coordinates": [[-51.0443357, -29.6796092], [-51.0445235, -29.6797886]]}}, {"type": "Feature", "properties": {"layer": "-1", "tunnel": "culvert", "waterway": "river", "osm_id": 698271283, "osm_type": "way"}, "geometry": {"type": "LineString", "coordinates": [[-51.0461054, -29.6697992], [-51.0460631, -29.6699052]]}}, {"type": "Feature", "properties": {"layer": "-1", "tunnel": "culvert", "waterway": "river", "osm_id": 698271284, "osm_type": "way"}, "geometry": {"type": "LineString", "coordinates": [[-51.0449044, -29.6739906], [-51.0448588, -29.674212]]}}, {"type": "Feature", "properties": {"layer": "-1", "tunnel": "culvert", "waterway": "river", "osm_id": 698271285, "osm_type": "way"}, "geometry": {"type": "LineString", "coordinates": [[-51.0472888, -29.6677564], [-51.0471172, -29.6679149]]}}, {"type": "Feature", "properties": {"alt_name": "Rua Felipe Dreyer", "highway": "residential", "name": "Rua Cristiano Spindler", "osm_id": 698271286, "osm_type": "way"}, "geometry": {"type": "LineString", "coordinates": [[-51.0514618, -29.6716153], [-51.051429, -29.6715896], [-51.0514095, -29.6715308], [-51.0514069, -29.6714119], [-51.0514517, -29.671229], [-51.0516999, -29.6705486]]}}, {"type": "Feature", "properties": {"alt_name": "Rua Jacob Hoffmeister", "highway": "residential", "name": "Rua Pedro F. A. Feltes", "osm_id": 698271287, "osm_type": "way"}, "geometry": {"type": "LineString", "coordinates": [[-51.0527242, -29.6735619], [-51.0527701, -29.6733023], [-51.0527855, -29.6731167], [-51.0527796, -29.6729473]]}}, {"type": "Feature", "properties": {"highway": "residential", "name": "Rua Felipe Dreyer", "osm_id": 698271288, "osm_type": "way"}, "geometry": {"type": "LineString", "coordinates": [[-51.0524362, -29.6710038], [-51.0515671, -29.6716287], [-51.0515195, -29.6716345], [-51.0514618, -29.6716153]]}}, {"type": "Feature", "properties": {"highway": "residential", "osm_id": 698278264, "osm_type": "way"}, "geometry": {"type": "LineString", "coordinates": [[-51.0542452, -29.684704], [-51.0536125, -29.686013], [-51.0535566, -29.6861266], [-51.0530559, -29.6871011]]}}, {"type": "Feature", "properties": {"alt_name": "Rua São Francisco", "highway": "residential", "name": "Rua Padre Reus", "osm_id": 698278265, "osm_type": "way"}, "geometry": {"type": "LineString", "coordinates": [[-51.0555683, -29.683693], [-51.0551302, -29.6846193]]}}, {"type": "Feature", "properties": {"highway": "residential", "osm_id": 698278266, "osm_type": "way"}, "geometry": {"type": "LineString", "coordinates": [[-51.0542452, -29.684704], [-51.0532602, -29.6843207]]}}, {"type": "Feature", "properties": {"highway": "residential", "name": "Rua Chorão", "osm_id": 698281590, "osm_type": "way"}, "geometry": {"type": "LineString", "coordinates": [[-51.0726893, -29.6908635], [-51.072598, -29.6901893], [-51.0725559, -29.6898788]]}}, {"type": "Feature", "properties": {"alt_name": "Rua Nilo Peçanha", "highway": "residential", "name": "Rua Avelino Blankheih", "osm_id": 698361057, "osm_type": "way"}, "geometry": {"type": "LineString", "coordinates": [[-51.0570593, -29.69401], [-51.0553098, -29.693459]]}}, {"type": "Feature", "properties": {"highway": "secondary", "lit": "yes", "name": "Avenida Gustavo Vetter", "oneway": "yes", "surface": "asphalt", "osm_id": 698367523, "osm_type": "way"}, "geometry": {"type": "LineString", "coordinates": [[-51.070194, -29.6816119], [-51.0703053, -29.6815963], [-51.0706894, -29.6815514], [-51.0714599, -29.6814624], [-51.0724088, -29.6813599], [-51.0725683, -29.6813302], [-51.072811, -29.6812736], [-51.0730845, -29.6811633], [-51.0732614, -29.6810592], [-51.0734279, -29.6809339], [-51.0736049, -29.6807801], [-51.073723, -29.6806356], [-51.0738061, -29.6804725], [-51.0738919, -29.6802371], [-51.0739429, -29.6800297], [-51.0739394, -29.6798873], [-51.0738189, -29.6791209], [-51.0737015, -29.6783751], [-51.0735899, -29.6776531]]}}, {"type": "Feature", "properties": {"highway": "secondary", "lit": "yes", "name": "Avenida Gustavo Vetter", "oneway": "yes", "surface": "asphalt", "osm_id": 698367524, "osm_type": "way"}, "geometry": {"type": "LineString", "coordinates": [[-51.0737135, -29.6776384], [-51.073836, -29.6783585], [-51.0739584, -29.6791073], [-51.0740618, -29.6797397], [-51.0740665, -29.6798721], [-51.074043, -29.6801361], [-51.0739942, -29.6803385], [-51.0738662, -29.6806176], [-51.0737117, -29.6808276], [-51.0733518, -29.681144], [-51.0731529, -29.6812581], [-51.0729689, -29.6813345], [-51.0727996, -29.6813911], [-51.0724853, -29.681453], [-51.0723159, -29.6814792], [-51.0714773, -29.6815729], [-51.0703679, -29.6817054], [-51.070307, -29.6817129], [-51.070243, -29.6817183]]}}, {"type": "Feature", "properties": {"alt_name": "Avenida Emílio Veter", "highway": "secondary", "lanes": "2", "lit": "yes", "name": "Avenida Emílio Vetter", "oneway": "yes", "surface": "asphalt", "osm_id": 698367525, "osm_type": "way"}, "geometry": {"type": "LineString", "coordinates": [[-51.0735899, -29.6776531], [-51.0736345, -29.6768931], [-51.0736666, -29.6762149], [-51.0736693, -29.6761357], [-51.0737176, -29.6754948], [-51.0737149, -29.675341], [-51.0736076, -29.6746745], [-51.0735942, -29.6745883], [-51.0734896, -29.6739218], [-51.0732724, -29.6725095], [-51.073208, -29.6724326], [-51.0730776, -29.6724088], [-51.0729784, -29.6724251]]}}, {"type": "Feature", "properties": {"alt_name": "Avenida Emílio Veter", "highway": "secondary", "lanes": "2", "lit": "yes", "name": "Avenida Emílio Vetter", "oneway": "yes", "surface": "asphalt", "osm_id": 698367526, "osm_type": "way"}, "geometry": {"type": "LineString", "coordinates": [[-51.0732887, -29.6719993], [-51.0733471, -29.672318], [-51.0734555, -29.6729372], [-51.0736008, -29.673908], [-51.0737722, -29.6749573], [-51.0738428, -29.675332], [-51.0738305, -29.6756379], [-51.0737867, -29.676362], [-51.0737596, -29.6768075], [-51.0737347, -29.6772164], [-51.0737135, -29.6776384]]}}, {"type": "Feature", "properties": {"alt_name": "Rua Vicente Barroso", "highway": "residential", "name": "Rua Vicente Barosso", "osm_id": 698367527, "osm_type": "way"}, "geometry": {"type": "LineString", "coordinates": [[-51.0750564, -29.678208], [-51.073836, -29.6783585], [-51.0737711, -29.6783679], [-51.0737015, -29.6783751]]}}, {"type": "Feature", "properties": {"highway": "residential", "name": "Rua Universina Oliveira", "osm_id": 698407705, "osm_type": "way"}, "geometry": {"type": "LineString", "coordinates": [[-51.0540708, -29.667893], [-51.0540691, -29.6685363], [-51.05398, -29.6695061], [-51.0538854, -29.6699462]]}}, {"type": "Feature", "properties": {"highway": "residential", "name": "Travessa Montesse", "osm_id": 698418016, "osm_type": "way"}, "geometry": {"type": "LineString", "coordinates": [[-51.0453049, -29.6843986], [-51.0452821, -29.6851066]]}}, {"type": "Feature", "properties": {"highway": "residential", "name": "Rua Ernesto Jacobus", "osm_id": 698418017, "osm_type": "way"}, "geometry": {"type": "LineString", "coordinates": [[-51.0455214, -29.6792648], [-51.0456508, -29.679248], [-51.0458104, -29.6792177], [-51.0462331, -29.6791561]]}}, {"type": "Feature", "properties": {"alt_name": "Rua Carmem Miranda", "highway": "residential", "name": "Rua Emilio Schmidt", "osm_id": 698422746, "osm_type": "way"}, "geometry": {"type": "LineString", "coordinates": [[-51.0623114, -29.6716326], [-51.0621251, -29.6704461], [-51.0619721, -29.6693877]]}}, {"type": "Feature", "properties": {"highway": "residential", "name": "Rua Jacob Weiss", "surface": "unpaved", "osm_id": 698687043, "osm_type": "way"}, "geometry": {"type": "LineString", "coordinates": [[-51.0656188, -29.6662331], [-51.0652676, -29.6665425], [-51.0647089, -29.6670348], [-51.0644801, -29.6672327], [-51.064408, -29.667295]]}}, {"type": "Feature", "properties": {"highway": "secondary", "lanes": "2", "lit": "yes", "name": "Avenida dos Estados", "oneway": "yes", "surface": "asphalt", "osm_id": 698697468, "osm_type": "way"}, "geometry": {"type": "LineString", "coordinates": [[-51.0732887, -29.6719993], [-51.0732293, -29.6720808], [-51.0729784, -29.6724251], [-51.0726125, -29.6728008], [-51.0724442, -29.6729324]]}}, {"type": "Feature", "properties": {"highway": "tertiary", "lit": "yes", "name": "Avenida Bibiano Trott", "oneway": "yes", "surface": "asphalt", "osm_id": 698697469, "osm_type": "way"}, "geometry": {"type": "LineString", "coordinates": [[-51.0687093, -29.6714916], [-51.0688153, -29.6721321], [-51.0688706, -29.672455], [-51.0689957, -29.6731863]]}}, {"type": "Feature", "properties": {"highway": "tertiary", "lit": "yes", "name": "Avenida Bibiano Trott", "oneway": "yes", "surface": "asphalt", "osm_id": 698697470, "osm_type": "way"}, "geometry": {"type": "LineString", "coordinates": [[-51.0690006, -29.6741265], [-51.0689919, -29.6740816], [-51.0688537, -29.6731986], [-51.0687392, -29.6724725], [-51.0685988, -29.6715815]]}}, {"type": "Feature", "properties": {"highway": "residential", "name": "Rua Castrto Alves", "osm_id": 698697472, "osm_type": "way"}, "geometry": {"type": "LineString", "coordinates": [[-51.0685988, -29.6715815], [-51.0664981, -29.6718537]]}}, {"type": "Feature", "properties": {"highway": "residential", "name": "Rua Lauro Müller", "osm_id": 698697473, "osm_type": "way"}, "geometry": {"type": "LineString", "coordinates": [[-51.0676318, -29.6723867], [-51.0666018, -29.6725168]]}}, {"type": "Feature", "properties": {"highway": "tertiary", "lit": "yes", "name": "Avenida dos Estados", "surface": "asphalt", "osm_id": 698697474, "osm_type": "way"}, "geometry": {"type": "LineString", "coordinates": [[-51.0689957, -29.6731863], [-51.0700633, -29.6729952], [-51.07054, -29.6728581], [-51.0711542, -29.6725493], [-51.0715831, -29.6722626], [-51.0716912, -29.6721829]]}}, {"type": "Feature", "properties": {"highway": "residential", "name": "Rua João Miguel da Silva", "osm_id": 698736513, "osm_type": "way"}, "geometry": {"type": "LineString", "coordinates": [[-51.048192, -29.6661553], [-51.0484067, -29.6662347]]}}, {"type": "Feature", "properties": {"bridge": "yes", "highway": "residential", "layer": "1", "name": "Rua João Miguel da Silva", "osm_id": 698736514, "osm_type": "way"}, "geometry": {"type": "LineString", "coordinates": [[-51.0481073, -29.6661212], [-51.048192, -29.6661553]]}}, {"type": "Feature", "properties": {"highway": "residential", "name": "Rua I", "osm_id": 698739635, "osm_type": "way"}, "geometry": {"type": "LineString", "coordinates": [[-51.0321398, -29.671121], [-51.0320525, -29.6704131]]}}, {"type": "Feature", "properties": {"alt_name": "Avenida João Demetrio", "highway": "residential", "name": "Avenida Protázio Maschaski", "oneway": "yes", "osm_id": 698739636, "osm_type": "way"}, "geometry": {"type": "LineString", "coordinates": [[-51.0360431, -29.6714422], [-51.0359376, -29.6711661], [-51.0358665, -29.6709969], [-51.0357688, -29.6707815], [-51.0355885, -29.6704156], [-51.0355403, -29.6702537], [-51.0355204, -29.6701359], [-51.0354892, -29.6697756], [-51.0354601, -29.6695388], [-51.035424, -29.6691346], [-51.0354121, -29.6690389], [-51.0353988, -29.6689404]]}}, {"type": "Feature", "properties": {"alt_name": "Avenida João Demetrio", "highway": "residential", "name": "Avenida Protázio Maschaski", "oneway": "yes", "osm_id": 698739637, "osm_type": "way"}, "geometry": {"type": "LineString", "coordinates": [[-51.0354964, -29.6689312], [-51.0355074, -29.6690458], [-51.0355151, -29.6691374], [-51.0355733, -29.6695256], [-51.0355979, -29.6697715], [-51.0356425, -29.6701196], [-51.0356905, -29.6703317], [-51.0357414, -29.6704599], [-51.0358871, -29.6707685], [-51.0359863, -29.6709694], [-51.0360847, -29.6712169], [-51.0361471, -29.6714229]]}}, {"type": "Feature", "properties": {"alt_name": "Rua Silvino Thoen", "highway": "secondary", "maxspeed": "60", "name": "Rua Reynaldo Kayser", "oneway": "no", "source:maxspeed": "implicit", "surface": "asphalt", "osm_id": 698926450, "osm_type": "way"}, "geometry": {"type": "LineString", "coordinates": [[-51.085193, -29.6822496], [-51.0848358, -29.6826245], [-51.0843528, -29.6831621], [-51.0843365, -29.6831795], [-51.08397, -29.6835701], [-51.0838733, -29.6836784], [-51.0834655, -29.6841591]]}}, {"type": "Feature", "properties": {"addr:city": "Campo Bom", "addr:housenumber": "304", "addr:postcode": "93700-000", "addr:street": "Rua Sapiranga", "landuse": "industrial", "name": "Arezzo", "osm_id": 711503875, "osm_type": "way"}, "geometry": {"type": "Polygon", "coordinates": [[[-51.0800433, -29.677964], [-51.0806671, -29.6778891], [-51.0805875, -29.6773878], [-51.0799636, -29.6774626], [-51.0800433, -29.677964]]]}}, {"type": "Feature", "properties": {"highway": "residential", "osm_id": 737181573, "osm_type": "way"}, "geometry": {"type": "LineString", "coordinates": [[-51.045644, -29.6597361], [-51.0458976, -29.6614508]]}}, {"type": "Feature", "properties": {"highway": "residential", "osm_id": 737181574, "osm_type": "way"}, "geometry": {"type": "LineString", "coordinates": [[-51.0458363, -29.6572437], [-51.0457528, -29.6584511], [-51.0457099, -29.6587681], [-51.0456294, -29.6589779], [-51.0450713, -29.6600256], [-51.04499, -29.6601596], [-51.0449169, -29.6603439], [-51.0448946, -29.6605282], [-51.0449715, -29.6617188]]}}, {"type": "Feature", "properties": {"highway": "residential", "osm_id": 737181575, "osm_type": "way"}, "geometry": {"type": "LineString", "coordinates": [[-51.0466219, -29.6588107], [-51.0463408, -29.6590743], [-51.0459924, -29.6594272], [-51.045644, -29.6597361], [-51.0450713, -29.6600256], [-51.0432855, -29.6606585]]}}, {"type": "Feature", "properties": {"highway": "residential", "osm_id": 737181576, "osm_type": "way"}, "geometry": {"type": "LineString", "coordinates": [[-51.0458363, -29.6572437], [-51.0463408, -29.6590743], [-51.0464233, -29.6593788], [-51.0467157, -29.6612201]]}}, {"type": "Feature", "properties": {"waterway": "river", "osm_id": 763259139, "osm_type": "way"}, "geometry": {"type": "LineString", "coordinates": [[-51.0482531, -29.6817621], [-51.0485724, -29.6819527], [-51.04897, -29.682169], [-51.0491402, -29.6822826], [-51.0492656, -29.6823356]]}}, {"type": "Feature", "properties": {"highway": "service", "service": "alley", "osm_id": 763259142, "osm_type": "way"}, "geometry": {"type": "LineString", "coordinates": [[-51.0463955, -29.6772139], [-51.0463315, -29.6770511], [-51.0457435, -29.6766901]]}}, {"type": "Feature", "properties": {"highway": "residential", "osm_id": 772696322, "osm_type": "way"}, "geometry": {"type": "LineString", "coordinates": [[-51.0309431, -29.6711742], [-51.030314, -29.6712371]]}}, {"type": "Feature", "properties": {"highway": "residential", "surface": "unpaved", "osm_id": 772696323, "osm_type": "way"}, "geometry": {"type": "LineString", "coordinates": [[-51.0308585, -29.6703049], [-51.0300404, -29.6704005]]}}, {"type": "Feature", "properties": {"highway": "residential", "surface": "unpaved", "osm_id": 772696324, "osm_type": "way"}, "geometry": {"type": "LineString", "coordinates": [[-51.0306862, -29.6690826], [-51.0307458, -29.6694263], [-51.0307914, -29.6695894], [-51.0308585, -29.6703049], [-51.0308701, -29.6704961]]}}, {"type": "Feature", "properties": {"highway": "residential", "oneway": "yes", "osm_id": 772696328, "osm_type": "way"}, "geometry": {"type": "LineString", "coordinates": [[-51.0361471, -29.6714229], [-51.0360431, -29.6714422]]}}, {"type": "Feature", "properties": {"highway": "residential", "name": "Avenida Luiz Alberto Fett", "oneway": "yes", "surface": "asphalt", "osm_id": 776600091, "osm_type": "way"}, "geometry": {"type": "LineString", "coordinates": [[-51.0523957, -29.6659552], [-51.0527775, -29.6661914], [-51.0532173, -29.6664571], [-51.0539845, -29.6669372], [-51.0540932, -29.6669988], [-51.054152, -29.6670576]]}}, {"type": "Feature", "properties": {"highway": "residential", "name": "Avenida Luiz Alberto Fett", "oneway": "yes", "surface": "asphalt", "osm_id": 776600092, "osm_type": "way"}, "geometry": {"type": "LineString", "coordinates": [[-51.0541091, -29.6671157], [-51.0540192, -29.6670862], [-51.0536009, -29.6668254], [-51.0534198, -29.6667054], [-51.0531252, -29.666541], [-51.0526997, -29.6662777], [-51.0523359, -29.6660365]]}}, {"type": "Feature", "properties": {"highway": "residential", "name": "Rua Wolfram Nicolau Metzler", "osm_id": 793063588, "osm_type": "way"}, "geometry": {"type": "LineString", "coordinates": [[-51.0590758, -29.6665168], [-51.0588862, -29.6654625], [-51.0587475, -29.6646788]]}}, {"type": "Feature", "properties": {"highway": "residential", "osm_id": 793063589, "osm_type": "way"}, "geometry": {"type": "LineString", "coordinates": [[-51.0470704, -29.6611353], [-51.0467157, -29.6612201], [-51.0458976, -29.6614508], [-51.0449715, -29.6617188], [-51.0446582, -29.6618585], [-51.0440053, -29.6621664]]}}, {"type": "Feature", "properties": {"highway": "service", "osm_id": 793063591, "osm_type": "way"}, "geometry": {"type": "LineString", "coordinates": [[-51.0257633, -29.6833007], [-51.0256337, -29.6830019], [-51.0254821, -29.6826036]]}}, {"type": "Feature", "properties": {"highway": "residential", "osm_id": 793063592, "osm_type": "way"}, "geometry": {"type": "LineString", "coordinates": [[-51.0253719, -29.6826545], [-51.0252686, -29.6826135], [-51.024385, -29.6818527], [-51.0241601, -29.6816251], [-51.0240304, -29.6814144], [-51.0236918, -29.6807885], [-51.0235357, -29.6803173], [-51.0233214, -29.6796967], [-51.0232616, -29.6795598], [-51.0231336, -29.6792668]]}}, {"type": "Feature", "properties": {"highway": "residential", "surface": "unpaved", "osm_id": 793063593, "osm_type": "way"}, "geometry": {"type": "LineString", "coordinates": [[-51.0231336, -29.6792668], [-51.0230351, -29.6788454], [-51.023067, -29.6781802], [-51.0229836, -29.677154], [-51.023141, -29.6765033], [-51.024072, -29.6752879], [-51.0245161, -29.6747246], [-51.024785, -29.6745777], [-51.0250654, -29.6745077], [-51.0274045, -29.6742106], [-51.0275773, -29.6741272], [-51.027658, -29.673947], [-51.0276695, -29.67363], [-51.0278616, -29.6733396], [-51.0281227, -29.6731361], [-51.0283494, -29.6729592], [-51.0284492, -29.6727856], [-51.0284531, -29.6724219], [-51.0284991, -29.6722383], [-51.0284163, -29.6720062], [-51.0283109, -29.6717978], [-51.0281776, -29.6713746], [-51.0281146, -29.6710973]]}}, {"type": "Feature", "properties": {"highway": "residential", "surface": "unpaved", "osm_id": 793063594, "osm_type": "way"}, "geometry": {"type": "LineString", "coordinates": [[-51.024072, -29.6752879], [-51.0238593, -29.6740438], [-51.02389, -29.6738969], [-51.0239745, -29.6737501], [-51.024155, -29.6735599], [-51.0243317, -29.6732495], [-51.0244781, -29.6727938], [-51.0246275, -29.6723284], [-51.0252382, -29.6707833], [-51.025204, -29.6706127], [-51.0251191, -29.6706364], [-51.0249232, -29.6706865], [-51.0241935, -29.6707666], [-51.0222999, -29.6709535]]}}, {"type": "Feature", "properties": {"waterway": "river", "osm_id": 793063596, "osm_type": "way"}, "geometry": {"type": "LineString", "coordinates": [[-51.049499, -29.6824614], [-51.0496492, -29.6825849], [-51.0496706, -29.6826548], [-51.0496867, -29.6827294], [-51.0497001, -29.6827947], [-51.0497377, -29.6828529], [-51.0497806, -29.6829275], [-51.0498101, -29.68303], [-51.0498423, -29.6831395], [-51.0498584, -29.6832094], [-51.0498565, -29.6833027]]}}, {"type": "Feature", "properties": {"highway": "residential", "oneway": "yes", "osm_id": 793063600, "osm_type": "way"}, "geometry": {"type": "LineString", "coordinates": [[-51.0430666, -29.6620137], [-51.043371, -29.6621308], [-51.0435399, -29.6621897], [-51.0437223, -29.6622281], [-51.0438524, -29.6622036], [-51.0440053, -29.6621664]]}}, {"type": "Feature", "properties": {"highway": "residential", "name": "Avenida Protázio Maschaski", "oneway": "yes", "surface": "paved", "osm_id": 798502377, "osm_type": "way"}, "geometry": {"type": "LineString", "coordinates": [[-51.0367845, -29.6741212], [-51.0368103, -29.6743355], [-51.0369144, -29.6750881], [-51.0369724, -29.6755771], [-51.0370481, -29.6762179], [-51.0371479, -29.6768287]]}}, {"type": "Feature", "properties": {"highway": "residential", "name": "Avenida Protázio Maschaski", "oneway": "yes", "surface": "paved", "osm_id": 798502378, "osm_type": "way"}, "geometry": {"type": "LineString", "coordinates": [[-51.0370279, -29.6768406], [-51.036939, -29.6762288], [-51.0368632, -29.6755869], [-51.0368146, -29.6751069], [-51.0366976, -29.6742132], [-51.0366822, -29.6741328]]}}, {"type": "Feature", "properties": {"highway": "residential", "osm_id": 798503156, "osm_type": "way"}, "geometry": {"type": "LineString", "coordinates": [[-51.0482896, -29.6801682], [-51.0479859, -29.6805287]]}}, {"type": "Feature", "properties": {"highway": "residential", "osm_id": 798503157, "osm_type": "way"}, "geometry": {"type": "LineString", "coordinates": [[-51.0479767, -29.6804256], [-51.048262, -29.6800613]]}}, {"type": "Feature", "properties": {"alt_name": "Rua Emilio Blos II; Rua Emilio Blos 2º", "highway": "residential", "name": "Rua Emilio Blos", "osm_id": 798645675, "osm_type": "way"}, "geometry": {"type": "LineString", "coordinates": [[-51.0558722, -29.6712298], [-51.0556725, -29.6700392], [-51.0555984, -29.6695758], [-51.0554616, -29.6687262]]}}, {"type": "Feature", "properties": {"highway": "secondary_link", "lanes": "1", "lit": "yes", "oneway": "yes", "surface": "asphalt", "osm_id": 799059368, "osm_type": "way"}, "geometry": {"type": "LineString", "coordinates": [[-51.0734459, -29.669951], [-51.0733862, -29.6699752], [-51.0732615, -29.6702001], [-51.0732253, -29.670221], [-51.0731722, -29.6702173]]}}, {"type": "Feature", "properties": {"highway": "secondary_link", "lanes": "1", "lit": "yes", "oneway": "yes", "surface": "asphalt", "osm_id": 799059369, "osm_type": "way"}, "geometry": {"type": "LineString", "coordinates": [[-51.0743481, -29.6683917], [-51.0742807, -29.6684312], [-51.0741486, -29.668656], [-51.0741212, -29.6686669], [-51.0740806, -29.6686616]]}}, {"type": "Feature", "properties": {"highway": "secondary_link", "lanes": "1", "lit": "yes", "oneway": "yes", "surface": "asphalt", "osm_id": 799059370, "osm_type": "way"}, "geometry": {"type": "LineString", "coordinates": [[-51.0755224, -29.6650386], [-51.0754944, -29.6650453], [-51.075471, -29.6650558], [-51.0754569, -29.6650721], [-51.0754247, -29.6652067], [-51.0754053, -29.6652551], [-51.0753771, -29.6652947], [-51.0753496, -29.6653151], [-51.0753153, -29.6653307]]}}, {"type": "Feature", "properties": {"highway": "residential", "osm_id": 809254984, "osm_type": "way"}, "geometry": {"type": "LineString", "coordinates": [[-51.0412016, -29.6571093], [-51.0413987, -29.6584337], [-51.0414682, -29.6589006], [-51.0414893, -29.6590429], [-51.0415382, -29.6593716]]}}, {"type": "Feature", "properties": {"highway": "residential", "name": "Rua Idalino João Martin", "oneway": "yes", "osm_id": 841421422, "osm_type": "way"}, "geometry": {"type": "LineString", "coordinates": [[-51.0362928, -29.6622071], [-51.0365486, -29.6620592], [-51.0366722, -29.6619635], [-51.0367849, -29.6618592]]}}, {"type": "Feature", "properties": {"highway": "residential", "name": "Rua Idalino João Martin", "oneway": "yes", "osm_id": 841421423, "osm_type": "way"}, "geometry": {"type": "LineString", "coordinates": [[-51.0361622, -29.6625183], [-51.0360955, -29.6625445], [-51.036038, -29.6625784], [-51.0360092, -29.6626139], [-51.0359732, -29.6626572]]}}, {"type": "Feature", "properties": {"highway": "secondary", "lanes": "4", "maxspeed": "60", "name": "Avenida dos Municípios", "oneway": "yes", "source": "survey; Bing", "surface": "asphalt", "osm_id": 846797276, "osm_type": "way"}, "geometry": {"type": "LineString", "coordinates": [[-51.0495436, -29.6893579], [-51.0494439, -29.689283], [-51.049303, -29.6892214], [-51.0491373, -29.6891687], [-51.0488906, -29.6890726], [-51.0486425, -29.6889529], [-51.0482416, -29.6886752], [-51.048027, -29.6885015], [-51.0477779, -29.6882373]]}}, {"type": "Feature", "properties": {"highway": "secondary", "maxspeed": "60", "name": "Avenida dos Municípios", "oneway": "no", "osm_id": 846797280, "osm_type": "way"}, "geometry": {"type": "LineString", "coordinates": [[-51.061641, -29.6931577], [-51.0612633, -29.6929991], [-51.0611564, -29.6929542], [-51.0607867, -29.6928038], [-51.0603111, -29.69263]]}}, {"type": "Feature", "properties": {"highway": "secondary", "maxspeed": "60", "name": "Avenida dos Municípios", "oneway": "no", "osm_id": 846797281, "osm_type": "way"}, "geometry": {"type": "LineString", "coordinates": [[-51.0579471, -29.6918434], [-51.0578468, -29.6918135], [-51.057733, -29.6917762], [-51.057239, -29.6916141], [-51.0565145, -29.691387], [-51.0561572, -29.691275], [-51.0549018, -29.6908815], [-51.0547224, -29.6908243], [-51.0545585, -29.690772], [-51.0545292, -29.6907626], [-51.0532927, -29.6903938], [-51.0529599, -29.6902943], [-51.0528584, -29.6902705], [-51.0526487, -29.6902081], [-51.0523757, -29.6901245], [-51.0520462, -29.6900235], [-51.0503447, -29.6895021], [-51.0502074, -29.6894571]]}}, {"type": "Feature", "properties": {"alt_name": "Avenida dos Andradas", "highway": "tertiary", "lane_markings": "no", "lit": "yes", "name": "Rua dos Andradas", "oneway": "yes", "surface": "asphalt", "osm_id": 846797284, "osm_type": "way"}, "geometry": {"type": "LineString", "coordinates": [[-51.0443846, -29.6739425], [-51.0444847, -29.6740016], [-51.0446158, -29.6740731], [-51.0448047, -29.6741379]]}}, {"type": "Feature", "properties": {"highway": "secondary", "lit": "yes", "maxspeed": "50", "name": "Avenida Brasil", "oneway": "yes", "surface": "asphalt", "osm_id": 846797285, "osm_type": "way"}, "geometry": {"type": "LineString", "coordinates": [[-51.0531736, -29.6801161], [-51.053073, -29.6801968], [-51.0524113, -29.6802804], [-51.0518898, -29.6803345], [-51.0518113, -29.6803464], [-51.0517467, -29.6803532], [-51.0511192, -29.6804322], [-51.0509778, -29.6804468]]}}, {"type": "Feature", "properties": {"alt_name": "Avenida dos Andradas", "highway": "tertiary", "lanes": "2", "lit": "yes", "name": "Rua dos Andradas", "surface": "asphalt", "osm_id": 846797286, "osm_type": "way"}, "geometry": {"type": "LineString", "coordinates": [[-51.0519922, -29.6761522], [-51.0519419, -29.6761169], [-51.0516403, -29.6759336], [-51.051391, -29.6758017], [-51.0511098, -29.6757151]]}}, {"type": "Feature", "properties": {"highway": "residential", "name": "Rua Percy João de Mello", "osm_id": 846797293, "osm_type": "way"}, "geometry": {"type": "LineString", "coordinates": [[-51.0404667, -29.681775], [-51.0401732, -29.6797743]]}}, {"type": "Feature", "properties": {"highway": "residential", "name": "Rua Percy João de Mello", "osm_id": 846797294, "osm_type": "way"}, "geometry": {"type": "LineString", "coordinates": [[-51.0405453, -29.6824894], [-51.0404667, -29.681775]]}}, {"type": "Feature", "properties": {"highway": "residential", "name": "Rua Alfredo Casemiro de Lima", "osm_id": 846797295, "osm_type": "way"}, "geometry": {"type": "LineString", "coordinates": [[-51.0412329, -29.6816681], [-51.0404667, -29.681775]]}}, {"type": "Feature", "properties": {"highway": "secondary", "lanes": "4", "maxspeed": "60", "name": "Avenida dos Municípios", "oneway": "yes", "source": "survey; Bing", "surface": "asphalt", "osm_id": 846797297, "osm_type": "way"}, "geometry": {"type": "LineString", "coordinates": [[-51.0451554, -29.681796], [-51.0451132, -29.681705], [-51.0450464, -29.6815383], [-51.0449656, -29.6813941], [-51.0448894, -29.6812744], [-51.0447899, -29.6811204]]}}, {"type": "Feature", "properties": {"highway": "secondary", "lanes": "4", "maxspeed": "60", "name": "Avenida dos Municípios", "oneway": "yes", "source": "survey;Bing", "surface": "asphalt", "osm_id": 846797298, "osm_type": "way"}, "geometry": {"type": "LineString", "coordinates": [[-51.0440854, -29.6800733], [-51.0438208, -29.6795517], [-51.043738, -29.6794423], [-51.0437069, -29.6794122], [-51.0436862, -29.6793918], [-51.0436694, -29.6793734], [-51.0436596, -29.679349]]}}, {"type": "Feature", "properties": {"highway": "secondary", "lanes": "2", "lit": "yes", "maxspeed": "60", "name": "Avenida dos Municípios", "oneway": "yes", "source": "Bing", "surface": "asphalt", "osm_id": 846797299, "osm_type": "way"}, "geometry": {"type": "LineString", "coordinates": [[-51.0445865, -29.6724955], [-51.0445976, -29.6724397], [-51.0445996, -29.6724286], [-51.0445999, -29.6724102], [-51.0446065, -29.6723455]]}}, {"type": "Feature", "properties": {"highway": "residential", "name": "Rua Idalino João Martin", "osm_id": 846797300, "osm_type": "way"}, "geometry": {"type": "LineString", "coordinates": [[-51.0357719, -29.6655606], [-51.0357521, -29.6658139], [-51.0357737, -29.6659568], [-51.0358002, -29.666027], [-51.0358503, -29.6661179], [-51.0359027, -29.6661826], [-51.0360508, -29.6662914], [-51.0362099, -29.6663618], [-51.0364863, -29.6664157], [-51.0368454, -29.6664661]]}}, {"type": "Feature", "properties": {"highway": "residential", "junction": "roundabout", "osm_id": 846797302, "osm_type": "way"}, "geometry": {"type": "LineString", "coordinates": [[-51.0360724, -29.6623873], [-51.0360752, -29.6623442], [-51.0360904, -29.6623031], [-51.0361398, -29.6622467], [-51.0362114, -29.6622127], [-51.0362928, -29.6622071]]}}, {"type": "Feature", "properties": {"highway": "residential", "name": "Rua Idalino João Martin", "osm_id": 846797303, "osm_type": "way"}, "geometry": {"type": "LineString", "coordinates": [[-51.0359732, -29.6626572], [-51.0357895, -29.6631081], [-51.0357534, -29.6632305], [-51.0357383, -29.6632985], [-51.0357234, -29.6635932], [-51.0357746, -29.6639719], [-51.0358234, -29.6645445], [-51.0358172, -29.6650612], [-51.0357719, -29.6655606]]}}, {"type": "Feature", "properties": {"highway": "residential", "name": "Rua Selomar Hoffmeister", "osm_id": 846797305, "osm_type": "way"}, "geometry": {"type": "LineString", "coordinates": [[-51.0368694, -29.6645761], [-51.0367926, -29.6646959], [-51.0367134, -29.6648286]]}}, {"type": "Feature", "properties": {"highway": "residential", "name": "Rua Pedro Saenger", "osm_id": 846797306, "osm_type": "way"}, "geometry": {"type": "LineString", "coordinates": [[-51.0385906, -29.6638849], [-51.038379, -29.6638762]]}}, {"type": "Feature", "properties": {"alt_name": "Rua Oscar Konrat", "highway": "residential", "name": "Rua Oscar Konrath", "osm_id": 846797307, "osm_type": "way"}, "geometry": {"type": "LineString", "coordinates": [[-51.0430647, -29.6636183], [-51.0433715, -29.6643384]]}}, {"type": "Feature", "properties": {"highway": "residential", "name": "Rua Pedro Saenger", "osm_id": 846797309, "osm_type": "way"}, "geometry": {"type": "LineString", "coordinates": [[-51.0445674, -29.6635422], [-51.0438808, -29.6635668], [-51.0430647, -29.6636183]]}}, {"type": "Feature", "properties": {"highway": "secondary", "lanes": "2", "maxspeed": "60", "name": "Avenida dos Municípios", "oneway": "yes", "source": "survey; Bing", "surface": "asphalt", "osm_id": 846797310, "osm_type": "way"}, "geometry": {"type": "LineString", "coordinates": [[-51.0452188, -29.664105], [-51.0452096, -29.663993], [-51.045162, -29.6638445], [-51.045095, -29.6637145], [-51.044924, -29.6634908]]}}, {"type": "Feature", "properties": {"highway": "secondary", "lanes": "2", "maxspeed": "40", "name": "Avenida dos Municípios", "oneway": "yes", "source": "survey; Bing", "surface": "asphalt", "osm_id": 846797311, "osm_type": "way"}, "geometry": {"type": "LineString", "coordinates": [[-51.045608, -29.6647535], [-51.0455275, -29.6645647], [-51.0453997, -29.6643836], [-51.045299, -29.6642993]]}}, {"type": "Feature", "properties": {"highway": "secondary", "junction": "roundabout", "oneway": "yes", "surface": "asphalt", "osm_id": 846797312, "osm_type": "way"}, "geometry": {"type": "LineString", "coordinates": [[-51.0454339, -29.6640303], [-51.045494, -29.6640642], [-51.0455326, -29.6641166], [-51.0455427, -29.6641782], [-51.0455392, -29.6641999], [-51.0455346, -29.6642292]]}}, {"type": "Feature", "properties": {"highway": "secondary", "maxspeed": "60", "name": "Avenida dos Municípios", "oneway": "yes", "surface": "asphalt", "osm_id": 846797313, "osm_type": "way"}, "geometry": {"type": "LineString", "coordinates": [[-51.0387516, -29.6587338], [-51.0388458, -29.6589024], [-51.0392406, -29.6594484], [-51.0394335, -29.6596748], [-51.039661, -29.6599173], [-51.0399055, -29.6601491], [-51.0401958, -29.6603969], [-51.0404779, -29.6606009], [-51.0408337, -29.6608313], [-51.0416565, -29.6612858], [-51.0424296, -29.6616746], [-51.0430666, -29.6620137], [-51.0433871, -29.662178], [-51.0438127, -29.6624087], [-51.0440654, -29.6625918], [-51.0441478, -29.6626498], [-51.0444361, -29.6628728], [-51.0447175, -29.6631362], [-51.0451281, -29.6636723]]}}, {"type": "Feature", "properties": {"highway": "secondary", "junction": "roundabout", "lanes": "2", "oneway": "yes", "source": "survey; Bing", "surface": "asphalt", "osm_id": 846797316, "osm_type": "way"}, "geometry": {"type": "LineString", "coordinates": [[-51.0452188, -29.664105], [-51.045247, -29.6640705], [-51.0452861, -29.6640423], [-51.0453584, -29.6640214], [-51.0454339, -29.6640303]]}}, {"type": "Feature", "properties": {"highway": "service", "osm_id": 846797317, "osm_type": "way"}, "geometry": {"type": "LineString", "coordinates": [[-51.0472682, -29.6633713], [-51.046308, -29.6635252], [-51.0461967, -29.6635287], [-51.0461189, -29.6635123], [-51.0460438, -29.6634657], [-51.0456777, -29.6631313], [-51.0456307, -29.6630252], [-51.0454752, -29.6622223], [-51.045502, -29.6621862]]}}, {"type": "Feature", "properties": {"alt_name": "Avenida dos Andradas", "highway": "tertiary", "lanes": "2", "lit": "yes", "name": "Rua dos Andradas", "surface": "asphalt", "osm_id": 846797318, "osm_type": "way"}, "geometry": {"type": "LineString", "coordinates": [[-51.0511098, -29.6757151], [-51.0508307, -29.6756595], [-51.0501036, -29.6755556], [-51.0499855, -29.6755354], [-51.0496408, -29.6754763], [-51.0492821, -29.6753537], [-51.0491534, -29.6752856], [-51.0489258, -29.6751837], [-51.0484591, -29.6749291], [-51.0477478, -29.6746802], [-51.0474007, -29.6745884], [-51.047241, -29.6745462], [-51.0470463, -29.6745048], [-51.0468576, -29.6744646], [-51.0466115, -29.6744122], [-51.0458629, -29.6742987], [-51.045494, -29.6742427], [-51.0448047, -29.6741379]]}}, {"type": "Feature", "properties": {"highway": "tertiary", "lanes": "2", "lit": "yes", "name": "Avenida dos Estados", "surface": "asphalt", "osm_id": 846797320, "osm_type": "way"}, "geometry": {"type": "LineString", "coordinates": [[-51.0511098, -29.6757151], [-51.0512033, -29.6755345], [-51.0513256, -29.6753843], [-51.0516806, -29.6751261], [-51.0519318, -29.674986]]}}, {"type": "Feature", "properties": {"highway": "tertiary", "lanes": "2", "lit": "yes", "name": "Avenida dos Estados", "surface": "asphalt", "osm_id": 846797321, "osm_type": "way"}, "geometry": {"type": "LineString", "coordinates": [[-51.0588123, -29.6727678], [-51.0593141, -29.6729235], [-51.0596678, -29.6730845], [-51.0599163, -29.6731976], [-51.0608016, -29.6735806], [-51.0611596, -29.6737312], [-51.0612139, -29.6737494], [-51.0612616, -29.6737613], [-51.061475, -29.673822], [-51.0618733, -29.6738983], [-51.0622139, -29.6739555], [-51.0623357, -29.6739543], [-51.062902, -29.6739076], [-51.0631073, -29.673884], [-51.0639593, -29.6737862], [-51.0642155, -29.6737547], [-51.0657034, -29.6735713], [-51.0663357, -29.6734934], [-51.0667654, -29.6734293]]}}, {"type": "Feature", "properties": {"alt_name": "Avenida São Leopoldo", "highway": "secondary", "maxspeed": "60", "name": "Rua Reynaldo Kayser", "oneway": "no", "source:maxspeed": "implicit", "surface": "asphalt", "osm_id": 846812733, "osm_type": "way"}, "geometry": {"type": "LineString", "coordinates": [[-51.0834655, -29.6841591], [-51.0831932, -29.6845021], [-51.0828535, -29.685038], [-51.0827275, -29.685241], [-51.0824275, -29.6857126], [-51.082245, -29.6859582], [-51.0820803, -29.6860896], [-51.0819564, -29.6861743], [-51.0817865, -29.6862598], [-51.0816689, -29.6863022]]}}, {"type": "Feature", "properties": {"alt_name": "Avenida Ceará", "highway": "residential", "name": "Rua Ceará", "osm_id": 846812741, "osm_type": "way"}, "geometry": {"type": "LineString", "coordinates": [[-51.0816689, -29.6863022], [-51.0816193, -29.6862446], [-51.0814488, -29.6850662], [-51.0812547, -29.683825]]}}, {"type": "Feature", "properties": {"alt_name": "Avenida Ceará", "highway": "residential", "name": "Rua Ceará", "osm_id": 846812743, "osm_type": "way"}, "geometry": {"type": "LineString", "coordinates": [[-51.0798426, -29.6773268], [-51.0799242, -29.6779166], [-51.0799426, -29.6780438], [-51.0800892, -29.6790785], [-51.0802702, -29.6802891], [-51.0804497, -29.6814876]]}}, {"type": "Feature", "properties": {"highway": "secondary", "name": "Avenida São Leopoldo", "osm_id": 846812747, "osm_type": "way"}, "geometry": {"type": "LineString", "coordinates": [[-51.0741442, -29.6863369], [-51.0743719, -29.6864053], [-51.0745726, -29.6864527], [-51.074751, -29.6864714]]}}, {"type": "Feature", "properties": {"highway": "secondary", "lanes": "4", "maxspeed": "50", "name": "Avenida Brasil", "surface": "asphalt", "osm_id": 846812749, "osm_type": "way"}, "geometry": {"type": "LineString", "coordinates": [[-51.0698271, -29.6781039], [-51.071879, -29.6778567], [-51.0719358, -29.67785], [-51.0723106, -29.6778054], [-51.0735899, -29.6776531], [-51.0736579, -29.6776441], [-51.0737135, -29.6776384], [-51.0747449, -29.6775124]]}}, {"type": "Feature", "properties": {"highway": "residential", "name": "Rua Itaipu", "surface": "asphalt", "osm_id": 846812750, "osm_type": "way"}, "geometry": {"type": "LineString", "coordinates": [[-51.0583065, -29.6664842], [-51.0583006, -29.666448], [-51.0581606, -29.6655552], [-51.0580012, -29.6646653]]}}, {"type": "Feature", "properties": {"highway": "tertiary", "lit": "yes", "name": "Avenida dos Estados", "osm_id": 846812751, "osm_type": "way"}, "geometry": {"type": "LineString", "coordinates": [[-51.0667654, -29.6734293], [-51.0677735, -29.673318], [-51.0682246, -29.673263], [-51.0688537, -29.6731986], [-51.0689957, -29.6731863]]}}, {"type": "Feature", "properties": {"highway": "tertiary", "lanes": "2", "lit": "yes", "name": "Avenida Bibiano Trott", "oneway": "yes", "surface": "asphalt", "osm_id": 846812752, "osm_type": "way"}, "geometry": {"type": "LineString", "coordinates": [[-51.0689957, -29.6731863], [-51.0691442, -29.674067], [-51.0691547, -29.6741148]]}}, {"type": "Feature", "properties": {"highway": "tertiary", "name": "Avenida Bibiano Trott", "oneway": "yes", "surface": "asphalt", "osm_id": 846812753, "osm_type": "way"}, "geometry": {"type": "LineString", "coordinates": [[-51.0663858, -29.6711171], [-51.0671713, -29.6710107], [-51.0679848, -29.6709005]]}}, {"type": "Feature", "properties": {"alt_name": "Rua Alcaras Caldas", "highway": "tertiary", "name": "Rua Alcaraz Caldas", "oneway": "yes", "osm_id": 846812755, "osm_type": "way"}, "geometry": {"type": "LineString", "coordinates": [[-51.0697076, -29.6807743], [-51.0696424, -29.6808579]]}}, {"type": "Feature", "properties": {"highway": "tertiary", "lit": "yes", "name": "Avenida São Leopoldo", "oneway": "yes", "surface": "asphalt", "osm_id": 846812756, "osm_type": "way"}, "geometry": {"type": "LineString", "coordinates": [[-51.0697076, -29.6807743], [-51.0697981, -29.680889], [-51.0699703, -29.6811454], [-51.070194, -29.6816119]]}}, {"type": "Feature", "properties": {"highway": "tertiary", "lanes": "2", "lit": "yes", "name": "Avenida dos Estados", "surface": "asphalt", "osm_id": 846812757, "osm_type": "way"}, "geometry": {"type": "LineString", "coordinates": [[-51.0699395, -29.6740215], [-51.0691547, -29.6741148]]}}, {"type": "Feature", "properties": {"highway": "secondary", "lit": "yes", "name": "Avenida São Leopoldo", "oneway": "yes", "surface": "asphalt", "osm_id": 846812759, "osm_type": "way"}, "geometry": {"type": "LineString", "coordinates": [[-51.070243, -29.6817183], [-51.0702658, -29.6817754], [-51.0703663, -29.6820272], [-51.0705231, -29.6823637], [-51.0705577, -29.6825066], [-51.0706, -29.6826815], [-51.0706511, -29.6832554], [-51.0706553, -29.6833332], [-51.0706768, -29.6835949], [-51.0707168, -29.6839288], [-51.0707411, -29.6840247], [-51.0708029, -29.6841691], [-51.0708892, -29.6843561], [-51.071137, -29.6846696], [-51.071246, -29.6847848], [-51.0712887, -29.6848256], [-51.0714909, -29.6850393], [-51.0718327, -29.685391], [-51.0722653, -29.6857082], [-51.072454, -29.6858045]]}}, {"type": "Feature", "properties": {"highway": "residential", "name": "Avenida das Indústrias", "osm_id": 846812760, "osm_type": "way"}, "geometry": {"type": "LineString", "coordinates": [[-51.0642377, -29.6911945], [-51.0690096, -29.6906536], [-51.0698119, -29.6905491]]}}, {"type": "Feature", "properties": {"highway": "secondary", "maxspeed": "60", "name": "Avenida dos Municípios", "oneway": "no", "osm_id": 846812761, "osm_type": "way"}, "geometry": {"type": "LineString", "coordinates": [[-51.0720075, -29.6976141], [-51.0719214, -29.6975735], [-51.0718352, -29.6975336], [-51.0715341, -29.6974079], [-51.071013, -29.6971732], [-51.0703422, -29.6968884], [-51.0702755, -29.6968614], [-51.070129, -29.6968021], [-51.069949, -29.6967181], [-51.0695448, -29.6965534], [-51.0694266, -29.6965061], [-51.0682418, -29.6960049], [-51.0674772, -29.6956815], [-51.0667655, -29.6953709], [-51.0651216, -29.6946518], [-51.064768, -29.6944974]]}}, {"type": "Feature", "properties": {"highway": "residential", "name": "Rua Limeira", "osm_id": 846812763, "osm_type": "way"}, "geometry": {"type": "LineString", "coordinates": [[-51.0704275, -29.6923968], [-51.0704057, -29.6923762], [-51.0703987, -29.692354], [-51.0703995, -29.6923304], [-51.0704088, -29.6922988], [-51.0712963, -29.6903694]]}}, {"type": "Feature", "properties": {"highway": "residential", "name": "Rua João A. Spengler", "osm_id": 846812764, "osm_type": "way"}, "geometry": {"type": "LineString", "coordinates": [[-51.0712983, -29.6927023], [-51.0704275, -29.6923968]]}}, {"type": "Feature", "properties": {"highway": "secondary", "lit": "yes", "name": "Avenida Willy Reichert", "oneway": "yes", "surface": "asphalt", "osm_id": 846812765, "osm_type": "way"}, "geometry": {"type": "LineString", "coordinates": [[-51.070243, -29.6817183], [-51.0701325, -29.6817318], [-51.0699803, -29.6817453], [-51.0688782, -29.6818683], [-51.0684191, -29.6819253]]}}, {"type": "Feature", "properties": {"highway": "residential", "lit": "yes", "name": "Avenida dos Estados", "oneway": "yes", "osm_id": 846812767, "osm_type": "way"}, "geometry": {"type": "LineString", "coordinates": [[-51.0509778, -29.6804468], [-51.0509703, -29.6805377], [-51.0508945, -29.6811034], [-51.0507859, -29.6816102], [-51.0506552, -29.6820366], [-51.0503916, -29.6827931], [-51.0501323, -29.6835315], [-51.0498404, -29.6843995], [-51.0493292, -29.6854566], [-51.0492491, -29.6856362]]}}, {"type": "Feature", "properties": {"alt_name": "Rua Vinte e Cinco de Julho", "highway": "residential", "name": "Rua 25 de Julho", "osm_id": 846812768, "osm_type": "way"}, "geometry": {"type": "LineString", "coordinates": [[-51.0492491, -29.6856362], [-51.0489258, -29.6855944], [-51.0487649, -29.6855921], [-51.0485356, -29.6856072], [-51.0470463, -29.6858728]]}}, {"type": "Feature", "properties": {"highway": "residential", "name": "Avenida Presidente Vargas", "osm_id": 846812769, "osm_type": "way"}, "geometry": {"type": "LineString", "coordinates": [[-51.0525809, -29.6857727], [-51.0522508, -29.686482]]}}, {"type": "Feature", "properties": {"highway": "secondary", "maxspeed": "60", "name": "Avenida dos Municípios", "oneway": "no", "osm_id": 846812770, "osm_type": "way"}, "geometry": {"type": "LineString", "coordinates": [[-51.0603111, -29.69263], [-51.0596716, -29.6924081], [-51.0594752, -29.6923422], [-51.0579471, -29.6918434]]}}, {"type": "Feature", "properties": {"highway": "secondary", "name": "Avenida Willy Reichert", "oneway": "yes", "osm_id": 846812771, "osm_type": "way"}, "geometry": {"type": "LineString", "coordinates": [[-51.0609909, -29.6847079], [-51.0609233, -29.6847142], [-51.0608558, -29.6847225]]}}, {"type": "Feature", "properties": {"highway": "residential", "name": "Avenida Independência", "oneway": "yes", "surface": "asphalt", "osm_id": 846812772, "osm_type": "way"}, "geometry": {"type": "LineString", "coordinates": [[-51.0609909, -29.6847079], [-51.0610026, -29.6847628], [-51.0610686, -29.6850765], [-51.0610876, -29.6851783]]}}, {"type": "Feature", "properties": {"highway": "secondary", "name": "Avenida Independência", "oneway": "yes", "osm_id": 846812773, "osm_type": "way"}, "geometry": {"type": "LineString", "coordinates": [[-51.0609786, -29.6846354], [-51.0609909, -29.6847079]]}}, {"type": "Feature", "properties": {"highway": "secondary", "name": "Avenida Willy Reichert", "oneway": "yes", "surface": "asphalt", "osm_id": 846812774, "osm_type": "way"}, "geometry": {"type": "LineString", "coordinates": [[-51.0632052, -29.684446], [-51.0618139, -29.6846262], [-51.0609909, -29.6847079]]}}, {"type": "Feature", "properties": {"highway": "residential", "name": "Avenida Arnildo Paz", "osm_id": 846812775, "osm_type": "way"}, "geometry": {"type": "LineString", "coordinates": [[-51.0632052, -29.684446], [-51.0631951, -29.6843674]]}}, {"type": "Feature", "properties": {"highway": "residential", "name": "Avenida Pedro Blos", "oneway": "yes", "surface": "asphalt", "osm_id": 846812776, "osm_type": "way"}, "geometry": {"type": "LineString", "coordinates": [[-51.0610876, -29.6851783], [-51.0610057, -29.685189], [-51.0609133, -29.6852047], [-51.0603742, -29.6852711], [-51.0601547, -29.6853428], [-51.0599551, -29.6854336], [-51.0597137, -29.6856479], [-51.0594606, -29.685943]]}}, {"type": "Feature", "properties": {"highway": "secondary", "maxspeed": "60", "name": "Avenida dos Municípios", "oneway": "no", "osm_id": 846812778, "osm_type": "way"}, "geometry": {"type": "LineString", "coordinates": [[-51.064768, -29.6944974], [-51.0641526, -29.6942287], [-51.0638943, -29.694116], [-51.0632691, -29.693843], [-51.0631281, -29.6937824], [-51.0623708, -29.6934641], [-51.0622373, -29.693408], [-51.0620146, -29.6933145], [-51.0618446, -29.6932432], [-51.061641, -29.6931577]]}}, {"type": "Feature", "properties": {"highway": "secondary", "maxspeed": "60", "name": "Avenida dos Municípios", "oneway": "yes", "osm_id": 865364959, "osm_type": "way"}, "geometry": {"type": "LineString", "coordinates": [[-51.0480824, -29.688469], [-51.0481309, -29.6885143], [-51.0483307, -29.6886728], [-51.0485587, -29.6888289], [-51.0488561, -29.6889894], [-51.0490844, -29.6890875], [-51.049288, -29.6891595], [-51.0493684, -29.6891805], [-51.0494813, -29.6891994], [-51.0496134, -29.6891888]]}}, {"type": "Feature", "properties": {"highway": "secondary", "lanes": "4", "maxspeed": "60", "name": "Avenida dos Municípios", "oneway": "yes", "source": "survey; Bing", "surface": "asphalt", "osm_id": 865364960, "osm_type": "way"}, "geometry": {"type": "LineString", "coordinates": [[-51.0477779, -29.6882373], [-51.0475672, -29.6879256], [-51.0473511, -29.6875068], [-51.0471906, -29.6870739]]}}, {"type": "Feature", "properties": {"highway": "secondary", "lanes": "4", "maxspeed": "60", "name": "Avenida dos Municípios", "oneway": "yes", "source": "survey; Bing", "surface": "asphalt", "osm_id": 865364961, "osm_type": "way"}, "geometry": {"type": "LineString", "coordinates": [[-51.0470888, -29.6866233], [-51.0469448, -29.6858922], [-51.0468249, -29.6851688]]}}, {"type": "Feature", "properties": {"highway": "residential", "name": "Rua Benno Hoffmeister", "osm_id": 865364962, "osm_type": "way"}, "geometry": {"type": "LineString", "coordinates": [[-51.0470888, -29.6866233], [-51.0470661, -29.686625], [-51.0465535, -29.6866538], [-51.0457577, -29.6866449], [-51.0455227, -29.6866423], [-51.0450514, -29.6866401], [-51.0439243, -29.6866348], [-51.0425402, -29.6866308]]}}, {"type": "Feature", "properties": {"highway": "secondary", "maxspeed": "60", "name": "Avenida dos Municípios", "oneway": "yes", "osm_id": 865364963, "osm_type": "way"}, "geometry": {"type": "LineString", "coordinates": [[-51.0471838, -29.6866112], [-51.0471957, -29.6866803], [-51.047233, -29.6868693], [-51.0472768, -29.6870576], [-51.0472783, -29.6870645], [-51.0473514, -29.687342], [-51.0474147, -29.6875136], [-51.0474804, -29.6876568], [-51.0475539, -29.687793], [-51.0476414, -29.6879435], [-51.0479337, -29.6883139], [-51.0480824, -29.688469]]}}, {"type": "Feature", "properties": {"highway": "secondary", "oneway": "yes", "osm_id": 865364964, "osm_type": "way"}, "geometry": {"type": "LineString", "coordinates": [[-51.0469002, -29.6851709], [-51.0468753, -29.6851778], [-51.0468492, -29.6851771], [-51.0468249, -29.6851688]]}}, {"type": "Feature", "properties": {"highway": "secondary", "oneway": "yes", "osm_id": 865364965, "osm_type": "way"}, "geometry": {"type": "LineString", "coordinates": [[-51.0468152, -29.6850602], [-51.0468342, -29.68505], [-51.0468557, -29.685045], [-51.046878, -29.6850456]]}}, {"type": "Feature", "properties": {"highway": "secondary", "name": "Avenida dos Municípios", "oneway": "yes", "osm_id": 865364966, "osm_type": "way"}, "geometry": {"type": "LineString", "coordinates": [[-51.0469414, -29.6851178], [-51.0469372, -29.6851343]]}}, {"type": "Feature", "properties": {"highway": "secondary", "maxspeed": "60", "name": "Avenida dos Municípios", "oneway": "yes", "osm_id": 865364967, "osm_type": "way"}, "geometry": {"type": "LineString", "coordinates": [[-51.0469002, -29.6851709], [-51.0470121, -29.6857115], [-51.0470463, -29.6858728], [-51.0471744, -29.6865568], [-51.0471838, -29.6866112]]}}, {"type": "Feature", "properties": {"highway": "secondary", "lanes": "4", "name": "Avenida dos Municípios", "oneway": "yes", "source": "survey; Bing", "surface": "asphalt", "osm_id": 865364968, "osm_type": "way"}, "geometry": {"type": "LineString", "coordinates": [[-51.0468249, -29.6851688], [-51.0468118, -29.6851602], [-51.0468012, -29.6851494]]}}, {"type": "Feature", "properties": {"highway": "secondary", "lanes": "4", "maxspeed": "40", "name": "Avenida dos Municípios", "oneway": "yes", "source": "survey; Bing", "surface": "asphalt", "osm_id": 865364969, "osm_type": "way"}, "geometry": {"type": "LineString", "coordinates": [[-51.0468152, -29.6850602], [-51.0467983, -29.6850042], [-51.0466645, -29.6844144], [-51.046649, -29.6843477], [-51.0465805, -29.6840591], [-51.0465575, -29.6839912], [-51.0465041, -29.683819], [-51.0464387, -29.6837056], [-51.0463429, -29.6835532], [-51.0462238, -29.6834008], [-51.0461295, -29.6832857]]}}, {"type": "Feature", "properties": {"highway": "secondary", "name": "Avenida dos Municípios", "oneway": "yes", "osm_id": 865364970, "osm_type": "way"}, "geometry": {"type": "LineString", "coordinates": [[-51.046878, -29.6850456], [-51.0469036, -29.6850537], [-51.0469244, -29.6850691], [-51.0469376, -29.6850898]]}}, {"type": "Feature", "properties": {"highway": "residential", "oneway": "yes", "osm_id": 865364971, "osm_type": "way"}, "geometry": {"type": "LineString", "coordinates": [[-51.0469376, -29.6850898], [-51.0471367, -29.6851209]]}}, {"type": "Feature", "properties": {"highway": "residential", "oneway": "yes", "osm_id": 865364972, "osm_type": "way"}, "geometry": {"type": "LineString", "coordinates": [[-51.0471367, -29.6851209], [-51.0469285, -29.685149]]}}, {"type": "Feature", "properties": {"highway": "residential", "oneway": "yes", "osm_id": 865364973, "osm_type": "way"}, "geometry": {"type": "LineString", "coordinates": [[-51.0467453, -29.6851206], [-51.0467918, -29.68509]]}}, {"type": "Feature", "properties": {"highway": "residential", "oneway": "yes", "osm_id": 865364974, "osm_type": "way"}, "geometry": {"type": "LineString", "coordinates": [[-51.0468012, -29.6851494], [-51.0467453, -29.6851206]]}}, {"type": "Feature", "properties": {"highway": "secondary", "lanes": "4", "name": "Avenida dos Municípios", "oneway": "yes", "source": "survey; Bing", "surface": "asphalt", "osm_id": 865364975, "osm_type": "way"}, "geometry": {"type": "LineString", "coordinates": [[-51.0467918, -29.68509], [-51.0468011, -29.6850737], [-51.0468152, -29.6850602]]}}, {"type": "Feature", "properties": {"highway": "secondary", "name": "Avenida dos Municípios", "oneway": "yes", "osm_id": 865364976, "osm_type": "way"}, "geometry": {"type": "LineString", "coordinates": [[-51.0469372, -29.6851343], [-51.0469285, -29.685149], [-51.0469159, -29.6851615], [-51.0469002, -29.6851709]]}}, {"type": "Feature", "properties": {"highway": "secondary", "name": "Avenida dos Municípios", "oneway": "yes", "osm_id": 865364977, "osm_type": "way"}, "geometry": {"type": "LineString", "coordinates": [[-51.0469376, -29.6850898], [-51.0469414, -29.6851178]]}}, {"type": "Feature", "properties": {"highway": "secondary", "lanes": "4", "name": "Avenida dos Municípios", "oneway": "yes", "source": "survey; Bing", "surface": "asphalt", "osm_id": 865364978, "osm_type": "way"}, "geometry": {"type": "LineString", "coordinates": [[-51.0468012, -29.6851494], [-51.0467929, -29.6851357], [-51.0467884, -29.6851207], [-51.046788, -29.6851051], [-51.0467918, -29.68509]]}}, {"type": "Feature", "properties": {"highway": "service", "service": "parking_aisle", "osm_id": 905661393, "osm_type": "way"}, "geometry": {"type": "LineString", "coordinates": [[-51.071154, -29.6662957], [-51.0714819, -29.6662672]]}}, {"type": "Feature", "properties": {"highway": "service", "service": "parking_aisle", "osm_id": 905661394, "osm_type": "way"}, "geometry": {"type": "LineString", "coordinates": [[-51.0711451, -29.6661675], [-51.0714733, -29.6661392]]}}, {"type": "Feature", "properties": {"highway": "service", "service": "parking_aisle", "osm_id": 905661395, "osm_type": "way"}, "geometry": {"type": "LineString", "coordinates": [[-51.0714644, -29.6660085], [-51.0711586, -29.6660382]]}}, {"type": "Feature", "properties": {"highway": "service", "service": "parking_aisle", "osm_id": 905661396, "osm_type": "way"}, "geometry": {"type": "LineString", "coordinates": [[-51.0716891, -29.6659783], [-51.0714644, -29.6660085], [-51.0714733, -29.6661392], [-51.0714819, -29.6662672], [-51.0714872, -29.6663642], [-51.071484, -29.6663706], [-51.0714772, -29.6663732], [-51.0711902, -29.6663942]]}}, {"type": "Feature", "properties": {"highway": "service", "osm_id": 905661397, "osm_type": "way"}, "geometry": {"type": "LineString", "coordinates": [[-51.0712002, -29.6676457], [-51.0720411, -29.6676224], [-51.072088, -29.6676108], [-51.072139, -29.6675642], [-51.0723469, -29.6670771]]}}, {"type": "Feature", "properties": {"highway": "service", "osm_id": 905661398, "osm_type": "way"}, "geometry": {"type": "LineString", "coordinates": [[-51.0716431, -29.6657441], [-51.0716891, -29.6659783], [-51.0717742, -29.666407], [-51.0717581, -29.6664635], [-51.0717045, -29.6664898], [-51.0712606, -29.6665539], [-51.0711975, -29.6665725], [-51.0711654, -29.6666179], [-51.0712002, -29.6676457], [-51.0712069, -29.6677378], [-51.0712364, -29.6678007], [-51.0712914, -29.667831], [-51.0713746, -29.667838], [-51.0715824, -29.6678077], [-51.0720478, -29.6678159], [-51.0723361, -29.6678788], [-51.0727733, -29.6680466], [-51.0740806, -29.6686616]]}}, {"type": "Feature", "properties": {"highway": "service", "osm_id": 905673018, "osm_type": "way"}, "geometry": {"type": "LineString", "coordinates": [[-51.0580292, -29.6581714], [-51.0580245, -29.6585257], [-51.0580084, -29.6585741], [-51.0579608, -29.6586044], [-51.0575826, -29.658704], [-51.0575102, -29.6587529], [-51.0573506, -29.6589918], [-51.057124, -29.659127]]}}, {"type": "Feature", "properties": {"highway": "service", "osm_id": 905673029, "osm_type": "way"}, "geometry": {"type": "LineString", "coordinates": [[-51.0740769, -29.6645005], [-51.0738797, -29.664694], [-51.0738838, -29.6647255], [-51.0740145, -29.6649107], [-51.0740487, -29.6649265], [-51.0740849, -29.6649201], [-51.0745449, -29.6644796], [-51.0746938, -29.6644143], [-51.0748225, -29.664412], [-51.0749728, -29.6644493], [-51.0752249, -29.6645227], [-51.0754602, -29.664585]]}}, {"type": "Feature", "properties": {"highway": "service", "osm_id": 905673030, "osm_type": "way"}, "geometry": {"type": "LineString", "coordinates": [[-51.0628545, -29.6637524], [-51.0628559, -29.6641218], [-51.062872, -29.6642104], [-51.062931, -29.6643024], [-51.0632154, -29.6645372], [-51.063604, -29.6648706]]}}, {"type": "Feature", "properties": {"highway": "residential", "name": "Rua Asilda Blos", "oneway": "yes", "osm_id": 905684194, "osm_type": "way"}, "geometry": {"type": "LineString", "coordinates": [[-51.0630078, -29.6619393], [-51.0630175, -29.6620199]]}}, {"type": "Feature", "properties": {"highway": "tertiary", "name": "Avenida Kennedy", "surface": "asphalt", "osm_id": 905684195, "osm_type": "way"}, "geometry": {"type": "LineString", "coordinates": [[-51.0637281, -29.6649654], [-51.0630296, -29.6655822], [-51.0629892, -29.6656177], [-51.0622213, -29.6662946], [-51.061765, -29.6666988], [-51.0615652, -29.6668759], [-51.0613221, -29.6670914], [-51.0610258, -29.66736], [-51.0604931, -29.6678429], [-51.0603984, -29.6679288], [-51.0601964, -29.6680969], [-51.0601097, -29.6681369]]}}, {"type": "Feature", "properties": {"highway": "residential", "osm_id": 905684196, "osm_type": "way"}, "geometry": {"type": "LineString", "coordinates": [[-51.0655308, -29.6634729], [-51.0657406, -29.6647823], [-51.0659295, -29.6659609]]}}, {"type": "Feature", "properties": {"highway": "service", "service": "parking_aisle", "osm_id": 905696492, "osm_type": "way"}, "geometry": {"type": "LineString", "coordinates": [[-51.0711902, -29.6663942], [-51.0711761, -29.6663935], [-51.071169, -29.6663866], [-51.071154, -29.6662957], [-51.0711451, -29.6661675], [-51.0711426, -29.6660574], [-51.0711479, -29.666044], [-51.0711586, -29.6660382]]}}, {"type": "Feature", "properties": {"highway": "tertiary_link", "osm_id": 905696493, "osm_type": "way"}, "geometry": {"type": "LineString", "coordinates": [[-51.0595251, -29.6638879], [-51.0594421, -29.6638975]]}}, {"type": "Feature", "properties": {"highway": "residential", "osm_id": 905696494, "osm_type": "way"}, "geometry": {"type": "LineString", "coordinates": [[-51.0597577, -29.6653513], [-51.0596716, -29.6653621]]}}, {"type": "Feature", "properties": {"highway": "service", "osm_id": 905709144, "osm_type": "way"}, "geometry": {"type": "LineString", "coordinates": [[-51.0547945, -29.6617911], [-51.0546175, -29.66079], [-51.0545786, -29.6607318], [-51.0544783, -29.6606576]]}}, {"type": "Feature", "properties": {"highway": "residential", "name": "Avenida Fabiano Trott", "oneway": "yes", "osm_id": 905709145, "osm_type": "way"}, "geometry": {"type": "LineString", "coordinates": [[-51.0681958, -29.6662931], [-51.0678294, -29.6663541], [-51.0677071, -29.6664027], [-51.0674988, -29.6665967], [-51.0668193, -29.6672215]]}}, {"type": "Feature", "properties": {"highway": "residential", "name": "Avenida Fabiano Trott", "oneway": "yes", "osm_id": 905709146, "osm_type": "way"}, "geometry": {"type": "LineString", "coordinates": [[-51.0667986, -29.6670922], [-51.0674765, -29.6664534], [-51.0676173, -29.666338], [-51.0677792, -29.6662494], [-51.0681793, -29.6661919]]}}, {"type": "Feature", "properties": {"highway": "residential", "name": "Rua Elson G. Heidrich", "osm_id": 905731210, "osm_type": "way"}, "geometry": {"type": "LineString", "coordinates": [[-51.0540708, -29.667893], [-51.0528798, -29.668778]]}}, {"type": "Feature", "properties": {"highway": "residential", "name": "Avenida Intermunicipal", "surface": "gravel", "osm_id": 907478548, "osm_type": "way"}, "geometry": {"type": "LineString", "coordinates": [[-51.0780702, -29.6979388], [-51.0779658, -29.6975437]]}}, {"type": "Feature", "properties": {"alt_name": "Avenida São Leopoldo", "highway": "residential", "maxspeed": "30", "name": "Rua Reynaldo Kayser", "oneway": "no", "source:maxspeed": "implicit", "surface": "dirt", "osm_id": 907478652, "osm_type": "way"}, "geometry": {"type": "LineString", "coordinates": [[-51.0852051, -29.6823691], [-51.0844, -29.6832184], [-51.083917, -29.68377], [-51.0835081, -29.6842599]]}}, {"type": "Feature", "properties": {"highway": "service", "osm_id": 907716056, "osm_type": "way"}, "geometry": {"type": "LineString", "coordinates": [[-51.0252795, -29.6865615], [-51.0248664, -29.6857902], [-51.0246076, -29.6852717], [-51.0245405, -29.6848628], [-51.0249496, -29.6845214], [-51.0249085, -29.6833271], [-51.0248958, -29.6829568]]}}, {"type": "Feature", "properties": {"highway": "residential", "osm_id": 907716057, "osm_type": "way"}, "geometry": {"type": "LineString", "coordinates": [[-51.0248958, -29.6829568], [-51.0233898, -29.6827865], [-51.0227743, -29.6826292], [-51.0225637, -29.6825628], [-51.022325, -29.6826502], [-51.022274, -29.6829065], [-51.0223881, -29.683319], [-51.0221601, -29.6838491], [-51.0221775, -29.6844468], [-51.022498, -29.6849233], [-51.0227796, -29.6852775], [-51.0229594, -29.6856876], [-51.0232329, -29.6860954], [-51.0232893, -29.6865987]]}}, {"type": "Feature", "properties": {"highway": "residential", "osm_id": 907718041, "osm_type": "way"}, "geometry": {"type": "LineString", "coordinates": [[-51.0332885, -29.6808536], [-51.0332684, -29.6811157], [-51.0329399, -29.6813942], [-51.0326059, -29.6816505], [-51.0322908, -29.6819907], [-51.0319018, -29.6822296], [-51.031305, -29.6822284], [-51.0309175, -29.6822284], [-51.0306372, -29.682183], [-51.0305822, -29.6821836], [-51.0305346, -29.6822016], [-51.0304549, -29.682268]]}}, {"type": "Feature", "properties": {"highway": "unclassified", "osm_id": 907718042, "osm_type": "way"}, "geometry": {"type": "LineString", "coordinates": [[-51.0232616, -29.6795598], [-51.0230264, -29.6793878], [-51.0227756, -29.6793668], [-51.0222378, -29.6794449], [-51.0217631, -29.6794798], [-51.0208672, -29.6793913], [-51.0194564, -29.6791536], [-51.0186115, -29.6789252], [-51.0175601, -29.6783566], [-51.0172167, -29.6784056], [-51.0164765, -29.6789625], [-51.0161465, -29.6794076], [-51.0157375, -29.6811274], [-51.0153741, -29.6812684], [-51.01491, -29.6811903], [-51.0148578, -29.6811973], [-51.0148242, -29.6812579], [-51.014619, -29.6816878], [-51.0142569, -29.6821375], [-51.0140048, -29.6823799], [-51.0137513, -29.6824836]]}}, {"type": "Feature", "properties": {"highway": "residential", "surface": "unpaved", "osm_id": 907721035, "osm_type": "way"}, "geometry": {"type": "LineString", "coordinates": [[-51.0329828, -29.6667869], [-51.0330257, -29.666844], [-51.0330338, -29.6669221], [-51.0330445, -29.6669851], [-51.0330534, -29.6670379], [-51.0330988, -29.667281], [-51.0331437, -29.6674401]]}}, {"type": "Feature", "properties": {"highway": "residential", "surface": "unpaved", "osm_id": 907721036, "osm_type": "way"}, "geometry": {"type": "LineString", "coordinates": [[-51.0317764, -29.6668971], [-51.0318656, -29.667302], [-51.0318978, -29.6673288], [-51.0319394, -29.6673393], [-51.0330988, -29.667281]]}}, {"type": "Feature", "properties": {"highway": "residential", "surface": "unpaved", "osm_id": 907721037, "osm_type": "way"}, "geometry": {"type": "LineString", "coordinates": [[-51.0298378, -29.6681422], [-51.0300002, -29.6680524], [-51.0303046, -29.667958], [-51.0305388, -29.6679191]]}}, {"type": "Feature", "properties": {"highway": "secondary", "maxspeed": "60", "name": "Rua Bruno Werner Storck", "source:maxspeed": "sign", "surface": "asphalt", "osm_id": 908211205, "osm_type": "way"}, "geometry": {"type": "LineString", "coordinates": [[-51.0836257, -29.6872113], [-51.0837202, -29.6878804], [-51.0838187, -29.6885417], [-51.0840946, -29.6904379], [-51.0841687, -29.6909475]]}}, {"type": "Feature", "properties": {"highway": "residential", "name": "Avenida Intermunicipal", "surface": "asphalt", "osm_id": 908211371, "osm_type": "way"}, "geometry": {"type": "LineString", "coordinates": [[-51.0774648, -29.6949916], [-51.0774585, -29.6950307], [-51.0774645, -29.6950709], [-51.0775562, -29.6953879]]}}, {"type": "Feature", "properties": {"highway": "tertiary", "maxspeed": "30", "name": "Avenida Octaviano Oscar Mendes", "source:maxspeed": "sign", "surface": "asphalt", "osm_id": 908211372, "osm_type": "way"}, "geometry": {"type": "LineString", "coordinates": [[-51.0787036, -29.691503], [-51.0788164, -29.6923448], [-51.0788834, -29.6927595], [-51.0789497, -29.6931707], [-51.078995, -29.6935619], [-51.0789997, -29.6936909], [-51.0789924, -29.6939283], [-51.0789558, -29.6941412], [-51.0788687, -29.6943406], [-51.0787562, -29.6945539], [-51.0785485, -29.69483], [-51.0783979, -29.6949753], [-51.0782054, -29.6951144], [-51.0779189, -29.6952663], [-51.0776898, -29.6953586], [-51.0775562, -29.6953879]]}}, {"type": "Feature", "properties": {"highway": "residential", "name": "Avenida dos Municípios", "oneway": "yes", "osm_id": 908915703, "osm_type": "way"}, "geometry": {"type": "LineString", "coordinates": [[-51.0497927, -29.689141], [-51.0499961, -29.6891563]]}}, {"type": "Feature", "properties": {"flood_prone": "yes", "highway": "service", "osm_id": 919140677, "osm_type": "way"}, "geometry": {"type": "LineString", "coordinates": [[-51.0437389, -29.7078707], [-51.0437873, -29.7076693], [-51.0437776, -29.7075462], [-51.0437422, -29.7073308], [-51.0437615, -29.7071825], [-51.0438356, -29.706665], [-51.0438581, -29.706153], [-51.0437679, -29.7059348], [-51.0437905, -29.705725], [-51.0438581, -29.7052718], [-51.0440353, -29.7049361], [-51.0441931, -29.7044969], [-51.0442543, -29.7041807], [-51.0442285, -29.7040381], [-51.0441609, -29.7036408], [-51.0441705, -29.7033107], [-51.0442607, -29.7030113], [-51.0443412, -29.7026393], [-51.0443205, -29.7020605]]}}, {"type": "Feature", "properties": {"highway": "residential", "name": "Avenida dos Municípios", "osm_id": 919140678, "osm_type": "way"}, "geometry": {"type": "LineString", "coordinates": [[-51.0525635, -29.6899569], [-51.0533898, -29.6902277], [-51.0547985, -29.6906666], [-51.0552344, -29.6908011]]}}, {"type": "Feature", "properties": {"highway": "residential", "name": "Avenida dos Municipios", "osm_id": 919140679, "osm_type": "way"}, "geometry": {"type": "LineString", "coordinates": [[-51.0506824, -29.6898883], [-51.0499671, -29.6896741]]}}, {"type": "Feature", "properties": {"highway": "service", "osm_id": 920711633, "osm_type": "way"}, "geometry": {"type": "LineString", "coordinates": [[-51.050565, -29.6924124], [-51.0502321, -29.6924356], [-51.0497224, -29.6924216], [-51.0493442, -29.6923681]]}}, {"type": "Feature", "properties": {"highway": "service", "osm_id": 920711634, "osm_type": "way"}, "geometry": {"type": "LineString", "coordinates": [[-51.0511252, -29.6865848], [-51.0510166, -29.6870962], [-51.0511413, -29.6871288]]}}, {"type": "Feature", "properties": {"highway": "service", "osm_id": 920711635, "osm_type": "way"}, "geometry": {"type": "LineString", "coordinates": [[-51.0511413, -29.6871288], [-51.0513036, -29.6867071]]}}, {"type": "Feature", "properties": {"highway": "service", "osm_id": 920711636, "osm_type": "way"}, "geometry": {"type": "LineString", "coordinates": [[-51.0515241, -29.6874411], [-51.0514803, -29.6874044], [-51.0513257, -29.6872797], [-51.0512962, -29.687278], [-51.051256, -29.6872966]]}}, {"type": "Feature", "properties": {"highway": "service", "osm_id": 920711637, "osm_type": "way"}, "geometry": {"type": "LineString", "coordinates": [[-51.0515643, -29.6873994], [-51.0515209, -29.687363], [-51.0514026, -29.6872597], [-51.0513474, -29.6872246], [-51.0511963, -29.6871533], [-51.0511413, -29.6871288], [-51.0509522, -29.6876496], [-51.051136, -29.6876823], [-51.0511618, -29.6875995], [-51.051256, -29.6872966]]}}, {"type": "Feature", "properties": {"highway": "residential", "osm_id": 920711638, "osm_type": "way"}, "geometry": {"type": "LineString", "coordinates": [[-51.048027, -29.6885015], [-51.0480824, -29.688469]]}}, {"type": "Feature", "properties": {"highway": "residential", "osm_id": 920711639, "osm_type": "way"}, "geometry": {"type": "LineString", "coordinates": [[-51.0450514, -29.6866401], [-51.0450524, -29.6873201]]}}, {"type": "Feature", "properties": {"highway": "residential", "osm_id": 920711640, "osm_type": "way"}, "geometry": {"type": "LineString", "coordinates": [[-51.0411394, -29.6955159], [-51.0416454, -29.6956774]]}}, {"type": "Feature", "properties": {"highway": "residential", "osm_id": 920711641, "osm_type": "way"}, "geometry": {"type": "LineString", "coordinates": [[-51.0412091, -29.6952153], [-51.0418314, -29.6953996]]}}, {"type": "Feature", "properties": {"highway": "residential", "osm_id": 920711642, "osm_type": "way"}, "geometry": {"type": "LineString", "coordinates": [[-51.0417442, -29.6955089], [-51.0428144, -29.6959923], [-51.0428841, -29.6959737], [-51.0434809, -29.6952712]]}}, {"type": "Feature", "properties": {"highway": "residential", "osm_id": 920711643, "osm_type": "way"}, "geometry": {"type": "LineString", "coordinates": [[-51.0385805, -29.6943369], [-51.0394342, -29.6929314]]}}, {"type": "Feature", "properties": {"highway": "residential", "osm_id": 920720951, "osm_type": "way"}, "geometry": {"type": "LineString", "coordinates": [[-51.0446517, -29.6890897], [-51.04492, -29.6886824]]}}, {"type": "Feature", "properties": {"highway": "secondary", "lanes": "2", "name": "Avenida Presidente Vargas", "oneway": "no", "source": "survey", "surface": "asphalt", "osm_id": 920720952, "osm_type": "way"}, "geometry": {"type": "LineString", "coordinates": [[-51.048826, -29.690681], [-51.0490899, -29.6901366], [-51.0494988, -29.6896206]]}}, {"type": "Feature", "properties": {"highway": "secondary", "lanes": "2", "name": "Avenida Presidente Vargas", "oneway": "no", "source": "survey", "surface": "asphalt", "osm_id": 920720953, "osm_type": "way"}, "geometry": {"type": "LineString", "coordinates": [[-51.046031, -29.6918199], [-51.0463121, -29.6913625], [-51.0464334, -29.6912623], [-51.0466253, -29.6912037], [-51.0481455, -29.6911112]]}}, {"type": "Feature", "properties": {"highway": "residential", "osm_id": 920720954, "osm_type": "way"}, "geometry": {"type": "LineString", "coordinates": [[-51.0489219, -29.6881691], [-51.0485986, -29.6884395]]}}, {"type": "Feature", "properties": {"highway": "residential", "osm_id": 920720955, "osm_type": "way"}, "geometry": {"type": "LineString", "coordinates": [[-51.0486808, -29.6878638], [-51.048956, -29.6880976], [-51.0489597, -29.6881194], [-51.0489219, -29.6881691], [-51.0491766, -29.6883673], [-51.0488842, -29.6886388]]}}, {"type": "Feature", "properties": {"highway": "unclassified", "name": "Rua Mathias Muller", "surface": "unpaved", "osm_id": 920724192, "osm_type": "way"}, "geometry": {"type": "LineString", "coordinates": [[-51.0542182, -29.702396], [-51.0541465, -29.7018603], [-51.0540975, -29.7015834], [-51.0540315, -29.7014572], [-51.0539353, -29.7013475], [-51.0538146, -29.7012803], [-51.0535864, -29.7011918], [-51.0532393, -29.7011115], [-51.0518624, -29.7007118], [-51.0517248, -29.700679], [-51.0514965, -29.700679], [-51.0507119, -29.7008298], [-51.0498009, -29.7009182], [-51.0496708, -29.7010001], [-51.0495642, -29.7011705], [-51.0490465, -29.7017856], [-51.0486603, -29.7020395], [-51.0481453, -29.7021584], [-51.0478422, -29.7020908], [-51.0474452, -29.7017669], [-51.0469718, -29.7012101], [-51.0461484, -29.7004634]]}}, {"type": "Feature", "properties": {"highway": "unclassified", "osm_id": 920724193, "osm_type": "way"}, "geometry": {"type": "LineString", "coordinates": [[-51.0446584, -29.7013942], [-51.0446893, -29.7011437], [-51.044704, -29.7010971], [-51.0448127, -29.7009678], [-51.044808, -29.7009282], [-51.0447067, -29.7006906], [-51.044692, -29.7006451], [-51.0447879, -29.7000417], [-51.0448824, -29.6998856]]}}, {"type": "Feature", "properties": {"highway": "service", "osm_id": 920754091, "osm_type": "way"}, "geometry": {"type": "LineString", "coordinates": [[-51.0389775, -29.6925405], [-51.0385491, -29.693081], [-51.0385068, -29.6930537], [-51.038134, -29.6928853], [-51.0380924, -29.6928026], [-51.038032, -29.6923296], [-51.0380561, -29.6921592]]}}, {"type": "Feature", "properties": {"highway": "service", "osm_id": 920754092, "osm_type": "way"}, "geometry": {"type": "LineString", "coordinates": [[-51.0434984, -29.6905832], [-51.043615, -29.6904714], [-51.0438028, -29.6903654], [-51.0438564, -29.6903036], [-51.0438685, -29.690243], [-51.0436344, -29.6898623], [-51.0436004, -29.689807]]}}, {"type": "Feature", "properties": {"highway": "service", "service": "parking_aisle", "osm_id": 921236521, "osm_type": "way"}, "geometry": {"type": "LineString", "coordinates": [[-51.0499278, -29.68636], [-51.0498317, -29.686343]]}}, {"type": "Feature", "properties": {"highway": "service", "service": "parking_aisle", "osm_id": 921236522, "osm_type": "way"}, "geometry": {"type": "LineString", "coordinates": [[-51.0498869, -29.6864939], [-51.049709, -29.6864694]]}}, {"type": "Feature", "properties": {"highway": "service", "service": "parking_aisle", "osm_id": 921236523, "osm_type": "way"}, "geometry": {"type": "LineString", "coordinates": [[-51.0498406, -29.6866455], [-51.049587, -29.6866022]]}}, {"type": "Feature", "properties": {"highway": "service", "osm_id": 921236524, "osm_type": "way"}, "geometry": {"type": "LineString", "coordinates": [[-51.0497439, -29.6869622], [-51.0498406, -29.6866455], [-51.0498869, -29.6864939], [-51.0499278, -29.68636], [-51.0499759, -29.6862026], [-51.0500893, -29.6857598]]}}, {"type": "Feature", "properties": {"highway": "service", "osm_id": 921236525, "osm_type": "way"}, "geometry": {"type": "LineString", "coordinates": [[-51.0497318, -29.6856923], [-51.0495722, -29.6860942], [-51.0488936, -29.6869459], [-51.0491779, -29.6870904]]}}, {"type": "Feature", "properties": {"highway": "residential", "osm_id": 921242096, "osm_type": "way"}, "geometry": {"type": "LineString", "coordinates": [[-51.0533898, -29.6902277], [-51.0532927, -29.6903938]]}}, {"type": "Feature", "properties": {"highway": "residential", "osm_id": 921297822, "osm_type": "way"}, "geometry": {"type": "LineString", "coordinates": [[-51.04839, -29.6910261], [-51.0485153, -29.6911088]]}}, {"type": "Feature", "properties": {"highway": "service", "osm_id": 921297823, "osm_type": "way"}, "geometry": {"type": "LineString", "coordinates": [[-51.0503769, -29.687165], [-51.0502857, -29.6875483], [-51.0501999, -29.6876764], [-51.049819, -29.6878861], [-51.0496077, -29.6880481]]}}, {"type": "Feature", "properties": {"highway": "service", "osm_id": 921297824, "osm_type": "way"}, "geometry": {"type": "LineString", "coordinates": [[-51.0513013, -29.6876679], [-51.0511618, -29.6875995]]}}, {"type": "Feature", "properties": {"highway": "service", "osm_id": 921297825, "osm_type": "way"}, "geometry": {"type": "LineString", "coordinates": [[-51.0523757, -29.6901245], [-51.0523238, -29.6901941], [-51.0522873, -29.6901962], [-51.0520499, -29.6901242], [-51.0520271, -29.6900992], [-51.0520462, -29.6900235]]}}, {"type": "Feature", "properties": {"highway": "service", "osm_id": 921301692, "osm_type": "way"}, "geometry": {"type": "LineString", "coordinates": [[-51.0436344, -29.6898623], [-51.0435721, -29.6900916], [-51.0435037, -29.690179], [-51.0433334, -29.6902524], [-51.0430974, -29.6903386]]}}, {"type": "Feature", "properties": {"highway": "service", "osm_id": 924346339, "osm_type": "way"}, "geometry": {"type": "LineString", "coordinates": [[-51.0654496, -29.696774], [-51.0647334, -29.6968766], [-51.0643834, -29.6969103], [-51.0641688, -29.6968777], [-51.0641031, -29.6965247], [-51.0641487, -29.6960972]]}}, {"type": "Feature", "properties": {"highway": "service", "osm_id": 924346340, "osm_type": "way"}, "geometry": {"type": "LineString", "coordinates": [[-51.0655316, -29.6973111], [-51.0655341, -29.697494], [-51.0653315, -29.6975243], [-51.0648702, -29.6975697], [-51.0647777, -29.697678], [-51.0650016, -29.6991226], [-51.0650714, -29.6992414], [-51.065353, -29.6994954]]}}, {"type": "Feature", "properties": {"highway": "residential", "osm_id": 924346341, "osm_type": "way"}, "geometry": {"type": "LineString", "coordinates": [[-51.0664366, -29.6983491], [-51.0663615, -29.6981732], [-51.066218, -29.6980648], [-51.0660611, -29.6978807], [-51.0660155, -29.6976361], [-51.0658948, -29.6975324], [-51.0655316, -29.6973111]]}}, {"type": "Feature", "properties": {"highway": "residential", "osm_id": 924351520, "osm_type": "way"}, "geometry": {"type": "LineString", "coordinates": [[-51.0631201, -29.6949707], [-51.0631976, -29.6956037], [-51.0632488, -29.696004], [-51.0628518, -29.6960704], [-51.0626856, -29.6958456], [-51.062597, -29.6957768], [-51.0624664, -29.6957377]]}}, {"type": "Feature", "properties": {"highway": "residential", "osm_id": 924656068, "osm_type": "way"}, "geometry": {"type": "LineString", "coordinates": [[-51.0561101, -29.695086], [-51.0560551, -29.6948448], [-51.0560303, -29.6945963], [-51.0560753, -29.6944491]]}}, {"type": "Feature", "properties": {"highway": "residential", "osm_id": 924662382, "osm_type": "way"}, "geometry": {"type": "LineString", "coordinates": [[-51.0734286, -29.6880894], [-51.0732015, -29.6874256]]}}, {"type": "Feature", "properties": {"highway": "residential", "osm_id": 924664220, "osm_type": "way"}, "geometry": {"type": "LineString", "coordinates": [[-51.058225, -29.694408], [-51.0588449, -29.6945991]]}}, {"type": "Feature", "properties": {"highway": "service", "osm_id": 924678454, "osm_type": "way"}, "geometry": {"type": "LineString", "coordinates": [[-51.070822, -29.699182], [-51.0695802, -29.6993241]]}}, {"type": "Feature", "properties": {"highway": "service", "oneway": "yes", "osm_id": 924678455, "osm_type": "way"}, "geometry": {"type": "LineString", "coordinates": [[-51.0698658, -29.697459], [-51.0699134, -29.6972847], [-51.0699208, -29.6972575], [-51.0700521, -29.6969524], [-51.070129, -29.6968021]]}}, {"type": "Feature", "properties": {"highway": "service", "osm_id": 924678457, "osm_type": "way"}, "geometry": {"type": "LineString", "coordinates": [[-51.0695265, -29.6987906], [-51.0696097, -29.6984434], [-51.0697329, -29.6979698], [-51.0698658, -29.697459]]}}, {"type": "Feature", "properties": {"highway": "service", "oneway": "yes", "osm_id": 924678458, "osm_type": "way"}, "geometry": {"type": "LineString", "coordinates": [[-51.0703422, -29.6968884], [-51.0702622, -29.6970388], [-51.0701111, -29.6973465], [-51.0700415, -29.6974882]]}}, {"type": "Feature", "properties": {"highway": "service", "osm_id": 924678459, "osm_type": "way"}, "geometry": {"type": "LineString", "coordinates": [[-51.070838, -29.699242], [-51.0694742, -29.6994138], [-51.069784, -29.7015235]]}}, {"type": "Feature", "properties": {"highway": "service", "osm_id": 924678460, "osm_type": "way"}, "geometry": {"type": "LineString", "coordinates": [[-51.0717501, -29.6978761], [-51.0713987, -29.6976617], [-51.0709696, -29.697381], [-51.0702622, -29.6970388]]}}, {"type": "Feature", "properties": {"highway": "service", "osm_id": 924678461, "osm_type": "way"}, "geometry": {"type": "LineString", "coordinates": [[-51.0721608, -29.6990269], [-51.0719942, -29.698059]]}}, {"type": "Feature", "properties": {"highway": "service", "osm_id": 924678462, "osm_type": "way"}, "geometry": {"type": "LineString", "coordinates": [[-51.070822, -29.699182], [-51.0721608, -29.6990269]]}}, {"type": "Feature", "properties": {"highway": "service", "osm_id": 924678463, "osm_type": "way"}, "geometry": {"type": "LineString", "coordinates": [[-51.0721608, -29.6990269], [-51.0721189, -29.699147], [-51.0721068, -29.6992682], [-51.072147, -29.699705], [-51.0721135, -29.6997866], [-51.0719834, -29.6998611], [-51.0710514, -29.7000138]]}}, {"type": "Feature", "properties": {"highway": "service", "osm_id": 924678464, "osm_type": "way"}, "geometry": {"type": "LineString", "coordinates": [[-51.0697329, -29.6979698], [-51.0681027, -29.6979212]]}}, {"type": "Feature", "properties": {"highway": "service", "osm_id": 924678465, "osm_type": "way"}, "geometry": {"type": "LineString", "coordinates": [[-51.0695265, -29.6987906], [-51.0695802, -29.6993241]]}}, {"type": "Feature", "properties": {"highway": "service", "osm_id": 924678466, "osm_type": "way"}, "geometry": {"type": "LineString", "coordinates": [[-51.0701605, -29.6978213], [-51.0706705, -29.6980613], [-51.0707375, -29.698271], [-51.0705967, -29.6984807], [-51.0702735, -29.6986846], [-51.0699396, -29.6983782]]}}, {"type": "Feature", "properties": {"highway": "service", "osm_id": 924678467, "osm_type": "way"}, "geometry": {"type": "LineString", "coordinates": [[-51.0700415, -29.6974882], [-51.0698658, -29.697459]]}}, {"type": "Feature", "properties": {"highway": "service", "osm_id": 924678468, "osm_type": "way"}, "geometry": {"type": "LineString", "coordinates": [[-51.0700415, -29.6974882], [-51.0701193, -29.697572], [-51.0701649, -29.6976955], [-51.0701605, -29.6978213], [-51.0701568, -29.6979273], [-51.0699396, -29.6983782], [-51.0695265, -29.6987906]]}}, {"type": "Feature", "properties": {"highway": "service", "osm_id": 924678469, "osm_type": "way"}, "geometry": {"type": "LineString", "coordinates": [[-51.0710178, -29.7001466], [-51.0709213, -29.7002735], [-51.070708, -29.7007651], [-51.0707067, -29.7010074], [-51.0707724, -29.7013499], [-51.0706544, -29.7014303], [-51.0702762, -29.7014641], [-51.069784, -29.7015235], [-51.0690947, -29.7015852], [-51.0689995, -29.7015153], [-51.0688908, -29.7011356], [-51.0686124, -29.6994632]]}}, {"type": "Feature", "properties": {"highway": "residential", "osm_id": 924685888, "osm_type": "way"}, "geometry": {"type": "LineString", "coordinates": [[-51.0713638, -29.6931038], [-51.0713424, -29.6931212], [-51.0713417, -29.6931521], [-51.071394, -29.6932296], [-51.0714584, -29.6933379], [-51.0714597, -29.6935564], [-51.0714221, -29.693776]]}}, {"type": "Feature", "properties": {"highway": "service", "osm_id": 924685889, "osm_type": "way"}, "geometry": {"type": "LineString", "coordinates": [[-51.0660021, -29.6944627], [-51.0657446, -29.6945734], [-51.0652216, -29.6943602], [-51.065176, -29.6942787], [-51.0651666, -29.6940759], [-51.0650948, -29.6940212], [-51.0646941, -29.6939686]]}}, {"type": "Feature", "properties": {"highway": "service", "osm_id": 924685890, "osm_type": "way"}, "geometry": {"type": "LineString", "coordinates": [[-51.0641433, -29.6939723], [-51.0638943, -29.694116]]}}, {"type": "Feature", "properties": {"highway": "service", "osm_id": 924685891, "osm_type": "way"}, "geometry": {"type": "LineString", "coordinates": [[-51.0641433, -29.6939723], [-51.0641526, -29.6942287]]}}, {"type": "Feature", "properties": {"highway": "service", "osm_id": 924685892, "osm_type": "way"}, "geometry": {"type": "LineString", "coordinates": [[-51.0646941, -29.6939686], [-51.0644565, -29.6939356], [-51.0642774, -29.6939478], [-51.0641433, -29.6939723]]}}, {"type": "Feature", "properties": {"highway": "residential", "oneway": "yes", "osm_id": 924685894, "osm_type": "way"}, "geometry": {"type": "LineString", "coordinates": [[-51.0731122, -29.6886456], [-51.0731616, -29.6886452], [-51.0732105, -29.6886533], [-51.073267, -29.6886804]]}}, {"type": "Feature", "properties": {"highway": "service", "osm_id": 924685895, "osm_type": "way"}, "geometry": {"type": "LineString", "coordinates": [[-51.0555569, -29.6875873], [-51.0556132, -29.6874219], [-51.0555073, -29.6873153], [-51.0551646, -29.6871591], [-51.0546939, -29.6869832]]}}, {"type": "Feature", "properties": {"highway": "service", "osm_id": 924685896, "osm_type": "way"}, "geometry": {"type": "LineString", "coordinates": [[-51.0565145, -29.691387], [-51.0563998, -29.6914564], [-51.0561664, -29.6913854], [-51.0561572, -29.691275]]}}, {"type": "Feature", "properties": {"highway": "service", "osm_id": 924685897, "osm_type": "way"}, "geometry": {"type": "LineString", "coordinates": [[-51.057733, -29.6917762], [-51.0575558, -29.6917972], [-51.057301, -29.6917191], [-51.057239, -29.6916141]]}}, {"type": "Feature", "properties": {"highway": "residential", "osm_id": 924685898, "osm_type": "way"}, "geometry": {"type": "LineString", "coordinates": [[-51.0608509, -29.6932202], [-51.0612633, -29.6929991]]}}, {"type": "Feature", "properties": {"highway": "service", "osm_id": 924685899, "osm_type": "way"}, "geometry": {"type": "LineString", "coordinates": [[-51.0674772, -29.6956815], [-51.0672359, -29.6959061], [-51.0667974, -29.6957209], [-51.0667655, -29.6953709]]}}, {"type": "Feature", "properties": {"highway": "service", "osm_id": 924731946, "osm_type": "way"}, "geometry": {"type": "LineString", "coordinates": [[-51.0647173, -29.6886644], [-51.0642194, -29.6887112], [-51.0638447, -29.6887464]]}}, {"type": "Feature", "properties": {"highway": "service", "osm_id": 924731947, "osm_type": "way"}, "geometry": {"type": "LineString", "coordinates": [[-51.0657942, -29.6895219], [-51.064864, -29.6896198]]}}, {"type": "Feature", "properties": {"highway": "service", "osm_id": 924731948, "osm_type": "way"}, "geometry": {"type": "LineString", "coordinates": [[-51.0647817, -29.6890186], [-51.064864, -29.6896198], [-51.0648943, -29.6898411], [-51.0649614, -29.689939], [-51.0653342, -29.6902011], [-51.0655636, -29.6903607]]}}, {"type": "Feature", "properties": {"highway": "service", "osm_id": 924731949, "osm_type": "way"}, "geometry": {"type": "LineString", "coordinates": [[-51.0646917, -29.6885025], [-51.0638195, -29.6885957]]}}, {"type": "Feature", "properties": {"highway": "service", "osm_id": 924731950, "osm_type": "way"}, "geometry": {"type": "LineString", "coordinates": [[-51.0664541, -29.6885537], [-51.0663012, -29.68797], [-51.0664259, -29.6875821], [-51.0664313, -29.6871242], [-51.0662448, -29.6860337], [-51.0655287, -29.6860931], [-51.0651062, -29.6861129], [-51.0648233, -29.6860919], [-51.0645202, -29.6861164], [-51.0643606, -29.6862446], [-51.0644876, -29.6871423], [-51.0645819, -29.6878081], [-51.0646917, -29.6885025], [-51.0647173, -29.6886644]]}}, {"type": "Feature", "properties": {"highway": "service", "osm_id": 924731951, "osm_type": "way"}, "geometry": {"type": "LineString", "coordinates": [[-51.0651398, -29.6884034], [-51.0652176, -29.688972], [-51.0647817, -29.6890186], [-51.0647173, -29.6886644]]}}, {"type": "Feature", "properties": {"highway": "residential", "name": "Rua Alamo", "oneway": "yes", "osm_id": 924731952, "osm_type": "way"}, "geometry": {"type": "LineString", "coordinates": [[-51.0730342, -29.6888192], [-51.0731122, -29.6886456], [-51.0732272, -29.6883899]]}}, {"type": "Feature", "properties": {"highway": "residential", "oneway": "yes", "osm_id": 924731953, "osm_type": "way"}, "geometry": {"type": "LineString", "coordinates": [[-51.0618446, -29.6932432], [-51.0618528, -29.692994], [-51.0618579, -29.6929325], [-51.0618684, -29.6928761]]}}, {"type": "Feature", "properties": {"highway": "service", "oneway": "yes", "osm_id": 924736953, "osm_type": "way"}, "geometry": {"type": "LineString", "coordinates": [[-51.0541467, -29.6874557], [-51.0542111, -29.6874318], [-51.0542487, -29.6873817], [-51.0545048, -29.686904], [-51.0546939, -29.6869832]]}}, {"type": "Feature", "properties": {"highway": "service", "name": "Rua Oswaldo Cruz", "oneway": "yes", "osm_id": 924736954, "osm_type": "way"}, "geometry": {"type": "LineString", "coordinates": [[-51.053803, -29.6873615], [-51.0539308, -29.687391], [-51.0541467, -29.6874557]]}}, {"type": "Feature", "properties": {"highway": "service", "name": "Rua Oswaldo Cruz", "oneway": "yes", "osm_id": 924736955, "osm_type": "way"}, "geometry": {"type": "LineString", "coordinates": [[-51.0542674, -29.6875844], [-51.0539027, -29.6874341], [-51.053803, -29.6873615]]}}, {"type": "Feature", "properties": {"highway": "residential", "name": "Rua Alamo", "osm_id": 924736956, "osm_type": "way"}, "geometry": {"type": "LineString", "coordinates": [[-51.0725559, -29.6898788], [-51.0728689, -29.6891871], [-51.0730342, -29.6888192]]}}, {"type": "Feature", "properties": {"highway": "residential", "name": "Rua Alamo", "osm_id": 924736957, "osm_type": "way"}, "geometry": {"type": "LineString", "coordinates": [[-51.0724143, -29.6901952], [-51.0725559, -29.6898788]]}}, {"type": "Feature", "properties": {"highway": "residential", "osm_id": 924736958, "osm_type": "way"}, "geometry": {"type": "LineString", "coordinates": [[-51.0724143, -29.6901952], [-51.072598, -29.6901893]]}}, {"type": "Feature", "properties": {"alt_name": "Rua Guilherme Heldt", "highway": "residential", "name": "Rua Chorão", "oneway": "yes", "osm_id": 924736959, "osm_type": "way"}, "geometry": {"type": "LineString", "coordinates": [[-51.0722451, -29.6891572], [-51.0723186, -29.6893324]]}}, {"type": "Feature", "properties": {"alt_name": "Rua Guilherme Heldt", "highway": "residential", "name": "Rua Chorão", "oneway": "yes", "osm_id": 924736960, "osm_type": "way"}, "geometry": {"type": "LineString", "coordinates": [[-51.0723186, -29.6893324], [-51.0721492, -29.6892306]]}}, {"type": "Feature", "properties": {"highway": "residential", "name": "Rua Cedro", "oneway": "yes", "osm_id": 924736961, "osm_type": "way"}, "geometry": {"type": "LineString", "coordinates": [[-51.072124, -29.688924], [-51.0724682, -29.6888918]]}}, {"type": "Feature", "properties": {"highway": "residential", "name": "Rua Cedro", "oneway": "yes", "osm_id": 924736962, "osm_type": "way"}, "geometry": {"type": "LineString", "coordinates": [[-51.0724682, -29.6888918], [-51.0722633, -29.689047]]}}, {"type": "Feature", "properties": {"highway": "residential", "name": "Rua Limeira", "osm_id": 924736963, "osm_type": "way"}, "geometry": {"type": "LineString", "coordinates": [[-51.0712963, -29.6903694], [-51.071713, -29.6894015]]}}, {"type": "Feature", "properties": {"highway": "service", "osm_id": 924740687, "osm_type": "way"}, "geometry": {"type": "LineString", "coordinates": [[-51.0719214, -29.6975735], [-51.0717501, -29.6978761]]}}, {"type": "Feature", "properties": {"highway": "service", "osm_id": 924740688, "osm_type": "way"}, "geometry": {"type": "LineString", "coordinates": [[-51.0686124, -29.6994632], [-51.0685596, -29.6991459], [-51.0685391, -29.6990706], [-51.0684657, -29.6988011], [-51.0681237, -29.6980835], [-51.0681027, -29.6979212], [-51.0680956, -29.6967636], [-51.0681117, -29.6965317], [-51.0682096, -29.6965061], [-51.0691255, -29.6969173], [-51.0699208, -29.6972575]]}}, {"type": "Feature", "properties": {"highway": "service", "osm_id": 924740689, "osm_type": "way"}, "geometry": {"type": "LineString", "coordinates": [[-51.0717501, -29.6978761], [-51.0719942, -29.698059], [-51.0721149, -29.6982757], [-51.0722559, -29.6990133]]}}, {"type": "Feature", "properties": {"highway": "service", "osm_id": 924745278, "osm_type": "way"}, "geometry": {"type": "LineString", "coordinates": [[-51.0546939, -29.6869832], [-51.0545222, -29.6872489], [-51.0542674, -29.6875844], [-51.0541481, -29.6877568], [-51.0540743, -29.687885], [-51.0545739, -29.6880719], [-51.0548014, -29.6881571], [-51.0548683, -29.6881821], [-51.0547885, -29.688356]]}}, {"type": "Feature", "properties": {"highway": "service", "osm_id": 924745279, "osm_type": "way"}, "geometry": {"type": "LineString", "coordinates": [[-51.0648233, -29.6860919], [-51.0649574, -29.6870718], [-51.0644876, -29.6871423]]}}, {"type": "Feature", "properties": {"highway": "service", "osm_id": 924751474, "osm_type": "way"}, "geometry": {"type": "LineString", "coordinates": [[-51.0722559, -29.6990133], [-51.0722744, -29.6991284], [-51.0723683, -29.6997435], [-51.0722946, -29.6999159], [-51.0713129, -29.7000732], [-51.0710178, -29.7001466]]}}, {"type": "Feature", "properties": {"highway": "service", "osm_id": 924751475, "osm_type": "way"}, "geometry": {"type": "LineString", "coordinates": [[-51.0710514, -29.7000138], [-51.0710178, -29.7001466]]}}, {"type": "Feature", "properties": {"highway": "service", "osm_id": 924771221, "osm_type": "way"}, "geometry": {"type": "LineString", "coordinates": [[-51.0722559, -29.6990133], [-51.0721608, -29.6990269]]}}, {"type": "Feature", "properties": {"highway": "service", "osm_id": 925021947, "osm_type": "way"}, "geometry": {"type": "LineString", "coordinates": [[-51.0702622, -29.6970388], [-51.0700521, -29.6969524]]}}, {"type": "Feature", "properties": {"highway": "service", "osm_id": 925021948, "osm_type": "way"}, "geometry": {"type": "LineString", "coordinates": [[-51.0710514, -29.7000138], [-51.070838, -29.699242], [-51.070822, -29.699182]]}}, {"type": "Feature", "properties": {"highway": "service", "osm_id": 925021949, "osm_type": "way"}, "geometry": {"type": "LineString", "coordinates": [[-51.0695802, -29.6993241], [-51.0686124, -29.6994632]]}}, {"type": "Feature", "properties": {"highway": "residential", "name": "Rua Carvalho", "oneway": "yes", "osm_id": 925097657, "osm_type": "way"}, "geometry": {"type": "LineString", "coordinates": [[-51.0732272, -29.6883899], [-51.073267, -29.6886804], [-51.0732857, -29.6887898]]}}, {"type": "Feature", "properties": {"highway": "residential", "name": "Rua Carvalho", "osm_id": 925097658, "osm_type": "way"}, "geometry": {"type": "LineString", "coordinates": [[-51.073203, -29.6882004], [-51.0732272, -29.6883899]]}}, {"type": "Feature", "properties": {"highway": "service", "osm_id": 925097659, "osm_type": "way"}, "geometry": {"type": "LineString", "coordinates": [[-51.071687, -29.6986636], [-51.0713102, -29.6985587], [-51.0713223, -29.698306], [-51.0713987, -29.6976617]]}}, {"type": "Feature", "properties": {"highway": "residential", "osm_id": 926969049, "osm_type": "way"}, "geometry": {"type": "LineString", "coordinates": [[-51.0547464, -29.6864184], [-51.0546881, -29.6865236]]}}, {"type": "Feature", "properties": {"highway": "residential", "osm_id": 926969050, "osm_type": "way"}, "geometry": {"type": "LineString", "coordinates": [[-51.0638928, -29.6905009], [-51.063769, -29.6898434], [-51.0636351, -29.6891572], [-51.0636136, -29.6886865], [-51.0636981, -29.6885933], [-51.0638142, -29.6885609]]}}, {"type": "Feature", "properties": {"highway": "residential", "name": "Rua Pedro Luís da Silva", "osm_id": 928302048, "osm_type": "way"}, "geometry": {"type": "LineString", "coordinates": [[-51.0699542, -29.6713289], [-51.0687093, -29.6714916]]}}, {"type": "Feature", "properties": {"highway": "residential", "osm_id": 936222869, "osm_type": "way"}, "geometry": {"type": "LineString", "coordinates": [[-51.0485558, -29.664824], [-51.0485515, -29.6647308]]}}, {"type": "Feature", "properties": {"highway": "residential", "osm_id": 936222870, "osm_type": "way"}, "geometry": {"type": "LineString", "coordinates": [[-51.049216, -29.6647764], [-51.0491963, -29.6648629]]}}, {"type": "Feature", "properties": {"highway": "residential", "name": "Rua Pintassilgo", "osm_id": 936334845, "osm_type": "way"}, "geometry": {"type": "LineString", "coordinates": [[-51.036165, -29.6612413], [-51.0361411, -29.6613296], [-51.0362242, -29.6616769], [-51.0362484, -29.6617177], [-51.0362913, -29.6617107]]}}, {"type": "Feature", "properties": {"highway": "residential", "osm_id": 936692707, "osm_type": "way"}, "geometry": {"type": "LineString", "coordinates": [[-51.0466486, -29.6682389], [-51.0467827, -29.6680571], [-51.0469691, -29.6678776], [-51.0471891, -29.6677181]]}}, {"type": "Feature", "properties": {"highway": "residential", "osm_id": 936692709, "osm_type": "way"}, "geometry": {"type": "LineString", "coordinates": [[-51.0353222, -29.6668605], [-51.0351835, -29.6668557]]}}, {"type": "Feature", "properties": {"highway": "residential", "osm_id": 936692710, "osm_type": "way"}, "geometry": {"type": "LineString", "coordinates": [[-51.0353109, -29.6664525], [-51.0354105, -29.6664991]]}}, {"type": "Feature", "properties": {"highway": "residential", "osm_id": 936692711, "osm_type": "way"}, "geometry": {"type": "LineString", "coordinates": [[-51.0355878, -29.6661531], [-51.0354906, -29.6661005]]}}, {"type": "Feature", "properties": {"highway": "residential", "name": "Avenida Protázio Maschaski", "oneway": "yes", "osm_id": 936692712, "osm_type": "way"}, "geometry": {"type": "LineString", "coordinates": [[-51.0357737, -29.6659568], [-51.0355878, -29.6661531], [-51.0355273, -29.6662635], [-51.0354105, -29.6664991], [-51.0353222, -29.6668605], [-51.0353237, -29.6672703], [-51.0354013, -29.6678574], [-51.0354964, -29.6689312]]}}, {"type": "Feature", "properties": {"highway": "residential", "oneway": "yes", "osm_id": 936692713, "osm_type": "way"}, "geometry": {"type": "LineString", "coordinates": [[-51.0437223, -29.6622281], [-51.043843, -29.6622514], [-51.0439087, -29.6622957], [-51.0439543, -29.6623528]]}}, {"type": "Feature", "properties": {"highway": "residential", "oneway": "yes", "osm_id": 936692714, "osm_type": "way"}, "geometry": {"type": "LineString", "coordinates": [[-51.0440053, -29.6621664], [-51.0439543, -29.6623528], [-51.0439865, -29.6624449], [-51.0440654, -29.6625918]]}}, {"type": "Feature", "properties": {"highway": "residential", "osm_id": 936697566, "osm_type": "way"}, "geometry": {"type": "LineString", "coordinates": [[-51.0357234, -29.6635932], [-51.0336217, -29.663769]]}}, {"type": "Feature", "properties": {"highway": "residential", "osm_id": 937073079, "osm_type": "way"}, "geometry": {"type": "LineString", "coordinates": [[-51.0358234, -29.6645445], [-51.0353713, -29.6645961], [-51.0352077, -29.6646334], [-51.0350843, -29.6647418], [-51.034973, -29.6647884], [-51.0339926, -29.6648641]]}}, {"type": "Feature", "properties": {"highway": "service", "osm_id": 938336761, "osm_type": "way"}, "geometry": {"type": "LineString", "coordinates": [[-51.0800401, -29.7005752], [-51.0796004, -29.7006677], [-51.0795224, -29.7006743], [-51.0794715, -29.7006684], [-51.0794254, -29.7006467], [-51.0793803, -29.7006003], [-51.0793422, -29.7005373], [-51.0793025, -29.7004459], [-51.0792723, -29.7003318], [-51.0792576, -29.700259], [-51.079267, -29.7002013], [-51.0793057, -29.7001551], [-51.079265, -29.7001192], [-51.0792462, -29.700095], [-51.0792294, -29.7000662], [-51.078509, -29.6974298]]}}, {"type": "Feature", "properties": {"highway": "service", "osm_id": 938336762, "osm_type": "way"}, "geometry": {"type": "LineString", "coordinates": [[-51.0781183, -29.6975097], [-51.0782075, -29.6974917], [-51.078509, -29.6974298]]}}, {"type": "Feature", "properties": {"highway": "service", "osm_id": 938343963, "osm_type": "way"}, "geometry": {"type": "LineString", "coordinates": [[-51.075883, -29.694615], [-51.0757184, -29.6938103]]}}, {"type": "Feature", "properties": {"highway": "service", "service": "parking_aisle", "osm_id": 938343964, "osm_type": "way"}, "geometry": {"type": "LineString", "coordinates": [[-51.0756606, -29.6942927], [-51.0752815, -29.6943359]]}}, {"type": "Feature", "properties": {"highway": "service", "osm_id": 938343965, "osm_type": "way"}, "geometry": {"type": "LineString", "coordinates": [[-51.0756306, -29.694143], [-51.0753234, -29.6941814], [-51.0753017, -29.6941852], [-51.0752826, -29.6941942], [-51.0752695, -29.6942143], [-51.0752624, -29.694235], [-51.0752815, -29.6943359], [-51.0753147, -29.6944737], [-51.0756891, -29.6944351]]}}, {"type": "Feature", "properties": {"highway": "service", "osm_id": 938343966, "osm_type": "way"}, "geometry": {"type": "LineString", "coordinates": [[-51.075728, -29.6946291], [-51.0756891, -29.6944351], [-51.0756606, -29.6942927], [-51.0756306, -29.694143], [-51.0755602, -29.6937917]]}}, {"type": "Feature", "properties": {"highway": "residential", "osm_id": 938343967, "osm_type": "way"}, "geometry": {"type": "LineString", "coordinates": [[-51.0751158, -29.6946951], [-51.0753558, -29.6946692], [-51.075728, -29.6946291], [-51.075883, -29.694615], [-51.0761147, -29.694594]]}}, {"type": "Feature", "properties": {"highway": "service", "osm_id": 938343968, "osm_type": "way"}, "geometry": {"type": "LineString", "coordinates": [[-51.0759987, -29.6892986], [-51.0760845, -29.6892947], [-51.0761154, -29.6893157], [-51.0761395, -29.6893425], [-51.0763112, -29.690405], [-51.0763165, -29.6904388], [-51.0763071, -29.6904609], [-51.0762837, -29.6904813], [-51.0762481, -29.6904947], [-51.0754959, -29.6905795]]}}, {"type": "Feature", "properties": {"highway": "service", "osm_id": 938343969, "osm_type": "way"}, "geometry": {"type": "LineString", "coordinates": [[-51.0763876, -29.6921071], [-51.0757238, -29.6922003], [-51.0758283, -29.6928041], [-51.075924, -29.6933568]]}}, {"type": "Feature", "properties": {"highway": "residential", "osm_id": 938343970, "osm_type": "way"}, "geometry": {"type": "LineString", "coordinates": [[-51.077974, -29.699364], [-51.0784268, -29.6992887]]}}, {"type": "Feature", "properties": {"highway": "residential", "osm_id": 938343972, "osm_type": "way"}, "geometry": {"type": "LineString", "coordinates": [[-51.0787493, -29.6876496], [-51.0787299, -29.6874982], [-51.0787157, -29.687466]]}}, {"type": "Feature", "properties": {"highway": "service", "osm_id": 938380814, "osm_type": "way"}, "geometry": {"type": "LineString", "coordinates": [[-51.0782667, -29.6874963], [-51.0780828, -29.6868853], [-51.0780063, -29.6867933], [-51.0778612, -29.6867296]]}}, {"type": "Feature", "properties": {"highway": "service", "osm_id": 938380820, "osm_type": "way"}, "geometry": {"type": "LineString", "coordinates": [[-51.0757238, -29.6922003], [-51.0756436, -29.6915095], [-51.0756503, -29.6914861], [-51.0756627, -29.6914718], [-51.0756842, -29.6914576], [-51.0757104, -29.69145], [-51.0760993, -29.6913964], [-51.0761258, -29.6913947], [-51.0761509, -29.6913988], [-51.0761657, -29.6914122], [-51.0761713, -29.6914291], [-51.0761777, -29.6916586], [-51.0761871, -29.6916941], [-51.0761972, -29.6917151], [-51.0762132, -29.6917291], [-51.0763715, -29.6918333], [-51.0764406, -29.6918852], [-51.0764895, -29.691944], [-51.0765204, -29.69199], [-51.076555, -29.6920505]]}}, {"type": "Feature", "properties": {"highway": "service", "osm_id": 938728338, "osm_type": "way"}, "geometry": {"type": "LineString", "coordinates": [[-51.0766616, -29.692703], [-51.0758283, -29.6928041]]}}, {"type": "Feature", "properties": {"highway": "residential", "osm_id": 938780261, "osm_type": "way"}, "geometry": {"type": "LineString", "coordinates": [[-51.0776576, -29.6869709], [-51.0776711, -29.6870589], [-51.0776687, -29.6870735], [-51.077661, -29.6870846], [-51.0776471, -29.6870948], [-51.0776281, -29.6871032], [-51.0767792, -29.6871929], [-51.0767443, -29.6872011], [-51.0767202, -29.6872145], [-51.0767122, -29.6872343], [-51.0767055, -29.6872605], [-51.0767108, -29.6873444]]}}, {"type": "Feature", "properties": {"highway": "service", "osm_id": 938818313, "osm_type": "way"}, "geometry": {"type": "LineString", "coordinates": [[-51.0753996, -29.6899189], [-51.0753519, -29.6894154]]}}, {"type": "Feature", "properties": {"highway": "residential", "osm_id": 939326479, "osm_type": "way"}, "geometry": {"type": "LineString", "coordinates": [[-51.0754959, -29.6905795], [-51.0753996, -29.6899189]]}}, {"type": "Feature", "properties": {"highway": "residential", "osm_id": 941397959, "osm_type": "way"}, "geometry": {"type": "LineString", "coordinates": [[-51.0773286, -29.6730088], [-51.0771614, -29.6730165], [-51.0768946, -29.6730468], [-51.0767095, -29.6731039], [-51.0766649, -29.6731603]]}}, {"type": "Feature", "properties": {"highway": "residential", "surface": "unpaved", "osm_id": 941397960, "osm_type": "way"}, "geometry": {"type": "LineString", "coordinates": [[-51.0783845, -29.6737564], [-51.0782035, -29.6728731], [-51.0781029, -29.6723115], [-51.0780466, -29.6717662], [-51.0780291, -29.6717172], [-51.0779648, -29.6716904]]}}, {"type": "Feature", "properties": {"highway": "residential", "surface": "unpaved", "osm_id": 941397961, "osm_type": "way"}, "geometry": {"type": "LineString", "coordinates": [[-51.079643, -29.6725738], [-51.0789706, -29.6726902], [-51.0784603, -29.6727927], [-51.0782035, -29.6728731]]}}, {"type": "Feature", "properties": {"highway": "residential", "osm_id": 941666304, "osm_type": "way"}, "geometry": {"type": "LineString", "coordinates": [[-51.0779648, -29.6716904], [-51.0780332, -29.6715797], [-51.0781203, -29.6715005], [-51.0783805, -29.6713385]]}}, {"type": "Feature", "properties": {"highway": "service", "osm_id": 941666305, "osm_type": "way"}, "geometry": {"type": "LineString", "coordinates": [[-51.0775902, -29.671109], [-51.0763514, -29.6712907]]}}, {"type": "Feature", "properties": {"highway": "residential", "osm_id": 941666307, "osm_type": "way"}, "geometry": {"type": "LineString", "coordinates": [[-51.0766264, -29.6687711], [-51.0762002, -29.6685583]]}}, {"type": "Feature", "properties": {"highway": "service", "osm_id": 941711153, "osm_type": "way"}, "geometry": {"type": "LineString", "coordinates": [[-51.0822549, -29.6763152], [-51.0822783, -29.6765386]]}}, {"type": "Feature", "properties": {"highway": "service", "osm_id": 941711154, "osm_type": "way"}, "geometry": {"type": "LineString", "coordinates": [[-51.0825339, -29.6765063], [-51.0824977, -29.6763618], [-51.082499, -29.6762989], [-51.0822549, -29.6763152], [-51.0819106, -29.6763281]]}}, {"type": "Feature", "properties": {"highway": "residential", "osm_id": 941711157, "osm_type": "way"}, "geometry": {"type": "LineString", "coordinates": [[-51.075889, -29.6859473], [-51.0758324, -29.6858904], [-51.0757452, -29.6858403], [-51.0756755, -29.6858321], [-51.0752893, -29.6858729]]}}, {"type": "Feature", "properties": {"highway": "residential", "osm_id": 941711158, "osm_type": "way"}, "geometry": {"type": "LineString", "coordinates": [[-51.0753388, -29.684685], [-51.0754495, -29.6847014], [-51.0755635, -29.684709], [-51.0757131, -29.6847427]]}}, {"type": "Feature", "properties": {"highway": "living_street", "osm_id": 941711159, "osm_type": "way"}, "geometry": {"type": "LineString", "coordinates": [[-51.0764211, -29.6828308], [-51.0767984, -29.6827865]]}}, {"type": "Feature", "properties": {"highway": "service", "service": "parking_aisle", "osm_id": 942202286, "osm_type": "way"}, "geometry": {"type": "LineString", "coordinates": [[-51.0743424, -29.6687522], [-51.0747354, -29.6689147], [-51.0747823, -29.6689147], [-51.0748259, -29.6688891], [-51.0748366, -29.6688542], [-51.0748346, -29.6688367]]}}, {"type": "Feature", "properties": {"highway": "service", "service": "parking_aisle", "osm_id": 942202287, "osm_type": "way"}, "geometry": {"type": "LineString", "coordinates": [[-51.0748346, -29.6688367], [-51.0747649, -29.6687889], [-51.0744792, -29.6686607], [-51.0744417, -29.6686596], [-51.0744075, -29.6686706], [-51.0743424, -29.6687522]]}}, {"type": "Feature", "properties": {"highway": "service", "service": "parking_aisle", "osm_id": 942202288, "osm_type": "way"}, "geometry": {"type": "LineString", "coordinates": [[-51.0741803, -29.6686902], [-51.0743424, -29.6687522]]}}, {"type": "Feature", "properties": {"highway": "residential", "name": "Rua Marquês do Herval", "oneway": "yes", "osm_id": 943218881, "osm_type": "way"}, "geometry": {"type": "LineString", "coordinates": [[-51.0597998, -29.6800813], [-51.059766, -29.6793587]]}}, {"type": "Feature", "properties": {"highway": "residential", "name": "Rua Gustavo Barroso", "oneway": "yes", "osm_id": 943218882, "osm_type": "way"}, "geometry": {"type": "LineString", "coordinates": [[-51.0676826, -29.6791169], [-51.0675628, -29.6783704]]}}, {"type": "Feature", "properties": {"highway": "service", "osm_id": 943218883, "osm_type": "way"}, "geometry": {"type": "LineString", "coordinates": [[-51.0723656, -29.6781864], [-51.0724092, -29.6784714], [-51.07242, -29.6785331]]}}, {"type": "Feature", "properties": {"highway": "service", "osm_id": 943218884, "osm_type": "way"}, "geometry": {"type": "LineString", "coordinates": [[-51.0565098, -29.6798748], [-51.0566457, -29.679856]]}}, {"type": "Feature", "properties": {"highway": "service", "osm_id": 943218885, "osm_type": "way"}, "geometry": {"type": "LineString", "coordinates": [[-51.0566457, -29.679856], [-51.0566868, -29.680116], [-51.0564145, -29.680158]]}}, {"type": "Feature", "properties": {"highway": "tertiary_link", "osm_id": 943218886, "osm_type": "way"}, "geometry": {"type": "LineString", "coordinates": [[-51.0576716, -29.6803299], [-51.0576837, -29.6803973]]}}, {"type": "Feature", "properties": {"highway": "residential", "osm_id": 943218887, "osm_type": "way"}, "geometry": {"type": "LineString", "coordinates": [[-51.06483, -29.6798351], [-51.0647631, -29.6798981]]}}, {"type": "Feature", "properties": {"highway": "service", "service": "parking_aisle", "osm_id": 943227131, "osm_type": "way"}, "geometry": {"type": "LineString", "coordinates": [[-51.0718305, -29.6717277], [-51.0718104, -29.6719503]]}}, {"type": "Feature", "properties": {"highway": "service", "service": "parking_aisle", "osm_id": 943227132, "osm_type": "way"}, "geometry": {"type": "LineString", "coordinates": [[-51.0719392, -29.671556], [-51.0718621, -29.671102]]}}, {"type": "Feature", "properties": {"highway": "service", "service": "parking_aisle", "osm_id": 943227133, "osm_type": "way"}, "geometry": {"type": "LineString", "coordinates": [[-51.0720367, -29.6713653], [-51.072022, -29.6711839]]}}, {"type": "Feature", "properties": {"highway": "service", "osm_id": 943227134, "osm_type": "way"}, "geometry": {"type": "LineString", "coordinates": [[-51.0718305, -29.6717277], [-51.0718949, -29.6716426], [-51.0719392, -29.671556], [-51.0720367, -29.6713653], [-51.072135, -29.6712406]]}}, {"type": "Feature", "properties": {"highway": "service", "osm_id": 943227135, "osm_type": "way"}, "geometry": {"type": "LineString", "coordinates": [[-51.0724835, -29.6711329], [-51.0723951, -29.67118], [-51.0722624, -29.6712232], [-51.072135, -29.6712406], [-51.072022, -29.6711839], [-51.0718621, -29.671102], [-51.0717152, -29.6710297], [-51.0718305, -29.6717277]]}}, {"type": "Feature", "properties": {"highway": "service", "oneway": "yes", "osm_id": 943227136, "osm_type": "way"}, "geometry": {"type": "LineString", "coordinates": [[-51.0725346, -29.6713513], [-51.0725132, -29.6711416]]}}, {"type": "Feature", "properties": {"highway": "service", "osm_id": 943227137, "osm_type": "way"}, "geometry": {"type": "LineString", "coordinates": [[-51.0722959, -29.671067], [-51.0725695, -29.670785], [-51.0729235, -29.6702956]]}}, {"type": "Feature", "properties": {"highway": "service", "osm_id": 943227138, "osm_type": "way"}, "geometry": {"type": "LineString", "coordinates": [[-51.0725132, -29.6711416], [-51.0724835, -29.6711329], [-51.0722959, -29.671067], [-51.0716575, -29.6707058], [-51.0715824, -29.6704517]]}}, {"type": "Feature", "properties": {"highway": "residential", "name": "Rua Germano Saueressig", "osm_id": 943227140, "osm_type": "way"}, "geometry": {"type": "LineString", "coordinates": [[-51.0637084, -29.6702473], [-51.06293, -29.6703368]]}}, {"type": "Feature", "properties": {"highway": "tertiary_link", "lane_markings": "no", "surface": "asphalt", "osm_id": 943227141, "osm_type": "way"}, "geometry": {"type": "LineString", "coordinates": [[-51.0604958, -29.6699741], [-51.0604079, -29.6699864]]}}, {"type": "Feature", "properties": {"highway": "service", "osm_id": 943227142, "osm_type": "way"}, "geometry": {"type": "LineString", "coordinates": [[-51.0606298, -29.6721119], [-51.0606779, -29.6724385], [-51.0608252, -29.6724236]]}}, {"type": "Feature", "properties": {"highway": "service", "osm_id": 943227143, "osm_type": "way"}, "geometry": {"type": "LineString", "coordinates": [[-51.0608314, -29.672076], [-51.0607669, -29.6720868], [-51.0606298, -29.6721119]]}}, {"type": "Feature", "properties": {"highway": "tertiary_link", "lane_markings": "no", "surface": "asphalt", "osm_id": 943227144, "osm_type": "way"}, "geometry": {"type": "LineString", "coordinates": [[-51.0612362, -29.6736201], [-51.0611445, -29.673622]]}}, {"type": "Feature", "properties": {"highway": "tertiary_link", "osm_id": 943227145, "osm_type": "way"}, "geometry": {"type": "LineString", "coordinates": [[-51.0687392, -29.6724725], [-51.0688706, -29.672455]]}}, {"type": "Feature", "properties": {"highway": "secondary", "lanes": "2", "lit": "yes", "oneway": "yes", "surface": "asphalt", "osm_id": 943227146, "osm_type": "way"}, "geometry": {"type": "LineString", "coordinates": [[-51.0721705, -29.6726601], [-51.0720537, -29.6725157], [-51.0718833, -29.6723013]]}}, {"type": "Feature", "properties": {"highway": "residential", "osm_id": 943825001, "osm_type": "way"}, "geometry": {"type": "LineString", "coordinates": [[-51.071407, -29.6764136], [-51.0714154, -29.6764752]]}}, {"type": "Feature", "properties": {"highway": "residential", "name": "Rua Professor Henrique Pohl", "oneway": "yes", "osm_id": 943825002, "osm_type": "way"}, "geometry": {"type": "LineString", "coordinates": [[-51.0694139, -29.676739], [-51.0693133, -29.6767312]]}}, {"type": "Feature", "properties": {"highway": "residential", "name": "Rua Professor Henrique Pohl", "oneway": "yes", "osm_id": 943825003, "osm_type": "way"}, "geometry": {"type": "LineString", "coordinates": [[-51.0693133, -29.6767312], [-51.069406, -29.6766973]]}}, {"type": "Feature", "properties": {"highway": "residential", "name": "Rua Almirante Barroso", "oneway": "yes", "osm_id": 943825004, "osm_type": "way"}, "geometry": {"type": "LineString", "coordinates": [[-51.0695963, -29.676714], [-51.0694139, -29.676739]]}}, {"type": "Feature", "properties": {"highway": "residential", "name": "Avenida João Schumann", "oneway": "yes", "osm_id": 943825005, "osm_type": "way"}, "geometry": {"type": "LineString", "coordinates": [[-51.0575039, -29.6819305], [-51.0575077, -29.6819828], [-51.0575129, -29.6820488]]}}, {"type": "Feature", "properties": {"highway": "residential", "oneway": "yes", "osm_id": 943828737, "osm_type": "way"}, "geometry": {"type": "LineString", "coordinates": [[-51.0604906, -29.6791205], [-51.0605203, -29.6792346]]}}, {"type": "Feature", "properties": {"highway": "residential", "name": "Rua Duque de Caxias", "oneway": "yes", "osm_id": 943831408, "osm_type": "way"}, "geometry": {"type": "LineString", "coordinates": [[-51.0632046, -29.6715763], [-51.0631176, -29.6715571]]}}, {"type": "Feature", "properties": {"highway": "residential", "name": "Rua Duque de Caxias", "oneway": "yes", "osm_id": 943831409, "osm_type": "way"}, "geometry": {"type": "LineString", "coordinates": [[-51.0631176, -29.6715571], [-51.0631898, -29.6715162]]}}, {"type": "Feature", "properties": {"highway": "tertiary", "lanes": "1", "lit": "yes", "oneway": "yes", "surface": "asphalt", "osm_id": 943839942, "osm_type": "way"}, "geometry": {"type": "LineString", "coordinates": [[-51.0718833, -29.6723013], [-51.0716912, -29.6721829]]}}, {"type": "Feature", "properties": {"highway": "service", "osm_id": 943842024, "osm_type": "way"}, "geometry": {"type": "LineString", "coordinates": [[-51.0564145, -29.680158], [-51.0563207, -29.6801766], [-51.056258, -29.680185]]}}, {"type": "Feature", "properties": {"highway": "service", "osm_id": 943878558, "osm_type": "way"}, "geometry": {"type": "LineString", "coordinates": [[-51.0571946, -29.6780155], [-51.0570905, -29.6780677], [-51.0567015, -29.6782867]]}}, {"type": "Feature", "properties": {"highway": "service", "osm_id": 943878559, "osm_type": "way"}, "geometry": {"type": "LineString", "coordinates": [[-51.0570628, -29.6778005], [-51.0569778, -29.6778416], [-51.0565192, -29.67807]]}}, {"type": "Feature", "properties": {"highway": "service", "osm_id": 943878560, "osm_type": "way"}, "geometry": {"type": "LineString", "coordinates": [[-51.0650647, -29.6777787], [-51.0650001, -29.6779217]]}}, {"type": "Feature", "properties": {"highway": "service", "osm_id": 943878561, "osm_type": "way"}, "geometry": {"type": "LineString", "coordinates": [[-51.0661431, -29.6777913], [-51.0661107, -29.6776459], [-51.0650647, -29.6777787], [-51.065011, -29.6774175], [-51.0647974, -29.6774442]]}}, {"type": "Feature", "properties": {"highway": "service", "osm_id": 943878562, "osm_type": "way"}, "geometry": {"type": "LineString", "coordinates": [[-51.0670093, -29.6829217], [-51.0674009, -29.6827795], [-51.0676369, -29.6827096], [-51.0676852, -29.682698], [-51.0676476, -29.6826327], [-51.0674749, -29.6822216], [-51.0674438, -29.6821556]]}}, {"type": "Feature", "properties": {"highway": "service", "osm_id": 943878563, "osm_type": "way"}, "geometry": {"type": "LineString", "coordinates": [[-51.0739942, -29.6803385], [-51.0741131, -29.6803444], [-51.0741522, -29.6805812]]}}, {"type": "Feature", "properties": {"highway": "service", "osm_id": 944155455, "osm_type": "way"}, "geometry": {"type": "LineString", "coordinates": [[-51.0565098, -29.6798748], [-51.0564961, -29.6797299]]}}, {"type": "Feature", "properties": {"highway": "service", "osm_id": 944155456, "osm_type": "way"}, "geometry": {"type": "LineString", "coordinates": [[-51.0564145, -29.680158], [-51.0563757, -29.679897], [-51.0565098, -29.6798748]]}}, {"type": "Feature", "properties": {"highway": "service", "osm_id": 944155457, "osm_type": "way"}, "geometry": {"type": "LineString", "coordinates": [[-51.0548515, -29.6738465], [-51.0547207, -29.673909], [-51.0545839, -29.6737016], [-51.0547162, -29.6736323]]}}, {"type": "Feature", "properties": {"highway": "service", "osm_id": 944155458, "osm_type": "way"}, "geometry": {"type": "LineString", "coordinates": [[-51.0549404, -29.6737966], [-51.0548515, -29.6738465]]}}, {"type": "Feature", "properties": {"highway": "service", "osm_id": 944155459, "osm_type": "way"}, "geometry": {"type": "LineString", "coordinates": [[-51.0544378, -29.6742202], [-51.0540931, -29.6744229], [-51.0539764, -29.6743984], [-51.0538557, -29.6742656], [-51.0536313, -29.6739015]]}}, {"type": "Feature", "properties": {"highway": "service", "osm_id": 944155460, "osm_type": "way"}, "geometry": {"type": "LineString", "coordinates": [[-51.0589887, -29.6712932], [-51.0590847, -29.6718652]]}}, {"type": "Feature", "properties": {"highway": "tertiary", "lanes": "1", "lit": "yes", "name": "Avenida dos Estados", "oneway": "yes", "surface": "asphalt", "osm_id": 944156918, "osm_type": "way"}, "geometry": {"type": "LineString", "coordinates": [[-51.0716912, -29.6721829], [-51.0719235, -29.6720035]]}}, {"type": "Feature", "properties": {"highway": "tertiary_link", "osm_id": 944167413, "osm_type": "way"}, "geometry": {"type": "LineString", "coordinates": [[-51.057845, -29.6783213], [-51.0577524, -29.6783646]]}}, {"type": "Feature", "properties": {"highway": "service", "service": "parking_aisle", "osm_id": 944167414, "osm_type": "way"}, "geometry": {"type": "LineString", "coordinates": [[-51.0606298, -29.6721119], [-51.0604177, -29.6721507]]}}, {"type": "Feature", "properties": {"highway": "service", "osm_id": 944167415, "osm_type": "way"}, "geometry": {"type": "LineString", "coordinates": [[-51.0725325, -29.6735199], [-51.0729115, -29.6734954]]}}, {"type": "Feature", "properties": {"highway": "service", "osm_id": 944167416, "osm_type": "way"}, "geometry": {"type": "LineString", "coordinates": [[-51.0726218, -29.6734371], [-51.0726069, -29.6732871]]}}, {"type": "Feature", "properties": {"highway": "service", "osm_id": 944167417, "osm_type": "way"}, "geometry": {"type": "LineString", "coordinates": [[-51.0729034, -29.6734138], [-51.0726218, -29.6734371]]}}, {"type": "Feature", "properties": {"highway": "service", "osm_id": 944167418, "osm_type": "way"}, "geometry": {"type": "LineString", "coordinates": [[-51.0724991, -29.6732975], [-51.0726069, -29.6732871]]}}, {"type": "Feature", "properties": {"highway": "service", "osm_id": 944167419, "osm_type": "way"}, "geometry": {"type": "LineString", "coordinates": [[-51.0726069, -29.6732871], [-51.072886, -29.67326], [-51.0729034, -29.6734138]]}}, {"type": "Feature", "properties": {"highway": "service", "service": "parking_aisle", "osm_id": 944167420, "osm_type": "way"}, "geometry": {"type": "LineString", "coordinates": [[-51.0588929, -29.6822016], [-51.0589117, -29.6824335], [-51.0590887, -29.6825477], [-51.0590436, -29.6821827]]}}, {"type": "Feature", "properties": {"highway": "service", "osm_id": 944167421, "osm_type": "way"}, "geometry": {"type": "LineString", "coordinates": [[-51.0585282, -29.6823146], [-51.0586327, -29.6822494], [-51.0588929, -29.6822016], [-51.0590436, -29.6821827], [-51.0591499, -29.6821693]]}}, {"type": "Feature", "properties": {"highway": "service", "oneway": "yes", "osm_id": 944167422, "osm_type": "way"}, "geometry": {"type": "LineString", "coordinates": [[-51.0619642, -29.6782627], [-51.0620593, -29.6782587], [-51.0621062, -29.6782681], [-51.0621344, -29.6782925], [-51.0621531, -29.6783438], [-51.0621558, -29.6784452], [-51.0621424, -29.6785314], [-51.0621062, -29.6785722], [-51.0620199, -29.6786115]]}}, {"type": "Feature", "properties": {"highway": "service", "osm_id": 944167423, "osm_type": "way"}, "geometry": {"type": "LineString", "coordinates": [[-51.0590612, -29.6816281], [-51.0585777, -29.6816808]]}}, {"type": "Feature", "properties": {"highway": "service", "osm_id": 944167424, "osm_type": "way"}, "geometry": {"type": "LineString", "coordinates": [[-51.0582773, -29.682199], [-51.0582478, -29.6819441], [-51.0582331, -29.6816307]]}}, {"type": "Feature", "properties": {"highway": "service", "oneway": "yes", "osm_id": 944168948, "osm_type": "way"}, "geometry": {"type": "LineString", "coordinates": [[-51.0725132, -29.6711416], [-51.0727408, -29.6710478]]}}, {"type": "Feature", "properties": {"highway": "residential", "name": "Rua Luís Castro", "oneway": "yes", "osm_id": 944180882, "osm_type": "way"}, "geometry": {"type": "LineString", "coordinates": [[-51.0558722, -29.6712298], [-51.0560927, -29.6712073]]}}, {"type": "Feature", "properties": {"alt_name": "Rua Emilio Blos II; Rua Emilio Blos 2º", "highway": "residential", "name": "Rua Emilio Blos", "oneway": "yes", "osm_id": 944180883, "osm_type": "way"}, "geometry": {"type": "LineString", "coordinates": [[-51.0559688, -29.6719007], [-51.0558722, -29.6712298]]}}, {"type": "Feature", "properties": {"alt_name": "Avenida dos Andradas", "highway": "residential", "name": "Rua dos Andradas", "oneway": "yes", "surface": "asphalt", "osm_id": 944180884, "osm_type": "way"}, "geometry": {"type": "LineString", "coordinates": [[-51.0578857, -29.6791059], [-51.0571946, -29.6780155], [-51.0571389, -29.6779276]]}}, {"type": "Feature", "properties": {"highway": "service", "surface": "asphalt", "osm_id": 944186005, "osm_type": "way"}, "geometry": {"type": "LineString", "coordinates": [[-51.0619453, -29.6786223], [-51.0620199, -29.6786115]]}}, {"type": "Feature", "properties": {"highway": "residential", "name": "Rua Rudolfo Dick", "osm_id": 944202735, "osm_type": "way"}, "geometry": {"type": "LineString", "coordinates": [[-51.0574132, -29.6812316], [-51.0573507, -29.6812394]]}}, {"type": "Feature", "properties": {"highway": "service", "service": "parking_aisle", "osm_id": 944996691, "osm_type": "way"}, "geometry": {"type": "LineString", "coordinates": [[-51.0448992, -29.67082], [-51.0447201, -29.6714381]]}}, {"type": "Feature", "properties": {"highway": "service", "osm_id": 944996692, "osm_type": "way"}, "geometry": {"type": "LineString", "coordinates": [[-51.0449846, -29.6705359], [-51.0449434, -29.6706889], [-51.0449112, -29.6707815], [-51.0448992, -29.67082], [-51.044639, -29.6707693], [-51.0446222, -29.6707798], [-51.0444864, -29.6711527]]}}, {"type": "Feature", "properties": {"highway": "service", "service": "parking_aisle", "osm_id": 944996693, "osm_type": "way"}, "geometry": {"type": "LineString", "coordinates": [[-51.0453015, -29.672139], [-51.0450418, -29.672072]]}}, {"type": "Feature", "properties": {"highway": "service", "service": "parking_aisle", "osm_id": 944996694, "osm_type": "way"}, "geometry": {"type": "LineString", "coordinates": [[-51.0449937, -29.6722626], [-51.0452385, -29.6723092], [-51.0452499, -29.6722998], [-51.0453015, -29.672139], [-51.0453357, -29.6720394], [-51.045331, -29.6720266], [-51.0450848, -29.6719487]]}}, {"type": "Feature", "properties": {"highway": "service", "service": "parking_aisle", "osm_id": 944996695, "osm_type": "way"}, "geometry": {"type": "LineString", "coordinates": [[-51.0451761, -29.6716729], [-51.0453048, -29.6715937], [-51.0454148, -29.6714422], [-51.0455516, -29.6709435], [-51.0455259, -29.670597]]}}, {"type": "Feature", "properties": {"highway": "service", "osm_id": 944996696, "osm_type": "way"}, "geometry": {"type": "LineString", "coordinates": [[-51.0457185, -29.6698772], [-51.0456951, -29.6700229], [-51.0456415, -29.6701756], [-51.0455259, -29.670597], [-51.0454135, -29.6708479], [-51.0452847, -29.6712511], [-51.0451761, -29.6716729], [-51.045101, -29.6719025], [-51.0450848, -29.6719487], [-51.0450418, -29.672072], [-51.0450058, -29.6721752], [-51.0449937, -29.6722626], [-51.0450272, -29.6724851], [-51.0450996, -29.6726727]]}}, {"type": "Feature", "properties": {"highway": "service", "osm_id": 944996697, "osm_type": "way"}, "geometry": {"type": "LineString", "coordinates": [[-51.0531496, -29.6840676], [-51.0533669, -29.6837338], [-51.0534393, -29.6836237]]}}, {"type": "Feature", "properties": {"highway": "service", "osm_id": 944996698, "osm_type": "way"}, "geometry": {"type": "LineString", "coordinates": [[-51.0530865, -29.6841707], [-51.0531496, -29.6840676]]}}, {"type": "Feature", "properties": {"highway": "service", "service": "parking_aisle", "osm_id": 944996699, "osm_type": "way"}, "geometry": {"type": "LineString", "coordinates": [[-51.0530865, -29.6841707], [-51.0530188, -29.6841538], [-51.0529706, -29.6841352], [-51.0529558, -29.6841159], [-51.0529518, -29.6840746], [-51.0529659, -29.6840344], [-51.0530008, -29.6840134], [-51.0531496, -29.6840676]]}}, {"type": "Feature", "properties": {"highway": "residential", "surface": "unpaved", "osm_id": 945009975, "osm_type": "way"}, "geometry": {"type": "LineString", "coordinates": [[-51.0372742, -29.6840342], [-51.0373065, -29.6840705], [-51.037727, -29.6841608], [-51.0382801, -29.6842566]]}}, {"type": "Feature", "properties": {"highway": "residential", "osm_id": 945009976, "osm_type": "way"}, "geometry": {"type": "LineString", "coordinates": [[-51.0385913, -29.6828331], [-51.0382801, -29.6842566], [-51.0379854, -29.6856043]]}}, {"type": "Feature", "properties": {"highway": "secondary_link", "oneway": "yes", "osm_id": 945009977, "osm_type": "way"}, "geometry": {"type": "LineString", "coordinates": [[-51.0457501, -29.6829709], [-51.0458272, -29.6828858], [-51.0458567, -29.6828535], [-51.045906, -29.6827762]]}}, {"type": "Feature", "properties": {"alt_name": "Avenida Oscar Cirilo Ritzel", "highway": "residential", "name": "Avenida Oscar Cirilo Ritzer", "oneway": "yes", "osm_id": 945009978, "osm_type": "way"}, "geometry": {"type": "LineString", "coordinates": [[-51.045995, -29.6830317], [-51.045903, -29.683026], [-51.0456522, -29.6830304], [-51.0454644, -29.6830292], [-51.0439575, -29.6830307], [-51.0436924, -29.6830307], [-51.0436128, -29.6830276], [-51.0432248, -29.6830172], [-51.0428155, -29.6830035], [-51.0423584, -29.6829893], [-51.0422425, -29.6829932]]}}, {"type": "Feature", "properties": {"alt_name": "Rua Vinte de Setembro", "highway": "residential", "name": "Rua 20 de Setembro", "oneway": "yes", "osm_id": 945009979, "osm_type": "way"}, "geometry": {"type": "LineString", "coordinates": [[-51.0466831, -29.6833101], [-51.0464161, -29.6833109]]}}, {"type": "Feature", "properties": {"highway": "service", "osm_id": 945009980, "osm_type": "way"}, "geometry": {"type": "LineString", "coordinates": [[-51.0435521, -29.6778397], [-51.0434722, -29.6778422], [-51.0434248, -29.6778388]]}}, {"type": "Feature", "properties": {"highway": "service", "oneway": "no", "service": "driveway", "osm_id": 945056878, "osm_type": "way"}, "geometry": {"type": "LineString", "coordinates": [[-51.0432549, -29.6776531], [-51.0432373, -29.6777357]]}}, {"type": "Feature", "properties": {"highway": "service", "oneway": "no", "service": "driveway", "osm_id": 945056879, "osm_type": "way"}, "geometry": {"type": "LineString", "coordinates": [[-51.0434248, -29.6778388], [-51.0433539, -29.6778172], [-51.0432965, -29.6777977], [-51.0432612, -29.6777709], [-51.0432373, -29.6777357]]}}, {"type": "Feature", "properties": {"alt_name": "Rua Sete de Setembro", "highway": "residential", "name": "Rua 7 de Setembro", "oneway": "yes", "osm_id": 945666083, "osm_type": "way"}, "geometry": {"type": "LineString", "coordinates": [[-51.0528485, -29.6808802], [-51.0520923, -29.6825587]]}}, {"type": "Feature", "properties": {"alt_name": "Rua Sete de Setembro", "highway": "residential", "name": "Rua 7 de Setembro", "osm_id": 945666084, "osm_type": "way"}, "geometry": {"type": "LineString", "coordinates": [[-51.0505217, -29.6858655], [-51.0509896, -29.6848367], [-51.0513821, -29.6839845], [-51.0517217, -29.6832879], [-51.0520923, -29.6825587]]}}, {"type": "Feature", "properties": {"highway": "service", "service": "parking_aisle", "osm_id": 945666085, "osm_type": "way"}, "geometry": {"type": "LineString", "coordinates": [[-51.0518441, -29.6816191], [-51.0516646, -29.6815646]]}}, {"type": "Feature", "properties": {"highway": "service", "osm_id": 945666086, "osm_type": "way"}, "geometry": {"type": "LineString", "coordinates": [[-51.0519058, -29.6814897], [-51.0517248, -29.6814308]]}}, {"type": "Feature", "properties": {"highway": "service", "osm_id": 945666087, "osm_type": "way"}, "geometry": {"type": "LineString", "coordinates": [[-51.0520201, -29.6807024], [-51.0519772, -29.6808113], [-51.0519741, -29.6808384], [-51.0519809, -29.6808617], [-51.052174, -29.6809293]]}}, {"type": "Feature", "properties": {"highway": "service", "osm_id": 945666088, "osm_type": "way"}, "geometry": {"type": "LineString", "coordinates": [[-51.052174, -29.6809293], [-51.0519058, -29.6814897], [-51.0518441, -29.6816191], [-51.0517797, -29.6817519], [-51.0517555, -29.6817577], [-51.0516188, -29.6817111], [-51.0516107, -29.6816843], [-51.0516646, -29.6815646], [-51.0517248, -29.6814308], [-51.0519809, -29.6808617]]}}, {"type": "Feature", "properties": {"highway": "service", "osm_id": 945666089, "osm_type": "way"}, "geometry": {"type": "LineString", "coordinates": [[-51.0531329, -29.6803549], [-51.0530343, -29.6803432], [-51.0525153, -29.6804096], [-51.0521679, -29.6804661], [-51.0520781, -29.6804836], [-51.051939, -29.6804902]]}}, {"type": "Feature", "properties": {"highway": "residential", "osm_id": 945666090, "osm_type": "way"}, "geometry": {"type": "LineString", "coordinates": [[-51.0432248, -29.6830172], [-51.0432249, -29.682952]]}}, {"type": "Feature", "properties": {"highway": "residential", "osm_id": 945666091, "osm_type": "way"}, "geometry": {"type": "LineString", "coordinates": [[-51.0454644, -29.6829713], [-51.0454644, -29.6830292]]}}, {"type": "Feature", "properties": {"highway": "residential", "osm_id": 945666092, "osm_type": "way"}, "geometry": {"type": "LineString", "coordinates": [[-51.0456522, -29.6830304], [-51.0456508, -29.682971]]}}, {"type": "Feature", "properties": {"highway": "residential", "osm_id": 945666093, "osm_type": "way"}, "geometry": {"type": "LineString", "coordinates": [[-51.0428184, -29.6829461], [-51.0428155, -29.6830035]]}}, {"type": "Feature", "properties": {"highway": "residential", "name": "Avenida Protázio Maschaski", "surface": "paved", "osm_id": 945666094, "osm_type": "way"}, "geometry": {"type": "LineString", "coordinates": [[-51.0370576, -29.6771079], [-51.0370279, -29.6768406]]}}, {"type": "Feature", "properties": {"highway": "residential", "name": "Avenida Protázio Maschaski", "surface": "paved", "osm_id": 945666095, "osm_type": "way"}, "geometry": {"type": "LineString", "coordinates": [[-51.0371479, -29.6768287], [-51.0371763, -29.6770952]]}}, {"type": "Feature", "properties": {"highway": "residential", "osm_id": 945672397, "osm_type": "way"}, "geometry": {"type": "LineString", "coordinates": [[-51.0381876, -29.6815888], [-51.0382144, -29.6816855], [-51.0382319, -29.6817053], [-51.0382868, -29.6817111], [-51.0384679, -29.6816668], [-51.0385926, -29.6816552], [-51.0386704, -29.6816936], [-51.0387374, -29.6817729], [-51.0387931, -29.6818562], [-51.038832, -29.6819109], [-51.038885, -29.6819639]]}}, {"type": "Feature", "properties": {"highway": "residential", "osm_id": 945672398, "osm_type": "way"}, "geometry": {"type": "LineString", "coordinates": [[-51.0361397, -29.6780071], [-51.0361692, -29.6783088], [-51.0362229, -29.6783939], [-51.0363087, -29.6784498], [-51.0379221, -29.6783135], [-51.0383995, -29.6782552], [-51.0385815, -29.6782506], [-51.0386476, -29.6782617], [-51.0386979, -29.6782879], [-51.0387596, -29.6783543], [-51.0387944, -29.678684], [-51.0388105, -29.678712], [-51.0388481, -29.6787621], [-51.0389406, -29.6788406]]}}, {"type": "Feature", "properties": {"highway": "service", "osm_id": 945672399, "osm_type": "way"}, "geometry": {"type": "LineString", "coordinates": [[-51.0474519, -29.6823578], [-51.0475485, -29.6826013], [-51.0476585, -29.6827213], [-51.047857, -29.6827947], [-51.0479307, -29.6828448], [-51.0479884, -29.6829263], [-51.0480005, -29.6830161], [-51.0479535, -29.6830638], [-51.0474882, -29.683044], [-51.0473433, -29.6830522], [-51.0472441, -29.6831069], [-51.0471529, -29.6831349], [-51.0470483, -29.6831302], [-51.0469356, -29.6831139], [-51.0468055, -29.6830941], [-51.0467358, -29.6830428], [-51.0467036, -29.6829415], [-51.0467184, -29.6827935], [-51.0467532, -29.6826921], [-51.0468136, -29.682656]]}}, {"type": "Feature", "properties": {"highway": "service", "osm_id": 945672400, "osm_type": "way"}, "geometry": {"type": "LineString", "coordinates": [[-51.0474962, -29.6833178], [-51.0474882, -29.683044]]}}, {"type": "Feature", "properties": {"highway": "service", "service": "parking_aisle", "osm_id": 945672401, "osm_type": "way"}, "geometry": {"type": "LineString", "coordinates": [[-51.0485651, -29.6830533], [-51.0485161, -29.6831203], [-51.0484692, -29.683153], [-51.0481815, -29.6830819]]}}, {"type": "Feature", "properties": {"highway": "service", "osm_id": 945672402, "osm_type": "way"}, "geometry": {"type": "LineString", "coordinates": [[-51.0482217, -29.6825383], [-51.0483781, -29.6826578]]}}, {"type": "Feature", "properties": {"highway": "service", "osm_id": 945672403, "osm_type": "way"}, "geometry": {"type": "LineString", "coordinates": [[-51.0484926, -29.6823601], [-51.0484242, -29.6822168], [-51.048376, -29.6821562], [-51.0482227, -29.682104], [-51.048042, -29.6820647], [-51.0480045, -29.6820997], [-51.0479716, -29.6821941]]}}, {"type": "Feature", "properties": {"highway": "service", "osm_id": 945672404, "osm_type": "way"}, "geometry": {"type": "LineString", "coordinates": [[-51.0481627, -29.6833213], [-51.0481815, -29.6830819], [-51.0482003, -29.6826642], [-51.0482217, -29.6825383], [-51.048376, -29.6821562]]}}, {"type": "Feature", "properties": {"highway": "service", "osm_id": 945672405, "osm_type": "way"}, "geometry": {"type": "LineString", "coordinates": [[-51.0490948, -29.6824696], [-51.0491089, -29.6824944], [-51.0491136, -29.6825273], [-51.0490277, -29.6827935], [-51.0489459, -29.6830359]]}}, {"type": "Feature", "properties": {"highway": "service", "osm_id": 945672406, "osm_type": "way"}, "geometry": {"type": "LineString", "coordinates": [[-51.0489459, -29.6830359], [-51.0489205, -29.6830918], [-51.0488346, -29.6831186], [-51.0486563, -29.6830825], [-51.0485651, -29.6830533], [-51.048321, -29.6829811], [-51.0482915, -29.6829298], [-51.0482915, -29.6828832], [-51.0483781, -29.6826578], [-51.0484926, -29.6823601], [-51.0485396, -29.6823403], [-51.0486241, -29.6823275], [-51.0490948, -29.6824696]]}}, {"type": "Feature", "properties": {"highway": "service", "osm_id": 945672407, "osm_type": "way"}, "geometry": {"type": "LineString", "coordinates": [[-51.0485718, -29.6833248], [-51.0486563, -29.6830825]]}}, {"type": "Feature", "properties": {"highway": "service", "osm_id": 945679719, "osm_type": "way"}, "geometry": {"type": "LineString", "coordinates": [[-51.0438967, -29.6739539], [-51.0434246, -29.6754087], [-51.043383, -29.6754495], [-51.0433026, -29.6754833], [-51.0429955, -29.6754425], [-51.0428882, -29.6753761], [-51.042809, -29.6753114], [-51.0427748, -29.6752648], [-51.0427554, -29.6752106], [-51.0428707, -29.6746851]]}}, {"type": "Feature", "properties": {"highway": "service", "osm_id": 945679720, "osm_type": "way"}, "geometry": {"type": "LineString", "coordinates": [[-51.0440981, -29.6739864], [-51.0440569, -29.6739775], [-51.0439932, -29.6739665], [-51.0438967, -29.6739539], [-51.0433877, -29.6738543], [-51.0430826, -29.6737873]]}}, {"type": "Feature", "properties": {"highway": "residential", "osm_id": 945679721, "osm_type": "way"}, "geometry": {"type": "LineString", "coordinates": [[-51.0437089, -29.6788641], [-51.0437813, -29.6788093], [-51.0438383, -29.6787452], [-51.0439463, -29.6785244], [-51.0440683, -29.6782721], [-51.0440871, -29.6781801], [-51.044071, -29.678091], [-51.0440496, -29.6779581], [-51.0440214, -29.6778999], [-51.0439047, -29.6778684]]}}, {"type": "Feature", "properties": {"highway": "service", "osm_id": 945679722, "osm_type": "way"}, "geometry": {"type": "LineString", "coordinates": [[-51.0398593, -29.6831978], [-51.0396025, -29.6829316], [-51.0394992, -29.6827982], [-51.0394516, -29.6827941], [-51.0390197, -29.6830108]]}}, {"type": "Feature", "properties": {"highway": "service", "osm_id": 945679723, "osm_type": "way"}, "geometry": {"type": "LineString", "coordinates": [[-51.0395971, -29.6835427], [-51.0396548, -29.683626], [-51.0397279, -29.6837204], [-51.0397748, -29.6837408], [-51.0398794, -29.6837454], [-51.0400692, -29.6837122], [-51.0402107, -29.6836499], [-51.0402945, -29.6835835], [-51.0403609, -29.6834448], [-51.0404769, -29.6827283], [-51.0405453, -29.6824894]]}}, {"type": "Feature", "properties": {"highway": "service", "osm_id": 945679724, "osm_type": "way"}, "geometry": {"type": "LineString", "coordinates": [[-51.0398144, -29.6833679], [-51.0401402, -29.6834716]]}}, {"type": "Feature", "properties": {"highway": "service", "osm_id": 945679725, "osm_type": "way"}, "geometry": {"type": "LineString", "coordinates": [[-51.0401617, -29.6828797], [-51.0400786, -29.6828902], [-51.0400303, -29.68291], [-51.0399874, -29.682959], [-51.0398593, -29.6831978], [-51.0398237, -29.683312], [-51.0398144, -29.6833679], [-51.0397553, -29.6834355], [-51.0395971, -29.6835427], [-51.0394415, -29.6836452], [-51.0392994, -29.6837011], [-51.0392135, -29.6837291], [-51.0391103, -29.6837524], [-51.0390432, -29.6837862], [-51.0389788, -29.6838514]]}}, {"type": "Feature", "properties": {"highway": "residential", "name": "Avenida dos Estados", "osm_id": 945725428, "osm_type": "way"}, "geometry": {"type": "LineString", "coordinates": [[-51.0482178, -29.6853707], [-51.0487417, -29.6841984], [-51.0490777, -29.6833306]]}}, {"type": "Feature", "properties": {"highway": "secondary_link", "lane_markings": "no", "lit": "yes", "oneway": "yes", "surface": "asphalt", "osm_id": 945725429, "osm_type": "way"}, "geometry": {"type": "LineString", "coordinates": [[-51.0499193, -29.6804967], [-51.0499383, -29.6805317], [-51.0499484, -29.6805649], [-51.0499448, -29.6805987], [-51.0499112, -29.6806354]]}}, {"type": "Feature", "properties": {"highway": "secondary_link", "lane_markings": "no", "lit": "yes", "oneway": "yes", "surface": "asphalt", "osm_id": 945725430, "osm_type": "way"}, "geometry": {"type": "LineString", "coordinates": [[-51.0496553, -29.6807357], [-51.0496249, -29.6807056], [-51.0496138, -29.6806782], [-51.0496121, -29.6806535], [-51.0496078, -29.6806106]]}}, {"type": "Feature", "properties": {"highway": "residential", "lanes": "2", "lit": "yes", "maxspeed": "40", "name": "Avenida dos Estados", "surface": "asphalt", "osm_id": 945725431, "osm_type": "way"}, "geometry": {"type": "LineString", "coordinates": [[-51.0499193, -29.6804967], [-51.0500872, -29.6791], [-51.0501221, -29.6788722], [-51.0501355, -29.6787481], [-51.0502294, -29.6780863], [-51.0503662, -29.6774431], [-51.0505942, -29.6767603], [-51.0507578, -29.6763269], [-51.0511098, -29.6757151]]}}, {"type": "Feature", "properties": {"highway": "service", "osm_id": 945741632, "osm_type": "way"}, "geometry": {"type": "LineString", "coordinates": [[-51.05171, -29.6778463], [-51.0515812, -29.6782261], [-51.0515393, -29.6784131], [-51.0515341, -29.6784882]]}}, {"type": "Feature", "properties": {"highway": "service", "service": "parking_aisle", "osm_id": 945741633, "osm_type": "way"}, "geometry": {"type": "LineString", "coordinates": [[-51.0519286, -29.6781469], [-51.0517146, -29.6781743]]}}, {"type": "Feature", "properties": {"highway": "service", "service": "parking_aisle", "osm_id": 945741634, "osm_type": "way"}, "geometry": {"type": "LineString", "coordinates": [[-51.0519527, -29.6782995], [-51.0516758, -29.6783263]]}}, {"type": "Feature", "properties": {"highway": "service", "osm_id": 945741635, "osm_type": "way"}, "geometry": {"type": "LineString", "coordinates": [[-51.0519715, -29.6784393], [-51.0519527, -29.6782995], [-51.0519286, -29.6781469], [-51.0519111, -29.6779966]]}}, {"type": "Feature", "properties": {"highway": "service", "osm_id": 945741636, "osm_type": "way"}, "geometry": {"type": "LineString", "coordinates": [[-51.0495025, -29.6821049], [-51.0493107, -29.6820537], [-51.0490666, -29.6819744], [-51.0487193, -29.6818509], [-51.0484132, -29.681625], [-51.0483738, -29.6815912]]}}, {"type": "Feature", "properties": {"highway": "service", "osm_id": 945741637, "osm_type": "way"}, "geometry": {"type": "LineString", "coordinates": [[-51.0453737, -29.6817139], [-51.0455496, -29.6815404]]}}, {"type": "Feature", "properties": {"highway": "service", "osm_id": 945741638, "osm_type": "way"}, "geometry": {"type": "LineString", "coordinates": [[-51.0449415, -29.6812345], [-51.0451157, -29.6811594], [-51.0452847, -29.6810878], [-51.0453618, -29.6810709], [-51.0455073, -29.6811303], [-51.0458735, -29.6812765], [-51.0460927, -29.6813505]]}}, {"type": "Feature", "properties": {"highway": "service", "service": "parking_aisle", "osm_id": 945741639, "osm_type": "way"}, "geometry": {"type": "LineString", "coordinates": [[-51.0455496, -29.6815404], [-51.0455757, -29.6814833], [-51.0455771, -29.6814606], [-51.045339, -29.681368], [-51.0452686, -29.6813272], [-51.0451157, -29.6811594]]}}, {"type": "Feature", "properties": {"highway": "service", "osm_id": 945741640, "osm_type": "way"}, "geometry": {"type": "LineString", "coordinates": [[-51.0450515, -29.6814026], [-51.0452706, -29.6814641], [-51.0455496, -29.6815404], [-51.0460418, -29.681622], [-51.046076, -29.6816429], [-51.0461219, -29.68171]]}}, {"type": "Feature", "properties": {"highway": "service", "osm_id": 945762123, "osm_type": "way"}, "geometry": {"type": "LineString", "coordinates": [[-51.0533028, -29.6842471], [-51.0530865, -29.6841707]]}}, {"type": "Feature", "properties": {"highway": "service", "osm_id": 945762124, "osm_type": "way"}, "geometry": {"type": "LineString", "coordinates": [[-51.0533669, -29.6837338], [-51.0535505, -29.683815]]}}, {"type": "Feature", "properties": {"highway": "residential", "name": "Avenida dos Municipios", "oneway": "yes", "osm_id": 945762125, "osm_type": "way"}, "geometry": {"type": "LineString", "coordinates": [[-51.0450091, -29.6818917], [-51.045085, -29.6818412], [-51.0451032, -29.6818301], [-51.0451554, -29.681796]]}}, {"type": "Feature", "properties": {"highway": "residential", "name": "Avenida dos Municipios", "oneway": "yes", "osm_id": 945762126, "osm_type": "way"}, "geometry": {"type": "LineString", "coordinates": [[-51.0453222, -29.6820662], [-51.0452551, -29.6820951], [-51.0451976, -29.6821017], [-51.045144, -29.6820909], [-51.0450426, -29.6819411], [-51.0450091, -29.6818917]]}}, {"type": "Feature", "properties": {"highway": "residential", "name": "Avenida Presidente Tancredo Neves", "oneway": "yes", "osm_id": 945762127, "osm_type": "way"}, "geometry": {"type": "LineString", "coordinates": [[-51.0478237, -29.6814497], [-51.0481721, -29.6815433]]}}, {"type": "Feature", "properties": {"highway": "residential", "name": "Rua Jorge Kock", "oneway": "yes", "osm_id": 945762129, "osm_type": "way"}, "geometry": {"type": "LineString", "coordinates": [[-51.0527744, -29.6766491], [-51.0532263, -29.6765952]]}}, {"type": "Feature", "properties": {"highway": "secondary", "lane_markings": "no", "lit": "yes", "oneway": "yes", "surface": "asphalt", "osm_id": 945762130, "osm_type": "way"}, "geometry": {"type": "LineString", "coordinates": [[-51.0518671, -29.6802541], [-51.0518898, -29.6803345]]}}, {"type": "Feature", "properties": {"highway": "residential", "oneway": "yes", "osm_id": 945762131, "osm_type": "way"}, "geometry": {"type": "LineString", "coordinates": [[-51.0423137, -29.6716534], [-51.0422076, -29.6716718], [-51.042066, -29.6717092]]}}, {"type": "Feature", "properties": {"highway": "service", "osm_id": 945776505, "osm_type": "way"}, "geometry": {"type": "LineString", "coordinates": [[-51.0517287, -29.6806415], [-51.0515732, -29.680991]]}}, {"type": "Feature", "properties": {"highway": "secondary", "name": "Avenida Independência", "oneway": "yes", "osm_id": 967817894, "osm_type": "way"}, "geometry": {"type": "LineString", "coordinates": [[-51.0608558, -29.6847225], [-51.0608441, -29.684652]]}}, {"type": "Feature", "properties": {"highway": "secondary", "lit": "yes", "name": "Avenida São Leopoldo", "oneway": "yes", "osm_id": 967818437, "osm_type": "way"}, "geometry": {"type": "LineString", "coordinates": [[-51.070194, -29.6816119], [-51.070243, -29.6817183]]}}, {"type": "Feature", "properties": {"highway": "secondary", "lit": "yes", "name": "Avenida São Leopoldo", "oneway": "yes", "surface": "asphalt", "osm_id": 967818438, "osm_type": "way"}, "geometry": {"type": "LineString", "coordinates": [[-51.0720757, -29.6857086], [-51.0719958, -29.6856691], [-51.0717148, -29.6854508], [-51.0713193, -29.6850505], [-51.0712627, -29.6849873], [-51.071068, -29.6847905], [-51.0709474, -29.6846445], [-51.0707506, -29.6843935], [-51.0706369, -29.6841317], [-51.0705723, -29.6838246], [-51.0705649, -29.6837725], [-51.0705323, -29.6835442], [-51.0705081, -29.6832707], [-51.0704928, -29.6830989], [-51.0704586, -29.6827162], [-51.0704048, -29.6824448], [-51.0703356, -29.6822836], [-51.0701665, -29.6818642], [-51.0701452, -29.6817866], [-51.0701325, -29.6817318], [-51.070094, -29.6816239]]}}, {"type": "Feature", "properties": {"highway": "service", "osm_id": 972658392, "osm_type": "way"}, "geometry": {"type": "LineString", "coordinates": [[-51.0451976, -29.6821017], [-51.0448314, -29.6821946]]}}, {"type": "Feature", "properties": {"highway": "service", "osm_id": 972658393, "osm_type": "way"}, "geometry": {"type": "LineString", "coordinates": [[-51.0450426, -29.6819411], [-51.0449391, -29.6820166]]}}, {"type": "Feature", "properties": {"highway": "service", "osm_id": 972665842, "osm_type": "way"}, "geometry": {"type": "LineString", "coordinates": [[-51.0469643, -29.6717891], [-51.0468346, -29.6718016], [-51.0468016, -29.6717924], [-51.0467856, -29.6717693], [-51.0467611, -29.6715778]]}}, {"type": "Feature", "properties": {"highway": "service", "osm_id": 972678564, "osm_type": "way"}, "geometry": {"type": "LineString", "coordinates": [[-51.0482633, -29.686989], [-51.0478138, -29.6872678]]}}, {"type": "Feature", "properties": {"highway": "service", "osm_id": 972698523, "osm_type": "way"}, "geometry": {"type": "LineString", "coordinates": [[-51.0622457, -29.6937245], [-51.0622416, -29.6937894], [-51.0622269, -29.6938185], [-51.0621934, -29.6938395], [-51.0620257, -29.6938476]]}}, {"type": "Feature", "properties": {"highway": "service", "osm_id": 972698524, "osm_type": "way"}, "geometry": {"type": "LineString", "coordinates": [[-51.0620146, -29.6933145], [-51.0619882, -29.6934166], [-51.0619828, -29.6934748], [-51.0619962, -29.6935168], [-51.0620257, -29.6935634], [-51.0621156, -29.6936438], [-51.0622457, -29.6937245], [-51.0629638, -29.6940166]]}}, {"type": "Feature", "properties": {"highway": "service", "osm_id": 972698525, "osm_type": "way"}, "geometry": {"type": "LineString", "coordinates": [[-51.0682418, -29.6960049], [-51.0681506, -29.6961438], [-51.0681063, -29.6961671], [-51.0680459, -29.6961834], [-51.0678689, -29.6961869]]}}, {"type": "Feature", "properties": {"highway": "service", "osm_id": 972701270, "osm_type": "way"}, "geometry": {"type": "LineString", "coordinates": [[-51.0681921, -29.6949916], [-51.0681438, -29.6950639], [-51.0681326, -29.6951527], [-51.0681461, -29.6952906], [-51.0682999, -29.6956165], [-51.0683117, -29.6956957], [-51.0683049, -29.6957618], [-51.068282, -29.6958654], [-51.0682418, -29.6960049]]}}, {"type": "Feature", "properties": {"highway": "service", "osm_id": 972727566, "osm_type": "way"}, "geometry": {"type": "LineString", "coordinates": [[-51.052962, -29.68458], [-51.0528264, -29.6846892], [-51.0527144, -29.6847754], [-51.0526876, -29.6847899], [-51.0526541, -29.6847969], [-51.0526035, -29.6847931], [-51.0524603, -29.6847556]]}}, {"type": "Feature", "properties": {"highway": "service", "osm_id": 972727567, "osm_type": "way"}, "geometry": {"type": "LineString", "coordinates": [[-51.0468576, -29.6744646], [-51.0468565, -29.6745418], [-51.0468578, -29.6746699], [-51.0468753, -29.6747428], [-51.0469061, -29.674815], [-51.0470556, -29.6750649], [-51.0470845, -29.6751378], [-51.0472588, -29.6757349]]}}, {"type": "Feature", "properties": {"highway": "service", "osm_id": 972727568, "osm_type": "way"}, "geometry": {"type": "LineString", "coordinates": [[-51.0477478, -29.6746802], [-51.0477242, -29.6747463], [-51.0476518, -29.6750006], [-51.0476518, -29.6750277], [-51.0476605, -29.6750515], [-51.0477617, -29.6752118], [-51.0477953, -29.6752525], [-51.0478811, -29.6753096]]}}, {"type": "Feature", "properties": {"highway": "service", "osm_id": 972770111, "osm_type": "way"}, "geometry": {"type": "LineString", "coordinates": [[-51.0742512, -29.6723779], [-51.0747676, -29.6723185]]}}, {"type": "Feature", "properties": {"highway": "service", "osm_id": 972770112, "osm_type": "way"}, "geometry": {"type": "LineString", "coordinates": [[-51.0743518, -29.6730106], [-51.0744283, -29.672999], [-51.0748373, -29.6729326]]}}, {"type": "Feature", "properties": {"highway": "residential", "osm_id": 972770113, "osm_type": "way"}, "geometry": {"type": "LineString", "coordinates": [[-51.0759893, -29.6750381], [-51.0760034, -29.6751704], [-51.075994, -29.6751954], [-51.0759665, -29.6752048], [-51.0756728, -29.67515], [-51.0755038, -29.675136], [-51.0752276, -29.6751675], [-51.0751064, -29.6751903]]}}, {"type": "Feature", "properties": {"highway": "service", "osm_id": 972770114, "osm_type": "way"}, "geometry": {"type": "LineString", "coordinates": [[-51.076397, -29.67958], [-51.0764775, -29.6795754], [-51.0768597, -29.6795323]]}}, {"type": "Feature", "properties": {"highway": "service", "osm_id": 972770150, "osm_type": "way"}, "geometry": {"type": "LineString", "coordinates": [[-51.0433679, -29.6720553], [-51.0432147, -29.6726145], [-51.0431892, -29.6726451], [-51.0431493, -29.6726614], [-51.0430947, -29.672659], [-51.0429344, -29.6726089], [-51.0429143, -29.67259], [-51.0429036, -29.6725638], [-51.0429177, -29.6724467], [-51.0429049, -29.6724219], [-51.0428811, -29.6724053], [-51.0427406, -29.6723593]]}}, {"type": "Feature", "properties": {"highway": "service", "osm_id": 972779936, "osm_type": "way"}, "geometry": {"type": "LineString", "coordinates": [[-51.04516, -29.6729302], [-51.0452327, -29.6732619]]}}, {"type": "Feature", "properties": {"bridge": "yes", "highway": "service", "layer": "1", "osm_id": 972779937, "osm_type": "way"}, "geometry": {"type": "LineString", "coordinates": [[-51.0450996, -29.6726727], [-51.04516, -29.6729302]]}}, {"type": "Feature", "properties": {"highway": "service", "osm_id": 972798816, "osm_type": "way"}, "geometry": {"type": "LineString", "coordinates": [[-51.0781126, -29.6699306], [-51.0779908, -29.6697564]]}}, {"type": "Feature", "properties": {"highway": "service", "osm_id": 972798817, "osm_type": "way"}, "geometry": {"type": "LineString", "coordinates": [[-51.0781126, -29.6699306], [-51.0782947, -29.6698586], [-51.0783262, -29.6698685], [-51.0783497, -29.6698924], [-51.0783711, -29.6699565], [-51.0783731, -29.669995], [-51.078359, -29.6700258], [-51.0782772, -29.670073], [-51.0782283, -29.6700725], [-51.0782021, -29.6700521], [-51.0781126, -29.6699306]]}}, {"type": "Feature", "properties": {"highway": "service", "osm_id": 972798818, "osm_type": "way"}, "geometry": {"type": "LineString", "coordinates": [[-51.082904, -29.6762569], [-51.082499, -29.6762989]]}}, {"type": "Feature", "properties": {"highway": "service", "osm_id": 972804081, "osm_type": "way"}, "geometry": {"type": "LineString", "coordinates": [[-51.0760152, -29.6939486], [-51.0762213, -29.6939315], [-51.0762723, -29.693956], [-51.0763326, -29.6940061], [-51.0764131, -29.6941563], [-51.0764853, -29.6945503]]}}, {"type": "Feature", "properties": {"highway": "service", "surface": "unpaved", "osm_id": 972804082, "osm_type": "way"}, "geometry": {"type": "LineString", "coordinates": [[-51.0821536, -29.688175], [-51.0817896, -29.6882228], [-51.081638, -29.6882392], [-51.0815683, -29.6882298], [-51.0813899, -29.6881366], [-51.0813349, -29.6881273], [-51.0812303, -29.6881448], [-51.0810211, -29.6881413], [-51.0808585, -29.6881286], [-51.0806295, -29.6882196], [-51.0805416, -29.6883479], [-51.0805177, -29.6884867], [-51.0805416, -29.6885907]]}}, {"type": "Feature", "properties": {"highway": "service", "osm_id": 972804083, "osm_type": "way"}, "geometry": {"type": "LineString", "coordinates": [[-51.0817131, -29.6877859], [-51.081917, -29.6877661], [-51.081925, -29.6877568], [-51.0819317, -29.6877347], [-51.0819036, -29.6874935]]}}, {"type": "Feature", "properties": {"highway": "service", "osm_id": 972804088, "osm_type": "way"}, "geometry": {"type": "LineString", "coordinates": [[-51.0773036, -29.6864042], [-51.0773412, -29.6866526]]}}, {"type": "Feature", "properties": {"highway": "service", "osm_id": 972804089, "osm_type": "way"}, "geometry": {"type": "LineString", "coordinates": [[-51.0786125, -29.687232], [-51.0786538, -29.6874484]]}}, {"type": "Feature", "properties": {"highway": "service", "osm_id": 972804090, "osm_type": "way"}, "geometry": {"type": "LineString", "coordinates": [[-51.0755962, -29.6907152], [-51.0754959, -29.6905795]]}}, {"type": "Feature", "properties": {"highway": "service", "osm_id": 972804091, "osm_type": "way"}, "geometry": {"type": "LineString", "coordinates": [[-51.0753147, -29.6944737], [-51.0753348, -29.6945548], [-51.0753558, -29.6946692]]}}, {"type": "Feature", "properties": {"highway": "service", "oneway": "yes", "osm_id": 972804098, "osm_type": "way"}, "geometry": {"type": "LineString", "coordinates": [[-51.0816541, -29.6873234], [-51.0818613, -29.6872978], [-51.0820228, -29.6872602]]}}, {"type": "Feature", "properties": {"highway": "service", "oneway": "yes", "osm_id": 972804099, "osm_type": "way"}, "geometry": {"type": "LineString", "coordinates": [[-51.0820356, -29.6873495], [-51.0818774, -29.6873776], [-51.0817761, -29.6873933], [-51.0816675, -29.6874049]]}}, {"type": "Feature", "properties": {"highway": "service", "osm_id": 972804100, "osm_type": "way"}, "geometry": {"type": "LineString", "coordinates": [[-51.0816541, -29.6873234], [-51.0816675, -29.6874049]]}}, {"type": "Feature", "properties": {"highway": "service", "osm_id": 972804101, "osm_type": "way"}, "geometry": {"type": "LineString", "coordinates": [[-51.0816675, -29.6874049], [-51.0817131, -29.6877859], [-51.0810922, -29.6878407], [-51.0810681, -29.6878337], [-51.0810386, -29.6878139], [-51.0809165, -29.6869576], [-51.080934, -29.6869343], [-51.0809621, -29.6869273], [-51.0815173, -29.6868877], [-51.0815522, -29.6868883], [-51.0815844, -29.6868982], [-51.0816032, -29.6869209], [-51.0816112, -29.6869494], [-51.0816541, -29.6873234]]}}, {"type": "Feature", "properties": {"highway": "service", "osm_id": 972804104, "osm_type": "way"}, "geometry": {"type": "LineString", "coordinates": [[-51.0779862, -29.695545], [-51.0780479, -29.6957617], [-51.0781002, -29.6959131]]}}, {"type": "Feature", "properties": {"highway": "service", "osm_id": 972804105, "osm_type": "way"}, "geometry": {"type": "LineString", "coordinates": [[-51.0776662, -29.6958185], [-51.0778977, -29.6957861], [-51.0780479, -29.6957617]]}}, {"type": "Feature", "properties": {"highway": "residential", "osm_id": 972806522, "osm_type": "way"}, "geometry": {"type": "LineString", "coordinates": [[-51.0474305, -29.6672157], [-51.0471093, -29.6671564]]}}, {"type": "Feature", "properties": {"highway": "service", "osm_id": 972806524, "osm_type": "way"}, "geometry": {"type": "LineString", "coordinates": [[-51.0513038, -29.6567869], [-51.0513063, -29.6568929], [-51.0512821, -29.65695], [-51.0510246, -29.657013], [-51.0509469, -29.6570596], [-51.0509147, -29.6571482], [-51.050912, -29.6574139], [-51.0509442, -29.6574419], [-51.0509951, -29.6574442], [-51.0512164, -29.6574185]]}}, {"type": "Feature", "properties": {"alt_name": "Rua Paraíso", "highway": "residential", "name": "Rua do Paraíso", "osm_id": 972808234, "osm_type": "way"}, "geometry": {"type": "LineString", "coordinates": [[-51.0822898, -29.6821201], [-51.0823425, -29.6825241], [-51.0825111, -29.6837045], [-51.082666, -29.6849219], [-51.0827275, -29.685241]]}}, {"type": "Feature", "properties": {"highway": "service", "osm_id": 972826889, "osm_type": "way"}, "geometry": {"type": "LineString", "coordinates": [[-51.0566184, -29.6835567], [-51.0566264, -29.6835951], [-51.0567096, -29.6839819]]}}, {"type": "Feature", "properties": {"highway": "service", "osm_id": 972826890, "osm_type": "way"}, "geometry": {"type": "LineString", "coordinates": [[-51.0642035, -29.6839857], [-51.0642335, -29.6840341], [-51.0642587, -29.6840915], [-51.0643373, -29.6841866], [-51.0644877, -29.6842371], [-51.0645926, -29.684286]]}}, {"type": "Feature", "properties": {"highway": "service", "osm_id": 972826891, "osm_type": "way"}, "geometry": {"type": "LineString", "coordinates": [[-51.0639144, -29.6841607], [-51.0639375, -29.6842147], [-51.0639448, -29.6842616], [-51.0639341, -29.6842988], [-51.0638818, -29.6843501], [-51.0638094, -29.6844165], [-51.0637879, -29.6845109], [-51.0638241, -29.6846554], [-51.0638805, -29.6847637], [-51.0639542, -29.6848115]]}}, {"type": "Feature", "properties": {"highway": "service", "osm_id": 972826892, "osm_type": "way"}, "geometry": {"type": "LineString", "coordinates": [[-51.0635803, -29.6833295], [-51.0639113, -29.6837606]]}}, {"type": "Feature", "properties": {"highway": "service", "osm_id": 972826893, "osm_type": "way"}, "geometry": {"type": "LineString", "coordinates": [[-51.0648958, -29.6834586], [-51.0647213, -29.6832767], [-51.0646637, -29.6832176]]}}, {"type": "Feature", "properties": {"highway": "service", "osm_id": 972826894, "osm_type": "way"}, "geometry": {"type": "LineString", "coordinates": [[-51.0666177, -29.6846064], [-51.0673928, -29.6845389], [-51.0677804, -29.6845051], [-51.0680111, -29.6844561], [-51.0680889, -29.6844119], [-51.0682015, -29.6842452], [-51.0683115, -29.6841392], [-51.068451, -29.6840483], [-51.0686065, -29.6839994], [-51.0687861, -29.6839629]]}}, {"type": "Feature", "properties": {"highway": "service", "osm_id": 972826895, "osm_type": "way"}, "geometry": {"type": "LineString", "coordinates": [[-51.0679843, -29.6825791], [-51.0676852, -29.682698]]}}, {"type": "Feature", "properties": {"highway": "service", "osm_id": 972828134, "osm_type": "way"}, "geometry": {"type": "LineString", "coordinates": [[-51.0358098, -29.6621291], [-51.0350236, -29.6621948]]}}, {"type": "Feature", "properties": {"highway": "service", "osm_id": 972828135, "osm_type": "way"}, "geometry": {"type": "LineString", "coordinates": [[-51.0350407, -29.6623705], [-51.0350333, -29.6622922], [-51.0350236, -29.6621948], [-51.0349515, -29.6614555], [-51.0349676, -29.6613844], [-51.0350199, -29.6613529], [-51.0355684, -29.6613343]]}}, {"type": "Feature", "properties": {"highway": "service", "osm_id": 972828137, "osm_type": "way"}, "geometry": {"type": "LineString", "coordinates": [[-51.0504973, -29.6572142], [-51.0503903, -29.6573859], [-51.0502964, -29.6575234], [-51.0501838, -29.6575794], [-51.0496876, -29.657661]]}}, {"type": "Feature", "properties": {"highway": "service", "osm_id": 972828138, "osm_type": "way"}, "geometry": {"type": "LineString", "coordinates": [[-51.0506896, -29.6586807], [-51.050401, -29.6587425], [-51.0503742, -29.6588473], [-51.0505968, -29.6597983]]}}, {"type": "Feature", "properties": {"highway": "service", "osm_id": 972837963, "osm_type": "way"}, "geometry": {"type": "LineString", "coordinates": [[-51.0673255, -29.6799071], [-51.0673177, -29.6798445], [-51.0672922, -29.679643]]}}, {"type": "Feature", "properties": {"highway": "service", "osm_id": 972837964, "osm_type": "way"}, "geometry": {"type": "LineString", "coordinates": [[-51.0583709, -29.6811202], [-51.0583243, -29.6807219], [-51.0583417, -29.6806858], [-51.0583779, -29.6806706], [-51.0584584, -29.6806695], [-51.0584879, -29.6806869], [-51.0584986, -29.6807266], [-51.058508, -29.6808547], [-51.0585521, -29.6810992]]}}, {"type": "Feature", "properties": {"highway": "service", "osm_id": 972837965, "osm_type": "way"}, "geometry": {"type": "LineString", "coordinates": [[-51.0656872, -29.6778433], [-51.0657245, -29.6781073]]}}, {"type": "Feature", "properties": {"highway": "service", "osm_id": 972837966, "osm_type": "way"}, "geometry": {"type": "LineString", "coordinates": [[-51.0649067, -29.6781367], [-51.0647247, -29.6781515], [-51.0646214, -29.6781772], [-51.0645946, -29.6781947], [-51.0645819, -29.6782162], [-51.0645852, -29.6782488], [-51.0646027, -29.6783013]]}}, {"type": "Feature", "properties": {"highway": "residential", "osm_id": 972837967, "osm_type": "way"}, "geometry": {"type": "LineString", "coordinates": [[-51.0615693, -29.6794984], [-51.0620123, -29.679453]]}}, {"type": "Feature", "properties": {"highway": "service", "osm_id": 972837968, "osm_type": "way"}, "geometry": {"type": "LineString", "coordinates": [[-51.0637704, -29.6811022], [-51.0637772, -29.6811716], [-51.063804, -29.6813977]]}}, {"type": "Feature", "properties": {"highway": "service", "osm_id": 972837969, "osm_type": "way"}, "geometry": {"type": "LineString", "coordinates": [[-51.0659134, -29.680556], [-51.0658573, -29.6807114], [-51.0658814, -29.6810551], [-51.0660155, -29.6815701]]}}, {"type": "Feature", "properties": {"highway": "service", "osm_id": 972837970, "osm_type": "way"}, "geometry": {"type": "LineString", "coordinates": [[-51.0575805, -29.682067], [-51.0575531, -29.6823007], [-51.05758, -29.6826327]]}}, {"type": "Feature", "properties": {"highway": "residential", "osm_id": 972845744, "osm_type": "way"}, "geometry": {"type": "LineString", "coordinates": [[-51.0618164, -29.6664616], [-51.0614947, -29.6661308], [-51.0612828, -29.6658162], [-51.0611594, -29.6655039], [-51.0610923, -29.6652685], [-51.0610682, -29.6651077]]}}, {"type": "Feature", "properties": {"highway": "service", "osm_id": 972856273, "osm_type": "way"}, "geometry": {"type": "LineString", "coordinates": [[-51.053358, -29.6935722], [-51.0530946, -29.6941016], [-51.0530249, -29.6941692], [-51.0529089, -29.6942157]]}}, {"type": "Feature", "properties": {"flood_prone": "yes", "highway": "service", "surface": "unpaved", "osm_id": 972856274, "osm_type": "way"}, "geometry": {"type": "LineString", "coordinates": [[-51.0387267, -29.6949345], [-51.0386918, -29.6950965], [-51.0386409, -29.6953027], [-51.0385215, -29.6954786], [-51.0383955, -29.6956067], [-51.0381675, -29.6957931], [-51.0379638, -29.6960435], [-51.0376394, -29.6966124], [-51.0373721, -29.6970488], [-51.0372658, -29.6971076], [-51.037021, -29.6971411], [-51.0361868, -29.6975356], [-51.035372, -29.697821], [-51.0349855, -29.6980364], [-51.034789, -29.6982239], [-51.0344089, -29.6985792]]}}, {"type": "Feature", "properties": {"highway": "service", "osm_id": 972856275, "osm_type": "way"}, "geometry": {"type": "LineString", "coordinates": [[-51.0461484, -29.7004634], [-51.0461792, -29.700987], [-51.0461766, -29.701054], [-51.0460954, -29.701082], [-51.0458386, -29.7010831], [-51.0457756, -29.7011169], [-51.0457145, -29.7012095], [-51.0456689, -29.7012625], [-51.0455979, -29.7012637], [-51.0454389, -29.7012311]]}}, {"type": "Feature", "properties": {"highway": "service", "osm_id": 973016006, "osm_type": "way"}, "geometry": {"type": "LineString", "coordinates": [[-51.025204, -29.6706127], [-51.0254793, -29.670559], [-51.0264073, -29.6705065], [-51.026469, -29.6704855], [-51.0264958, -29.6704529], [-51.0265267, -29.6702688]]}}, {"type": "Feature", "properties": {"highway": "service", "osm_id": 973016007, "osm_type": "way"}, "geometry": {"type": "LineString", "coordinates": [[-51.0240304, -29.6814144], [-51.023756, -29.6814338], [-51.0236581, -29.6814233]]}}, {"type": "Feature", "properties": {"highway": "service", "osm_id": 973016008, "osm_type": "way"}, "geometry": {"type": "LineString", "coordinates": [[-51.0223881, -29.683319], [-51.0224584, -29.683319], [-51.0225382, -29.6833353], [-51.0225919, -29.6833877], [-51.0226697, -29.6834926], [-51.0227394, -29.6835415], [-51.0228279, -29.6835683], [-51.0229915, -29.6836312], [-51.0230559, -29.6837151], [-51.0231096, -29.6839167]]}}, {"type": "Feature", "properties": {"highway": "residential", "osm_id": 973016009, "osm_type": "way"}, "geometry": {"type": "LineString", "coordinates": [[-51.0311757, -29.6824188], [-51.0310449, -29.6825745], [-51.0308974, -29.6827178], [-51.030786, -29.6827912], [-51.0307029, -29.6828145], [-51.0306224, -29.6828296], [-51.0305862, -29.6828541], [-51.0305594, -29.6828949], [-51.0304762, -29.683171], [-51.0304682, -29.683397]]}}, {"type": "Feature", "properties": {"highway": "service", "osm_id": 973016010, "osm_type": "way"}, "geometry": {"type": "LineString", "coordinates": [[-51.0272722, -29.6817583], [-51.0270564, -29.6813004], [-51.0270534, -29.6812753], [-51.0270692, -29.6812491], [-51.0271899, -29.6811746], [-51.0272683, -29.6811017], [-51.0273354, -29.6810184], [-51.0273441, -29.6809992], [-51.0273448, -29.6809683]]}}, {"type": "Feature", "properties": {"highway": "service", "osm_id": 973016011, "osm_type": "way"}, "geometry": {"type": "LineString", "coordinates": [[-51.0249085, -29.6833271], [-51.024794, -29.6834087], [-51.024279, -29.6838596], [-51.0241207, -29.6840367], [-51.0240698, -29.6841322]]}}, {"type": "Feature", "properties": {"highway": "service", "osm_id": 973016012, "osm_type": "way"}, "geometry": {"type": "LineString", "coordinates": [[-51.0251373, -29.6850189], [-51.0255799, -29.6847462]]}}, {"type": "Feature", "properties": {"highway": "service", "osm_id": 973016013, "osm_type": "way"}, "geometry": {"type": "LineString", "coordinates": [[-51.0249496, -29.6845214], [-51.0249603, -29.6847637], [-51.0250501, -29.6849455], [-51.0251373, -29.6850189], [-51.0253841, -29.6854756], [-51.0255705, -29.6859067]]}}, {"type": "Feature", "properties": {"highway": "service", "osm_id": 973022923, "osm_type": "way"}, "geometry": {"type": "LineString", "coordinates": [[-51.0262606, -29.6822379], [-51.0262384, -29.6817612], [-51.026241, -29.6816295], [-51.0262826, -29.6815177], [-51.0263859, -29.6814478]]}}, {"type": "Feature", "properties": {"highway": "residential", "surface": "unpaved", "osm_id": 973022924, "osm_type": "way"}, "geometry": {"type": "LineString", "coordinates": [[-51.0296888, -29.6681732], [-51.0292397, -29.6682668], [-51.0284069, -29.6684661], [-51.0283506, -29.6685046], [-51.0283023, -29.6685151], [-51.0261941, -29.6687161]]}}, {"type": "Feature", "properties": {"highway": "service", "osm_id": 973407386, "osm_type": "way"}, "geometry": {"type": "LineString", "coordinates": [[-51.0603159, -29.686468], [-51.0600744, -29.6864834]]}}, {"type": "Feature", "properties": {"highway": "service", "osm_id": 973407387, "osm_type": "way"}, "geometry": {"type": "LineString", "coordinates": [[-51.0642194, -29.6887112], [-51.0642868, -29.6891036], [-51.0643217, -29.6891386], [-51.0646194, -29.6891106]]}}, {"type": "Feature", "properties": {"highway": "service", "osm_id": 973407388, "osm_type": "way"}, "geometry": {"type": "LineString", "coordinates": [[-51.0685391, -29.6990706], [-51.0684174, -29.6992274], [-51.0683745, -29.6993299], [-51.0683745, -29.6994581], [-51.0684147, -29.6995023], [-51.0684738, -29.699514], [-51.0686124, -29.6994632]]}}, {"type": "Feature", "properties": {"highway": "service", "osm_id": 973407389, "osm_type": "way"}, "geometry": {"type": "LineString", "coordinates": [[-51.0672346, -29.6960867], [-51.0675819, -29.6960553], [-51.0676342, -29.6960553], [-51.0677429, -29.6961007], [-51.0678689, -29.6961869]]}}, {"type": "Feature", "properties": {"highway": "service", "osm_id": 973407390, "osm_type": "way"}, "geometry": {"type": "LineString", "coordinates": [[-51.0667974, -29.6957209], [-51.0666981, -29.6960727], [-51.0667196, -29.6961939], [-51.0669476, -29.6963081], [-51.0670951, -29.6962824], [-51.0672346, -29.6960867], [-51.0672359, -29.6959061]]}}, {"type": "Feature", "properties": {"highway": "service", "osm_id": 973407391, "osm_type": "way"}, "geometry": {"type": "LineString", "coordinates": [[-51.0678689, -29.6961869], [-51.0677858, -29.69623], [-51.0677388, -29.6962964], [-51.067712, -29.6963826], [-51.0677978, -29.6969255]]}}, {"type": "Feature", "properties": {"highway": "residential", "osm_id": 973407392, "osm_type": "way"}, "geometry": {"type": "LineString", "coordinates": [[-51.0631976, -29.6956037], [-51.0629162, -29.695658], [-51.0627097, -29.6957209], [-51.062597, -29.6957768]]}}, {"type": "Feature", "properties": {"highway": "service", "osm_id": 973407393, "osm_type": "way"}, "geometry": {"type": "LineString", "coordinates": [[-51.0541803, -29.6938464], [-51.0539228, -29.6945117]]}}, {"type": "Feature", "properties": {"highway": "residential", "osm_id": 973407394, "osm_type": "way"}, "geometry": {"type": "LineString", "coordinates": [[-51.0577649, -29.6967239], [-51.0582314, -29.6966728]]}}, {"type": "Feature", "properties": {"highway": "service", "osm_id": 973407395, "osm_type": "way"}, "geometry": {"type": "LineString", "coordinates": [[-51.0655341, -29.697494], [-51.0656869, -29.6981067], [-51.0657647, -29.6982978], [-51.0658532, -29.6990876], [-51.0658425, -29.6991773], [-51.0657527, -29.6992752], [-51.0655783, -29.699479], [-51.0654844, -29.6995152], [-51.065353, -29.6994954]]}}, {"type": "Feature", "properties": {"highway": "service", "osm_id": 973410253, "osm_type": "way"}, "geometry": {"type": "LineString", "coordinates": [[-51.0684899, -29.6942204], [-51.0685301, -29.6947913], [-51.0684872, -29.6948751], [-51.068404, -29.6949404], [-51.0681921, -29.6949916]]}}, {"type": "Feature", "properties": {"highway": "service", "osm_id": 973410254, "osm_type": "way"}, "geometry": {"type": "LineString", "coordinates": [[-51.0649574, -29.6870718], [-51.0650244, -29.6875424]]}}, {"type": "Feature", "properties": {"highway": "service", "osm_id": 973410255, "osm_type": "way"}, "geometry": {"type": "LineString", "coordinates": [[-51.0693784, -29.6928907], [-51.0689445, -29.6929401], [-51.0689016, -29.6929144], [-51.0687634, -29.6926616]]}}, {"type": "Feature", "properties": {"highway": "service", "osm_id": 973410256, "osm_type": "way"}, "geometry": {"type": "LineString", "coordinates": [[-51.0697599, -29.6913067], [-51.0691331, -29.691394]]}}, {"type": "Feature", "properties": {"highway": "service", "osm_id": 973410257, "osm_type": "way"}, "geometry": {"type": "LineString", "coordinates": [[-51.0545739, -29.6880719], [-51.0546228, -29.6879619], [-51.0546899, -29.6879188], [-51.0547529, -29.6879153], [-51.054828, -29.6879467], [-51.0548481, -29.688005], [-51.0548481, -29.6880714], [-51.0548014, -29.6881571]]}}, {"type": "Feature", "properties": {"highway": "service", "osm_id": 973410258, "osm_type": "way"}, "geometry": {"type": "LineString", "coordinates": [[-51.0604468, -29.687305], [-51.0600932, -29.6873397]]}}, {"type": "Feature", "properties": {"highway": "residential", "osm_id": 973420529, "osm_type": "way"}, "geometry": {"type": "LineString", "coordinates": [[-51.0524827, -29.6876969], [-51.0529357, -29.6879922]]}}, {"type": "Feature", "properties": {"highway": "residential", "osm_id": 973420530, "osm_type": "way"}, "geometry": {"type": "LineString", "coordinates": [[-51.0487493, -29.6877945], [-51.0482512, -29.6874143]]}}, {"type": "Feature", "properties": {"highway": "service", "osm_id": 973420531, "osm_type": "way"}, "geometry": {"type": "LineString", "coordinates": [[-51.0385491, -29.693081], [-51.0387167, -29.6932074], [-51.0387522, -29.693268], [-51.0387408, -29.6933234], [-51.0386744, -29.6934841]]}}, {"type": "Feature", "properties": {"highway": "service", "osm_id": 973420532, "osm_type": "way"}, "geometry": {"type": "LineString", "coordinates": [[-51.0432403, -29.6942739], [-51.043772, -29.6945629]]}}, {"type": "Feature", "properties": {"highway": "residential", "osm_id": 973420533, "osm_type": "way"}, "geometry": {"type": "LineString", "coordinates": [[-51.0415282, -29.6961562], [-51.0411045, -29.6960634]]}}, {"type": "Feature", "properties": {"highway": "service", "osm_id": 973420534, "osm_type": "way"}, "geometry": {"type": "LineString", "coordinates": [[-51.0426774, -29.697449], [-51.0425757, -29.6974672], [-51.0425133, -29.6974631], [-51.0422518, -29.6973536], [-51.0421512, -29.6973559], [-51.0420567, -29.6974025], [-51.0417858, -29.6977619], [-51.0416879, -29.6978132], [-51.0415363, -29.6978062], [-51.0414049, -29.6977712], [-51.0413124, -29.697685], [-51.0412265, -29.6975441], [-51.0411407, -29.6974975], [-51.0409878, -29.6975068], [-51.0404876, -29.6977037]]}}, {"type": "Feature", "properties": {"highway": "service", "osm_id": 973457509, "osm_type": "way"}, "geometry": {"type": "LineString", "coordinates": [[-51.0482955, -29.691379], [-51.048101, -29.6913824], [-51.0480246, -29.6913591], [-51.0479361, -29.6912287]]}}, {"type": "Feature", "properties": {"highway": "service", "osm_id": 973457510, "osm_type": "way"}, "geometry": {"type": "LineString", "coordinates": [[-51.0486046, -29.6911703], [-51.0483672, -29.6913137], [-51.0482955, -29.691379], [-51.0482486, -29.6915211]]}}, {"type": "Feature", "properties": {"highway": "service", "oneway": "yes", "osm_id": 975894340, "osm_type": "way"}, "geometry": {"type": "LineString", "coordinates": [[-51.0466419, -29.6817787], [-51.0465835, -29.6818399], [-51.0465038, -29.6819441], [-51.0463958, -29.6819925], [-51.0462248, -29.681968], [-51.046139, -29.6819232], [-51.0460532, -29.6818639], [-51.0459946, -29.6818161]]}}, {"type": "Feature", "properties": {"highway": "service", "osm_id": 975895739, "osm_type": "way"}, "geometry": {"type": "LineString", "coordinates": [[-51.0566235, -29.6797159], [-51.0566457, -29.679856]]}}, {"type": "Feature", "properties": {"alt_name": "Rua Prudente e Morais", "highway": "living_street", "name": "Rua Prudente de Moraes", "surface": "unpaved", "osm_id": 975907709, "osm_type": "way"}, "geometry": {"type": "LineString", "coordinates": [[-51.0818213, -29.6757974], [-51.0814959, -29.6758235]]}}, {"type": "Feature", "properties": {"highway": "residential", "osm_id": 975907710, "osm_type": "way"}, "geometry": {"type": "LineString", "coordinates": [[-51.0746133, -29.6852496], [-51.0751793, -29.6852589]]}}, {"type": "Feature", "properties": {"highway": "secondary", "maxspeed": "40", "name": "Avenida dos Municípios", "oneway": "yes", "surface": "asphalt", "osm_id": 1059888485, "osm_type": "way"}, "geometry": {"type": "LineString", "coordinates": [[-51.0450515, -29.6814026], [-51.0452674, -29.6816122], [-51.0453737, -29.6817139]]}}, {"type": "Feature", "properties": {"highway": "secondary", "lanes": "4", "lit": "yes", "maxspeed": "40", "name": "Avenida dos Municípios", "oneway": "yes", "source": "survey;Bing", "surface": "asphalt", "osm_id": 1059888486, "osm_type": "way"}, "geometry": {"type": "LineString", "coordinates": [[-51.0440338, -29.6743952], [-51.04407, -29.6742629], [-51.0441049, -29.6741318], [-51.0441147, -29.6740672]]}}, {"type": "Feature", "properties": {"highway": "secondary", "maxspeed": "40", "name": "Avenida dos Municípios", "oneway": "yes", "surface": "asphalt", "osm_id": 1059888487, "osm_type": "way"}, "geometry": {"type": "LineString", "coordinates": [[-51.0451281, -29.6636723], [-51.0452472, -29.6638295], [-51.0452998, -29.6638983], [-51.0454339, -29.6640303]]}}, {"type": "Feature", "properties": {"highway": "residential", "osm_id": 1085888186, "osm_type": "way"}, "geometry": {"type": "LineString", "coordinates": [[-51.0669852, -29.6682566], [-51.0668193, -29.6672215], [-51.0667986, -29.6670922], [-51.0666759, -29.6663268], [-51.0665368, -29.6654587], [-51.0665044, -29.6652564], [-51.0662539, -29.6636932], [-51.0660618, -29.6625509]]}}, {"type": "Feature", "properties": {"highway": "residential", "name": "Rua Jacob Weiss", "osm_id": 1085888187, "osm_type": "way"}, "geometry": {"type": "LineString", "coordinates": [[-51.064408, -29.667295], [-51.0633677, -29.6681918], [-51.0632468, -29.6683214]]}}, {"type": "Feature", "properties": {"alt_name": "Rua Edmundo Wolff", "highway": "residential", "name": "Rua Edmundo Wolf", "surface": "unpaved", "osm_id": 1085888188, "osm_type": "way"}, "geometry": {"type": "LineString", "coordinates": [[-51.0641219, -29.666527], [-51.0647089, -29.6670348]]}}, {"type": "Feature", "properties": {"highway": "residential", "name": "Rua Jacob Weiss", "osm_id": 1085888189, "osm_type": "way"}, "geometry": {"type": "LineString", "coordinates": [[-51.0662204, -29.6657163], [-51.0659295, -29.6659609], [-51.0656188, -29.6662331]]}}, {"type": "Feature", "properties": {"highway": "residential", "name": "Rua Jacob Weiss", "osm_id": 1085888190, "osm_type": "way"}, "geometry": {"type": "LineString", "coordinates": [[-51.0665368, -29.6654587], [-51.0662204, -29.6657163]]}}, {"type": "Feature", "properties": {"highway": "residential", "name": "Rua Jacob Weiss", "osm_id": 1085888191, "osm_type": "way"}, "geometry": {"type": "LineString", "coordinates": [[-51.0668315, -29.6652115], [-51.0665368, -29.6654587]]}}, {"type": "Feature", "properties": {"highway": "residential", "osm_id": 1085888192, "osm_type": "way"}, "geometry": {"type": "LineString", "coordinates": [[-51.0663745, -29.6665658], [-51.0666759, -29.6663268]]}}, {"type": "Feature", "properties": {"highway": "service", "service": "parking_aisle", "osm_id": 1113180282, "osm_type": "way"}, "geometry": {"type": "LineString", "coordinates": [[-51.0664554, -29.6778902], [-51.0664819, -29.6780966]]}}, {"type": "Feature", "properties": {"highway": "service", "service": "driveway", "osm_id": 1113180283, "osm_type": "way"}, "geometry": {"type": "LineString", "coordinates": [[-51.066437, -29.6777578], [-51.0664513, -29.6778589], [-51.0664554, -29.6778902]]}}, {"type": "Feature", "properties": {"addr:city": "Campo Bom", "addr:street": "Avenida Brasil", "amenity": "fuel", "brand": "Ipiranga", "brand:wikidata": "Q2081136", "osm_id": 1113180286, "osm_type": "way"}, "geometry": {"type": "Polygon", "coordinates": [[[-51.0685278, -29.6782042], [-51.068444, -29.6782135], [-51.0682068, -29.6782399], [-51.068113, -29.6782504], [-51.068064, -29.6779187], [-51.0684788, -29.6778725], [-51.0685278, -29.6782042]]]}}, {"type": "Feature", "properties": {"highway": "residential", "lane_markings": "yes", "lanes": "2", "name": "Rua Tiradentes", "oneway": "yes", "surface": "asphalt", "osm_id": 1122266746, "osm_type": "way"}, "geometry": {"type": "LineString", "coordinates": [[-51.0617469, -29.6773918], [-51.0609433, -29.6774652]]}}, {"type": "Feature", "properties": {"alt_name": "Rua Pio 12; Rua Pio Doze", "highway": "secondary", "lanes": "2", "maxspeed": "40", "name": "Rua Pio XII", "oneway": "no", "source": "survey", "surface": "asphalt", "osm_id": 1144555054, "osm_type": "way"}, "geometry": {"type": "LineString", "coordinates": [[-51.0394342, -29.6929314], [-51.0400794, -29.6935478], [-51.0405631, -29.6939175], [-51.0407275, -29.6940431], [-51.0412297, -29.6943053], [-51.041665, -29.6944372], [-51.0419797, -29.6944755], [-51.0429895, -29.6944048], [-51.0431206, -29.6943789]]}}, {"type": "Feature", "properties": {"highway": "unclassified", "maxspeed": "40", "name": "Rua Mathias Muller", "osm_id": 1144555055, "osm_type": "way"}, "geometry": {"type": "LineString", "coordinates": [[-51.0446186, -29.6997028], [-51.0444435, -29.6996556], [-51.0441145, -29.6995158], [-51.0439272, -29.699366], [-51.043852, -29.6991723], [-51.0438184, -29.698958], [-51.0438328, -29.6984323], [-51.0438004, -29.6982289], [-51.043708, -29.6980891], [-51.0434341, -29.6978707], [-51.0428965, -29.6976073], [-51.0426774, -29.697449], [-51.0418094, -29.6968219]]}}, {"type": "Feature", "properties": {"highway": "secondary", "junction": "circular", "lanes": "2", "maxspeed": "50", "name": "Avenida Brasil", "oneway": "yes", "surface": "asphalt", "osm_id": 1146972168, "osm_type": "way"}, "geometry": {"type": "LineString", "coordinates": [[-51.0819106, -29.676895], [-51.0816196, -29.6769488], [-51.0813094, -29.6769828], [-51.0812226, -29.6769946], [-51.0811243, -29.6769843]]}}, {"type": "Feature", "properties": {"highway": "secondary", "maxspeed": "50", "name": "Avenida Brasil", "oneway": "yes", "surface": "asphalt", "osm_id": 1146972169, "osm_type": "way"}, "geometry": {"type": "LineString", "coordinates": [[-51.081953, -29.6765797], [-51.0820281, -29.6765702]]}}, {"type": "Feature", "properties": {"highway": "secondary", "junction": "circular", "lanes": "2", "maxspeed": "50", "name": "Avenida Brasil", "oneway": "yes", "surface": "asphalt", "osm_id": 1146972170, "osm_type": "way"}, "geometry": {"type": "LineString", "coordinates": [[-51.0810085, -29.6766961], [-51.0810536, -29.6766882], [-51.0812401, -29.6766691], [-51.081953, -29.6765797]]}}, {"type": "Feature", "properties": {"highway": "secondary", "junction": "circular", "lanes": "2", "name": "Avenida Brasil", "oneway": "yes", "surface": "asphalt", "osm_id": 1146972171, "osm_type": "way"}, "geometry": {"type": "LineString", "coordinates": [[-51.0811243, -29.6769843], [-51.0810715, -29.676956]]}}, {"type": "Feature", "properties": {"highway": "secondary", "junction": "circular", "lanes": "2", "name": "Avenida Brasil", "oneway": "yes", "surface": "asphalt", "osm_id": 1146972172, "osm_type": "way"}, "geometry": {"type": "LineString", "coordinates": [[-51.0819559, -29.6768484], [-51.0819106, -29.676895]]}}, {"type": "Feature", "properties": {"highway": "residential", "name": "Avenida Fabiano Trott", "osm_id": 1150462573, "osm_type": "way"}, "geometry": {"type": "LineString", "coordinates": [[-51.0668193, -29.6672215], [-51.066537, -29.6674759]]}}, {"type": "Feature", "properties": {"highway": "residential", "name": "Avenida Fabiano Trott", "osm_id": 1150462574, "osm_type": "way"}, "geometry": {"type": "LineString", "coordinates": [[-51.0664983, -29.6673563], [-51.0667986, -29.6670922]]}}, {"type": "Feature", "properties": {"highway": "service", "osm_id": 1170730306, "osm_type": "way"}, "geometry": {"type": "LineString", "coordinates": [[-51.0615193, -29.6731539], [-51.0614182, -29.6724851], [-51.0614021, -29.672407], [-51.0613818, -29.6723381]]}}, {"type": "Feature", "properties": {"highway": "residential", "osm_id": 1204851605, "osm_type": "way"}, "geometry": {"type": "LineString", "coordinates": [[-51.0516347, -29.6650465], [-51.0534751, -29.6661751], [-51.0535522, -29.6661775], [-51.0535865, -29.6661738], [-51.0536192, -29.6661644], [-51.0536492, -29.6661495], [-51.0536757, -29.6661292]]}}, {"type": "Feature", "properties": {"highway": "residential", "oneway": "yes", "osm_id": 1204851606, "osm_type": "way"}, "geometry": {"type": "LineString", "coordinates": [[-51.0541293, -29.6676329], [-51.0541213, -29.6676476], [-51.0541091, -29.6676599], [-51.0540938, -29.6676691], [-51.054072, -29.6676751], [-51.0540491, -29.6676749], [-51.0540274, -29.6676684], [-51.0540093, -29.6676562]]}}, {"type": "Feature", "properties": {"highway": "residential", "name": "Rua Universina Oliveira", "oneway": "yes", "osm_id": 1204851607, "osm_type": "way"}, "geometry": {"type": "LineString", "coordinates": [[-51.054239, -29.6672812], [-51.0542149, -29.6673254], [-51.0541937, -29.6673707], [-51.0541622, -29.6674561], [-51.0541407, -29.6675438], [-51.0541293, -29.6676329], [-51.0541038, -29.6678217], [-51.0540708, -29.667893]]}}, {"type": "Feature", "properties": {"highway": "residential", "name": "Rua Paulista", "oneway": "yes", "surface": "asphalt", "osm_id": 1204851608, "osm_type": "way"}, "geometry": {"type": "LineString", "coordinates": [[-51.0542407, -29.666704], [-51.0542768, -29.6667333], [-51.0543197, -29.666992], [-51.0543266, -29.6670494]]}}, {"type": "Feature", "properties": {"highway": "residential", "name": "Rua Paulista", "oneway": "yes", "surface": "asphalt", "osm_id": 1204851609, "osm_type": "way"}, "geometry": {"type": "LineString", "coordinates": [[-51.054152, -29.6670576], [-51.0541615, -29.6669804], [-51.0541849, -29.6669111], [-51.0542017, -29.6668405], [-51.0542092, -29.6667935], [-51.0542138, -29.6667461], [-51.0542407, -29.666704]]}}, {"type": "Feature", "properties": {"highway": "residential", "name": "Rua Paulista", "osm_id": 1204851610, "osm_type": "way"}, "geometry": {"type": "LineString", "coordinates": [[-51.054344, -29.6672492], [-51.0543613, -29.667288], [-51.0543721, -29.6673426], [-51.0543903, -29.6674479], [-51.0545874, -29.6688199]]}}, {"type": "Feature", "properties": {"highway": "residential", "osm_id": 1204851611, "osm_type": "way"}, "geometry": {"type": "LineString", "coordinates": [[-51.0532173, -29.6664571], [-51.0531252, -29.666541]]}}, {"type": "Feature", "properties": {"highway": "residential", "osm_id": 1204851612, "osm_type": "way"}, "geometry": {"type": "LineString", "coordinates": [[-51.0523359, -29.6660365], [-51.0523957, -29.6659552]]}}, {"type": "Feature", "properties": {"waterway": "stream", "osm_id": 1207259642, "osm_type": "way"}, "geometry": {"type": "LineString", "coordinates": [[-51.0256767, -29.686383], [-51.0258439, -29.6866366], [-51.0259003, -29.68677], [-51.0259685, -29.6868977], [-51.0260266, -29.6870508], [-51.0260211, -29.6871267], [-51.0259656, -29.68719], [-51.025935, -29.6872657], [-51.0259429, -29.6874389], [-51.0259384, -29.6875254], [-51.0259067, -29.687611], [-51.0257902, -29.6878181], [-51.0256828, -29.6879137], [-51.0255979, -29.68809], [-51.0255979, -29.6881822], [-51.0256868, -29.6882651], [-51.0257836, -29.6883777], [-51.0259674, -29.6885057], [-51.026102, -29.688708], [-51.0265175, -29.6886771], [-51.0267147, -29.6886012], [-51.0268894, -29.688508], [-51.0270366, -29.6884603], [-51.0272138, -29.6885492], [-51.0273361, -29.6886858], [-51.0274958, -29.6887769], [-51.0276181, -29.6888983], [-51.0277832, -29.688988]]}}, {"type": "Feature", "properties": {"natural": "water", "water": "pond", "osm_id": 1207259643, "osm_type": "way"}, "geometry": {"type": "Polygon", "coordinates": [[[-51.0263162, -29.6885356], [-51.0265363, -29.6885277], [-51.0267401, -29.6884803], [-51.0267783, -29.6885214], [-51.0268692, -29.6886747], [-51.0268565, -29.688839], [-51.02666, -29.6890429], [-51.0264726, -29.6890793], [-51.0262434, -29.6890935], [-51.0260978, -29.6890761], [-51.0260087, -29.6888991], [-51.0259432, -29.6886715], [-51.0260032, -29.6886462], [-51.0261106, -29.6886067], [-51.0263162, -29.6885356]]]}}, {"type": "Feature", "properties": {"natural": "water", "water": "pond", "osm_id": 1207259644, "osm_type": "way"}, "geometry": {"type": "Polygon", "coordinates": [[[-51.0256994, -29.6881973], [-51.0257267, -29.6880583], [-51.025794, -29.6879508], [-51.0259214, -29.6879539], [-51.0260196, -29.6879255], [-51.0260451, -29.6878623], [-51.0259687, -29.687758], [-51.0259505, -29.6876568], [-51.0259705, -29.6875414], [-51.0259869, -29.6874403], [-51.0258922, -29.6873802], [-51.0259068, -29.6875146], [-51.0258522, -29.6875778], [-51.0258304, -29.6876442], [-51.025794, -29.6877184], [-51.0256776, -29.6877216], [-51.0256212, -29.6876536], [-51.0255102, -29.6876094], [-51.0254283, -29.6877042], [-51.0253665, -29.687856], [-51.0254156, -29.6880456], [-51.0254538, -29.6881973], [-51.0254938, -29.6882574], [-51.0256084, -29.6882764], [-51.0256921, -29.6883443], [-51.0257376, -29.6883712], [-51.0257849, -29.6883396], [-51.0257376, -29.6882811], [-51.0256994, -29.6881973]]]}}, {"type": "Feature", "properties": {"bridge": "yes", "highway": "residential", "layer": "1", "surface": "unpaved", "osm_id": 1207259645, "osm_type": "way"}, "geometry": {"type": "LineString", "coordinates": [[-51.0297795, -29.6681543], [-51.0296888, -29.6681732]]}}, {"type": "Feature", "properties": {"highway": "residential", "surface": "unpaved", "osm_id": 1207259646, "osm_type": "way"}, "geometry": {"type": "LineString", "coordinates": [[-51.0298378, -29.6681422], [-51.0297795, -29.6681543]]}}, {"type": "Feature", "properties": {"natural": "water", "water": "river", "osm_id": 1207259647, "osm_type": "way"}, "geometry": {"type": "Polygon", "coordinates": [[[-51.0759487, -29.6681579], [-51.0755166, -29.668023], [-51.0750458, -29.6678432], [-51.0753019, -29.6673284], [-51.0754597, -29.6668922], [-51.0755451, -29.6663347], [-51.0757107, -29.6659008], [-51.0759021, -29.6653253], [-51.0761324, -29.6649296], [-51.0763989, -29.6647138], [-51.0767068, -29.6646823], [-51.0767611, -29.6647093], [-51.0765283, -29.6648374], [-51.0762049, -29.6651679], [-51.0760677, -29.6654017], [-51.0760444, -29.6655276], [-51.0762385, -29.6656333], [-51.0763601, -29.6657974], [-51.0764558, -29.6658896], [-51.0763549, -29.665921], [-51.0760884, -29.665921], [-51.0759125, -29.6663167], [-51.0760703, -29.6666067], [-51.0761428, -29.6670136], [-51.0761376, -29.6672519], [-51.0762385, -29.6674475], [-51.0760807, -29.6675801], [-51.0759539, -29.6676948], [-51.0759099, -29.6678162], [-51.0758866, -29.6678949], [-51.0759073, -29.6679466], [-51.0759487, -29.6681579]]]}}, {"type": "Feature", "properties": {"waterway": "river", "osm_id": 1207259648, "osm_type": "way"}, "geometry": {"type": "LineString", "coordinates": [[-51.0511418, -29.6621887], [-51.0511035, -29.6622086], [-51.0510593, -29.6622566], [-51.0508296, -29.6625001], [-51.0507184, -29.6626912], [-51.0505968, -29.6629137], [-51.0504001, -29.6630621], [-51.0497921, -29.6633791], [-51.0493436, -29.6636725], [-51.0491375, -29.6640181], [-51.0490972, -29.6642728], [-51.0490897, -29.6643851], [-51.0490464, -29.6645767], [-51.0490755, -29.6647304]]}}, {"type": "Feature", "properties": {"layer": "-1", "tunnel": "culvert", "waterway": "river", "osm_id": 1207259649, "osm_type": "way"}, "geometry": {"type": "LineString", "coordinates": [[-51.0490755, -29.6647304], [-51.0490772, -29.6648798]]}}, {"type": "Feature", "properties": {"waterway": "stream", "osm_id": 1207259650, "osm_type": "way"}, "geometry": {"type": "LineString", "coordinates": [[-51.0545599, -29.656187], [-51.0544694, -29.6562332], [-51.0543918, -29.6565696], [-51.0546083, -29.6572142], [-51.0547006, -29.6577724], [-51.054658, -29.6582936], [-51.0543268, -29.658869], [-51.0540673, -29.6592481], [-51.0539176, -29.6595686], [-51.0538209, -29.6597043], [-51.0537871, -29.6598527], [-51.0537308, -29.6599254], [-51.0536084, -29.6599604], [-51.0534409, -29.6599758], [-51.0533153, -29.659973], [-51.0532219, -29.6599674], [-51.0530753, -29.6599884], [-51.0530334, -29.660022], [-51.0529561, -29.6601242], [-51.0528531, -29.6602361], [-51.0527613, -29.6603061], [-51.0525906, -29.6603397], [-51.0524831, -29.6603519], [-51.0523015, -29.6606015], [-51.0522341, -29.6611012], [-51.0522002, -29.6613564], [-51.0520547, -29.66153], [-51.0518266, -29.661772], [-51.0514707, -29.6620392], [-51.0513822, -29.6620795]]}}, {"type": "Feature", "properties": {"layer": "-1", "tunnel": "culvert", "waterway": "river", "osm_id": 1207259651, "osm_type": "way"}, "geometry": {"type": "LineString", "coordinates": [[-51.0513822, -29.6620795], [-51.0511418, -29.6621887]]}}, {"type": "Feature", "properties": {"natural": "water", "water": "pond", "osm_id": 1207259652, "osm_type": "way"}, "geometry": {"type": "Polygon", "coordinates": [[[-51.0533507, -29.6603299], [-51.053341, -29.660425], [-51.0532911, -29.6605132], [-51.0531897, -29.6603942], [-51.053209, -29.6602053], [-51.0531897, -29.6600584], [-51.0532895, -29.6599017], [-51.0534248, -29.6597743], [-51.053494, -29.6597645], [-51.0536953, -29.6598793], [-51.053742, -29.6599464], [-51.0535423, -29.6601815], [-51.0533507, -29.6603299]]]}}, {"type": "Feature", "properties": {"natural": "water", "water": "reservoir", "osm_id": 1207259657, "osm_type": "way"}, "geometry": {"type": "Polygon", "coordinates": [[[-51.0263451, -29.6840861], [-51.0263697, -29.6841667], [-51.0260887, -29.684572], [-51.0259468, -29.6846313], [-51.0257804, -29.6846028], [-51.0252839, -29.6843705], [-51.0252593, -29.6842307], [-51.0253084, -29.6840577], [-51.0254421, -29.6839344], [-51.0256413, -29.6838562], [-51.0258486, -29.6838207], [-51.0260041, -29.6838278], [-51.0263451, -29.6840861]]]}}, {"type": "Feature", "properties": {"natural": "water", "water": "reservoir", "osm_id": 1207259658, "osm_type": "way"}, "geometry": {"type": "Polygon", "coordinates": [[[-51.0267326, -29.6837709], [-51.0264843, -29.6838941], [-51.0263806, -29.683887], [-51.0262906, -29.6837875], [-51.026296, -29.6837069], [-51.0263342, -29.6835979], [-51.026206, -29.6832874], [-51.0261242, -29.6832257], [-51.0260614, -29.6829769], [-51.026045, -29.6828702], [-51.0262142, -29.6827707], [-51.0263943, -29.6828892], [-51.0265607, -29.6829887], [-51.0266834, -29.6831309], [-51.0268962, -29.6833893], [-51.0269454, -29.6835315], [-51.0269454, -29.6835647], [-51.0268799, -29.6836595], [-51.0267326, -29.6837709]]]}}, {"type": "Feature", "properties": {"natural": "water", "water": "reservoir", "osm_id": 1207259659, "osm_type": "way"}, "geometry": {"type": "Polygon", "coordinates": [[[-51.0237951, -29.6840327], [-51.0237024, -29.684137], [-51.023555, -29.6841251], [-51.0233259, -29.6840161], [-51.0232768, -29.6839165], [-51.0233341, -29.6836748], [-51.023465, -29.6835895], [-51.0237051, -29.6835752], [-51.023836, -29.6836298], [-51.0238852, -29.6837198], [-51.0238988, -29.6837814], [-51.0238715, -29.6838834], [-51.0237951, -29.6840327]]]}}, {"type": "Feature", "properties": {"natural": "water", "water": "pond", "osm_id": 1207288856, "osm_type": "way"}, "geometry": {"type": "Polygon", "coordinates": [[[-51.0547292, -29.6962745], [-51.0543814, -29.6957345], [-51.0543299, -29.695438], [-51.0543427, -29.6953429], [-51.0546455, -29.6952365], [-51.0547647, -29.6950547], [-51.0550739, -29.6949428], [-51.0555795, -29.6950687], [-51.0559854, -29.6953261], [-51.0562205, -29.6955891], [-51.0562525, -29.6959545], [-51.0562688, -29.6961402], [-51.056243, -29.6963165], [-51.0561722, -29.6965711], [-51.0562817, -29.6969376], [-51.0564427, -29.6971558], [-51.0565522, -29.6974384], [-51.0566456, -29.6976035], [-51.0568453, -29.6977489], [-51.0571706, -29.6980259], [-51.0572383, -29.6981798], [-51.0572189, -29.6985071], [-51.0572093, -29.6988261], [-51.057103, -29.6989576], [-51.0572286, -29.6992821], [-51.0571771, -29.6993353], [-51.0570386, -29.6992541], [-51.056855, -29.6992597], [-51.0568904, -29.6993884], [-51.0567294, -29.6994444], [-51.0565458, -29.6992905], [-51.0563203, -29.6991506], [-51.0558823, -29.6986834], [-51.0556729, -29.6982945], [-51.0556729, -29.6980931], [-51.0553734, -29.6974356], [-51.0551995, -29.6970131], [-51.0549064, -29.6965767], [-51.0547292, -29.6962745]]]}}, {"type": "Feature", "properties": {"waterway": "stream", "osm_id": 1207288857, "osm_type": "way"}, "geometry": {"type": "LineString", "coordinates": [[-51.0562621, -29.697267], [-51.0565004, -29.697807], [-51.0567162, -29.6979973], [-51.0569159, -29.6980476], [-51.0572541, -29.6979805], [-51.0574634, -29.697877], [-51.057676, -29.6977734], [-51.0581044, -29.6977231], [-51.0582686, -29.6977622], [-51.0582332, -29.6979413], [-51.0582815, -29.698056], [-51.0584587, -29.698112], [-51.058668, -29.698126], [-51.0588419, -29.6979973], [-51.0589418, -29.6979721], [-51.0591544, -29.6979805], [-51.0594893, -29.6978937], [-51.0595988, -29.6979273], [-51.0596085, -29.6980392], [-51.0595859, -29.6985148], [-51.0597212, -29.6987946], [-51.0597051, -29.6991108], [-51.0595827, -29.6992786], [-51.0594732, -29.6994912], [-51.0595247, -29.6996059], [-51.0597566, -29.6996507], [-51.0600594, -29.6996619], [-51.0601657, -29.6998102], [-51.0601689, -29.6999305], [-51.0599789, -29.7000508], [-51.0599531, -29.7003725], [-51.0599982, -29.7006691], [-51.059995, -29.7009852], [-51.0600562, -29.7012146], [-51.0600046, -29.7013657], [-51.0598855, -29.7015839], [-51.0597277, -29.7016259], [-51.059441, -29.7014944], [-51.0588613, -29.7010468], [-51.0585617, -29.7009852], [-51.0579111, -29.7009964], [-51.0577855, -29.7010635], [-51.0576148, -29.7014049], [-51.0575955, -29.7016566], [-51.0576245, -29.7019112], [-51.0578242, -29.7020287], [-51.057924, -29.7021826], [-51.0579659, -29.7023617], [-51.0579627, -29.7025715], [-51.0579577, -29.7029104]]}}, {"type": "Feature", "properties": {"intermittent": "yes", "waterway": "stream", "osm_id": 1207288858, "osm_type": "way"}, "geometry": {"type": "LineString", "coordinates": [[-51.0581417, -29.6931853], [-51.0581127, -29.6932777], [-51.0582834, -29.6934175], [-51.0583124, -29.6935155], [-51.0582164, -29.6937883], [-51.0581442, -29.6939659], [-51.0580781, -29.6941139], [-51.0579798, -29.6942985], [-51.0579377, -29.6944466], [-51.0579257, -29.6946695], [-51.0579037, -29.69476], [-51.0578576, -29.6948558], [-51.0578057, -29.6949495]]}}, {"type": "Feature", "properties": {"intermittent": "yes", "layer": "-1", "tunnel": "culvert", "waterway": "stream", "osm_id": 1207288859, "osm_type": "way"}, "geometry": {"type": "LineString", "coordinates": [[-51.0578057, -29.6949495], [-51.0577562, -29.6950391]]}}, {"type": "Feature", "properties": {"intermittent": "yes", "waterway": "stream", "osm_id": 1207288860, "osm_type": "way"}, "geometry": {"type": "LineString", "coordinates": [[-51.0577562, -29.6950391], [-51.0577353, -29.695077], [-51.0575214, -29.6953645], [-51.057399, -29.6956024], [-51.057267, -29.6958206], [-51.0572605, -29.696078], [-51.0572541, -29.6962459], [-51.0573765, -29.696604], [-51.0573797, -29.6967886], [-51.0573056, -29.6969117], [-51.0571703, -29.6970236], [-51.0567871, -29.697088], [-51.0565358, -29.6971495], [-51.0562621, -29.697267]]}}, {"type": "Feature", "properties": {"natural": "water", "water": "pond", "osm_id": 1207288861, "osm_type": "way"}, "geometry": {"type": "Polygon", "coordinates": [[[-51.052935, -29.6953201], [-51.0530675, -29.6955389], [-51.0530454, -29.6957039], [-51.0528731, -29.6959687], [-51.0524004, -29.6959611], [-51.052935, -29.6953201]]]}}, {"type": "Feature", "properties": {"landuse": "industrial", "osm_id": 1207288864, "osm_type": "way"}, "geometry": {"type": "Polygon", "coordinates": [[[-51.0455401, -29.6927597], [-51.0457255, -29.692827], [-51.0462374, -29.6928393], [-51.0463853, -29.6927108], [-51.0466225, -29.6928148], [-51.0465309, -29.6929882], [-51.0465943, -29.6930677], [-51.0473879, -29.693235], [-51.0472752, -29.6934042], [-51.0469324, -29.6937693], [-51.0466154, -29.6940345], [-51.0462398, -29.6935878], [-51.0457936, -29.693492], [-51.0454039, -29.6934063], [-51.0450446, -29.693188], [-51.0445422, -29.6930963], [-51.0446596, -29.6927964], [-51.0452231, -29.6928229], [-51.0454109, -29.6928882], [-51.0455401, -29.6927597]]]}}, {"type": "Feature", "properties": {"flood_prone": "yes", "highway": "service", "osm_id": 1207288866, "osm_type": "way"}, "geometry": {"type": "LineString", "coordinates": [[-51.0615885, -29.6984063], [-51.061751, -29.6985001], [-51.0618472, -29.6987326], [-51.0619904, -29.6993159], [-51.0621252, -29.6999391], [-51.0620977, -29.7001469], [-51.0620262, -29.7006032], [-51.0621059, -29.7010666], [-51.0622132, -29.7019098], [-51.0623562, -29.7026527], [-51.0624607, -29.7033597], [-51.0626312, -29.7038112], [-51.0627549, -29.7040476], [-51.0630657, -29.7043367], [-51.0632472, -29.7044179], [-51.0634314, -29.7045588], [-51.0636349, -29.7049266], [-51.0636927, -29.7051655], [-51.0635607, -29.7057029], [-51.0635194, -29.7059824]]}}, {"type": "Feature", "properties": {"natural": "water", "water": "pond", "osm_id": 1207288867, "osm_type": "way"}, "geometry": {"type": "Polygon", "coordinates": [[[-51.062269, -29.7030822], [-51.062005, -29.7031324], [-51.0618978, -29.7025137], [-51.0619995, -29.7024516], [-51.0621618, -29.7024683], [-51.0622223, -29.702669], [-51.062269, -29.7030822]]]}}, {"type": "Feature", "properties": {"natural": "water", "water": "pond", "osm_id": 1207288868, "osm_type": "way"}, "geometry": {"type": "Polygon", "coordinates": [[[-51.0623295, -29.703677], [-51.0622883, -29.7034357], [-51.0623185, -29.7032948], [-51.0622635, -29.7031539], [-51.062027, -29.703216], [-51.0620435, -29.7036101], [-51.0620683, -29.7038848], [-51.0621673, -29.7038991], [-51.0623295, -29.7038227], [-51.0623928, -29.7037773], [-51.0623378, -29.7037486], [-51.0623295, -29.703677]]]}}, {"type": "Feature", "properties": {"natural": "water", "water": "pond", "osm_id": 1207288871, "osm_type": "way"}, "geometry": {"type": "Polygon", "coordinates": [[[-51.0644568, -29.7003077], [-51.0642219, -29.6996338], [-51.0642281, -29.6993626], [-51.0644352, -29.6993142], [-51.0645465, -29.6995371], [-51.0647505, -29.6996472], [-51.0648834, -29.6995935], [-51.0649236, -29.6997626], [-51.0649236, -29.7000177], [-51.0650102, -29.7002594], [-51.0648927, -29.7003077], [-51.0646887, -29.7002164], [-51.0645959, -29.7002809], [-51.0644568, -29.7003077]]]}}, {"type": "Feature", "properties": {"natural": "water", "water": "pond", "osm_id": 1207288872, "osm_type": "way"}, "geometry": {"type": "Polygon", "coordinates": [[[-51.0637204, -29.6990568], [-51.0638688, -29.6992188], [-51.0638052, -29.6994693], [-51.0636144, -29.6994619], [-51.0635465, -29.6993367], [-51.0634829, -29.6993256], [-51.063589, -29.699252], [-51.0635253, -29.6991304], [-51.0636568, -29.6991268], [-51.0637204, -29.6990568]]]}}, {"type": "Feature", "properties": {"intermittent": "yes", "natural": "water", "water": "reservoir", "osm_id": 1207604616, "osm_type": "way"}, "geometry": {"type": "Polygon", "coordinates": [[[-51.0464554, -29.7039493], [-51.0462919, -29.70408], [-51.0462069, -29.7044152], [-51.0458276, -29.7043868], [-51.0448989, -29.7041141], [-51.0445915, -29.7038641], [-51.0446569, -29.702995], [-51.0448139, -29.7020804], [-51.0448989, -29.7015635], [-51.0451278, -29.7014101], [-51.0452782, -29.7016259], [-51.045651, -29.7019043], [-51.0459911, -29.7019497], [-51.04622, -29.7021088], [-51.046377, -29.7025405], [-51.0465666, -29.7038016], [-51.0464554, -29.7039493]]]}}, {"type": "Feature", "properties": {"flood_prone": "yes", "highway": "service", "surface": "unpaved", "osm_id": 1207604617, "osm_type": "way"}, "geometry": {"type": "LineString", "coordinates": [[-51.0466227, -29.7039385], [-51.0467, -29.7044441], [-51.0466715, -29.7047234], [-51.0465942, -29.7051902], [-51.0466064, -29.7057594], [-51.0465535, -29.7064171], [-51.0465168, -29.707354], [-51.0464232, -29.7077394], [-51.0463988, -29.7084855], [-51.0464965, -29.7091219], [-51.0465575, -29.7092173], [-51.0467651, -29.709281], [-51.0469157, -29.7093764], [-51.0469972, -29.7099386], [-51.0470012, -29.7105078]]}}, {"type": "Feature", "properties": {"flood_prone": "yes", "highway": "service", "surface": "unpaved", "osm_id": 1207604618, "osm_type": "way"}, "geometry": {"type": "LineString", "coordinates": [[-51.0470012, -29.7105078], [-51.0456945, -29.7105114]]}}, {"type": "Feature", "properties": {"flood_prone": "yes", "highway": "service", "surface": "unpaved", "osm_id": 1207604619, "osm_type": "way"}, "geometry": {"type": "LineString", "coordinates": [[-51.0469157, -29.7093764], [-51.0458492, -29.7094366]]}}, {"type": "Feature", "properties": {"flood_prone": "yes", "highway": "service", "surface": "unpaved", "osm_id": 1207604620, "osm_type": "way"}, "geometry": {"type": "LineString", "coordinates": [[-51.0466227, -29.7039385], [-51.046411, -29.7042107], [-51.0462522, -29.7044547], [-51.0461138, -29.7045891], [-51.0458606, -29.7046865], [-51.0458289, -29.7046987], [-51.0454544, -29.7048578], [-51.0452305, -29.7049214], [-51.0451002, -29.7049709]]}}, {"type": "Feature", "properties": {"flood_prone": "yes", "highway": "service", "surface": "unpaved", "osm_id": 1207604621, "osm_type": "way"}, "geometry": {"type": "LineString", "coordinates": [[-51.0458606, -29.7046865], [-51.0458652, -29.7048838], [-51.0456942, -29.7052303], [-51.0456861, -29.7053434], [-51.0457105, -29.706443], [-51.0456942, -29.7068178], [-51.0456413, -29.7069628], [-51.0454459, -29.7071749], [-51.0452872, -29.7074047], [-51.0452261, -29.7078007], [-51.0452058, -29.7080871], [-51.0450918, -29.708416], [-51.0450714, -29.7086741], [-51.0451162, -29.7092928], [-51.0450958, -29.7099928], [-51.0450429, -29.710555], [-51.0450185, -29.7106646]]}}, {"type": "Feature", "properties": {"intermittent": "yes", "natural": "water", "water": "reservoir", "osm_id": 1207604622, "osm_type": "way"}, "geometry": {"type": "Polygon", "coordinates": [[[-51.0465624, -29.7048361], [-51.0465381, -29.7046973], [-51.0461036, -29.7046761], [-51.0460237, -29.7047939], [-51.0459055, -29.7048814], [-51.0458603, -29.705129], [-51.0457665, -29.7053041], [-51.0457804, -29.7069614], [-51.0455475, -29.7071728], [-51.0454085, -29.707363], [-51.0453807, -29.7076045], [-51.0455614, -29.7078731], [-51.0460828, -29.7078912], [-51.0463713, -29.7076709], [-51.0464686, -29.7072694], [-51.0465138, -29.7062731], [-51.046545, -29.7055939], [-51.0465624, -29.7048361]]]}}, {"type": "Feature", "properties": {"intermittent": "yes", "natural": "water", "water": "reservoir", "osm_id": 1207604623, "osm_type": "way"}, "geometry": {"type": "Polygon", "coordinates": [[[-51.0451965, -29.7055848], [-51.0449393, -29.7056482], [-51.0449184, -29.7052618], [-51.0449045, -29.7050988], [-51.0450366, -29.7051531], [-51.0451652, -29.7053161], [-51.0451965, -29.7055848]]]}}, {"type": "Feature", "properties": {"natural": "water", "water": "reservoir", "osm_id": 1207604624, "osm_type": "way"}, "geometry": {"type": "Polygon", "coordinates": [[[-51.045259, -29.7056935], [-51.0453876, -29.7061614], [-51.0453286, -29.7062309], [-51.0449671, -29.7062731], [-51.0449045, -29.7062007], [-51.0449184, -29.7057388], [-51.044981, -29.7057146], [-51.0450575, -29.7057569], [-51.0451652, -29.7057418], [-51.045259, -29.7056935]]]}}, {"type": "Feature", "properties": {"intermittent": "yes", "natural": "water", "water": "reservoir", "osm_id": 1207604625, "osm_type": "way"}, "geometry": {"type": "Polygon", "coordinates": [[[-51.0464759, -29.708244], [-51.0465056, -29.7081332], [-51.0465441, -29.7079579], [-51.0469863, -29.7079064], [-51.0471258, -29.7079244], [-51.0471911, -29.7080069], [-51.0473958, -29.7090869], [-51.0472445, -29.7091359], [-51.0471377, -29.7092183], [-51.04701, -29.7092235], [-51.0468795, -29.70919], [-51.0466065, -29.7091333], [-51.0464848, -29.7085533], [-51.0464759, -29.708244]]]}}, {"type": "Feature", "properties": {"intermittent": "yes", "natural": "water", "water": "reservoir", "osm_id": 1207604626, "osm_type": "way"}, "geometry": {"type": "Polygon", "coordinates": [[[-51.047102, -29.7110535], [-51.0471347, -29.710837], [-51.0470991, -29.7100431], [-51.0470368, -29.7096874], [-51.047016, -29.7094658], [-51.0471198, -29.7093756], [-51.0473484, -29.7092931], [-51.0473988, -29.7093859], [-51.0474493, -29.7096668], [-51.0475976, -29.7105019], [-51.047657, -29.7108653], [-51.0476095, -29.7109349], [-51.0473276, -29.7110587], [-51.047197, -29.7110973], [-51.047102, -29.7110535]]]}}, {"type": "Feature", "properties": {"intermittent": "yes", "natural": "water", "water": "reservoir", "osm_id": 1207604627, "osm_type": "way"}, "geometry": {"type": "Polygon", "coordinates": [[[-51.0469655, -29.7107519], [-51.0466569, -29.7105535], [-51.0458408, -29.7105741], [-51.045458, -29.7105896], [-51.0454046, -29.7106849], [-51.0453541, -29.7108602], [-51.0454165, -29.7110123], [-51.0455708, -29.711038], [-51.0459922, -29.7111076], [-51.0463987, -29.7110303], [-51.0467222, -29.7110355], [-51.0469299, -29.7110277], [-51.0469893, -29.7110148], [-51.0469893, -29.7109092], [-51.0469655, -29.7107519]]]}}, {"type": "Feature", "properties": {"intermittent": "yes", "natural": "water", "water": "reservoir", "osm_id": 1207604628, "osm_type": "way"}, "geometry": {"type": "Polygon", "coordinates": [[[-51.0463617, -29.7103257], [-51.0463498, -29.7104623], [-51.0459076, -29.7104545], [-51.0459343, -29.7102973], [-51.0459848, -29.710037], [-51.046056, -29.709988], [-51.0463617, -29.7100112], [-51.0464744, -29.7100422], [-51.0464744, -29.7101968], [-51.0463617, -29.7103257]]]}}, {"type": "Feature", "properties": {"intermittent": "yes", "natural": "water", "water": "reservoir", "osm_id": 1207604629, "osm_type": "way"}, "geometry": {"type": "Polygon", "coordinates": [[[-51.0446184, -29.7099961], [-51.044647, -29.7098139], [-51.0445993, -29.7097642], [-51.0441798, -29.70964], [-51.0441368, -29.7096773], [-51.0440176, -29.7108947], [-51.0441559, -29.7109941], [-51.0448282, -29.7111142], [-51.0449664, -29.7110355], [-51.0449283, -29.7108906], [-51.044852, -29.7107374], [-51.0444944, -29.7106131], [-51.0444801, -29.7104806], [-51.0445755, -29.710228], [-51.0446184, -29.7099961]]]}}, {"type": "Feature", "properties": {"intermittent": "yes", "natural": "water", "water": "reservoir", "osm_id": 1207604630, "osm_type": "way"}, "geometry": {"type": "Polygon", "coordinates": [[[-51.0447765, -29.7095926], [-51.0446477, -29.7096796], [-51.0442902, -29.7096299], [-51.0441567, -29.7095719], [-51.0442043, -29.7087023], [-51.0442329, -29.7080356], [-51.0442759, -29.7079197], [-51.0450148, -29.7079983], [-51.045053, -29.7080522], [-51.0448861, -29.7082882], [-51.0448623, -29.7084994], [-51.0448813, -29.7089259], [-51.0449004, -29.7090874], [-51.0448051, -29.709282], [-51.0447765, -29.7095926]]]}}, {"type": "Feature", "properties": {"intermittent": "yes", "natural": "water", "water": "reservoir", "osm_id": 1207604631, "osm_type": "way"}, "geometry": {"type": "Polygon", "coordinates": [[[-51.0453193, -29.7106225], [-51.0452659, -29.7109034], [-51.0451472, -29.7108828], [-51.0451027, -29.7106921], [-51.0451976, -29.7098647], [-51.0451679, -29.7089549], [-51.0451353, -29.7084883], [-51.0452392, -29.7081197], [-51.0453401, -29.7080063], [-51.0460612, -29.7079703], [-51.046263, -29.7079883], [-51.0462748, -29.7080888], [-51.0462422, -29.7082048], [-51.0456042, -29.7083182], [-51.0455537, -29.7085012], [-51.045622, -29.7092178], [-51.0456457, -29.709875], [-51.0456398, -29.7100915], [-51.0455448, -29.7103287], [-51.0454113, -29.7104807], [-51.0453193, -29.7106225]]]}}, {"type": "Feature", "properties": {"natural": "water", "water": "reservoir", "osm_id": 1207604632, "osm_type": "way"}, "geometry": {"type": "Polygon", "coordinates": [[[-51.0401619, -29.7004779], [-51.040207, -29.7005262], [-51.039995, -29.7010546], [-51.0399325, -29.7010727], [-51.0392165, -29.7007496], [-51.0392339, -29.7006651], [-51.0394945, -29.700327], [-51.0396058, -29.7003421], [-51.0398769, -29.7004326], [-51.0401619, -29.7004779]]]}}, {"type": "Feature", "properties": {"natural": "water", "water": "reservoir", "osm_id": 1207604633, "osm_type": "way"}, "geometry": {"type": "Polygon", "coordinates": [[[-51.0403287, -29.7011965], [-51.0402661, -29.701121], [-51.040353, -29.7008372], [-51.0404677, -29.70081], [-51.0408987, -29.7009036], [-51.0411733, -29.7009338], [-51.0413714, -29.7010998], [-51.041281, -29.7014138], [-51.0411733, -29.7014199], [-51.0408049, -29.7013474], [-51.0405685, -29.7012931], [-51.0403287, -29.7011965]]]}}, {"type": "Feature", "properties": {"natural": "water", "water": "reservoir", "osm_id": 1207604634, "osm_type": "way"}, "geometry": {"type": "Polygon", "coordinates": [[[-51.0413401, -29.6995994], [-51.0414444, -29.6995511], [-51.0417885, -29.6996447], [-51.0414131, -29.7010063], [-51.0413054, -29.7009881], [-51.0411594, -29.7007949], [-51.0409925, -29.7007859], [-51.0408709, -29.7006862], [-51.0407875, -29.7004266], [-51.0408014, -29.7001096], [-51.0409161, -29.6999707], [-51.0410829, -29.6998862], [-51.0412254, -29.6997141], [-51.0413401, -29.6995994]]]}}, {"type": "Feature", "properties": {"natural": "water", "water": "reservoir", "osm_id": 1207604635, "osm_type": "way"}, "geometry": {"type": "Polygon", "coordinates": [[[-51.0422045, -29.7018922], [-51.0422005, -29.702016], [-51.0420213, -29.7020584], [-51.0418585, -29.7019841], [-51.0417364, -29.7017189], [-51.0417934, -29.7016376], [-51.0420295, -29.7016199], [-51.0422208, -29.7016376], [-51.0422534, -29.7017083], [-51.0422045, -29.7018922]]]}}, {"type": "Feature", "properties": {"waterway": "drain", "osm_id": 1207604670, "osm_type": "way"}, "geometry": {"type": "LineString", "coordinates": [[-51.0474391, -29.708527], [-51.0484906, -29.7086882], [-51.0490968, -29.7087421], [-51.0491989, -29.7087512], [-51.050017, -29.7089301], [-51.0501079, -29.7090775], [-51.0502837, -29.7091933], [-51.0531627, -29.7105166], [-51.0537654, -29.7107936], [-51.0538235, -29.7108204], [-51.0541649, -29.7109921], [-51.0552417, -29.7115341], [-51.0567129, -29.7120253], [-51.0572576, -29.7120746], [-51.0577291, -29.7121173], [-51.0584183, -29.7119715], [-51.0593618, -29.7116691], [-51.0592337, -29.7110168], [-51.0590791, -29.7101726], [-51.0591586, -29.7098003], [-51.0592912, -29.7095394], [-51.0596358, -29.7089561], [-51.0599185, -29.7086952], [-51.0601571, -29.7085839], [-51.0604725, -29.7086732]]}}, {"type": "Feature", "properties": {"waterway": "drain", "osm_id": 1207604672, "osm_type": "way"}, "geometry": {"type": "LineString", "coordinates": [[-51.0531582, -29.7060526], [-51.0533497, -29.7075717], [-51.0537654, -29.7107936]]}}, {"type": "Feature", "properties": {"waterway": "drain", "osm_id": 1207604673, "osm_type": "way"}, "geometry": {"type": "LineString", "coordinates": [[-51.0498962, -29.7025581], [-51.0530516, -29.7059031], [-51.0531582, -29.7060526]]}}, {"type": "Feature", "properties": {"waterway": "drain", "osm_id": 1207604674, "osm_type": "way"}, "geometry": {"type": "LineString", "coordinates": [[-51.0589039, -29.7090992], [-51.0583788, -29.708808], [-51.0572732, -29.7081949], [-51.0548109, -29.7068295], [-51.0533361, -29.706025], [-51.0531582, -29.7060526]]}}, {"type": "Feature", "properties": {"waterway": "drain", "osm_id": 1207604675, "osm_type": "way"}, "geometry": {"type": "LineString", "coordinates": [[-51.050752, -29.7014397], [-51.0511055, -29.7012939], [-51.0513396, -29.7011865], [-51.0515915, -29.7012555], [-51.0517726, -29.7013975], [-51.0523072, -29.7015817], [-51.0526253, -29.7020077], [-51.0526209, -29.7022341], [-51.0524044, -29.7041069], [-51.0534471, -29.7054308], [-51.0534647, -29.7055344], [-51.0532394, -29.7057877], [-51.0531511, -29.7058759], [-51.0531582, -29.7060526]]}}, {"type": "Feature", "properties": {"waterway": "drain", "osm_id": 1207604676, "osm_type": "way"}, "geometry": {"type": "LineString", "coordinates": [[-51.0499965, -29.7052994], [-51.0498361, -29.7051196], [-51.0498878, -29.7047781], [-51.0497429, -29.7045938], [-51.0495566, -29.7043735], [-51.0495453, -29.7042485], [-51.0494246, -29.7041076], [-51.0494849, -29.7038816], [-51.0494246, -29.7037046], [-51.0495076, -29.703567], [-51.0496283, -29.7036031], [-51.0498735, -29.7038062], [-51.0503525, -29.7043468], [-51.0504921, -29.7045598], [-51.0510542, -29.7050808], [-51.0515672, -29.7056607], [-51.0515521, -29.7058409], [-51.0518539, -29.7060998], [-51.0520123, -29.7061162], [-51.0526461, -29.7060375], [-51.0528875, -29.7060342], [-51.0531582, -29.7060526]]}}, {"type": "Feature", "properties": {"waterway": "drain", "osm_id": 1207604677, "osm_type": "way"}, "geometry": {"type": "LineString", "coordinates": [[-51.0495604, -29.7031902], [-51.0495076, -29.703567]]}}, {"type": "Feature", "properties": {"waterway": "drain", "osm_id": 1207604678, "osm_type": "way"}, "geometry": {"type": "LineString", "coordinates": [[-51.0547948, -29.7079119], [-51.0547948, -29.7080491], [-51.0546391, -29.7081488], [-51.0546331, -29.7083646], [-51.0545785, -29.7085173], [-51.0547422, -29.7088331], [-51.0547785, -29.7089226], [-51.0548937, -29.7091753], [-51.054621, -29.7095069], [-51.0543422, -29.7095701], [-51.0543725, -29.710307], [-51.054421, -29.7105333], [-51.0543422, -29.7107544], [-51.0541649, -29.7109921]]}}, {"type": "Feature", "properties": {"waterway": "drain", "osm_id": 1207604679, "osm_type": "way"}, "geometry": {"type": "LineString", "coordinates": [[-51.0531742, -29.7095427], [-51.053156, -29.7097006], [-51.0531135, -29.7099322], [-51.0532529, -29.7101849], [-51.0531627, -29.7105166]]}}, {"type": "Feature", "properties": {"waterway": "drain", "osm_id": 1207604680, "osm_type": "way"}, "geometry": {"type": "LineString", "coordinates": [[-51.0491916, -29.7025679], [-51.0489929, -29.7029131], [-51.0489148, -29.7031844], [-51.048787, -29.7040291], [-51.048787, -29.7056259], [-51.0488864, -29.7058417], [-51.0490071, -29.7064459], [-51.0487444, -29.7069144], [-51.0489858, -29.7084619], [-51.0490968, -29.7087421]]}}, {"type": "Feature", "properties": {"intermittent": "yes", "waterway": "stream", "osm_id": 1207604681, "osm_type": "way"}, "geometry": {"type": "LineString", "coordinates": [[-51.0471701, -29.7024074], [-51.0468813, -29.7026773], [-51.0467356, -29.7028613], [-51.0467633, -29.7036649], [-51.0467558, -29.7038516], [-51.0468123, -29.7042055], [-51.0469444, -29.7042874]]}}, {"type": "Feature", "properties": {"waterway": "stream", "osm_id": 1207604682, "osm_type": "way"}, "geometry": {"type": "LineString", "coordinates": [[-51.0469444, -29.7042874], [-51.0470513, -29.7049443], [-51.0469322, -29.7051331], [-51.0469943, -29.7055915], [-51.0471496, -29.7057353], [-51.0471082, -29.7065713], [-51.0471599, -29.7069398], [-51.0471703, -29.7075016], [-51.0472375, -29.7076949], [-51.047341, -29.7078297], [-51.0473773, -29.7082612], [-51.0474391, -29.708527]]}}, {"type": "Feature", "properties": {"waterway": "drain", "osm_id": 1207604683, "osm_type": "way"}, "geometry": {"type": "LineString", "coordinates": [[-51.0572732, -29.7081949], [-51.0572576, -29.7120746]]}}, {"type": "Feature", "properties": {"waterway": "drain", "osm_id": 1207604684, "osm_type": "way"}, "geometry": {"type": "LineString", "coordinates": [[-51.0573879, -29.70918], [-51.0583788, -29.708808]]}}, {"type": "Feature", "properties": {"waterway": "drain", "osm_id": 1207604687, "osm_type": "way"}, "geometry": {"type": "LineString", "coordinates": [[-51.0501218, -29.7098129], [-51.0509698, -29.7152064], [-51.0510113, -29.7154086], [-51.0509698, -29.715618]]}}, {"type": "Feature", "properties": {"waterway": "drain", "osm_id": 1207604688, "osm_type": "way"}, "geometry": {"type": "LineString", "coordinates": [[-51.0474391, -29.708527], [-51.0475294, -29.7095846], [-51.0477539, -29.7108338], [-51.0478204, -29.7111803], [-51.0477622, -29.7118807], [-51.0477954, -29.7127977], [-51.0479201, -29.7133248], [-51.0492669, -29.71435], [-51.0495983, -29.7146085], [-51.0499985, -29.7149204], [-51.05073, -29.7155125], [-51.0509698, -29.715618], [-51.0515535, -29.7159363]]}}, {"type": "Feature", "properties": {"waterway": "drain", "osm_id": 1207604689, "osm_type": "way"}, "geometry": {"type": "LineString", "coordinates": [[-51.0438639, -29.7097634], [-51.0438542, -29.7100678], [-51.0438542, -29.7109135], [-51.0439516, -29.7112264], [-51.0439126, -29.7120467], [-51.0438153, -29.7133913], [-51.0438542, -29.7138902], [-51.0436887, -29.7143976], [-51.0434063, -29.7148288], [-51.0435426, -29.7149726], [-51.0450129, -29.7153447], [-51.0454023, -29.7154546], [-51.0455678, -29.7157337], [-51.0464928, -29.7160634], [-51.0467654, -29.7161903], [-51.0469797, -29.7160719], [-51.0471841, -29.716055], [-51.0474081, -29.7160465], [-51.0472912, -29.7158774], [-51.0473983, -29.7155223], [-51.047856, -29.71548], [-51.0484791, -29.7155223], [-51.048927, -29.7154292], [-51.049297, -29.715277], [-51.049482, -29.714888], [-51.0495983, -29.7146085]]}}, {"type": "Feature", "properties": {"landuse": "industrial", "osm_id": 1207604693, "osm_type": "way"}, "geometry": {"type": "Polygon", "coordinates": [[[-51.0462688, -29.7019339], [-51.0456767, -29.701861], [-51.0453542, -29.7015732], [-51.0451289, -29.7013506], [-51.0447357, -29.7012892], [-51.0446031, -29.7019646], [-51.0439051, -29.7019109], [-51.0438962, -29.7004411], [-51.0438918, -29.6997925], [-51.0437284, -29.699781], [-51.0437725, -29.6994548], [-51.0439316, -29.6994548], [-51.0443646, -29.6996735], [-51.0447136, -29.6996735], [-51.0451687, -29.6995814], [-51.0461716, -29.6997695], [-51.0461274, -29.7002415], [-51.0462422, -29.7010628], [-51.0462688, -29.7019339]]]}}, {"type": "Feature", "properties": {"landuse": "industrial", "osm_id": 1207613139, "osm_type": "way"}, "geometry": {"type": "Polygon", "coordinates": [[[-51.0437251, -29.6991117], [-51.0429407, -29.6990816], [-51.0424517, -29.6987707], [-51.0409843, -29.6984627], [-51.0408221, -29.6982727], [-51.0402859, -29.6974201], [-51.0403006, -29.6971519], [-51.0408642, -29.6972107], [-51.0412636, -29.6971547], [-51.0414569, -29.6970316], [-51.0416084, -29.6967337], [-51.0422224, -29.6972081], [-51.0430792, -29.697776], [-51.043704, -29.6982013], [-51.0437684, -29.6984363], [-51.0437251, -29.6991117]]]}}, {"type": "Feature", "properties": {"flood_prone": "yes", "highway": "service", "osm_id": 1207613140, "osm_type": "way"}, "geometry": {"type": "LineString", "coordinates": [[-51.0404876, -29.6977037], [-51.0392223, -29.6981752], [-51.0385073, -29.6983734], [-51.0382433, -29.6986147], [-51.0374514, -29.6993815], [-51.0372946, -29.6997039], [-51.0371874, -29.7000551], [-51.0372919, -29.7003585], [-51.0373716, -29.7006093], [-51.0373111, -29.7008529], [-51.0370114, -29.7016388], [-51.0369124, -29.7017965], [-51.0367666, -29.7019398], [-51.0363761, -29.7021858], [-51.0356914, -29.7027352], [-51.0355071, -29.7029526], [-51.0355016, -29.703146], [-51.0356419, -29.7035258], [-51.0356886, -29.7036548], [-51.0356611, -29.7038746], [-51.0357051, -29.7041063], [-51.0354136, -29.7045768]]}}, {"type": "Feature", "properties": {"landuse": "industrial", "osm_id": 1207613141, "osm_type": "way"}, "geometry": {"type": "Polygon", "coordinates": [[[-51.0444168, -29.6926739], [-51.0444274, -29.692653], [-51.0446845, -29.6921435], [-51.0455932, -29.6923944], [-51.0453936, -29.6926371], [-51.0452457, -29.692682], [-51.0449287, -29.6926698], [-51.0447549, -29.6926514], [-51.0444168, -29.6926739]]]}}, {"type": "Feature", "properties": {"intermittent": "yes", "natural": "water", "water": "reservoir", "osm_id": 1207613145, "osm_type": "way"}, "geometry": {"type": "Polygon", "coordinates": [[[-51.0270868, -29.6868311], [-51.0272942, -29.6870113], [-51.0274677, -29.6874767], [-51.0277016, -29.6878273], [-51.0280902, -29.6879125], [-51.0286447, -29.6877487], [-51.0288144, -29.6876438], [-51.0290672, -29.6874603], [-51.0292448, -29.6872213], [-51.0292095, -29.6865151], [-51.0289341, -29.686052], [-51.028704, -29.6858521], [-51.0286587, -29.6854883], [-51.0288889, -29.6852655], [-51.0285644, -29.6850623], [-51.0283079, -29.685], [-51.0282023, -29.6853638], [-51.0279609, -29.6855801], [-51.0277874, -29.68539], [-51.0274403, -29.6856325], [-51.0273121, -29.6857931], [-51.027097, -29.685957], [-51.0271272, -29.6863895], [-51.0272177, -29.6866878], [-51.0270868, -29.6868311]]]}}, {"type": "Feature", "properties": {"waterway": "drain", "osm_id": 1207613146, "osm_type": "way"}, "geometry": {"type": "LineString", "coordinates": [[-51.0296584, -29.6830358], [-51.0295391, -29.6831702], [-51.0295568, -29.6838649], [-51.0296584, -29.6841067], [-51.0296496, -29.6848744], [-51.0294994, -29.6850509], [-51.0293719, -29.6851276], [-51.0291762, -29.6851742]]}}, {"type": "Feature", "properties": {"intermittent": "yes", "natural": "water", "water": "pond", "osm_id": 1207613148, "osm_type": "way"}, "geometry": {"type": "Polygon", "coordinates": [[[-51.0296532, -29.6857201], [-51.0295855, -29.685527], [-51.0296321, -29.6854447], [-51.0300165, -29.6856371], [-51.0303868, -29.6859468], [-51.0303415, -29.6863991], [-51.0307678, -29.6868284], [-51.0309337, -29.6868972], [-51.0313864, -29.687061], [-51.0315147, -29.6874805], [-51.0315408, -29.687708], [-51.0312882, -29.6877365], [-51.0309725, -29.6875342], [-51.0304396, -29.6875791], [-51.0300929, -29.6870937], [-51.0300171, -29.6868309], [-51.0296306, -29.6869149], [-51.0296113, -29.6867498], [-51.0295276, -29.6861958], [-51.0295533, -29.685888], [-51.0296532, -29.6857201]]]}}, {"type": "Feature", "properties": {"highway": "service", "surface": "unpaved", "osm_id": 1207613149, "osm_type": "way"}, "geometry": {"type": "LineString", "coordinates": [[-51.02694, -29.6819532], [-51.0270041, -29.6821249], [-51.0270151, -29.6822659], [-51.0269683, -29.6824427], [-51.0270811, -29.6826481], [-51.0274358, -29.6830065], [-51.0276916, -29.683286], [-51.0279886, -29.6832526], [-51.0284891, -29.6831928], [-51.0286926, -29.683243], [-51.0288713, -29.6839406], [-51.0289126, -29.6845045]]}}, {"type": "Feature", "properties": {"flood_prone": "yes", "highway": "service", "surface": "unpaved", "osm_id": 1207613150, "osm_type": "way"}, "geometry": {"type": "LineString", "coordinates": [[-51.0289126, -29.6845045], [-51.0287544, -29.6845053], [-51.0285064, -29.6844438], [-51.0283712, -29.6844354], [-51.028091, -29.6844382], [-51.0279589, -29.6845725], [-51.0278752, -29.6848159], [-51.0278172, -29.6851489], [-51.0275305, -29.6853559], [-51.0272117, -29.6856497], [-51.0269959, -29.6858204], [-51.0269909, -29.6858834], [-51.0270472, -29.6860976], [-51.0270355, -29.6862751], [-51.0271059, -29.6865301], [-51.0270989, -29.6866912], [-51.0269909, -29.6867646], [-51.0268993, -29.6868054], [-51.0266786, -29.6868279], [-51.026479, -29.6869503], [-51.0264039, -29.6870461], [-51.026202, -29.6871726], [-51.0260446, -29.6872236], [-51.0260016, -29.6872211]]}}, {"type": "Feature", "properties": {"flood_prone": "yes", "highway": "service", "surface": "unpaved", "osm_id": 1207613151, "osm_type": "way"}, "geometry": {"type": "LineString", "coordinates": [[-51.0259068, -29.6872155], [-51.0258709, -29.6872134], [-51.0256197, -29.6871644], [-51.0255844, -29.68714], [-51.0252795, -29.6865615]]}}, {"type": "Feature", "properties": {"bridge": "yes", "flood_prone": "yes", "highway": "service", "layer": "1", "surface": "unpaved", "osm_id": 1207613152, "osm_type": "way"}, "geometry": {"type": "LineString", "coordinates": [[-51.0260016, -29.6872211], [-51.0259068, -29.6872155]]}}, {"type": "Feature", "properties": {"flood_prone": "yes", "highway": "service", "surface": "unpaved", "osm_id": 1207613153, "osm_type": "way"}, "geometry": {"type": "LineString", "coordinates": [[-51.0232893, -29.6865987], [-51.0232768, -29.6869217], [-51.0231712, -29.6873608], [-51.0229675, -29.6875804], [-51.0227751, -29.687741], [-51.0226846, -29.6880556], [-51.0226695, -29.6884718], [-51.0224847, -29.6889568], [-51.0221867, -29.6897269], [-51.0219565, -29.6901004], [-51.0218472, -29.6903659], [-51.0217717, -29.6909], [-51.0218434, -29.6915784], [-51.0219528, -29.6917914]]}}, {"type": "Feature", "properties": {"waterway": "stream", "osm_id": 1226417504, "osm_type": "way"}, "geometry": {"type": "LineString", "coordinates": [[-51.0757935, -29.7004017], [-51.0758176, -29.7006533], [-51.0758445, -29.7009352], [-51.0758874, -29.7010797], [-51.075992, -29.7013429], [-51.0761771, -29.7019091], [-51.0762334, -29.7020139], [-51.0767081, -29.702424], [-51.0767135, -29.7024892], [-51.0769764, -29.7028107], [-51.076971, -29.7029016], [-51.0769066, -29.7030344], [-51.0769281, -29.7031136], [-51.0770622, -29.7031415], [-51.0771909, -29.7031811], [-51.0773894, -29.7036145], [-51.0774994, -29.7038638], [-51.0774994, -29.7039802], [-51.0774511, -29.7040944], [-51.0774109, -29.7042295], [-51.0774511, -29.704381], [-51.0772634, -29.7046186], [-51.0772634, -29.7048912], [-51.0772634, -29.7052733], [-51.0772526, -29.7054293], [-51.0772741, -29.7054922], [-51.0773706, -29.705625], [-51.0784784, -29.7062494], [-51.0795379, -29.7068668], [-51.0810989, -29.7077357], [-51.0816729, -29.7080316], [-51.0817963, -29.7080596], [-51.0819706, -29.7080735], [-51.0821235, -29.7080968], [-51.0821933, -29.7081248], [-51.0822603, -29.7085255], [-51.0822818, -29.7086094]]}}, {"type": "Feature", "properties": {"natural": "water", "water": "pond", "osm_id": 1226417505, "osm_type": "way"}, "geometry": {"type": "Polygon", "coordinates": [[[-51.0759169, -29.7007721], [-51.0759598, -29.7006253], [-51.0759974, -29.7004809], [-51.0759303, -29.7002828], [-51.0758337, -29.7000988], [-51.0756648, -29.7000802], [-51.0755494, -29.7001547], [-51.0754743, -29.7002595], [-51.0755011, -29.700411], [-51.075595, -29.7005927], [-51.075654, -29.7007675], [-51.0757345, -29.7008187], [-51.0758418, -29.7007954], [-51.0759169, -29.7007721]]]}}, {"type": "Feature", "properties": {"waterway": "stream", "osm_id": 1226417506, "osm_type": "way"}, "geometry": {"type": "LineString", "coordinates": [[-51.071502, -29.7009632], [-51.0716602, -29.7009212], [-51.071797, -29.7009445], [-51.0719231, -29.7010657], [-51.0720733, -29.7010237], [-51.0722423, -29.7009865], [-51.0723951, -29.701068], [-51.0724461, -29.7012404], [-51.0724783, -29.7013802], [-51.0725212, -29.7014734], [-51.0725346, -29.7016761], [-51.0726205, -29.7019114], [-51.0725936, -29.7019929], [-51.0725963, -29.702205], [-51.0724649, -29.7023005], [-51.0724166, -29.7023774], [-51.072548, -29.7025474], [-51.0727653, -29.7027431], [-51.0727599, -29.70282], [-51.072658, -29.7028852], [-51.0714537, -29.7034025], [-51.070928, -29.7035958], [-51.07059, -29.7037752], [-51.0697505, -29.7040152], [-51.0695788, -29.704141], [-51.069037, -29.7042901], [-51.068691, -29.7042295], [-51.0683611, -29.7042761], [-51.0680902, -29.7043344], [-51.0678434, -29.7043879]]}}, {"type": "Feature", "properties": {"intermittent": "yes", "waterway": "stream", "osm_id": 1226417507, "osm_type": "way"}, "geometry": {"type": "LineString", "coordinates": [[-51.0707536, -29.699309], [-51.070928, -29.6999963], [-51.0710111, -29.7003201], [-51.0710634, -29.7005158], [-51.0710916, -29.7006987], [-51.0711399, -29.7008339], [-51.0712633, -29.7009003], [-51.071502, -29.7009632]]}}, {"type": "Feature", "properties": {"waterway": "stream", "osm_id": 1226417509, "osm_type": "way"}, "geometry": {"type": "LineString", "coordinates": [[-51.0673821, -29.7014734], [-51.0674411, -29.7017227], [-51.0675323, -29.7023377], [-51.0676235, -29.7031625], [-51.0678434, -29.7043879], [-51.0682941, -29.7074678], [-51.0684324, -29.7080376], [-51.0685666, -29.7095661], [-51.0686838, -29.7103884], [-51.0686179, -29.7107989], [-51.0680956, -29.7109771], [-51.067543, -29.7110997], [-51.0671568, -29.7113327], [-51.0668618, -29.7115377], [-51.0664807, -29.7122142]]}}, {"type": "Feature", "properties": {"intermittent": "yes", "waterway": "stream", "osm_id": 1226417510, "osm_type": "way"}, "geometry": {"type": "LineString", "coordinates": [[-51.0670924, -29.699535], [-51.0671622, -29.7002432], [-51.067197, -29.7005811], [-51.0673821, -29.7014734]]}}, {"type": "Feature", "properties": {"waterway": "stream", "osm_id": 1226417511, "osm_type": "way"}, "geometry": {"type": "LineString", "coordinates": [[-51.0744175, -29.6991296], [-51.0744765, -29.69926], [-51.0746294, -29.6996817], [-51.0747287, -29.700404], [-51.0748923, -29.7010447], [-51.0749808, -29.7016598], [-51.0751605, -29.7026989], [-51.0752302, -29.703258], [-51.0752034, -29.7036867], [-51.0754448, -29.7044555], [-51.0755038, -29.7047677], [-51.0755092, -29.7051078], [-51.0759705, -29.706692], [-51.076228, -29.7076891], [-51.0766143, -29.7091102], [-51.0765714, -29.7092687], [-51.0771936, -29.7105965], [-51.0774726, -29.7114864], [-51.0775638, -29.7117986], [-51.0777569, -29.7122878], [-51.078245, -29.7132755], [-51.078524, -29.7138999], [-51.0788405, -29.7146313], [-51.0789263, -29.7148783], [-51.0789593, -29.7152203]]}}, {"type": "Feature", "properties": {"intermittent": "yes", "waterway": "stream", "osm_id": 1226417512, "osm_type": "way"}, "geometry": {"type": "LineString", "coordinates": [[-51.0719204, -29.6978178], [-51.0720304, -29.6979204], [-51.0726929, -29.6981883], [-51.0737899, -29.6987405], [-51.0743049, -29.6990014], [-51.0744175, -29.6991296]]}}, {"type": "Feature", "properties": {"intermittent": "yes", "waterway": "stream", "osm_id": 1226417513, "osm_type": "way"}, "geometry": {"type": "LineString", "coordinates": [[-51.0653973, -29.6970793], [-51.0648179, -29.6971515], [-51.064842, -29.6972773], [-51.0648233, -29.6974381], [-51.0647133, -29.6975126], [-51.0647281, -29.6976792]]}}, {"type": "Feature", "properties": {"waterway": "stream", "osm_id": 1226417514, "osm_type": "way"}, "geometry": {"type": "LineString", "coordinates": [[-51.0647281, -29.6976792], [-51.0647287, -29.6977834], [-51.0649091, -29.6991622], [-51.0649037, -29.6993509], [-51.0648662, -29.6995326], [-51.0648045, -29.6996957], [-51.0645887, -29.6999477]]}}, {"type": "Feature", "properties": {"intermittent": "yes", "waterway": "stream", "osm_id": 1226417515, "osm_type": "way"}, "geometry": {"type": "LineString", "coordinates": [[-51.0634621, -29.6952677], [-51.0635291, -29.6956498], [-51.0635975, -29.695891], [-51.0636163, -29.6960646], [-51.0635787, -29.6962207], [-51.0636082, -29.6964327], [-51.0636498, -29.6968253], [-51.063686, -29.6972027]]}}, {"type": "Feature", "properties": {"waterway": "stream", "osm_id": 1226417516, "osm_type": "way"}, "geometry": {"type": "LineString", "coordinates": [[-51.063686, -29.6972027], [-51.0637558, -29.6973845], [-51.063796, -29.6975732], [-51.0637531, -29.697685], [-51.0636485, -29.6977945], [-51.0634741, -29.697925], [-51.0632327, -29.697967], [-51.0629967, -29.6978831]]}}, {"type": "Feature", "properties": {"waterway": "stream", "osm_id": 1226417517, "osm_type": "way"}, "geometry": {"type": "LineString", "coordinates": [[-51.0618219, -29.6984329], [-51.0619828, -29.6984982], [-51.0620767, -29.698504], [-51.0621236, -29.6984597], [-51.0622336, -29.6982093], [-51.0625206, -29.6979611], [-51.0626547, -29.6978994], [-51.0627258, -29.6978318], [-51.0628626, -29.6978015], [-51.0629967, -29.6978831], [-51.0630477, -29.6980648], [-51.0629994, -29.6981487], [-51.0628894, -29.6982978], [-51.0629216, -29.6986613], [-51.0629672, -29.6989711], [-51.0630423, -29.6990573], [-51.0632166, -29.6991296], [-51.0634741, -29.6992204], [-51.0636672, -29.6992973], [-51.0637611, -29.6994092], [-51.0639274, -29.6995816], [-51.0640562, -29.6996911]]}}, {"type": "Feature", "properties": {"waterway": "stream", "osm_id": 1226417518, "osm_type": "way"}, "geometry": {"type": "LineString", "coordinates": [[-51.0668658, -29.7003702], [-51.0660209, -29.7003003], [-51.0656936, -29.7003131], [-51.0654442, -29.7002479], [-51.0650982, -29.7002386], [-51.0648474, -29.7001757], [-51.0647026, -29.7000708], [-51.0645887, -29.6999477], [-51.0644612, -29.6998099], [-51.064142, -29.6997167], [-51.0640562, -29.6996911], [-51.0641125, -29.7000452], [-51.0641339, -29.7001943], [-51.0641527, -29.7002782], [-51.0641125, -29.7003131], [-51.0640454, -29.7002735], [-51.063973, -29.7001384], [-51.0638765, -29.7001058], [-51.063804, -29.7001267], [-51.0637826, -29.7001943], [-51.0637718, -29.700425], [-51.0637343, -29.7004692], [-51.0634071, -29.7006882], [-51.0634017, -29.7007465], [-51.0634366, -29.7008583], [-51.0633963, -29.7009608], [-51.0630906, -29.7011798], [-51.0630208, -29.7014128], [-51.0628465, -29.7016295], [-51.0624334, -29.7016924], [-51.0620016, -29.7016598], [-51.0618299, -29.701704], [-51.0618031, -29.7018578], [-51.0618567, -29.7020978], [-51.0619721, -29.7026243], [-51.0620257, -29.703046], [-51.0620713, -29.7033116], [-51.0621223, -29.7037612], [-51.0621223, -29.7038241], [-51.0621116, -29.7039872], [-51.0622215, -29.7040921], [-51.0623342, -29.7042388], [-51.0623583, -29.7043623], [-51.0624209, -29.7046475]]}}, {"type": "Feature", "properties": {"natural": "water", "water": "pond", "osm_id": 1226429126, "osm_type": "way"}, "geometry": {"type": "Polygon", "coordinates": [[[-51.0473406, -29.6920325], [-51.0473567, -29.6921234], [-51.0475069, -29.6923005], [-51.0476705, -29.6923634], [-51.0480031, -29.69241], [-51.0481399, -29.692424], [-51.0483035, -29.6925242], [-51.0484055, -29.6925055], [-51.0483733, -29.6924007], [-51.0484538, -29.6922888], [-51.048384, -29.692135], [-51.0481399, -29.6920861], [-51.0480353, -29.6919859], [-51.0479468, -29.6920069], [-51.0478878, -29.6921094], [-51.0478181, -29.6920745], [-51.0476705, -29.6919836], [-51.0474238, -29.691958], [-51.0473406, -29.6920325]]]}}, {"type": "Feature", "properties": {"intermittent": "yes", "natural": "water", "water": "pond", "osm_id": 1226429133, "osm_type": "way"}, "geometry": {"type": "Polygon", "coordinates": [[[-51.040957, -29.6963453], [-51.0408551, -29.6962684], [-51.040707, -29.6962041], [-51.0405815, -29.6961496], [-51.0404474, -29.6960331], [-51.0404125, -29.6958351], [-51.0403588, -29.6957046], [-51.0402596, -29.6956184], [-51.0400341, -29.6955654], [-51.0399377, -29.6957139], [-51.0398734, -29.6959609], [-51.039876, -29.6961053], [-51.0398519, -29.6963244], [-51.0398814, -29.6963686], [-51.0399941, -29.696336], [-51.0401523, -29.6963523], [-51.0403428, -29.696315], [-51.040442, -29.6962358], [-51.0404983, -29.6962661], [-51.0405976, -29.6964478], [-51.0407478, -29.6966319], [-51.0408711, -29.6966855], [-51.0410133, -29.6966739], [-51.0409972, -29.696548], [-51.0409883, -29.6965033], [-51.0409694, -29.696408], [-51.040957, -29.6963453]]]}}, {"type": "Feature", "properties": {"natural": "water", "water": "pond", "osm_id": 1226429138, "osm_type": "way"}, "geometry": {"type": "Polygon", "coordinates": [[[-51.0308853, -29.6861863], [-51.0306627, -29.6860721], [-51.0305205, -29.6859649], [-51.0305151, -29.6858484], [-51.0304078, -29.6857506], [-51.0304615, -29.6855571], [-51.0305044, -29.6853498], [-51.0305446, -29.6852472], [-51.0306627, -29.6852239], [-51.0307378, -29.6852612], [-51.0309148, -29.6852379], [-51.031065, -29.6853125], [-51.0310435, -29.6855269], [-51.0309684, -29.6856923], [-51.0309845, -29.6858041], [-51.0310033, -29.6860768], [-51.0310194, -29.6861816], [-51.0309389, -29.6862026], [-51.0308853, -29.6861863]]]}}, {"type": "Feature", "properties": {"natural": "water", "water": "pond", "osm_id": 1226429139, "osm_type": "way"}, "geometry": {"type": "Polygon", "coordinates": [[[-51.0315156, -29.686431], [-51.0314566, -29.6863541], [-51.0313359, -29.6862842], [-51.0312179, -29.6863214], [-51.0310248, -29.6862912], [-51.0309738, -29.6863284], [-51.0309765, -29.6864682], [-51.0309523, -29.6866733], [-51.0311025, -29.6867851], [-51.0313064, -29.6867828], [-51.0313627, -29.68665], [-51.031529, -29.6865288], [-51.0315156, -29.686431]]]}}, {"type": "Feature", "properties": {"access": "private", "highway": "residential", "osm_id": 1289777004, "osm_type": "way"}, "geometry": {"type": "LineString", "coordinates": [[-51.0789531, -29.68905], [-51.0787493, -29.6876496]]}}, {"type": "Feature", "properties": {"highway": "residential", "name": "Rua Machado de Assis", "osm_id": 1289795720, "osm_type": "way"}, "geometry": {"type": "LineString", "coordinates": [[-51.0442844, -29.6700444], [-51.0436026, -29.6695657], [-51.0429038, -29.6690751], [-51.042056, -29.6684798]]}}, {"type": "Feature", "properties": {"highway": "residential", "lit": "yes", "name": "Rua Machado de Assis", "surface": "asphalt", "osm_id": 1289795721, "osm_type": "way"}, "geometry": {"type": "LineString", "coordinates": [[-51.0452794, -29.6707304], [-51.0451932, -29.6706824]]}}, {"type": "Feature", "properties": {"highway": "residential", "lane_markings": "no", "lit": "yes", "name": "Avenida dos Estados", "oneway": "yes", "surface": "asphalt", "osm_id": 1296532507, "osm_type": "way"}, "geometry": {"type": "LineString", "coordinates": [[-51.0497446, -29.6807913], [-51.0496927, -29.6807547], [-51.0496772, -29.680746], [-51.0496553, -29.6807357]]}}, {"type": "Feature", "properties": {"highway": "residential", "name": "Avenida dos Estados", "oneway": "yes", "osm_id": 1296532508, "osm_type": "way"}, "geometry": {"type": "LineString", "coordinates": [[-51.0490777, -29.6833306], [-51.0494462, -29.6822902]]}}, {"type": "Feature", "properties": {"highway": "service", "surface": "unpaved", "osm_id": 1327050476, "osm_type": "way"}, "geometry": {"type": "LineString", "coordinates": [[-51.0405631, -29.6939175], [-51.0402073, -29.6943276], [-51.0401174, -29.6944021], [-51.0400021, -29.6944208], [-51.0396454, -29.6943346], [-51.039463, -29.694281], [-51.0393195, -29.6942018], [-51.0392028, -29.6942064], [-51.039117, -29.6942833], [-51.0389815, -29.6945326], [-51.0388005, -29.694832], [-51.0387267, -29.6949345]]}}, {"type": "Feature", "properties": {"highway": "service", "osm_id": 1327050477, "osm_type": "way"}, "geometry": {"type": "LineString", "coordinates": [[-51.0443205, -29.7020605], [-51.0443687, -29.7013476], [-51.0444519, -29.7009375], [-51.0445431, -29.7003877], [-51.0445478, -29.7000603], [-51.0445397, -29.7000446], [-51.0444244, -29.700005], [-51.044411, -29.6999736], [-51.0444435, -29.6996556]]}}, {"type": "Feature", "properties": {"highway": "service", "surface": "unpaved", "osm_id": 1327050478, "osm_type": "way"}, "geometry": {"type": "LineString", "coordinates": [[-51.0461766, -29.701054], [-51.0462644, -29.7014669], [-51.0464069, -29.7024181], [-51.0465697, -29.7034824], [-51.0466227, -29.7039385]]}}, {"type": "Feature", "properties": {"highway": "residential", "lane_markings": "no", "lit": "yes", "name": "Avenida João Pedro Dias", "oneway": "yes", "surface": "asphalt", "osm_id": 1355563247, "osm_type": "way"}, "geometry": {"type": "LineString", "coordinates": [[-51.0506827, -29.6652108], [-51.0506377, -29.6653163]]}}, {"type": "Feature", "properties": {"highway": "residential", "lane_markings": "no", "lit": "yes", "name": "Avenida João Pedro Dias", "oneway": "yes", "surface": "asphalt", "osm_id": 1355563248, "osm_type": "way"}, "geometry": {"type": "LineString", "coordinates": [[-51.050504, -29.6652699], [-51.050555, -29.6651658]]}}, {"type": "Feature", "properties": {"highway": "residential", "oneway": "yes", "surface": "unpaved", "osm_id": 1366626182, "osm_type": "way"}, "geometry": {"type": "LineString", "coordinates": [[-51.0371161, -29.6830638], [-51.037196, -29.6830069]]}}, {"type": "Feature", "properties": {"highway": "residential", "oneway": "yes", "surface": "unpaved", "osm_id": 1366626183, "osm_type": "way"}, "geometry": {"type": "LineString", "coordinates": [[-51.037196, -29.6830069], [-51.0374313, -29.6832565], [-51.0374763, -29.6833208], [-51.0375107, -29.6833896], [-51.037534, -29.6834618], [-51.0375459, -29.6835361], [-51.0375461, -29.6836111], [-51.0375346, -29.6836855], [-51.0375115, -29.6837578], [-51.0374766, -29.6838283], [-51.0374306, -29.6838939], [-51.0373746, -29.6839534], [-51.0373151, -29.6840012], [-51.0372742, -29.6840342], [-51.0372407, -29.6840672], [-51.0372111, -29.684103], [-51.0371857, -29.6841411], [-51.0371648, -29.6841813], [-51.037149, -29.6842221], [-51.0368955, -29.6852956], [-51.0368331, -29.6854243]]}}, {"type": "Feature", "properties": {"highway": "residential", "oneway": "yes", "surface": "unpaved", "osm_id": 1366626184, "osm_type": "way"}, "geometry": {"type": "LineString", "coordinates": [[-51.0367325, -29.6853661], [-51.0367942, -29.6852775], [-51.037049, -29.6841986], [-51.0370685, -29.6841484], [-51.0370936, -29.6841001], [-51.0371241, -29.6840542], [-51.0371597, -29.6840111], [-51.0372001, -29.6839714], [-51.0372448, -29.6839353], [-51.0372992, -29.6838917], [-51.037346, -29.6838419], [-51.0373845, -29.683787], [-51.0374138, -29.6837279], [-51.037433, -29.6836674], [-51.0374427, -29.6836052], [-51.0374425, -29.6835424], [-51.0374326, -29.6834802], [-51.037413, -29.6834198], [-51.0373842, -29.6833622], [-51.0373467, -29.6833085], [-51.0371161, -29.6830638]]}}, {"type": "Feature", "properties": {"highway": "service", "surface": "unpaved", "osm_id": 1371242258, "osm_type": "way"}, "geometry": {"type": "LineString", "coordinates": [[-51.0805416, -29.6883479], [-51.080909, -29.6886324], [-51.0810607, -29.6888509], [-51.0812843, -29.6895065], [-51.0812524, -29.6897875], [-51.0810088, -29.6903182], [-51.0807333, -29.6907137], [-51.0804937, -29.6908975], [-51.0802661, -29.690953], [-51.0800265, -29.690953], [-51.0798828, -29.6908767], [-51.079747, -29.6907102], [-51.0794835, -29.6890972], [-51.0795394, -29.6888058], [-51.0796951, -29.6885352], [-51.0799107, -29.6883548], [-51.0802062, -29.6882889], [-51.0805416, -29.6883479]]}}, {"type": "Feature", "properties": {"highway": "service", "surface": "unpaved", "osm_id": 1371242259, "osm_type": "way"}, "geometry": {"type": "LineString", "coordinates": [[-51.0815559, -29.6894996], [-51.0808585, -29.6881286], [-51.0805137, -29.6874252]]}}, {"type": "Feature", "properties": {"highway": "residential", "name": "Rua Osmildo F Maciel", "osm_id": 1377702215, "osm_type": "way"}, "geometry": {"type": "LineString", "coordinates": [[-51.057575, -29.6626614], [-51.0567726, -29.6627432]]}}, {"type": "Feature", "properties": {"highway": "service", "osm_id": 1413513772, "osm_type": "way"}, "geometry": {"type": "LineString", "coordinates": [[-51.0785825, -29.6816893], [-51.0785602, -29.6816214], [-51.0784985, -29.6813919], [-51.0784583, -29.6812718], [-51.0784093, -29.6811687], [-51.0783832, -29.6810819]]}}, {"type": "Feature", "properties": {"highway": "unclassified", "name": "Rua Mathias Muller", "osm_id": 1448508570, "osm_type": "way"}, "geometry": {"type": "LineString", "coordinates": [[-51.0461484, -29.7004634], [-51.0458078, -29.7002176], [-51.0448824, -29.6998856], [-51.0447764, -29.6998192], [-51.0446186, -29.6997028]]}}, {"type": "Feature", "properties": {"highway": "service", "osm_id": 1492210515, "osm_type": "way"}, "geometry": {"type": "LineString", "coordinates": [[-51.0759987, -29.6892986], [-51.0758675, -29.6885753], [-51.0758329, -29.6885534], [-51.0757921, -29.6885452], [-51.075706, -29.688555]]}}, {"type": "Feature", "properties": {"highway": "service", "osm_id": 1492210516, "osm_type": "way"}, "geometry": {"type": "LineString", "coordinates": [[-51.075706, -29.688555], [-51.0754682, -29.6885821], [-51.0754384, -29.6885985], [-51.0754242, -29.6886258], [-51.0754667, -29.6889618], [-51.0754824, -29.6889945], [-51.075517, -29.6890137], [-51.0757213, -29.6890055], [-51.0757449, -29.6889932], [-51.0757559, -29.688974], [-51.075706, -29.688555]]}}, {"type": "Feature", "properties": {"highway": "service", "osm_id": 1515839199, "osm_type": "way"}, "geometry": {"type": "LineString", "coordinates": [[-51.0491215, -29.69186], [-51.0495045, -29.691909]]}}, {"type": "Feature", "properties": {"highway": "service", "osm_id": 1515839200, "osm_type": "way"}, "geometry": {"type": "LineString", "coordinates": [[-51.0491431, -29.6913692], [-51.0491317, -29.6917308], [-51.0491215, -29.69186], [-51.0491028, -29.6920954], [-51.0490988, -29.6921246], [-51.0490814, -29.6921374], [-51.0489526, -29.6921327]]}}, {"type": "Feature", "properties": {"highway": "residential", "osm_id": 1521083232, "osm_type": "way"}, "geometry": {"type": "LineString", "coordinates": [[-51.0770772, -29.6718538], [-51.0772438, -29.6728359], [-51.0773286, -29.6730088]]}}, {"type": "Feature", "properties": {"highway": "residential", "osm_id": 1521083233, "osm_type": "way"}, "geometry": {"type": "LineString", "coordinates": [[-51.0779648, -29.6716904], [-51.0777028, -29.6717763], [-51.0770772, -29.6718538], [-51.0764876, -29.6719225]]}}, {"type": "Feature", "properties": {"highway": "service", "osm_id": 1526265966, "osm_type": "way"}, "geometry": {"type": "LineString", "coordinates": [[-51.0516026, -29.6640298], [-51.0515276, -29.6641241], [-51.0514444, -29.6642243]]}}, {"type": "Feature", "properties": {"highway": "residential", "osm_id": 1526265967, "osm_type": "way"}, "geometry": {"type": "LineString", "coordinates": [[-51.0515727, -29.6636262], [-51.0517832, -29.6639663]]}}, {"type": "Feature", "properties": {"highway": "residential", "osm_id": 1532817851, "osm_type": "way"}, "geometry": {"type": "LineString", "coordinates": [[-51.0421116, -29.6708231], [-51.0410326, -29.6709497]]}}, {"type": "Feature", "properties": {"highway": "residential", "osm_id": 1532817852, "osm_type": "way"}, "geometry": {"type": "LineString", "coordinates": [[-51.0308701, -29.6704961], [-51.0309012, -29.6709021], [-51.0309431, -29.6711742], [-51.0310367, -29.6717818], [-51.031071, -29.6718386]]}}, {"type": "Feature", "properties": {"highway": "service", "surface": "unpaved", "osm_id": 1532817853, "osm_type": "way"}, "geometry": {"type": "LineString", "coordinates": [[-51.0644801, -29.6672327], [-51.0648974, -29.6676687], [-51.0649281, -29.6677755], [-51.0647591, -29.6679357], [-51.0647284, -29.6680392], [-51.0648321, -29.6683029], [-51.0648782, -29.6686099], [-51.0648628, -29.6688636]]}}, {"type": "Feature", "properties": {"highway": "residential", "oneway": "yes", "osm_id": 1532817854, "osm_type": "way"}, "geometry": {"type": "LineString", "coordinates": [[-51.0535631, -29.6653807], [-51.0521747, -29.6645265], [-51.0516063, -29.6641778]]}}, {"type": "Feature", "properties": {"highway": "residential", "osm_id": 1532817855, "osm_type": "way"}, "geometry": {"type": "LineString", "coordinates": [[-51.0514626, -29.6637351], [-51.0514954, -29.6639004], [-51.0516026, -29.6640298], [-51.0516281, -29.6640484], [-51.0516492, -29.6641246]]}}, {"type": "Feature", "properties": {"highway": "residential", "name": "Avenida dos Municipios", "oneway": "yes", "osm_id": 1559821147, "osm_type": "way"}, "geometry": {"type": "LineString", "coordinates": [[-51.0499055, -29.6894807], [-51.0499671, -29.6896741]]}}, {"type": "Feature", "properties": {"highway": "residential", "name": "Avenida dos Municipios", "oneway": "yes", "osm_id": 1559821148, "osm_type": "way"}, "geometry": {"type": "LineString", "coordinates": [[-51.0499671, -29.6896741], [-51.0498445, -29.6895994], [-51.0498016, -29.6895638], [-51.0497663, -29.6895216]]}}, {"type": "Feature", "properties": {"highway": "service", "osm_id": 1561929739, "osm_type": "way"}, "geometry": {"type": "LineString", "coordinates": [[-51.0524439, -29.6838769], [-51.0524965, -29.6838934], [-51.052524, -29.6839027]]}}, {"type": "Feature", "properties": {"access": "private", "highway": "service", "osm_id": 1561929740, "osm_type": "way"}, "geometry": {"type": "LineString", "coordinates": [[-51.052524, -29.6839027], [-51.0525629, -29.6839213], [-51.0525817, -29.6839423], [-51.0525924, -29.6839749], [-51.0525683, -29.6840483], [-51.0525052, -29.6841928]]}}, {"type": "Feature", "properties": {"highway": "service", "osm_id": 1561931490, "osm_type": "way"}, "geometry": {"type": "LineString", "coordinates": [[-51.0583062, -29.676963], [-51.0582948, -29.676899], [-51.0582814, -29.6767929], [-51.0582639, -29.676716], [-51.058268, -29.6766624], [-51.0582908, -29.6766251], [-51.0583431, -29.6766077], [-51.0583954, -29.6766007], [-51.058457, -29.6766158], [-51.0584772, -29.6766636], [-51.0584839, -29.676716], [-51.0585013, -29.6767871], [-51.0585223, -29.676941]]}}]}