{"type": "FeatureCollection", "features": [{"type": "Feature", "properties": {"amenity": "fuel", "brand": "Shell", "name": "Posto Kauer", "shop": "convenience", "osm_id": 1073407683, "osm_type": "node"}, "geometry": {"type": "Point", "coordinates": [-51.1347954, -29.7707812]}}, {"type": "Feature", "properties": {"amenity": "fuel", "brand": "Shell", "brand:wikidata": "Q110716465", "brand:wikipedia": "en:Royal Dutch Shell", "name": "Shell", "osm_id": 1073408446, "osm_type": "node"}, "geometry": {"type": "Point", "coordinates": [-51.1350143, -29.7705528]}}, {"type": "Feature", "properties": {"amenity": "fuel", "brand": "Charrua", "name": "Posto Santos Dumont", "osm_id": 1095606076, "osm_type": "node"}, "geometry": {"type": "Point", "coordinates": [-51.1484167, -29.7392875]}}, {"type": "Feature", "properties": {"amenity": "fuel", "brand": "BR", "brand:wikidata": "Q4836468", "brand:wikipedia": "pt:Vibra Energia", "name": "Petrobras", "osm_id": 1573075720, "osm_type": "node"}, "geometry": {"type": "Point", "coordinates": [-51.1527642, -29.7720163]}}, {"type": "Feature", "properties": {"amenity": "fuel", "brand": "Ipiranga", "brand:wikidata": "Q2081136", "brand:wikipedia": "pt:Ipiranga (empresa)", "shop": "convenience", "osm_id": 1849012126, "osm_type": "node"}, "geometry": {"type": "Point", "coordinates": [-51.1436072, -29.7683103]}}, {"type": "Feature", "properties": {"amenity": "fuel", "name": "Ragos", "osm_id": 9297150139, "osm_type": "node"}, "geometry": {"type": "Point", "coordinates": [-51.151573, -29.743977]}}, {"type": "Feature", "properties": {"boat": "yes", "name": "Rio dos Sinos", "natural": "water", "water": "river", "osm_id": 31152986, "osm_type": "way"}, "geometry": {"type": "Polygon", "coordinates": [[[-51.1859386, -29.7888028], [-51.1851146, -29.7888624], [-51.184634, -29.7887655], [-51.1842821, -29.7885644], [-51.1840847, -29.7883931], [-51.1839216, -29.7879834], [-51.1840503, -29.7875886], [-51.1844451, -29.7870895], [-51.1849258, -29.7864489], [-51.1856296, -29.7858529], [-51.1859386, -29.785406], [-51.1866939, -29.7847207], [-51.1870372, -29.7843929], [-51.1874321, -29.7841173], [-51.1878698, -29.7840651], [-51.1883247, -29.7841694], [-51.1887538, -29.7844152], [-51.1891572, -29.7848101], [-51.1895674, -29.7850441], [-51.1894229, -29.7851416], [-51.1894606, -29.7854573], [-51.1897935, -29.7856103], [-51.1900043, -29.7854672], [-51.1901271, -29.7852943], [-51.1906164, -29.7852719], [-51.1911228, -29.785108], [-51.1915176, -29.7847579], [-51.1917665, -29.784445], [-51.1919725, -29.7840651], [-51.1919811, -29.7835735], [-51.1916721, -29.7831563], [-51.1912344, -29.7826349], [-51.1910455, -29.7821804], [-51.1912344, -29.7818378], [-51.1916034, -29.7816292], [-51.1922901, -29.7816292], [-51.1933458, -29.7817037], [-51.1939552, -29.781659], [-51.1943758, -29.7814802], [-51.1946676, -29.7810258], [-51.1945388, -29.7806533], [-51.1942607, -29.7803949], [-51.1939294, -29.7800871], [-51.1936376, -29.7793943], [-51.1938951, -29.7786345], [-51.1941869, -29.7778671], [-51.1946676, -29.7772637], [-51.1948135, -29.7768018], [-51.1948135, -29.7763846], [-51.194659, -29.7760494], [-51.1947105, -29.7755353], [-51.1947277, -29.7751926], [-51.1944273, -29.7753863], [-51.1943929, -29.7756098], [-51.1944788, -29.7757737], [-51.1944273, -29.7759302], [-51.1941783, -29.775878], [-51.1930025, -29.7758333], [-51.1927364, -29.7756769], [-51.1929166, -29.7760047], [-51.1926763, -29.7762431], [-51.1924102, -29.7764293], [-51.1922128, -29.7766901], [-51.1917236, -29.7771445], [-51.1913288, -29.7774351], [-51.1907794, -29.7777107], [-51.1902044, -29.7778597], [-51.189595, -29.7780832], [-51.1887882, -29.7782024], [-51.1883247, -29.7780683], [-51.187741, -29.7777777], [-51.1870372, -29.7776436], [-51.1861789, -29.7777628], [-51.1853206, -29.7779714], [-51.1847713, -29.7780087], [-51.1845396, -29.7778075], [-51.1844795, -29.7774649], [-51.184634, -29.7771669], [-51.1850889, -29.7768242], [-51.185518, -29.7766528], [-51.1861703, -29.7765858], [-51.1874149, -29.7765038], [-51.1877067, -29.7764368], [-51.1881101, -29.7760494], [-51.1883762, -29.7755055], [-51.188771, -29.7751777], [-51.1893547, -29.7748276], [-51.1900327, -29.7742763], [-51.1903846, -29.7738591], [-51.190582, -29.7733152], [-51.1906078, -29.7727416], [-51.1903675, -29.7721828], [-51.1898096, -29.7719817], [-51.1880672, -29.772533], [-51.1874492, -29.7725702], [-51.1871145, -29.7723467], [-51.1871145, -29.7716911], [-51.1873977, -29.7709759], [-51.1875093, -29.7703575], [-51.1872518, -29.7697466], [-51.1864879, -29.7693219], [-51.1857154, -29.769307], [-51.1852348, -29.7689047], [-51.1848228, -29.7682267], [-51.1845138, -29.767355], [-51.1840246, -29.76661], [-51.1831749, -29.7660139], [-51.1827457, -29.7656265], [-51.1822822, -29.7648442], [-51.1819475, -29.7641289], [-51.1817243, -29.7634434], [-51.1812179, -29.7632199], [-51.1806686, -29.7632646], [-51.1802051, -29.7634732], [-51.1798961, -29.7637861], [-51.1795785, -29.7638458], [-51.1789262, -29.763816], [-51.1784198, -29.7639352], [-51.1781709, -29.7642779], [-51.177819, -29.7645759], [-51.1773126, -29.7645834], [-51.1769435, -29.7642779], [-51.1762397, -29.7635775], [-51.1752441, -29.7629815], [-51.1744716, -29.7628101], [-51.1736391, -29.7625717], [-51.1730297, -29.7624077], [-51.1725233, -29.7626462], [-51.1719224, -29.7630709], [-51.1717079, -29.7634807], [-51.1716897, -29.7635019], [-51.171356, -29.7638905], [-51.1710212, -29.7640767], [-51.1707208, -29.7640767], [-51.1705234, -29.7637489], [-51.1703517, -29.7628101], [-51.1702706, -29.7623047], [-51.1701543, -29.7615807], [-51.1703517, -29.7604705], [-51.1701629, -29.7597626], [-51.1697252, -29.7595317], [-51.1692359, -29.7595838], [-51.1686523, -29.7599564], [-51.1686008, -29.7604481], [-51.1683261, -29.7608654], [-51.1680257, -29.7611336], [-51.1678283, -29.7612454], [-51.1674936, -29.7611038], [-51.1670558, -29.760776], [-51.1668327, -29.7603587], [-51.1669049, -29.7599545], [-51.1669099, -29.7599266], [-51.1672018, -29.7596062], [-51.1676395, -29.7592336], [-51.1680039, -29.7582538], [-51.1683433, -29.757341], [-51.1687467, -29.7567747], [-51.1693561, -29.7565065], [-51.1697786, -29.7565075], [-51.17078, -29.7561378], [-51.1714263, -29.7556014], [-51.1713105, -29.7549715], [-51.1710789, -29.7543908], [-51.1703668, -29.7538376], [-51.1698014, -29.7537997], [-51.1693147, -29.7538514], [-51.1691516, -29.7538879], [-51.1690986, -29.7541071], [-51.1685579, -29.7545169], [-51.1682231, -29.7548523], [-51.1679571, -29.7549566], [-51.1677511, -29.7553291], [-51.167279, -29.7559253], [-51.1671245, -29.7564916], [-51.1669443, -29.7570281], [-51.1666009, -29.7571845], [-51.1656049, -29.7568471], [-51.1654648, -29.7567996], [-51.1650923, -29.7568026], [-51.1638544, -29.7564394], [-51.1630218, -29.7561861], [-51.1621407, -29.7561047], [-51.1620288, -29.7560986], [-51.1618974, -29.7561041], [-51.1584755, -29.7565559], [-51.1573913, -29.7567077], [-51.1563442, -29.7570877], [-51.1551972, -29.7574608], [-51.1549511, -29.7573998], [-51.1547968, -29.7572369], [-51.1548609, -29.7570996], [-51.1551344, -29.7570291], [-51.1552156, -29.7569066], [-51.1553555, -29.7569789], [-51.1554442, -29.7569127], [-51.1554507, -29.7566803], [-51.1558012, -29.7565801], [-51.1559507, -29.7565628], [-51.1561089, -29.7565983], [-51.1563346, -29.7564755], [-51.1562458, -29.7560726], [-51.1543874, -29.7567496], [-51.1539905, -29.7568734], [-51.1547195, -29.758214], [-51.1557605, -29.7578626], [-51.1567218, -29.7574602], [-51.1576402, -29.7571994], [-51.1591079, -29.7569535], [-51.1610219, -29.7567226], [-51.1621635, -29.7566108], [-51.1632707, -29.7566927], [-51.1641719, -29.7569759], [-51.1653049, -29.7574751], [-51.1660173, -29.7576987], [-51.1667039, -29.757654], [-51.1672275, -29.7574006], [-51.1675537, -29.7569535], [-51.168103, -29.7556868], [-51.1686866, -29.7550236], [-51.1693046, -29.7546138], [-51.1698368, -29.7544424], [-51.1702487, -29.7545244], [-51.1705835, -29.7547107], [-51.1707466, -29.7549938], [-51.1707466, -29.7553366], [-51.1706436, -29.7556645], [-51.1704032, -29.7558582], [-51.169811, -29.7560296], [-51.16903, -29.7562308], [-51.1685493, -29.7564394], [-51.1683004, -29.7566853], [-51.1680343, -29.7570281], [-51.1675794, -29.758034], [-51.1669872, -29.7589728], [-51.1667812, -29.7594571], [-51.1664894, -29.7598595], [-51.1664464, -29.7601725], [-51.1665251, -29.7605409], [-51.1665323, -29.7605748], [-51.1667554, -29.7609772], [-51.1671674, -29.7613646], [-51.1674249, -29.7615583], [-51.1679056, -29.7616627], [-51.1684532, -29.761597], [-51.1687657, -29.761758], [-51.1689589, -29.761699], [-51.1693124, -29.7613427], [-51.1693222, -29.7606774], [-51.1693452, -29.7603431], [-51.1693647, -29.7600607], [-51.1695964, -29.7600011], [-51.1698024, -29.7601128], [-51.1698883, -29.7603736], [-51.1698883, -29.7607909], [-51.1698539, -29.7612454], [-51.1698539, -29.7616701], [-51.1697509, -29.7621768], [-51.1697323, -29.7622878], [-51.1699324, -29.7628768], [-51.1699227, -29.7633854], [-51.1701082, -29.7640549], [-51.1703689, -29.7643152], [-51.1704891, -29.7645089], [-51.1710727, -29.764494], [-51.1713989, -29.7643971], [-51.1717079, -29.7641289], [-51.1721027, -29.763734], [-51.1723516, -29.7634136], [-51.1725576, -29.7631081], [-51.1731069, -29.7629144], [-51.1735446, -29.7628548], [-51.1738021, -29.762907], [-51.1742485, -29.7630783], [-51.1747034, -29.763205], [-51.1753471, -29.7633391], [-51.1758277, -29.7636595], [-51.1762397, -29.7640767], [-51.176789, -29.7645387], [-51.177098, -29.7648963], [-51.1776044, -29.7649932], [-51.1780593, -29.7648814], [-51.1783683, -29.7646206], [-51.1786087, -29.7642481], [-51.1790893, -29.7640618], [-51.1796901, -29.7640767], [-51.1807458, -29.7638979], [-51.1810119, -29.7637489], [-51.1812608, -29.7637265], [-51.1814239, -29.763883], [-51.1816642, -29.7642481], [-51.1818531, -29.7646653], [-51.1822307, -29.7652167], [-51.1824625, -29.7657159], [-51.1828058, -29.7661033], [-51.1833465, -29.7665354], [-51.1838615, -29.7668707], [-51.184222, -29.7673178], [-51.1844709, -29.7676828], [-51.1845567, -29.7682118], [-51.1846511, -29.7686588], [-51.1850889, -29.7691804], [-51.1860244, -29.7695901], [-51.1865823, -29.7696795], [-51.1870286, -29.7699254], [-51.1872261, -29.7701489], [-51.1872861, -29.7706406], [-51.1871574, -29.7709684], [-51.1868999, -29.7713559], [-51.186754, -29.7717954], [-51.1867797, -29.7722499], [-51.1868999, -29.7725777], [-51.1873119, -29.7727714], [-51.1877153, -29.7728161], [-51.1883934, -29.7727118], [-51.1889942, -29.7725628], [-51.1895092, -29.772302], [-51.1898868, -29.7722499], [-51.1901701, -29.7723765], [-51.1902988, -29.7725851], [-51.1903846, -29.772898], [-51.1903331, -29.7733823], [-51.1902645, -29.7737697], [-51.1900756, -29.7740528], [-51.1897409, -29.774321], [-51.1892431, -29.7746637], [-51.188565, -29.7750362], [-51.1881444, -29.7754534], [-51.1878698, -29.7759376], [-51.1875951, -29.7762207], [-51.1871145, -29.7763474], [-51.1865737, -29.7762729], [-51.1860931, -29.7762729], [-51.1854923, -29.7763995], [-51.1848485, -29.7767124], [-51.1843936, -29.7771669], [-51.1842048, -29.7775394], [-51.1842134, -29.777882], [-51.1844623, -29.7780981], [-51.1848056, -29.77818], [-51.185252, -29.77818], [-51.1857669, -29.778031], [-51.1864536, -29.7779193], [-51.1870458, -29.7778597], [-51.1874578, -29.7778746], [-51.1879041, -29.778031], [-51.1884019, -29.7782843], [-51.1888912, -29.7783812], [-51.1895006, -29.7783216], [-51.1902988, -29.7780981], [-51.1909511, -29.7778895], [-51.1912601, -29.7777181], [-51.1917837, -29.777368], [-51.1923244, -29.7769434], [-51.1927536, -29.776556], [-51.1930454, -29.7763399], [-51.1934745, -29.7761686], [-51.1939724, -29.7760941], [-51.1944358, -29.7762654], [-51.194556, -29.7765262], [-51.1945303, -29.7768689], [-51.1943929, -29.7772116], [-51.1939294, -29.7779044], [-51.193526, -29.7785674], [-51.1933544, -29.7791261], [-51.1933887, -29.7795061], [-51.1937492, -29.7802361], [-51.1941526, -29.7805192], [-51.1944187, -29.780765], [-51.1944616, -29.7810258], [-51.1942127, -29.7813312], [-51.1937749, -29.78151], [-51.1933029, -29.7815025], [-51.1926334, -29.7813685], [-51.1919296, -29.7813536], [-51.1914833, -29.7813908], [-51.1910198, -29.7816962], [-51.1908824, -29.7820091], [-51.1908824, -29.7822922], [-51.1909854, -29.7826274], [-51.1913116, -29.7829999], [-51.1915777, -29.7834766], [-51.1916635, -29.7839608], [-51.191406, -29.7845121], [-51.1909854, -29.784892], [-51.1906507, -29.7850335], [-51.1901014, -29.7850484], [-51.1896722, -29.784892], [-51.1892002, -29.7844599], [-51.1885736, -29.7840279], [-51.1881702, -29.7838863], [-51.187638, -29.783864], [-51.1870887, -29.7840577], [-51.1865137, -29.7846462], [-51.1858184, -29.78519], [-51.1851404, -29.7857412], [-51.184531, -29.7863297], [-51.1840847, -29.7869033], [-51.183707, -29.7875215], [-51.1836727, -29.7879759], [-51.1838872, -29.7885048], [-51.184325, -29.7888326], [-51.1844623, -29.7890188], [-51.1849515, -29.7891603], [-51.1858614, -29.7890113], [-51.1861618, -29.788907], [-51.1863248, -29.7887879], [-51.1863932, -29.7885889], [-51.18617, -29.7884772], [-51.1859386, -29.7888028]]]}}, {"type": "Feature", "properties": {"natural": "water", "water": "river", "osm_id": 31153185, "osm_type": "way"}, "geometry": {"type": "Polygon", "coordinates": [[[-51.1692359, -29.7649857], [-51.166395, -29.7666249], [-51.1601379, -29.7702458], [-51.1563785, -29.7724808], [-51.156121, -29.7726224], [-51.1559923, -29.772682], [-51.1560009, -29.7727192], [-51.1561811, -29.7726894], [-51.1601722, -29.7703128], [-51.1644208, -29.767884], [-51.1670558, -29.7664535], [-51.168479, -29.7656208], [-51.1693733, -29.7650975], [-51.1704891, -29.7645089], [-51.1703689, -29.7643152], [-51.1696337, -29.7647503], [-51.1692359, -29.7649857]]]}}, {"type": "Feature", "properties": {"natural": "water", "osm_id": 31153209, "osm_type": "way"}, "geometry": {"type": "Polygon", "coordinates": [[[-51.1744115, -29.7620128], [-51.1744287, -29.7617148], [-51.1742485, -29.7613944], [-51.1738451, -29.7611485], [-51.1733816, -29.7610666], [-51.1728838, -29.7610666], [-51.1724031, -29.7612156], [-51.1721542, -29.7614242], [-51.1722829, -29.7618564], [-51.1723688, -29.7617148], [-51.1724632, -29.7614168], [-51.1727636, -29.7613199], [-51.1730554, -29.7612677], [-51.1735532, -29.7612305], [-51.1739481, -29.7614093], [-51.1742485, -29.7617595], [-51.1744115, -29.7620128]]]}}, {"type": "Feature", "properties": {"natural": "water", "osm_id": 31153212, "osm_type": "way"}, "geometry": {"type": "Polygon", "coordinates": [[[-51.1757934, -29.7605301], [-51.1756132, -29.7604109], [-51.1752441, -29.7600681], [-51.1747892, -29.7599936], [-51.1743858, -29.7599564], [-51.1742055, -29.7600309], [-51.1739995, -29.7599489], [-51.1746948, -29.7598819], [-51.1751926, -29.7598968], [-51.1756217, -29.7600532], [-51.1758449, -29.7603662], [-51.1757934, -29.7605301]]]}}, {"type": "Feature", "properties": {"natural": "water", "osm_id": 31153217, "osm_type": "way"}, "geometry": {"type": "Polygon", "coordinates": [[[-51.174506, -29.7649261], [-51.174403, -29.7648516], [-51.1742656, -29.7648963], [-51.1742399, -29.7650453], [-51.1739223, -29.7650528], [-51.1739395, -29.7654179], [-51.1742313, -29.765999], [-51.1747892, -29.76661], [-51.1755531, -29.7672358], [-51.1758449, -29.7671613], [-51.1758792, -29.7669229], [-51.1755874, -29.7669527], [-51.1753986, -29.7665876], [-51.175184, -29.7659618], [-51.1749008, -29.765619], [-51.1746261, -29.7654179], [-51.1744888, -29.765552], [-51.1742828, -29.7655669], [-51.1741798, -29.7653881], [-51.174403, -29.7651943], [-51.1746175, -29.7651645], [-51.1746776, -29.7650453], [-51.174506, -29.7649261]]]}}, {"type": "Feature", "properties": {"highway": "secondary", "maxheight": "default", "name": "Avenida Henrique Bier", "oneway": "no", "surface": "asphalt", "osm_id": 35767359, "osm_type": "way"}, "geometry": {"type": "LineString", "coordinates": [[-51.1516494, -29.7500119], [-51.1518059, -29.7498531], [-51.1521957, -29.7494231], [-51.152717, -29.748803], [-51.1528756, -29.7486428], [-51.1531983, -29.7482319], [-51.1535177, -29.7478644], [-51.1539962, -29.7473167], [-51.1544948, -29.7467374], [-51.1548064, -29.7463768], [-51.1549895, -29.7461584], [-51.1554791, -29.7455833]]}}, {"type": "Feature", "properties": {"bridge": "yes", "highway": "motorway", "lanes": "2", "layer": "1", "maxheight": "5.5", "maxspeed": "80", "name": "Rodovia BR-116", "oneway": "yes", "ref": "BR-116", "surface": "asphalt", "osm_id": 37011011, "osm_type": "way"}, "geometry": {"type": "LineString", "coordinates": [[-51.1519687, -29.7595679], [-51.1519146, -29.7590104]]}}, {"type": "Feature", "properties": {"highway": "motorway", "lanes": "2", "maxheight": "5.5", "maxspeed": "80", "name": "Rodovia BR-116", "oneway": "yes", "ref": "BR-116", "surface": "asphalt", "osm_id": 37011012, "osm_type": "way"}, "geometry": {"type": "LineString", "coordinates": [[-51.1518871, -29.7586593], [-51.1518378, -29.7580879]]}}, {"type": "Feature", "properties": {"highway": "motorway", "lanes": "2", "maxheight": "5.5", "maxspeed": "80", "oneway": "yes", "ref": "BR-116", "surface": "asphalt", "osm_id": 38483670, "osm_type": "way"}, "geometry": {"type": "LineString", "coordinates": [[-51.1496947, -29.7324567], [-51.1498728, -29.7339362]]}}, {"type": "Feature", "properties": {"highway": "residential", "lanes": "2", "maxheight": "default", "name": "Avenida Mauá", "surface": "asphalt", "osm_id": 38497719, "osm_type": "way"}, "geometry": {"type": "LineString", "coordinates": [[-51.1434388, -29.779393], [-51.1433892, -29.7798178], [-51.1433181, -29.7802904], [-51.143176, -29.7809946], [-51.1430217, -29.781501], [-51.1428501, -29.7819852], [-51.1426422, -29.7824694], [-51.1419354, -29.7840314]]}}, {"type": "Feature", "properties": {"alt_name": "Rua Emilia Prass", "highway": "residential", "name": "Avenida Emília Prass", "osm_id": 38580076, "osm_type": "way"}, "geometry": {"type": "LineString", "coordinates": [[-51.1450616, -29.7859147], [-51.1444715, -29.7857634], [-51.1441657, -29.7856214], [-51.143522, -29.7849975], [-51.1433476, -29.7847833], [-51.1432001, -29.7846576], [-51.1429882, -29.784518], [-51.1428125, -29.7844505]]}}, {"type": "Feature", "properties": {"alt_name": "Rua Emilia Prass", "highway": "secondary", "maxheight": "4.5", "name": "Avenida Emília Prass", "oneway": "yes", "surface": "asphalt", "osm_id": 38580077, "osm_type": "way"}, "geometry": {"type": "LineString", "coordinates": [[-51.1418858, -29.7841222], [-51.141741, -29.7840419]]}}, {"type": "Feature", "properties": {"alt_name": "Rua Emilia Prass", "highway": "residential", "lanes": "2", "maxheight": "default", "name": "Avenida Emília Prass", "oneway": "yes", "surface": "asphalt", "osm_id": 38580079, "osm_type": "way"}, "geometry": {"type": "LineString", "coordinates": [[-51.1419354, -29.7840314], [-51.1426851, -29.7843445]]}}, {"type": "Feature", "properties": {"highway": "residential", "name": "Rua do Parque", "surface": "asphalt", "osm_id": 38580081, "osm_type": "way"}, "geometry": {"type": "LineString", "coordinates": [[-51.1442676, -29.7792603], [-51.1441845, -29.7797829], [-51.1440343, -29.7805884], [-51.1439095, -29.7811541], [-51.1433691, -29.7827394], [-51.1426851, -29.7843445], [-51.142669, -29.7843841], [-51.1426543, -29.7844295], [-51.1421996, -29.7857005], [-51.1419582, -29.7863477], [-51.1415197, -29.7873859]]}}, {"type": "Feature", "properties": {"alt_name": "Rua Emilia Prass", "highway": "secondary", "maxheight": "4.5", "name": "Avenida Emília Prass", "oneway": "yes", "surface": "asphalt", "osm_id": 38580300, "osm_type": "way"}, "geometry": {"type": "LineString", "coordinates": [[-51.1415673, -29.7837352], [-51.1418547, -29.7839665], [-51.1419354, -29.7840314]]}}, {"type": "Feature", "properties": {"highway": "residential", "maxheight": "default", "name": "Rua Albino Prass", "osm_id": 38586204, "osm_type": "way"}, "geometry": {"type": "LineString", "coordinates": [[-51.1455641, -29.786539], [-51.1454625, -29.7864867], [-51.1452842, -29.7864326], [-51.1449516, -29.786343], [-51.1440128, -29.7861195], [-51.1436105, -29.7860276], [-51.1432081, -29.7859287], [-51.1421996, -29.7857005], [-51.1413789, -29.7855411]]}}, {"type": "Feature", "properties": {"highway": "residential", "name": "Rua Cristóvão Colombo", "osm_id": 38586208, "osm_type": "way"}, "geometry": {"type": "LineString", "coordinates": [[-51.1386551, -29.7836089], [-51.1386511, -29.783709], [-51.1386095, -29.7843096], [-51.13858, -29.7848997], [-51.1385384, -29.7855795], [-51.1385103, -29.7862592], [-51.1384982, -29.7865432], [-51.1385049, -29.7868575], [-51.1387463, -29.7881669]]}}, {"type": "Feature", "properties": {"highway": "secondary", "maxspeed": "60", "name": "Avenida John Kennedy", "oneway": "yes", "osm_id": 38587048, "osm_type": "way"}, "geometry": {"type": "LineString", "coordinates": [[-51.1272825, -29.7886091], [-51.1277283, -29.7883322], [-51.1281145, -29.7880032], [-51.128875, -29.7872989], [-51.1293792, -29.7868885], [-51.1301487, -29.7861838], [-51.1306436, -29.7857279], [-51.1313882, -29.7850564], [-51.1321735, -29.7842966], [-51.132842, -29.783829], [-51.1332196, -29.7836822], [-51.1336155, -29.7835568], [-51.1341986, -29.7834843], [-51.1345903, -29.7834611]]}}, {"type": "Feature", "properties": {"highway": "residential", "name": "Rua Mestre João", "osm_id": 38587142, "osm_type": "way"}, "geometry": {"type": "LineString", "coordinates": [[-51.1393578, -29.783638], [-51.1393538, -29.7837404], [-51.1392774, -29.7849265], [-51.1392036, -29.7868819]]}}, {"type": "Feature", "properties": {"highway": "residential", "name": "Rua Oreste Samuel Canosa", "osm_id": 38587146, "osm_type": "way"}, "geometry": {"type": "LineString", "coordinates": [[-51.1363243, -29.7835065], [-51.1363136, -29.78362], [-51.1362974, -29.7841993], [-51.1362693, -29.7847927], [-51.1362023, -29.7861182]]}}, {"type": "Feature", "properties": {"highway": "residential", "name": "Rua Rocha Pombo", "osm_id": 38587147, "osm_type": "way"}, "geometry": {"type": "LineString", "coordinates": [[-51.1400928, -29.7836694], [-51.1400914, -29.7837661], [-51.1400512, -29.7844598], [-51.1400338, -29.7849626], [-51.1399989, -29.7857029], [-51.1399278, -29.7869133]]}}, {"type": "Feature", "properties": {"highway": "residential", "name": "Rua Capitão Fabre", "osm_id": 38587311, "osm_type": "way"}, "geometry": {"type": "LineString", "coordinates": [[-51.1408438, -29.785725], [-51.1399989, -29.7857029]]}}, {"type": "Feature", "properties": {"highway": "residential", "name": "Rua dos Pampas", "osm_id": 39007786, "osm_type": "way"}, "geometry": {"type": "LineString", "coordinates": [[-51.160385, -29.7379121], [-51.1588596, -29.7366911], [-51.158292, -29.736217], [-51.1577875, -29.7357972], [-51.1572799, -29.7353717], [-51.1567625, -29.7349368], [-51.1560305, -29.7342906], [-51.1559262, -29.7341728]]}}, {"type": "Feature", "properties": {"alt_name": "Avenida Atalibio Taurino de Rezende;Avenida Atalibio Rezende", "highway": "secondary", "maxheight": "default", "name": "Avenida Coronel Atalíbio Taurino de Rezende", "oneway": "yes", "source": "Bing; IBGE", "osm_id": 39007794, "osm_type": "way"}, "geometry": {"type": "LineString", "coordinates": [[-51.1513777, -29.7442782], [-51.1515811, -29.744148], [-51.1520307, -29.7439651], [-51.1528526, -29.7436673], [-51.1529339, -29.7436379], [-51.1536277, -29.7434099], [-51.1543941, -29.7431371], [-51.1554378, -29.7427358], [-51.155587, -29.7426964], [-51.1558091, -29.7426519]]}}, {"type": "Feature", "properties": {"alt_name": "Rua Catulo da Paixão Cearense", "highway": "residential", "name": "Rua Catulo Cearense", "osm_id": 39007795, "osm_type": "way"}, "geometry": {"type": "LineString", "coordinates": [[-51.1612914, -29.7406154], [-51.1592852, -29.7389219], [-51.1581843, -29.7379921], [-51.1578065, -29.7376688], [-51.1568948, -29.7368911], [-51.1566687, -29.7366981], [-51.1556593, -29.7357799]]}}, {"type": "Feature", "properties": {"highway": "residential", "lit": "yes", "name": "Rua Rio dos Sinos", "postal_code": "93120-080", "surface": "asphalt", "osm_id": 39007799, "osm_type": "way"}, "geometry": {"type": "LineString", "coordinates": [[-51.1519465, -29.7338343], [-51.1515913, -29.7338382], [-51.1508758, -29.7338555]]}}, {"type": "Feature", "properties": {"alt_name": "Rua Presidente Lucena", "highway": "residential", "name": "Rua Balduíno Rambo", "osm_id": 39007800, "osm_type": "way"}, "geometry": {"type": "LineString", "coordinates": [[-51.1514658, -29.7328153], [-51.1515913, -29.7338382], [-51.1516523, -29.7341752]]}}, {"type": "Feature", "properties": {"highway": "tertiary", "name": "Rua Leopoldo Albino Scherer", "oneway": "yes", "osm_id": 39007805, "osm_type": "way"}, "geometry": {"type": "LineString", "coordinates": [[-51.160275, -29.7308737], [-51.160039, -29.7310635], [-51.1599197, -29.7311567], [-51.1591056, -29.7318221], [-51.1589172, -29.7319661], [-51.15847, -29.732336], [-51.1583475, -29.732436], [-51.1580745, -29.7326591], [-51.1576522, -29.733004], [-51.1570628, -29.733492], [-51.1565356, -29.7338738], [-51.1560305, -29.7342906]]}}, {"type": "Feature", "properties": {"highway": "residential", "name": "Rua Caramuru", "osm_id": 39008192, "osm_type": "way"}, "geometry": {"type": "LineString", "coordinates": [[-51.1579279, -29.7460576], [-51.1564631, -29.7450972], [-51.1560515, -29.7444468], [-51.1547341, -29.7435516], [-51.1546768, -29.743487]]}}, {"type": "Feature", "properties": {"highway": "secondary", "name": "Avenida Tomaz Edison", "oneway": "yes", "osm_id": 39008195, "osm_type": "way"}, "geometry": {"type": "LineString", "coordinates": [[-51.1558379, -29.7426424], [-51.1556768, -29.7419764], [-51.1555066, -29.7409184], [-51.1554206, -29.7403414], [-51.1553775, -29.7399702], [-51.1553277, -29.7395888], [-51.155294, -29.7393304], [-51.1552726, -29.739211], [-51.1552097, -29.7388284], [-51.1551116, -29.7381393], [-51.154994, -29.7372375], [-51.1548856, -29.7365835], [-51.1547659, -29.735915], [-51.1546946, -29.7353308], [-51.1547016, -29.7352269], [-51.1547526, -29.7346199], [-51.1547967, -29.7341846]]}}, {"type": "Feature", "properties": {"alt_name": "Avenida Março Polo", "highway": "residential", "name": "Rua Março Polo", "source": "IBGE", "osm_id": 39358091, "osm_type": "way"}, "geometry": {"type": "LineString", "coordinates": [[-51.1500992, -29.739398], [-51.149323, -29.7394617], [-51.1486077, -29.739522]]}}, {"type": "Feature", "properties": {"highway": "residential", "name": "Rua Paraná", "osm_id": 39405268, "osm_type": "way"}, "geometry": {"type": "LineString", "coordinates": [[-51.1517603, -29.7341817], [-51.1518736, -29.7355328], [-51.1520134, -29.7367978], [-51.1521223, -29.737939], [-51.1522303, -29.7389835], [-51.1523519, -29.7400833]]}}, {"type": "Feature", "properties": {"highway": "residential", "name": "Rua João Pessoa", "osm_id": 39405278, "osm_type": "way"}, "geometry": {"type": "LineString", "coordinates": [[-51.1505993, -29.7391055], [-51.1514221, -29.7390509], [-51.1522303, -29.7389835], [-51.1530303, -29.7389207]]}}, {"type": "Feature", "properties": {"highway": "residential", "name": "Rua Iguassu", "osm_id": 39405279, "osm_type": "way"}, "geometry": {"type": "LineString", "coordinates": [[-51.1530795, -29.7394458], [-51.1538551, -29.739001], [-51.154052, -29.7389023], [-51.1544945, -29.7386116]]}}, {"type": "Feature", "properties": {"highway": "residential", "name": "Rua Niterói", "osm_id": 39405284, "osm_type": "way"}, "geometry": {"type": "LineString", "coordinates": [[-51.1524497, -29.733298], [-51.1525368, -29.7341412], [-51.1526738, -29.735468], [-51.1528056, -29.7367278], [-51.1529345, -29.7379933], [-51.1530303, -29.7389207], [-51.1530795, -29.7394458], [-51.1531277, -29.7400095], [-51.1532558, -29.7411045], [-51.153348, -29.7420393], [-51.1534552, -29.7430361], [-51.1536277, -29.7434099]]}}, {"type": "Feature", "properties": {"highway": "residential", "maxheight": "default", "name": "Rua Alagoas", "osm_id": 39405285, "osm_type": "way"}, "geometry": {"type": "LineString", "coordinates": [[-51.1550759, -29.7365631], [-51.1548856, -29.7365835], [-51.1536188, -29.7366739], [-51.1528056, -29.7367278], [-51.1520134, -29.7367978], [-51.1512075, -29.7368525], [-51.1503992, -29.7368822]]}}, {"type": "Feature", "properties": {"alt_name": "Avenida Tomaz Edison", "highway": "residential", "name": "Rua Onofre Pires", "osm_id": 39405286, "osm_type": "way"}, "geometry": {"type": "LineString", "coordinates": [[-51.1535649, -29.7360151], [-51.1547659, -29.735915]]}}, {"type": "Feature", "properties": {"highway": "residential", "name": "Rua Diamantina", "osm_id": 39405288, "osm_type": "way"}, "geometry": {"type": "LineString", "coordinates": [[-51.1537112, -29.7373368], [-51.154994, -29.7372375]]}}, {"type": "Feature", "properties": {"highway": "residential", "name": "Rua Iguassu", "osm_id": 39405293, "osm_type": "way"}, "geometry": {"type": "LineString", "coordinates": [[-51.1543519, -29.7380789], [-51.1543914, -29.738481]]}}, {"type": "Feature", "properties": {"highway": "residential", "name": "Rua Belo Horizonte", "osm_id": 39405294, "osm_type": "way"}, "geometry": {"type": "LineString", "coordinates": [[-51.152538, -29.7420979], [-51.153348, -29.7420393], [-51.1541648, -29.7419825], [-51.1545003, -29.7419409]]}}, {"type": "Feature", "properties": {"highway": "tertiary", "name": "Rua Ceará", "osm_id": 39405296, "osm_type": "way"}, "geometry": {"type": "LineString", "coordinates": [[-51.1505396, -29.7380468], [-51.1513101, -29.7379803], [-51.1521223, -29.737939], [-51.1529345, -29.7379933], [-51.1537671, -29.7380355], [-51.1543519, -29.7380789], [-51.1551116, -29.7381393], [-51.1552798, -29.7381379]]}}, {"type": "Feature", "properties": {"highway": "residential", "name": "Rua Bahia", "osm_id": 39405305, "osm_type": "way"}, "geometry": {"type": "LineString", "coordinates": [[-51.1533923, -29.7340565], [-51.1525368, -29.7341412], [-51.1517603, -29.7341817], [-51.1516523, -29.7341752]]}}, {"type": "Feature", "properties": {"highway": "residential", "maxheight": "default", "name": "Rua Sergipe", "osm_id": 39405306, "osm_type": "way"}, "geometry": {"type": "LineString", "coordinates": [[-51.1548675, -29.7353158], [-51.1546946, -29.7353308], [-51.1535127, -29.7354145], [-51.1526738, -29.735468], [-51.1518736, -29.7355328], [-51.1510609, -29.7355988], [-51.1502703, -29.7356837]]}}, {"type": "Feature", "properties": {"highway": "residential", "name": "Rua Olinda", "osm_id": 39405307, "osm_type": "way"}, "geometry": {"type": "LineString", "coordinates": [[-51.1534485, -29.7347107], [-51.1547526, -29.7346199]]}}, {"type": "Feature", "properties": {"highway": "secondary", "maxheight": "default", "maxspeed": "60", "name": "Avenida Senador Salgado Filho", "oneway": "yes", "source:maxspeed": "implicit", "surface": "asphalt", "osm_id": 39405308, "osm_type": "way"}, "geometry": {"type": "LineString", "coordinates": [[-51.1511049, -29.7435066], [-51.1512735, -29.7438939], [-51.1513543, -29.7442655]]}}, {"type": "Feature", "properties": {"highway": "residential", "name": "Rua Espírito Santo", "osm_id": 39405309, "osm_type": "way"}, "geometry": {"type": "LineString", "coordinates": [[-51.1532277, -29.7323809], [-51.1533279, -29.7333764], [-51.1533923, -29.7340565], [-51.1534485, -29.7347107], [-51.1535127, -29.7354145], [-51.1535649, -29.7360151], [-51.1536188, -29.7366739], [-51.1537112, -29.7373368], [-51.1537671, -29.7380355], [-51.1538551, -29.739001], [-51.1539516, -29.7399563], [-51.1540615, -29.7410387], [-51.1541387, -29.7416764], [-51.1541648, -29.7419825], [-51.1542481, -29.7428322], [-51.1543941, -29.7431371]]}}, {"type": "Feature", "properties": {"highway": "residential", "maxheight": "default", "name": "Rua Belém", "osm_id": 39405310, "osm_type": "way"}, "geometry": {"type": "LineString", "coordinates": [[-51.1506992, -29.7402081], [-51.1515284, -29.7401505], [-51.1523519, -29.7400833], [-51.1531277, -29.7400095], [-51.1539516, -29.7399563], [-51.1546702, -29.7398921], [-51.155171, -29.7398479]]}}, {"type": "Feature", "properties": {"highway": "residential", "maxheight": "default", "name": "Rua Maceió", "osm_id": 39405311, "osm_type": "way"}, "geometry": {"type": "LineString", "coordinates": [[-51.1508129, -29.7412858], [-51.1509947, -29.7412747], [-51.1516506, -29.7412347], [-51.1524563, -29.7411685], [-51.1532558, -29.7411045], [-51.1540615, -29.7410387], [-51.1547671, -29.7409871], [-51.1555066, -29.7409184]]}}, {"type": "Feature", "properties": {"highway": "residential", "name": "Rua Brasília", "osm_id": 39405313, "osm_type": "way"}, "geometry": {"type": "LineString", "coordinates": [[-51.1541387, -29.7416764], [-51.1545003, -29.7419409], [-51.1554378, -29.7427358]]}}, {"type": "Feature", "properties": {"highway": "residential", "name": "Rua Santa Catarina", "osm_id": 39405317, "osm_type": "way"}, "geometry": {"type": "LineString", "coordinates": [[-51.1507754, -29.7328701], [-51.1508758, -29.7338555], [-51.1509908, -29.7349289], [-51.1510609, -29.7355988], [-51.1512075, -29.7368525], [-51.1513101, -29.7379803], [-51.1514221, -29.7390509], [-51.1515284, -29.7401505], [-51.1516506, -29.7412347], [-51.1517442, -29.7421289], [-51.1518517, -29.7431565], [-51.1519042, -29.7436582], [-51.1520307, -29.7439651]]}}, {"type": "Feature", "properties": {"alt_name": "Rua Iguassu", "highway": "residential", "name": "Rua Lobo da Costa", "osm_id": 39405319, "osm_type": "way"}, "geometry": {"type": "LineString", "coordinates": [[-51.154052, -29.7389023], [-51.155171, -29.7398479], [-51.1553775, -29.7399702], [-51.1555832, -29.739959]]}}, {"type": "Feature", "properties": {"highway": "secondary", "lanes": "2", "lit": "yes", "maxheight": "default", "maxspeed": "60", "name": "Avenida Senador Salgado Filho", "oneway": "yes", "postal_code": "93120-000", "source:maxspeed": "implicit", "surface": "asphalt", "osm_id": 39405324, "osm_type": "way"}, "geometry": {"type": "LineString", "coordinates": [[-51.1503992, -29.7368822], [-51.1505396, -29.7380468], [-51.1505993, -29.7391055], [-51.1506297, -29.7394254], [-51.1506992, -29.7402081]]}}, {"type": "Feature", "properties": {"highway": "service", "oneway": "no", "service": "driveway", "surface": "asphalt", "osm_id": 39405326, "osm_type": "way"}, "geometry": {"type": "LineString", "coordinates": [[-51.1511049, -29.7435066], [-51.1511379, -29.744133]]}}, {"type": "Feature", "properties": {"alt_name": "Rua João Batista de Freitas", "highway": "residential", "name": "Rua João Batista M. Freitas", "osm_id": 39405328, "osm_type": "way"}, "geometry": {"type": "LineString", "coordinates": [[-51.1582519, -29.7417254], [-51.157179, -29.7408482], [-51.1566826, -29.7404424], [-51.155692, -29.7396326], [-51.1556315, -29.7395814], [-51.1555217, -29.7395675]]}}, {"type": "Feature", "properties": {"alt_name": "Rua Raul Bocaneira", "highway": "residential", "name": "Rua Guilherme Müller", "osm_id": 39405330, "osm_type": "way"}, "geometry": {"type": "LineString", "coordinates": [[-51.1552097, -29.7388284], [-51.155389, -29.7388123], [-51.155486, -29.7388297], [-51.1555785, -29.7388798], [-51.1560689, -29.7392822]]}}, {"type": "Feature", "properties": {"highway": "residential", "name": "Rua Reinaldo Koling", "osm_id": 39405331, "osm_type": "way"}, "geometry": {"type": "LineString", "coordinates": [[-51.1612581, -29.7371233], [-51.160897, -29.7374477], [-51.160385, -29.7379121], [-51.1598324, -29.7384215], [-51.1592852, -29.7389219], [-51.1587328, -29.7394376], [-51.1581187, -29.7399888], [-51.1575562, -29.7405032], [-51.157179, -29.7408482], [-51.1568559, -29.7411438], [-51.1567978, -29.7411969], [-51.1565847, -29.7413918], [-51.1563448, -29.7416112], [-51.15589, -29.7420052]]}}, {"type": "Feature", "properties": {"alt_name": "Rua Raul Bocaneira", "highway": "residential", "name": "Rua Raul Bocanera", "osm_id": 39405336, "osm_type": "way"}, "geometry": {"type": "LineString", "coordinates": [[-51.159906, -29.7357197], [-51.1596742, -29.7359348], [-51.1593789, -29.736209], [-51.1588596, -29.7366911], [-51.1583339, -29.7371792], [-51.1578065, -29.7376688], [-51.1572066, -29.7381776], [-51.1566454, -29.7387384], [-51.1560689, -29.7392822], [-51.155692, -29.7396326]]}}, {"type": "Feature", "properties": {"highway": "residential", "name": "Rua Arthur Frederico Kelsch", "osm_id": 39405340, "osm_type": "way"}, "geometry": {"type": "LineString", "coordinates": [[-51.1602691, -29.7344054], [-51.1606849, -29.7348557], [-51.1615846, -29.7358301], [-51.1632434, -29.7376265], [-51.1638064, -29.7382362]]}}, {"type": "Feature", "properties": {"alt_name": "Rua Pio Onze; Rua Pio 11", "highway": "residential", "name": "Rua Pio XI", "osm_id": 39405342, "osm_type": "way"}, "geometry": {"type": "LineString", "coordinates": [[-51.1596742, -29.7359348], [-51.1591727, -29.7354736], [-51.158706, -29.7350265], [-51.1582553, -29.7345933], [-51.1577913, -29.7341484], [-51.1570628, -29.733492], [-51.1569504, -29.733369], [-51.1564715, -29.7328998], [-51.1551987, -29.7316943]]}}, {"type": "Feature", "properties": {"highway": "residential", "name": "Rua Ary Eugênio Sturmer", "osm_id": 39405343, "osm_type": "way"}, "geometry": {"type": "LineString", "coordinates": [[-51.158706, -29.7350265], [-51.1577875, -29.7357972], [-51.1572263, -29.7362491], [-51.1566687, -29.7366981]]}}, {"type": "Feature", "properties": {"alt_name": "Travessa Remanso", "highway": "residential", "name": "Travessa do Remanso", "osm_id": 39405344, "osm_type": "way"}, "geometry": {"type": "LineString", "coordinates": [[-51.159685, -29.73508], [-51.1591727, -29.7354736]]}}, {"type": "Feature", "properties": {"alt_name": "Rua Augusto César da Silva", "highway": "residential", "name": "Rua Coronel Augusto César da Silva", "osm_id": 39405345, "osm_type": "way"}, "geometry": {"type": "LineString", "coordinates": [[-51.1607018, -29.7339099], [-51.1612276, -29.7344671], [-51.1621453, -29.7354394], [-51.1631996, -29.7365565], [-51.1638269, -29.7372211], [-51.1644061, -29.7378348], [-51.1649203, -29.7383796], [-51.1650452, -29.7385119]]}}, {"type": "Feature", "properties": {"highway": "residential", "name": "Rua Major Cassiano Pacheco de Assis", "osm_id": 39405346, "osm_type": "way"}, "geometry": {"type": "LineString", "coordinates": [[-51.1648818, -29.7364442], [-51.1643421, -29.7368419], [-51.1638269, -29.7372211], [-51.1632434, -29.7376265]]}}, {"type": "Feature", "properties": {"highway": "residential", "lanes": "2", "name": "Rua Álvaro Santos", "oneway": "no", "parking:both": "yes", "parking:both:fee": "no", "parking:both:orientation": "parallel", "source": "IBGE", "source:name": "survey", "surface": "sett", "osm_id": 39405655, "osm_type": "way"}, "geometry": {"type": "LineString", "coordinates": [[-51.1478629, -29.7392462], [-51.1477017, -29.7401047], [-51.1475481, -29.7409944], [-51.1473122, -29.742424], [-51.147029, -29.7439423], [-51.1469331, -29.7445659], [-51.1469054, -29.7447479], [-51.1468253, -29.7452745]]}}, {"type": "Feature", "properties": {"highway": "tertiary", "name": "Rua Alexandre Fleming", "source": "Bing", "osm_id": 39405661, "osm_type": "way"}, "geometry": {"type": "LineString", "coordinates": [[-51.1456463, -29.7336791], [-51.1449945, -29.7336296], [-51.1441321, -29.7335721], [-51.1437727, -29.7336807], [-51.1424274, -29.7340947]]}}, {"type": "Feature", "properties": {"highway": "tertiary", "name": "Avenida Arnaldo Pereira da Silva", "oneway": "yes", "osm_id": 39405663, "osm_type": "way"}, "geometry": {"type": "LineString", "coordinates": [[-51.1475591, -29.7457316], [-51.1475855, -29.7457854], [-51.1476282, -29.7458679], [-51.1476999, -29.7459807]]}}, {"type": "Feature", "properties": {"highway": "secondary", "name": "Rua Doutor Hillebrand", "oneway": "yes", "osm_id": 39405665, "osm_type": "way"}, "geometry": {"type": "LineString", "coordinates": [[-51.1474131, -29.7466201], [-51.147393, -29.7464119], [-51.1475007, -29.7461029]]}}, {"type": "Feature", "properties": {"alt_name": "Avenida Atalíbio Taurino de Rezende", "highway": "secondary", "maxheight": "default", "name": "Avenida Coronel Atalíbio Taurino de Rezende", "oneway": "yes", "source": "Bing; IBGE", "osm_id": 39405666, "osm_type": "way"}, "geometry": {"type": "LineString", "coordinates": [[-51.1496661, -29.7450312], [-51.1498203, -29.7449579], [-51.1499639, -29.7448923], [-51.1502581, -29.7447845]]}}, {"type": "Feature", "properties": {"highway": "secondary", "name": "Rua Doutor Hillebrand", "oneway": "yes", "osm_id": 39405669, "osm_type": "way"}, "geometry": {"type": "LineString", "coordinates": [[-51.1476459, -29.746226], [-51.1474827, -29.7464005], [-51.1474131, -29.7466201]]}}, {"type": "Feature", "properties": {"alt_name": "Rua São Joaquim", "bridge": "yes", "highway": "tertiary", "lanes": "2", "layer": "1", "maxheight": "default", "name": "Ponte Henrique Luiz Roessler", "oneway": "no", "source": "Bing; survey", "surface": "asphalt", "osm_id": 39405674, "osm_type": "way"}, "geometry": {"type": "LineString", "coordinates": [[-51.1455771, -29.7595514], [-51.1457305, -29.7590054], [-51.1458748, -29.758626], [-51.1460341, -29.758237]]}}, {"type": "Feature", "properties": {"highway": "tertiary", "lanes": "2", "maxheight": "default", "maxspeed:forward": "40", "name": "Rua Doutor Hillebrand", "oneway": "no", "source": "Bing; survey", "surface": "asphalt", "osm_id": 39405676, "osm_type": "way"}, "geometry": {"type": "LineString", "coordinates": [[-51.1465898, -29.7569521], [-51.1468467, -29.7564985], [-51.1469795, -29.7562206], [-51.1470699, -29.7558529], [-51.1472318, -29.7550542], [-51.1473515, -29.7546165], [-51.1473611, -29.7545595], [-51.147413, -29.754224], [-51.1474574, -29.7539099], [-51.1475394, -29.7532709], [-51.1476177, -29.7521087], [-51.1476378, -29.7511003], [-51.1476293, -29.7507757], [-51.1476116, -29.7503737], [-51.1475351, -29.7496071], [-51.1475329, -29.7494987]]}}, {"type": "Feature", "properties": {"alt_name": "Avenida Atalíbio Taurino de Rezende", "highway": "secondary", "name": "Avenida Coronel Atalíbio Taurino de Rezende", "oneway": "yes", "source": "Bing; IBGE", "osm_id": 39405677, "osm_type": "way"}, "geometry": {"type": "LineString", "coordinates": [[-51.1477148, -29.7459878], [-51.1479089, -29.7459244], [-51.1491984, -29.745269], [-51.1496661, -29.7450312]]}}, {"type": "Feature", "properties": {"highway": "secondary", "junction": "roundabout", "oneway": "yes", "osm_id": 39405684, "osm_type": "way"}, "geometry": {"type": "LineString", "coordinates": [[-51.1476459, -29.746226], [-51.1475919, -29.7462157], [-51.1475534, -29.7461943], [-51.1475222, -29.7461597], [-51.1475007, -29.7461029], [-51.1475027, -29.7460747], [-51.1475238, -29.7460395], [-51.1475556, -29.7460059], [-51.1476128, -29.7459799], [-51.1476627, -29.7459764], [-51.1476999, -29.7459807]]}}, {"type": "Feature", "properties": {"highway": "secondary", "maxheight": "4.1", "name": "Avenida Coronel Atalíbio Taurino de Rezende", "oneway": "yes", "source": "Bing; IBGE", "surface": "asphalt", "osm_id": 39896683, "osm_type": "way"}, "geometry": {"type": "LineString", "coordinates": [[-51.1510306, -29.7444745], [-51.1511427, -29.7443872]]}}, {"type": "Feature", "properties": {"highway": "secondary", "maxheight": "4.1", "name": "Avenida Coronel Atalíbio Taurino de Rezende", "oneway": "yes", "source": "Bing; IBGE", "surface": "asphalt", "osm_id": 39896685, "osm_type": "way"}, "geometry": {"type": "LineString", "coordinates": [[-51.1510179, -29.744582], [-51.150587, -29.7447556]]}}, {"type": "Feature", "properties": {"highway": "secondary", "maxheight": "default", "name": "Avenida Coronel Atalíbio Taurino de Rezende", "oneway": "yes", "source": "Bing; IBGE", "surface": "asphalt", "osm_id": 39896686, "osm_type": "way"}, "geometry": {"type": "LineString", "coordinates": [[-51.151219, -29.7445095], [-51.1510179, -29.744582]]}}, {"type": "Feature", "properties": {"highway": "residential", "name": "Rua Emílio C. Buhler", "osm_id": 40444787, "osm_type": "way"}, "geometry": {"type": "LineString", "coordinates": [[-51.1596428, -29.7326629], [-51.1587601, -29.7333711], [-51.1577913, -29.7341484], [-51.1572235, -29.7345728], [-51.1567625, -29.7349368], [-51.1562077, -29.7353847], [-51.1557296, -29.7357522], [-51.1556593, -29.7357799]]}}, {"type": "Feature", "properties": {"highway": "residential", "name": "Rua Tupã", "osm_id": 40444788, "osm_type": "way"}, "geometry": {"type": "LineString", "coordinates": [[-51.1562077, -29.7353847], [-51.1572263, -29.7362491], [-51.1579985, -29.7369022]]}}, {"type": "Feature", "properties": {"highway": "residential", "name": "Rua das Cerejeiras", "osm_id": 40444796, "osm_type": "way"}, "geometry": {"type": "LineString", "coordinates": [[-51.1557296, -29.7357522], [-51.155641, -29.7352769], [-51.1557472, -29.734273], [-51.1557563, -29.734163], [-51.1558613, -29.7330944]]}}, {"type": "Feature", "properties": {"highway": "residential", "name": "Rua Alcides Maia", "osm_id": 41741064, "osm_type": "way"}, "geometry": {"type": "LineString", "coordinates": [[-51.1490777, -29.7472193], [-51.1495339, -29.7475211], [-51.1500447, -29.7478858], [-51.1501005, -29.7479717], [-51.1501497, -29.7486622], [-51.150232, -29.749365]]}}, {"type": "Feature", "properties": {"highway": "residential", "name": "Rua Ipê", "osm_id": 41741065, "osm_type": "way"}, "geometry": {"type": "LineString", "coordinates": [[-51.1473991, -29.7468704], [-51.148001, -29.7469196], [-51.1484073, -29.7469577], [-51.1492227, -29.7470327]]}}, {"type": "Feature", "properties": {"alt_name": "Rua Fernando Abott", "highway": "residential", "name": "Rua Fernando Abbott", "osm_id": 41741066, "osm_type": "way"}, "geometry": {"type": "LineString", "coordinates": [[-51.1484073, -29.7469577], [-51.1498278, -29.7452675], [-51.1499085, -29.7451958], [-51.1503612, -29.7450086]]}}, {"type": "Feature", "properties": {"highway": "residential", "name": "Rua Fernando Ferrari", "osm_id": 41741067, "osm_type": "way"}, "geometry": {"type": "LineString", "coordinates": [[-51.148455, -29.7487258], [-51.1495339, -29.7475211], [-51.15075, -29.7461371]]}}, {"type": "Feature", "properties": {"highway": "residential", "maxheight": "default", "name": "Rua Demétrio Ribeiro", "osm_id": 41741069, "osm_type": "way"}, "geometry": {"type": "LineString", "coordinates": [[-51.1486589, -29.7494429], [-51.1490157, -29.7490548], [-51.1493359, -29.7486799], [-51.1500447, -29.7478858], [-51.1505372, -29.7473098], [-51.1508154, -29.7469844]]}}, {"type": "Feature", "properties": {"highway": "secondary", "maxheight": "default", "maxspeed": "60", "name": "Avenida Caxias do Sul", "oneway": "yes", "source:maxspeed": "implicit", "osm_id": 41741071, "osm_type": "way"}, "geometry": {"type": "LineString", "coordinates": [[-51.1508618, -29.7498359], [-51.150932, -29.749656], [-51.1510445, -29.7493295]]}}, {"type": "Feature", "properties": {"alt_name": "Rua Sete de Abril", "highway": "residential", "lanes": "2", "name": "Rua 7 de Abril", "oneway": "no", "parking:both": "yes", "parking:both:fee": "no", "parking:both:orientation": "parallel", "source": "survey;Bing", "source:name": "survey", "surface": "asphalt", "osm_id": 41741072, "osm_type": "way"}, "geometry": {"type": "LineString", "coordinates": [[-51.1490157, -29.7490548], [-51.1490326, -29.7494244], [-51.1490741, -29.7502803]]}}, {"type": "Feature", "properties": {"highway": "residential", "name": "Rua Barão do Triunfo", "osm_id": 41741076, "osm_type": "way"}, "geometry": {"type": "LineString", "coordinates": [[-51.1476857, -29.7487645], [-51.1490777, -29.7472193], [-51.1492227, -29.7470327], [-51.1506161, -29.7455173]]}}, {"type": "Feature", "properties": {"alt_name": "Rua Girassois", "highway": "residential", "name": "Rua dos Girassóis", "osm_id": 41741081, "osm_type": "way"}, "geometry": {"type": "LineString", "coordinates": [[-51.1335121, -29.740266], [-51.1355059, -29.7415775], [-51.1363723, -29.7421536], [-51.1367163, -29.7423608], [-51.1370684, -29.7425357], [-51.1373404, -29.7426938]]}}, {"type": "Feature", "properties": {"alt_name": "Rua Melissas", "highway": "residential", "name": "Rua das Melissas", "osm_id": 41741082, "osm_type": "way"}, "geometry": {"type": "LineString", "coordinates": [[-51.1357954, -29.7412401], [-51.1366804, -29.7418027], [-51.1375865, -29.7424059]]}}, {"type": "Feature", "properties": {"highway": "residential", "name": "Rua Q", "osm_id": 41741083, "osm_type": "way"}, "geometry": {"type": "LineString", "coordinates": [[-51.134623, -29.7425854], [-51.1354819, -29.7431593], [-51.1364052, -29.7437877]]}}, {"type": "Feature", "properties": {"alt_name": "Rua Oito", "highway": "residential", "name": "Rua 8", "osm_id": 41741084, "osm_type": "way"}, "geometry": {"type": "LineString", "coordinates": [[-51.1352157, -29.7419135], [-51.1361007, -29.7424654], [-51.1367218, -29.7427816], [-51.1369371, -29.742861], [-51.1371106, -29.7429626]]}}, {"type": "Feature", "properties": {"alt_name": "Rua Alamandas; Rua Alamadas; Rua 25; Rua Vinte e Cinco", "highway": "residential", "name": "Rua das Alamandas", "osm_id": 41741086, "osm_type": "way"}, "geometry": {"type": "LineString", "coordinates": [[-51.1315517, -29.7448878], [-51.132225, -29.7453403], [-51.133225, -29.7460429]]}}, {"type": "Feature", "properties": {"alt_name": "Rua Vinte e Seis; Rua 26", "highway": "residential", "name": "Rua Eduardo M. de Oliveira", "osm_id": 41741087, "osm_type": "way"}, "geometry": {"type": "LineString", "coordinates": [[-51.1318871, -29.7457163], [-51.1328302, -29.7465302], [-51.1331621, -29.7468582], [-51.1335405, -29.7471388]]}}, {"type": "Feature", "properties": {"highway": "residential", "name": "Rua das Açucenas", "osm_id": 41741089, "osm_type": "way"}, "geometry": {"type": "LineString", "coordinates": [[-51.1324686, -29.7433573], [-51.1334095, -29.7439778], [-51.1343761, -29.7446152], [-51.1352214, -29.7451725]]}}, {"type": "Feature", "properties": {"alt_name": "Rua 4; Rua Quatro", "highway": "residential", "name": "Rua Porto Xavier", "osm_id": 41741090, "osm_type": "way"}, "geometry": {"type": "LineString", "coordinates": [[-51.1319631, -29.74197], [-51.1330558, -29.7426753]]}}, {"type": "Feature", "properties": {"alt_name": "Rua Cinco; Rua 5", "highway": "residential", "name": "Rua Alecrim", "osm_id": 41741091, "osm_type": "way"}, "geometry": {"type": "LineString", "coordinates": [[-51.1322355, -29.7416559], [-51.1329336, -29.742101], [-51.1333318, -29.7423549]]}}, {"type": "Feature", "properties": {"alt_name": "Rua 3; Rua Três", "highway": "residential", "name": "Rua São Martinho", "osm_id": 41741092, "osm_type": "way"}, "geometry": {"type": "LineString", "coordinates": [[-51.1316702, -29.742305], [-51.1327705, -29.7430061]]}}, {"type": "Feature", "properties": {"alt_name": "Rua Iponeias", "highway": "residential", "name": "Rua das Iponéias", "osm_id": 41741093, "osm_type": "way"}, "geometry": {"type": "LineString", "coordinates": [[-51.1325684, -29.7412898], [-51.1332717, -29.7417609], [-51.1345631, -29.7426541]]}}, {"type": "Feature", "properties": {"alt_name": "Rua Ibiscos", "highway": "residential", "name": "Rua dos Hibiscos", "osm_id": 41741094, "osm_type": "way"}, "geometry": {"type": "LineString", "coordinates": [[-51.1330111, -29.7408234], [-51.1333756, -29.7410594], [-51.1350366, -29.7421108]]}}, {"type": "Feature", "properties": {"alt_name": "Rua Brinco de Princesa", "highway": "residential", "name": "Rua do Brinco de Princesa", "osm_id": 41741095, "osm_type": "way"}, "geometry": {"type": "LineString", "coordinates": [[-51.1318612, -29.744042], [-51.1328081, -29.7446678], [-51.1338072, -29.745317], [-51.134637, -29.7458562]]}}, {"type": "Feature", "properties": {"alt_name": "Rua Peônias; Rua T", "highway": "residential", "name": "Rua das Peônias", "osm_id": 41741096, "osm_type": "way"}, "geometry": {"type": "LineString", "coordinates": [[-51.1315856, -29.7443823], [-51.1325202, -29.7449982], [-51.1335267, -29.7456616]]}}, {"type": "Feature", "properties": {"highway": "residential", "name": "Rua Leopoldo Freire Pinto", "osm_id": 41741097, "osm_type": "way"}, "geometry": {"type": "LineString", "coordinates": [[-51.1446122, -29.7533873], [-51.1448203, -29.75353], [-51.1454718, -29.7536451], [-51.1463846, -29.7537626], [-51.1474574, -29.7539099]]}}, {"type": "Feature", "properties": {"highway": "residential", "name": "Rua Assembléia Provincial", "surface": "asphalt", "osm_id": 41741099, "osm_type": "way"}, "geometry": {"type": "LineString", "coordinates": [[-51.1513554, -29.7527097], [-51.1510821, -29.7526542], [-51.1502585, -29.7524788], [-51.1501609, -29.752452], [-51.149204, -29.7522549], [-51.148474, -29.752174], [-51.1476177, -29.7521087]]}}, {"type": "Feature", "properties": {"alt_name": "Rua Dálias", "highway": "residential", "name": "Rua das Dálias", "osm_id": 41741102, "osm_type": "way"}, "geometry": {"type": "LineString", "coordinates": [[-51.1321827, -29.7436891], [-51.1331234, -29.744306], [-51.1341045, -29.7449495], [-51.1349425, -29.7454988]]}}, {"type": "Feature", "properties": {"highway": "residential", "name": "Rua Arambaré", "osm_id": 41741105, "osm_type": "way"}, "geometry": {"type": "LineString", "coordinates": [[-51.1442869, -29.7481758], [-51.1443845, -29.7496565], [-51.1444686, -29.7512355], [-51.144441, -29.7516033], [-51.1443694, -29.7518692], [-51.1442298, -29.7521839], [-51.1439736, -29.7525023], [-51.1429132, -29.7535881], [-51.1420636, -29.7544514], [-51.1418417, -29.7547512]]}}, {"type": "Feature", "properties": {"highway": "residential", "name": "Rua Capão do Leão", "osm_id": 41741106, "osm_type": "way"}, "geometry": {"type": "LineString", "coordinates": [[-51.1442762, -29.7526874], [-51.1439736, -29.7525023], [-51.1435514, -29.7521953], [-51.1431604, -29.7518769], [-51.1427543, -29.751571]]}}, {"type": "Feature", "properties": {"highway": "residential", "name": "Rua da Estação", "osm_id": 41741108, "osm_type": "way"}, "geometry": {"type": "LineString", "coordinates": [[-51.1508465, -29.7502385], [-51.1507372, -29.750227], [-51.1490741, -29.7502803]]}}, {"type": "Feature", "properties": {"highway": "residential", "name": "Rua Marechal Rondon", "osm_id": 41741109, "osm_type": "way"}, "geometry": {"type": "LineString", "coordinates": [[-51.146512, -29.750417], [-51.1461132, -29.7511853], [-51.1456838, -29.752005], [-51.1453305, -29.7525763], [-51.1448226, -29.7532208], [-51.1446122, -29.7533873]]}}, {"type": "Feature", "properties": {"highway": "residential", "name": "Rua Tavares", "osm_id": 41741110, "osm_type": "way"}, "geometry": {"type": "LineString", "coordinates": [[-51.1437606, -29.7481996], [-51.143829, -29.7496848], [-51.1439399, -29.7512418], [-51.1439088, -29.7516088], [-51.1437735, -29.7519241], [-51.1435514, -29.7521953], [-51.1424959, -29.7532838], [-51.1414172, -29.7543836], [-51.1412618, -29.7545733]]}}, {"type": "Feature", "properties": {"alt_name": "Rua Corticeiras", "highway": "residential", "name": "Rua Corticeira", "osm_id": 41741111, "osm_type": "way"}, "geometry": {"type": "LineString", "coordinates": [[-51.1405448, -29.7473312], [-51.1412431, -29.7472934], [-51.1419799, -29.7472614], [-51.1427262, -29.747229], [-51.143464, -29.7471969], [-51.144213, -29.7471644], [-51.1446619, -29.7471449]]}}, {"type": "Feature", "properties": {"highway": "residential", "name": "Rua Cristal", "osm_id": 41741113, "osm_type": "way"}, "geometry": {"type": "LineString", "coordinates": [[-51.1406767, -29.7544251], [-51.1421044, -29.7529868], [-51.1431604, -29.7518769], [-51.1432793, -29.7517165], [-51.143365, -29.751544], [-51.1434085, -29.7512656], [-51.1432954, -29.7497121], [-51.1432054, -29.7482247]]}}, {"type": "Feature", "properties": {"highway": "residential", "name": "Rua Dom Feliciano", "osm_id": 41741114, "osm_type": "way"}, "geometry": {"type": "LineString", "coordinates": [[-51.140144, -29.7542611], [-51.1416738, -29.7526738], [-51.1427543, -29.751571], [-51.1428024, -29.7514774], [-51.1428716, -29.7512905], [-51.1427653, -29.7497392], [-51.1426687, -29.7482489]]}}, {"type": "Feature", "properties": {"alt_name": "Rua Floresmeiras", "highway": "residential", "name": "Rua Ipê Roxo", "surface": "unpaved", "osm_id": 41741115, "osm_type": "way"}, "geometry": {"type": "LineString", "coordinates": [[-51.1419033, -29.7461804], [-51.1419799, -29.7472614], [-51.1420519, -29.7482767], [-51.1421492, -29.7497706]]}}, {"type": "Feature", "properties": {"highway": "residential", "maxheight": "default", "name": "Rua Dienstmann", "oneway": "no", "surface": "asphalt", "osm_id": 41741116, "osm_type": "way"}, "geometry": {"type": "LineString", "coordinates": [[-51.1506383, -29.750974], [-51.1505511, -29.7509743], [-51.1491484, -29.7510151], [-51.1483872, -29.7510545], [-51.1476378, -29.7511003], [-51.1461132, -29.7511853], [-51.1453359, -29.7512222]]}}, {"type": "Feature", "properties": {"alt_name": "Rua Ipê Amarelo", "highway": "residential", "name": "Rua Ipê Amarelo", "surface": "unpaved", "osm_id": 41741118, "osm_type": "way"}, "geometry": {"type": "LineString", "coordinates": [[-51.143386, -29.7461152], [-51.143464, -29.7471969], [-51.1435516, -29.748209]]}}, {"type": "Feature", "properties": {"highway": "residential", "name": "Rua Vasconcelos Jardim", "oneway": "yes", "osm_id": 41854047, "osm_type": "way"}, "geometry": {"type": "LineString", "coordinates": [[-51.1514822, -29.7479261], [-51.1531983, -29.7482319]]}}, {"type": "Feature", "properties": {"highway": "residential", "name": "Rua Miguel Couto", "osm_id": 41854049, "osm_type": "way"}, "geometry": {"type": "LineString", "coordinates": [[-51.151516, -29.7485046], [-51.1521178, -29.748644], [-51.152717, -29.748803]]}}, {"type": "Feature", "properties": {"highway": "residential", "name": "Rua São Simão", "osm_id": 41854050, "osm_type": "way"}, "geometry": {"type": "LineString", "coordinates": [[-51.1515912, -29.749256], [-51.1521957, -29.7494231]]}}, {"type": "Feature", "properties": {"highway": "residential", "name": "Rua dos Motoristas", "osm_id": 41854052, "osm_type": "way"}, "geometry": {"type": "LineString", "coordinates": [[-51.1557008, -29.7454755], [-51.1563352, -29.7458801], [-51.1569277, -29.7462478]]}}, {"type": "Feature", "properties": {"alt_name": "Rua Manoel Fontoura", "highway": "residential", "name": "Rua Manoel da Fontoura", "osm_id": 41854054, "osm_type": "way"}, "geometry": {"type": "LineString", "coordinates": [[-51.15179, -29.7524886], [-51.152604, -29.7524427], [-51.1534408, -29.7523876], [-51.1538337, -29.7523734], [-51.1542591, -29.7523462], [-51.1548921, -29.7522859], [-51.1550913, -29.7522693], [-51.1553876, -29.7522642]]}}, {"type": "Feature", "properties": {"highway": "residential", "maxheight": "default", "name": "Rua Jacob Blauth Neto", "osm_id": 41854055, "osm_type": "way"}, "geometry": {"type": "LineString", "coordinates": [[-51.1514268, -29.7473934], [-51.1518425, -29.7469342], [-51.1519328, -29.7468345], [-51.1524228, -29.7462408], [-51.1529127, -29.7456799], [-51.1534113, -29.7450939], [-51.153911, -29.7445206], [-51.1547341, -29.7435516]]}}, {"type": "Feature", "properties": {"highway": "residential", "name": "Rua Assis Brasil", "osm_id": 41854056, "osm_type": "way"}, "geometry": {"type": "LineString", "coordinates": [[-51.1547393, -29.7450752], [-51.1560515, -29.7444468]]}}, {"type": "Feature", "properties": {"alt_name": "Rua Seminarista Wendelino Plein", "highway": "residential", "name": "Rua Senador Wendelino Plein", "osm_id": 41854057, "osm_type": "way"}, "geometry": {"type": "LineString", "coordinates": [[-51.1544948, -29.7467374], [-51.1529127, -29.7456799], [-51.1522802, -29.7453025], [-51.151775, -29.7449201]]}}, {"type": "Feature", "properties": {"highway": "residential", "name": "Rua Laguna", "osm_id": 41854058, "osm_type": "way"}, "geometry": {"type": "LineString", "coordinates": [[-51.1549895, -29.7461584], [-51.1534113, -29.7450939]]}}, {"type": "Feature", "properties": {"fixme": "Do this segment really exist?", "highway": "residential", "name": "Rua Formosa", "osm_id": 41854059, "osm_type": "way"}, "geometry": {"type": "LineString", "coordinates": [[-51.1535177, -29.7478644], [-51.1519328, -29.7468345], [-51.1514849, -29.7465316]]}}, {"type": "Feature", "properties": {"alt_name": "Avenida Atalibio Taurino de Rezende", "highway": "secondary", "maxheight": "default", "maxspeed": "60", "name": "Avenida Senador Salgado Filho", "oneway": "yes", "source:maxspeed": "implicit", "osm_id": 41854060, "osm_type": "way"}, "geometry": {"type": "LineString", "coordinates": [[-51.1513993, -29.7444804], [-51.1513547, -29.7450735], [-51.1512985, -29.7452031]]}}, {"type": "Feature", "properties": {"highway": "residential", "name": "Rua Primavera", "osm_id": 41854062, "osm_type": "way"}, "geometry": {"type": "LineString", "coordinates": [[-51.1513011, -29.7453965], [-51.151775, -29.7449201], [-51.1522583, -29.7443728]]}}, {"type": "Feature", "properties": {"highway": "residential", "name": "Rua Guia Lopes", "osm_id": 41854065, "osm_type": "way"}, "geometry": {"type": "LineString", "coordinates": [[-51.1554791, -29.7455833], [-51.1547393, -29.7450752], [-51.153911, -29.7445206], [-51.1533159, -29.7441175], [-51.1531798, -29.744025], [-51.1530124, -29.743865]]}}, {"type": "Feature", "properties": {"highway": "residential", "maxheight": "default", "name": "Rua Antônio Francisco Lisboa", "osm_id": 41854068, "osm_type": "way"}, "geometry": {"type": "LineString", "coordinates": [[-51.1513192, -29.7463636], [-51.1522802, -29.7453025], [-51.1533159, -29.7441175], [-51.1534664, -29.7439305]]}}, {"type": "Feature", "properties": {"highway": "residential", "osm_id": 41854071, "osm_type": "way"}, "geometry": {"type": "LineString", "coordinates": [[-51.1622045, -29.7407376], [-51.1630624, -29.7403977], [-51.163176, -29.7402972], [-51.1632327, -29.7402005], [-51.1632689, -29.7401062], [-51.1632711, -29.7399895]]}}, {"type": "Feature", "properties": {"highway": "residential", "name": "Rua Ivoti", "osm_id": 41854072, "osm_type": "way"}, "geometry": {"type": "LineString", "coordinates": [[-51.1591195, -29.7443745], [-51.1570506, -29.7425931]]}}, {"type": "Feature", "properties": {"highway": "residential", "name": "Rua Theodorico Moutinho", "osm_id": 41854074, "osm_type": "way"}, "geometry": {"type": "LineString", "coordinates": [[-51.1599863, -29.7442019], [-51.1577836, -29.7423245]]}}, {"type": "Feature", "properties": {"highway": "secondary", "lanes": "2", "maxheight": "default", "maxspeed": "60", "oneway": "yes", "source:maxspeed": "implicit", "surface": "asphalt", "osm_id": 41854077, "osm_type": "way"}, "geometry": {"type": "LineString", "coordinates": [[-51.151564, -29.7558971], [-51.1515221, -29.7553966], [-51.1514234, -29.7540325], [-51.1514207, -29.7539316], [-51.1513554, -29.7527097], [-51.1513112, -29.7521225], [-51.1512555, -29.7513055], [-51.1512803, -29.7511227], [-51.1513004, -29.7510717], [-51.1513458, -29.7509568]]}}, {"type": "Feature", "properties": {"highway": "residential", "name": "Rua Quintino Bocaiuva", "osm_id": 41854082, "osm_type": "way"}, "geometry": {"type": "LineString", "coordinates": [[-51.1603496, -29.7427968], [-51.1608886, -29.7422381], [-51.1611477, -29.7419699], [-51.16176, -29.741336]]}}, {"type": "Feature", "properties": {"highway": "residential", "name": "Rua Picada Capivara", "osm_id": 41854083, "osm_type": "way"}, "geometry": {"type": "LineString", "coordinates": [[-51.1608886, -29.7422381], [-51.1615273, -29.7427583], [-51.1621312, -29.7432501]]}}, {"type": "Feature", "properties": {"highway": "residential", "name": "Rua Farroupilha", "osm_id": 41854084, "osm_type": "way"}, "geometry": {"type": "LineString", "coordinates": [[-51.1624245, -29.7417998], [-51.1615273, -29.7427583]]}}, {"type": "Feature", "properties": {"highway": "residential", "name": "Rua Lobo da Costa", "osm_id": 41854086, "osm_type": "way"}, "geometry": {"type": "LineString", "coordinates": [[-51.1577721, -29.7419009], [-51.1568559, -29.7411438]]}}, {"type": "Feature", "properties": {"highway": "residential", "name": "Rua Guaratuba", "osm_id": 41854087, "osm_type": "way"}, "geometry": {"type": "LineString", "coordinates": [[-51.1570119, -29.7421877], [-51.1563448, -29.7416112]]}}, {"type": "Feature", "properties": {"highway": "residential", "name": "Rua Tupã", "osm_id": 41854089, "osm_type": "way"}, "geometry": {"type": "LineString", "coordinates": [[-51.1621036, -29.7403041], [-51.1616309, -29.7399122], [-51.1610773, -29.7394533], [-51.1598324, -29.7384215], [-51.1583339, -29.7371792]]}}, {"type": "Feature", "properties": {"alt_name": "Travessa 1; Travessa Um; Rua Leopoldo A Scherer", "highway": "residential", "name": "Rua Edna Maria Scherer", "osm_id": 41854090, "osm_type": "way"}, "geometry": {"type": "LineString", "coordinates": [[-51.1564265, -29.7337802], [-51.1565356, -29.7338738], [-51.1572235, -29.7345728]]}}, {"type": "Feature", "properties": {"highway": "residential", "name": "Rua Três Portos", "osm_id": 41854092, "osm_type": "way"}, "geometry": {"type": "LineString", "coordinates": [[-51.1652554, -29.7383679], [-51.1660162, -29.738826], [-51.1666924, -29.7392461], [-51.1673687, -29.7395726]]}}, {"type": "Feature", "properties": {"highway": "residential", "name": "Rua Sulina", "osm_id": 41854096, "osm_type": "way"}, "geometry": {"type": "LineString", "coordinates": [[-51.1568948, -29.7368911], [-51.1563132, -29.737437], [-51.1561993, -29.7375098], [-51.1558919, -29.7375623], [-51.1552112, -29.737647]]}}, {"type": "Feature", "properties": {"highway": "residential", "name": "Rua Guaporé", "osm_id": 41854098, "osm_type": "way"}, "geometry": {"type": "LineString", "coordinates": [[-51.1558919, -29.7375623], [-51.1560169, -29.7382039], [-51.1566454, -29.7387384], [-51.1581187, -29.7399888]]}}, {"type": "Feature", "properties": {"highway": "residential", "name": "Rua Europa", "osm_id": 41854099, "osm_type": "way"}, "geometry": {"type": "LineString", "coordinates": [[-51.1605049, -29.7409035], [-51.1587328, -29.7394376], [-51.1572066, -29.7381776], [-51.1563132, -29.737437]]}}, {"type": "Feature", "properties": {"highway": "residential", "maxheight": "default", "name": "Rua Friedrich Albrecht", "osm_id": 41854423, "osm_type": "way"}, "geometry": {"type": "LineString", "coordinates": [[-51.1559559, -29.753399], [-51.1551677, -29.7534987], [-51.1543397, -29.7536257], [-51.1535218, -29.7537422], [-51.1527029, -29.7538439], [-51.1518927, -29.7539328]]}}, {"type": "Feature", "properties": {"alt_name": "Rua Tomaz Edison", "highway": "residential", "name": "Rua Thomaz Edison", "osm_id": 41854424, "osm_type": "way"}, "geometry": {"type": "LineString", "coordinates": [[-51.156723, -29.7478738], [-51.1567327, -29.7479475], [-51.1568187, -29.7487385], [-51.1568324, -29.7488798]]}}, {"type": "Feature", "properties": {"highway": "residential", "name": "Rua Waldemiro da Silva", "osm_id": 41854426, "osm_type": "way"}, "geometry": {"type": "LineString", "coordinates": [[-51.1548921, -29.7522859], [-51.1554249, -29.751676], [-51.1561642, -29.7508272], [-51.1569056, -29.7499554]]}}, {"type": "Feature", "properties": {"alt_name": "Rua Porto Camargo", "highway": "residential", "name": "Rua Vereador Renê Antônio Debastini Girardi", "osm_id": 41854427, "osm_type": "way"}, "geometry": {"type": "LineString", "coordinates": [[-51.163403, -29.7498857], [-51.1622503, -29.7502085], [-51.1615878, -29.7503551], [-51.160944, -29.7504935], [-51.160268, -29.7506402], [-51.1596321, -29.7507846], [-51.1590294, -29.7509217], [-51.1583973, -29.751061], [-51.1572494, -29.7513131], [-51.1571232, -29.7514143]]}}, {"type": "Feature", "properties": {"highway": "residential", "name": "Rua Paulo Sérgio Sperb", "osm_id": 41854428, "osm_type": "way"}, "geometry": {"type": "LineString", "coordinates": [[-51.156276, -29.7483936], [-51.156723, -29.7478738], [-51.1581559, -29.7462405]]}}, {"type": "Feature", "properties": {"highway": "residential", "name": "Rua Caldas Júnior", "osm_id": 41854430, "osm_type": "way"}, "geometry": {"type": "LineString", "coordinates": [[-51.1561874, -29.7472804], [-51.1554946, -29.7468239], [-51.1548064, -29.7463768]]}}, {"type": "Feature", "properties": {"highway": "residential", "name": "Rua Aimoré", "osm_id": 41854432, "osm_type": "way"}, "geometry": {"type": "LineString", "coordinates": [[-51.1528756, -29.7486428], [-51.1535366, -29.7490698], [-51.1542377, -29.7495228], [-51.1549157, -29.7499607], [-51.1555503, -29.7504067], [-51.1561642, -29.7508272], [-51.1564988, -29.7510393], [-51.1568333, -29.7512571], [-51.1571232, -29.7514143]]}}, {"type": "Feature", "properties": {"alt_name": "Rua Dona Adelia", "highway": "residential", "name": "Rua Dona Adelina", "osm_id": 41854433, "osm_type": "way"}, "geometry": {"type": "LineString", "coordinates": [[-51.1562477, -29.7495935], [-51.1556251, -29.7491583], [-51.1549227, -29.7487389]]}}, {"type": "Feature", "properties": {"highway": "residential", "name": "Rua Anita Garibaldi", "osm_id": 41854435, "osm_type": "way"}, "geometry": {"type": "LineString", "coordinates": [[-51.1538515, -29.7512077], [-51.1549157, -29.7499607], [-51.1556251, -29.7491583]]}}, {"type": "Feature", "properties": {"alt_name": "Beco Estevão de Almeida", "highway": "residential", "name": "Rua Novo Sinos", "osm_id": 41854437, "osm_type": "way"}, "geometry": {"type": "LineString", "coordinates": [[-51.1541323, -29.7520283], [-51.1534564, -29.7515871]]}}, {"type": "Feature", "properties": {"highway": "residential", "name": "Rua General Portinho", "osm_id": 41854438, "osm_type": "way"}, "geometry": {"type": "LineString", "coordinates": [[-51.1518059, -29.7498531], [-51.1520204, -29.750002], [-51.152475, -29.7503065], [-51.1531698, -29.7507465], [-51.1538515, -29.7512077], [-51.1544655, -29.7516467]]}}, {"type": "Feature", "properties": {"highway": "residential", "name": "Rua Eça de Queiroz", "osm_id": 41854439, "osm_type": "way"}, "geometry": {"type": "LineString", "coordinates": [[-51.1538337, -29.7523734], [-51.1541323, -29.7520283], [-51.1544655, -29.7516467], [-51.1555503, -29.7504067], [-51.1562477, -29.7495935], [-51.1568324, -29.7488798]]}}, {"type": "Feature", "properties": {"alt_name": "Avenida Marcilio Dias", "highway": "residential", "name": "Rua Marcílio Dias", "osm_id": 41854440, "osm_type": "way"}, "geometry": {"type": "LineString", "coordinates": [[-51.1531698, -29.7507465], [-51.1542377, -29.7495228], [-51.1549227, -29.7487389], [-51.1553623, -29.7482374], [-51.155631, -29.747933], [-51.1561874, -29.7472804], [-51.1565432, -29.7468713], [-51.1570775, -29.7462526]]}}, {"type": "Feature", "properties": {"highway": "residential", "name": "Rua Américo Vespúcio", "osm_id": 41854443, "osm_type": "way"}, "geometry": {"type": "LineString", "coordinates": [[-51.1524228, -29.7462408], [-51.1539962, -29.7473167]]}}, {"type": "Feature", "properties": {"highway": "residential", "name": "Rua Dona Anna Nery", "osm_id": 41854444, "osm_type": "way"}, "geometry": {"type": "LineString", "coordinates": [[-51.1527029, -29.7538439], [-51.152604, -29.7524427], [-51.152475, -29.7503065], [-51.1535366, -29.7490698], [-51.1546636, -29.7477868], [-51.1554946, -29.7468239], [-51.1563352, -29.7458801]]}}, {"type": "Feature", "properties": {"highway": "residential", "name": "Travessa Ipê", "osm_id": 42871270, "osm_type": "way"}, "geometry": {"type": "LineString", "coordinates": [[-51.1478537, -29.7477686], [-51.148001, -29.7469196]]}}, {"type": "Feature", "properties": {"highway": "residential", "name": "Rua Miguel Steigleder", "source": "survey; Bing", "source:name": "IBGE; survey", "osm_id": 42871926, "osm_type": "way"}, "geometry": {"type": "LineString", "coordinates": [[-51.1453149, -29.7488866], [-51.1467712, -29.7488134], [-51.1475166, -29.74878], [-51.1476857, -29.7487645], [-51.148455, -29.7487258], [-51.1493359, -29.7486799], [-51.1501497, -29.7486622]]}}, {"type": "Feature", "properties": {"highway": "residential", "name": "Rua Coronel Mário Doerni", "osm_id": 42871985, "osm_type": "way"}, "geometry": {"type": "LineString", "coordinates": [[-51.1465661, -29.7467912], [-51.1466546, -29.7474066], [-51.1467712, -29.7488134]]}}, {"type": "Feature", "properties": {"highway": "residential", "maxheight": "default", "name": "Rua Câmara Municipal", "osm_id": 42872063, "osm_type": "way"}, "geometry": {"type": "LineString", "coordinates": [[-51.1475394, -29.7532709], [-51.1488665, -29.7535318], [-51.1498304, -29.7537278], [-51.1499273, -29.753752], [-51.1507677, -29.7539257], [-51.1514234, -29.7540325]]}}, {"type": "Feature", "properties": {"highway": "residential", "maxheight": "default", "name": "Rua Tuiuti", "osm_id": 42872103, "osm_type": "way"}, "geometry": {"type": "LineString", "coordinates": [[-51.1477215, -29.7546685], [-51.1476025, -29.755113], [-51.1474106, -29.7559059], [-51.1469956, -29.7572136]]}}, {"type": "Feature", "properties": {"alt_name": "Rua Feraz de Abreu", "highway": "residential", "lanes": "2", "name": "Rua Ferraz de Abreu", "oneway": "yes", "source": "Bing; survey", "surface": "asphalt", "osm_id": 42872272, "osm_type": "way"}, "geometry": {"type": "LineString", "coordinates": [[-51.1473515, -29.7546165], [-51.1477215, -29.7546685], [-51.1485425, -29.7548165], [-51.149498, -29.7549974]]}}, {"type": "Feature", "properties": {"alt_name": "Rua Amáliagethardt", "fixme": "Not sure if this street name is correct.", "highway": "residential", "name": "Rua Amália Gernhardt", "osm_id": 42872326, "osm_type": "way"}, "geometry": {"type": "LineString", "coordinates": [[-51.151573, -29.7560479], [-51.1503696, -29.7558287]]}}, {"type": "Feature", "properties": {"alt_name": "Rua Vinte e Cinco de Março", "highway": "residential", "name": "Rua 25 de Março", "osm_id": 42872361, "osm_type": "way"}, "geometry": {"type": "LineString", "coordinates": [[-51.1498825, -29.7577138], [-51.1502033, -29.7564723], [-51.1503696, -29.7558287], [-51.1505255, -29.7552252]]}}, {"type": "Feature", "properties": {"highway": "secondary", "lanes": "2", "maxspeed": "50", "name": "Avenida Dom João Becker", "oneway": "yes", "source:maxspeed": "implicit", "surface": "asphalt", "osm_id": 42873012, "osm_type": "way"}, "geometry": {"type": "LineString", "coordinates": [[-51.1417785, -29.7593864], [-51.1420977, -29.7594388], [-51.1431216, -29.7596356], [-51.1431853, -29.7596478], [-51.1432631, -29.7596647], [-51.1439712, -29.7598149], [-51.1441965, -29.7598521], [-51.1443561, -29.7598824], [-51.1447511, -29.7599621], [-51.1454478, -29.7601106]]}}, {"type": "Feature", "properties": {"highway": "residential", "lanes": "2", "name": "Rua José Bonifácio", "oneway": "yes", "surface": "asphalt", "osm_id": 42873759, "osm_type": "way"}, "geometry": {"type": "LineString", "coordinates": [[-51.1436333, -29.764077], [-51.1436586, -29.7639616], [-51.1439417, -29.7629204], [-51.1439565, -29.7628884], [-51.1439873, -29.7628104], [-51.1440638, -29.7626078], [-51.1443561, -29.7614646], [-51.144387, -29.761347], [-51.1447263, -29.760057]]}}, {"type": "Feature", "properties": {"highway": "residential", "lanes": "2", "name": "Rua São Paulo", "surface": "asphalt", "osm_id": 42873760, "osm_type": "way"}, "geometry": {"type": "LineString", "coordinates": [[-51.1439712, -29.7598149], [-51.1439471, -29.7599092], [-51.1438755, -29.7601929], [-51.1436373, -29.7611362], [-51.1436172, -29.7612073], [-51.143593, -29.7612981], [-51.1432328, -29.7626484], [-51.1432256, -29.7626753], [-51.1432016, -29.7627713], [-51.1429292, -29.7638663], [-51.142921, -29.7639005], [-51.1429091, -29.7639501], [-51.1428794, -29.7640517], [-51.1425752, -29.7652245], [-51.1425698, -29.7652424]]}}, {"type": "Feature", "properties": {"highway": "residential", "oneway": "yes", "surface": "asphalt", "osm_id": 42873766, "osm_type": "way"}, "geometry": {"type": "LineString", "coordinates": [[-51.1477397, -29.7613493], [-51.1479963, -29.761399]]}}, {"type": "Feature", "properties": {"highway": "unclassified", "name": "Avenida João Corrêa", "surface": "unpaved", "osm_id": 42873770, "osm_type": "way"}, "geometry": {"type": "LineString", "coordinates": [[-51.1697338, -29.7651893], [-51.1696594, -29.76524], [-51.1696259, -29.7652854], [-51.1695934, -29.7653207]]}}, {"type": "Feature", "properties": {"highway": "residential", "name": "Rua Benkenstein", "osm_id": 42874365, "osm_type": "way"}, "geometry": {"type": "LineString", "coordinates": [[-51.1529204, -29.7696894], [-51.1526143, -29.771043], [-51.1523679, -29.7720909]]}}, {"type": "Feature", "properties": {"highway": "residential", "name": "Rua São Francisco", "oneway": "yes", "osm_id": 42874366, "osm_type": "way"}, "geometry": {"type": "LineString", "coordinates": [[-51.1494483, -29.766481], [-51.1494256, -29.7665655], [-51.1491459, -29.7677114], [-51.1491372, -29.7677476], [-51.1491155, -29.7678344], [-51.148826, -29.7690002]]}}, {"type": "Feature", "properties": {"highway": "residential", "name": "Rua São Francisco", "oneway": "yes", "osm_id": 42874377, "osm_type": "way"}, "geometry": {"type": "LineString", "coordinates": [[-51.1507477, -29.7612676], [-51.1504303, -29.7625153], [-51.1501443, -29.7637464]]}}, {"type": "Feature", "properties": {"alt_name": "Rua Silvino de Freitas", "fixme": "What does that \"B.\" stand for?", "highway": "residential", "name": "Rua Silvino B. de Freitas", "parking:both": "yes", "parking:both:fee": "no", "parking:both:orientation": "parallel", "source": "IBGE", "osm_id": 42875184, "osm_type": "way"}, "geometry": {"type": "LineString", "coordinates": [[-51.1469331, -29.7445659], [-51.1459437, -29.7444192]]}}, {"type": "Feature", "properties": {"alt_name": "Rua Irmã e Santos", "fixme": "What does that \"E.\" stand for?", "highway": "residential", "lanes": "2", "name": "Rua Irma Santos", "source": "IBGE;survey;Bing", "surface": "paving_stones", "osm_id": 42875185, "osm_type": "way"}, "geometry": {"type": "LineString", "coordinates": [[-51.1454461, -29.7443489], [-51.1455497, -29.7437178], [-51.1456993, -29.7428764], [-51.1458083, -29.7422291], [-51.1459178, -29.7415979], [-51.1460525, -29.7407908]]}}, {"type": "Feature", "properties": {"highway": "residential", "lanes": "2", "name": "Rua Libório Müller", "source": "IBGE; survey; Bing", "surface": "sett", "osm_id": 42875186, "osm_type": "way"}, "geometry": {"type": "LineString", "coordinates": [[-51.1462822, -29.7438313], [-51.1465696, -29.742328], [-51.1467943, -29.7408918], [-51.1469401, -29.7400094], [-51.1471614, -29.7390081]]}}, {"type": "Feature", "properties": {"alt_name": "Avenida Imperatriz Leopoldina", "highway": "secondary", "lanes": "4", "lit": "yes", "maxheight": "4.5", "maxspeed": "50", "name": "Avenida Imperatriz Dona Leopoldina", "oneway": "no", "sidewalk": "both", "surface": "asphalt", "osm_id": 42875187, "osm_type": "way"}, "geometry": {"type": "LineString", "coordinates": [[-51.1405073, -29.7635462], [-51.140147, -29.7634824]]}}, {"type": "Feature", "properties": {"highway": "residential", "name": "Rua Nei Câmara", "source": "IBGE", "osm_id": 42875190, "osm_type": "way"}, "geometry": {"type": "LineString", "coordinates": [[-51.1444852, -29.7420513], [-51.1458083, -29.7422291]]}}, {"type": "Feature", "properties": {"highway": "residential", "name": "Rua Rosário", "source": "IBGE", "osm_id": 42875192, "osm_type": "way"}, "geometry": {"type": "LineString", "coordinates": [[-51.1481881, -29.7419708], [-51.149572, -29.7418543]]}}, {"type": "Feature", "properties": {"highway": "residential", "maxheight": "default", "name": "Rua São Simão", "source": "IBGE", "osm_id": 42875194, "osm_type": "way"}, "geometry": {"type": "LineString", "coordinates": [[-51.1483013, -29.7413008], [-51.1495056, -29.7412161], [-51.1499281, -29.7411863], [-51.1502491, -29.7411636]]}}, {"type": "Feature", "properties": {"highway": "residential", "lanes": "2", "name": "Rua Dona Emília", "oneway": "no", "parking:both": "yes", "parking:both:fee": "no", "parking:both:orientation": "parallel", "source": "IBGE; survey; Bing", "surface": "sett", "osm_id": 42875199, "osm_type": "way"}, "geometry": {"type": "LineString", "coordinates": [[-51.1478559, -29.7440169], [-51.147029, -29.7439423], [-51.1462822, -29.7438313], [-51.1455497, -29.7437178]]}}, {"type": "Feature", "properties": {"alt_name": "Rua Portao", "highway": "residential", "maxheight": "default", "name": "Rua do Portão", "source:name": "survey", "osm_id": 42875207, "osm_type": "way"}, "geometry": {"type": "LineString", "coordinates": [[-51.1406851, -29.7498454], [-51.1413699, -29.7498104], [-51.1421492, -29.7497706], [-51.1427653, -29.7497392], [-51.1432954, -29.7497121], [-51.143829, -29.7496848], [-51.1443845, -29.7496565], [-51.1450121, -29.7496244]]}}, {"type": "Feature", "properties": {"highway": "residential", "name": "Rua Goitacaz", "osm_id": 42875212, "osm_type": "way"}, "geometry": {"type": "LineString", "coordinates": [[-51.149323, -29.7394617], [-51.1494297, -29.7404863], [-51.1495056, -29.7412161], [-51.149572, -29.7418543], [-51.1496382, -29.7424921]]}}, {"type": "Feature", "properties": {"highway": "residential", "lanes": "2", "name": "Rua Adão Hoeffel", "oneway": "no", "source": "survey; Bing", "source:name": "survey", "surface": "sett", "osm_id": 42875215, "osm_type": "way"}, "geometry": {"type": "LineString", "coordinates": [[-51.1470699, -29.7558529], [-51.1474106, -29.7559059], [-51.1482257, -29.7560836], [-51.1491593, -29.7562716]]}}, {"type": "Feature", "properties": {"access": "no", "highway": "service", "osm_id": 42898111, "osm_type": "way"}, "geometry": {"type": "LineString", "coordinates": [[-51.1508618, -29.7498359], [-51.1509801, -29.7497268], [-51.1511301, -29.7496246], [-51.1512447, -29.7495081]]}}, {"type": "Feature", "properties": {"highway": "secondary", "lit": "yes", "maxheight": "default", "maxspeed": "60", "name": "Avenida Senador Salgado Filho", "oneway": "yes", "source:maxspeed": "implicit", "osm_id": 42898112, "osm_type": "way"}, "geometry": {"type": "LineString", "coordinates": [[-51.1508154, -29.7469844], [-51.15075, -29.7461371], [-51.1507034, -29.7457892], [-51.1506161, -29.7455173], [-51.1505789, -29.7454236]]}}, {"type": "Feature", "properties": {"highway": "secondary", "maxheight": "default", "maxspeed": "60", "name": "Avenida Senador Salgado Filho", "oneway": "yes", "source:maxspeed": "implicit", "osm_id": 42898113, "osm_type": "way"}, "geometry": {"type": "LineString", "coordinates": [[-51.1505789, -29.7454236], [-51.1505346, -29.7452062], [-51.1504867, -29.745054], [-51.1504412, -29.7449739], [-51.150398, -29.7449248]]}}, {"type": "Feature", "properties": {"alt_name": "Rua Câmara 1; Rua Câmara Um", "highway": "residential", "name": "Travessa Lina Bach", "osm_id": 42936582, "osm_type": "way"}, "geometry": {"type": "LineString", "coordinates": [[-51.1500653, -29.7528481], [-51.1491097, -29.7526391]]}}, {"type": "Feature", "properties": {"bridge": "yes", "highway": "tertiary", "layer": "1", "maxspeed": "40", "name": "Avenida Caxias do Sul", "oneway": "yes", "source:maxspeed": "implicit", "osm_id": 42936583, "osm_type": "way"}, "geometry": {"type": "LineString", "coordinates": [[-51.1486538, -29.7582713], [-51.1487553, -29.7578584]]}}, {"type": "Feature", "properties": {"flood_prone": "yes", "highway": "residential", "maxheight": "default", "name": "Rua da Praia", "osm_id": 42936584, "osm_type": "way"}, "geometry": {"type": "LineString", "coordinates": [[-51.1485431, -29.7588031], [-51.1492834, -29.7589522], [-51.1497822, -29.7589941], [-51.150959, -29.7589301], [-51.151643, -29.758795]]}}, {"type": "Feature", "properties": {"alt_name": "Travessa Particular", "highway": "residential", "name": "Rua J. Inácio", "osm_id": 42936586, "osm_type": "way"}, "geometry": {"type": "LineString", "coordinates": [[-51.1503937, -29.7519715], [-51.1513112, -29.7521225]]}}, {"type": "Feature", "properties": {"destination": "Porto Alegre", "destination:ref": "BR-116 (Sul)", "highway": "secondary", "maxheight": "default", "maxspeed": "50", "oneway": "yes", "source:maxspeed": "implicit", "osm_id": 42936841, "osm_type": "way"}, "geometry": {"type": "LineString", "coordinates": [[-51.1495292, -29.7608499], [-51.1516928, -29.7607212]]}}, {"type": "Feature", "properties": {"highway": "residential", "layer": "-1", "maxheight": "below_default", "tunnel": "yes", "osm_id": 53103792, "osm_type": "way"}, "geometry": {"type": "LineString", "coordinates": [[-51.1516139, -29.7568538], [-51.1521119, -29.7568116]]}}, {"type": "Feature", "properties": {"highway": "secondary", "lit": "yes", "maxheight": "default", "maxspeed": "60", "name": "Avenida Senador Salgado Filho", "source:maxspeed": "implicit", "osm_id": 53103797, "osm_type": "way"}, "geometry": {"type": "LineString", "coordinates": [[-51.1514268, -29.7473934], [-51.1514822, -29.7479261], [-51.151516, -29.7485046], [-51.1515912, -29.749256], [-51.1516494, -29.7500119]]}}, {"type": "Feature", "properties": {"highway": "secondary", "junction": "roundabout", "surface": "asphalt", "osm_id": 53103837, "osm_type": "way"}, "geometry": {"type": "LineString", "coordinates": [[-51.1512749, -29.74426], [-51.1513176, -29.744261], [-51.1513543, -29.7442655], [-51.1513777, -29.7442782], [-51.1514209, -29.7443221], [-51.1514375, -29.7443564], [-51.1514422, -29.7443933], [-51.1514348, -29.74443], [-51.1514203, -29.744457], [-51.1513993, -29.7444804], [-51.151365, -29.744503], [-51.1513247, -29.7445162], [-51.1512774, -29.7445193], [-51.151244, -29.7445179], [-51.151219, -29.7445095], [-51.1511832, -29.7444849], [-51.1511489, -29.7444261], [-51.1511427, -29.7443872], [-51.151152, -29.7443518], [-51.1511683, -29.7443164], [-51.1511971, -29.7442889], [-51.1512336, -29.7442696], [-51.1512749, -29.74426]]}}, {"type": "Feature", "properties": {"access": "permit", "destination:ref": "BR-116", "highway": "service", "lanes": "1", "maxspeed": "10", "oneway": "yes", "service": "emergency_access", "surface": "asphalt", "osm_id": 53103845, "osm_type": "way"}, "geometry": {"type": "LineString", "coordinates": [[-51.1501116, -29.7365333], [-51.1499148, -29.7365437]]}}, {"type": "Feature", "properties": {"highway": "tertiary", "lanes": "2", "lit": "yes", "loc_name": "Rua Grande", "name": "Rua Independência", "old_name": "Rua do Passo; Große Straße", "oneway": "yes", "surface": "sett", "osm_id": 56154455, "osm_type": "way"}, "geometry": {"type": "LineString", "coordinates": [[-51.1458273, -29.7658303], [-51.1457983, -29.7659583], [-51.1455139, -29.7670617], [-51.1455055, -29.7671178], [-51.1454692, -29.767239], [-51.1453212, -29.7678393], [-51.1452908, -29.7679628], [-51.1451823, -29.76841], [-51.1449751, -29.7692988], [-51.1449069, -29.7695947], [-51.1448979, -29.7696428], [-51.1448616, -29.7697939], [-51.1446944, -29.7705436], [-51.1446268, -29.7708466], [-51.1446183, -29.7709129]]}}, {"type": "Feature", "properties": {"highway": "residential", "lanes": "2", "name": "Rua Bernardino Ferraz", "surface": "asphalt", "osm_id": 58278414, "osm_type": "way"}, "geometry": {"type": "LineString", "coordinates": [[-51.1543527, -29.7841886], [-51.1544681, -29.7848386], [-51.1547309, -29.7865362], [-51.1546397, -29.786932], [-51.154452, -29.7873021], [-51.1544265, -29.7874632], [-51.1544352, -29.7876443], [-51.1544468, -29.7877653], [-51.1545002, -29.7879865]]}}, {"type": "Feature", "properties": {"highway": "residential", "name": "Rua Padre Pedro Lenz", "osm_id": 58278423, "osm_type": "way"}, "geometry": {"type": "LineString", "coordinates": [[-51.1488247, -29.7848671], [-51.1493933, -29.7851046], [-51.1500102, -29.7854351]]}}, {"type": "Feature", "properties": {"alt_name": "Avenida Theodomiro Porto da Fonseca", "highway": "residential", "lanes": "2", "name": "Rua Germano Hauschild", "oneway": "no", "source": "Bing; survey", "osm_id": 58278424, "osm_type": "way"}, "geometry": {"type": "LineString", "coordinates": [[-51.1481729, -29.7843678], [-51.1478886, -29.7852699], [-51.1476204, -29.7858891], [-51.1473092, -29.7865502], [-51.1470276, -29.7870437], [-51.14618, -29.7885149], [-51.1457187, -29.7892877]]}}, {"type": "Feature", "properties": {"alt_name": "Rua Pio 12; Rua Pio Doze", "highway": "residential", "lanes": "2", "name": "Rua Pio XII", "oneway": "no", "source": "Bing; IBGE; survey", "surface": "asphalt", "osm_id": 58278425, "osm_type": "way"}, "geometry": {"type": "LineString", "coordinates": [[-51.1468841, -29.7856505], [-51.1465794, -29.7862481], [-51.1463115, -29.7867294], [-51.1454853, -29.7881983], [-51.1450253, -29.7889793]]}}, {"type": "Feature", "properties": {"alt_name": "Rua Cristovão de Mendonça", "highway": "residential", "name": "Rua Padre Cristóvão de Mendonza", "source": "Bing;survey;IBGE", "osm_id": 58278428, "osm_type": "way"}, "geometry": {"type": "LineString", "coordinates": [[-51.1501162, -29.7858891], [-51.1498144, -29.7861498], [-51.1492565, -29.7866317], [-51.1487027, -29.787124], [-51.1482427, -29.7877071], [-51.1478779, -29.7883775], [-51.1474997, -29.7890828]]}}, {"type": "Feature", "properties": {"highway": "residential", "name": "Rua Epifânio Fogaça", "source": "Bing; survey", "osm_id": 58278429, "osm_type": "way"}, "geometry": {"type": "LineString", "coordinates": [[-51.1468962, -29.7888128], [-51.1477169, -29.7873393], [-51.1480576, -29.7867574], [-51.1483312, -29.7861242], [-51.1485913, -29.7854701], [-51.1488247, -29.7848671], [-51.1490063, -29.7843843], [-51.1490326, -29.7843143], [-51.1490151, -29.7839919]]}}, {"type": "Feature", "properties": {"highway": "residential", "name": "Rua Pedro Schneider", "osm_id": 58278430, "osm_type": "way"}, "geometry": {"type": "LineString", "coordinates": [[-51.1485913, -29.7854701], [-51.1489454, -29.785626], [-51.1494872, -29.7859217], [-51.1498144, -29.7861498], [-51.1501618, -29.7864587], [-51.1501886, -29.7864664]]}}, {"type": "Feature", "properties": {"alt_name": "Rua Cristovão de Mendonça", "highway": "residential", "name": "Rua Paulo Sérgio Gusmão", "osm_id": 58278431, "osm_type": "way"}, "geometry": {"type": "LineString", "coordinates": [[-51.1490063, -29.7843843], [-51.1496589, -29.7842479], [-51.1497501, -29.7843061], [-51.1500102, -29.7854351], [-51.1501162, -29.7858891], [-51.1502743, -29.7863553], [-51.1502742, -29.7863808], [-51.1502642, -29.7864108], [-51.1502074, -29.7864572], [-51.1501886, -29.7864664]]}}, {"type": "Feature", "properties": {"highway": "residential", "name": "Rua Padre Sedlac", "osm_id": 58278433, "osm_type": "way"}, "geometry": {"type": "LineString", "coordinates": [[-51.1492565, -29.7866317], [-51.148814, -29.7863337], [-51.1483312, -29.7861242], [-51.1476204, -29.7858891]]}}, {"type": "Feature", "properties": {"highway": "residential", "lanes": "2", "name": "Praça Tiradentes", "oneway": "yes", "surface": "asphalt", "osm_id": 58821360, "osm_type": "way"}, "geometry": {"type": "LineString", "coordinates": [[-51.1475627, -29.7619582], [-51.1476352, -29.7617249], [-51.1477397, -29.7613493], [-51.1477505, -29.7613074], [-51.1479221, -29.7607037]]}}, {"type": "Feature", "properties": {"bridge": "yes", "highway": "motorway", "lanes": "2", "layer": "1", "maxheight": "5.5", "maxspeed": "80", "name": "Viaduto Manoel Luiz Nunes", "oneway": "yes", "ref": "BR-116", "source:name": "Lei federal 13037/2014", "surface": "asphalt", "osm_id": 58821590, "osm_type": "way"}, "geometry": {"type": "LineString", "coordinates": [[-51.1538767, -29.7713853], [-51.1540936, -29.7721565], [-51.1542763, -29.7727917], [-51.1543742, -29.7731235], [-51.1545271, -29.7736776]]}}, {"type": "Feature", "properties": {"highway": "motorway", "lanes": "3", "maxheight": "5.5", "maxspeed": "80", "name": "Rodovia BR-116", "oneway": "yes", "ref": "BR-116", "surface": "asphalt", "osm_id": 58821591, "osm_type": "way"}, "geometry": {"type": "LineString", "coordinates": [[-51.1536178, -29.7670177], [-51.1538713, -29.7659804], [-51.1539035, -29.7658384], [-51.1539195, -29.7657138], [-51.1539397, -29.7655753], [-51.1539503, -29.7654659], [-51.1539544, -29.7652563], [-51.1539383, -29.7650945], [-51.1538874, -29.7647173], [-51.1538216, -29.7644751], [-51.1537412, -29.7642795], [-51.1536621, -29.7641201], [-51.1535682, -29.7639303], [-51.1534623, -29.763751], [-51.1531953, -29.7633005], [-51.1522382, -29.7615313]]}}, {"type": "Feature", "properties": {"highway": "motorway", "lanes": "2", "maxheight": "5.5", "maxspeed": "80", "name": "Rodovia BR-116", "oneway": "yes", "ref": "BR-116", "surface": "asphalt", "osm_id": 58821611, "osm_type": "way"}, "geometry": {"type": "LineString", "coordinates": [[-51.1545271, -29.7736776], [-51.1545727, -29.7738475], [-51.1547215, -29.7743306], [-51.1548677, -29.7747997], [-51.1549975, -29.7752695], [-51.1552097, -29.7759719], [-51.1553103, -29.7763141], [-51.1554028, -29.7766494], [-51.1554819, -29.7769253], [-51.1555543, -29.7771895], [-51.1556134, -29.7774071], [-51.1557501, -29.7777575], [-51.1559285, -29.7781195], [-51.1560908, -29.7783442], [-51.1561833, -29.7784629], [-51.1563053, -29.7785875], [-51.1566152, -29.7789204], [-51.1569518, -29.7792324], [-51.1575942, -29.7798202], [-51.1582164, -29.7803975], [-51.1588226, -29.780969], [-51.1591512, -29.7812903], [-51.1595956, -29.7817216], [-51.1602831, -29.7823425], [-51.1607538, -29.7827732], [-51.1611649, -29.7831473], [-51.1614613, -29.7834302], [-51.161769, -29.7837252]]}}, {"type": "Feature", "properties": {"bridge": "yes", "bridge:name": "Viaduto Manoel Luiz Nunes", "highway": "motorway", "layer": "1", "maxheight": "5.5", "maxspeed": "80", "name": "Rodovia BR-116", "oneway": "yes", "ref": "BR-116", "source:name": "Lei federal 13037/2014", "osm_id": 58821618, "osm_type": "way"}, "geometry": {"type": "LineString", "coordinates": [[-51.1544131, -29.7736811], [-51.1537567, -29.771401]]}}, {"type": "Feature", "properties": {"highway": "tertiary", "lanes": "2", "lit": "yes", "maxheight": "default", "name": "Rua João Neves da Fontoura", "oneway": "yes", "source": "survey; Bing", "surface": "asphalt", "osm_id": 59733872, "osm_type": "way"}, "geometry": {"type": "LineString", "coordinates": [[-51.1405073, -29.7635462], [-51.1406681, -29.7635747], [-51.1411214, -29.7636288], [-51.1412783, -29.7636556], [-51.1413635, -29.763673], [-51.1420172, -29.7637906], [-51.1421125, -29.7638046], [-51.1421916, -29.7638186], [-51.1428286, -29.7639338], [-51.1429091, -29.7639501], [-51.1430043, -29.7639687], [-51.1435622, -29.7640619], [-51.1436333, -29.764077], [-51.1437352, -29.7640991], [-51.1439002, -29.7641317], [-51.1441617, -29.7641806], [-51.1443521, -29.764219], [-51.1443682, -29.7642237], [-51.1444353, -29.7642388], [-51.1445412, -29.7642598], [-51.1451574, -29.7643785], [-51.1451923, -29.7643838], [-51.145254, -29.764424]]}}, {"type": "Feature", "properties": {"highway": "secondary", "lanes": "1", "maxheight": "5.5", "maxspeed": "50", "name": "Rodovia BR-116", "oneway": "yes", "ref": "BR-116", "source:maxspeed": "implicit", "surface": "asphalt", "osm_id": 60288155, "osm_type": "way"}, "geometry": {"type": "LineString", "coordinates": [[-51.1522766, -29.7604638], [-51.1522846, -29.760664], [-51.1523452, -29.7611941], [-51.1524276, -29.7614062], [-51.1525159, -29.7615373], [-51.1525881, -29.7615997], [-51.1527269, -29.7616735], [-51.1528407, -29.7617173], [-51.1529668, -29.7617328], [-51.1531358, -29.761709], [-51.1532415, -29.7616637], [-51.1533472, -29.7615885], [-51.1534114, -29.7615159], [-51.1534708, -29.7614218], [-51.1534938, -29.7613046], [-51.1535023, -29.7612325]]}}, {"type": "Feature", "properties": {"highway": "residential", "lit": "yes", "name": "Rua Casemiro de Abreu", "osm_id": 69321778, "osm_type": "way"}, "geometry": {"type": "LineString", "coordinates": [[-51.1293412, -29.769721], [-51.130783, -29.7690323]]}}, {"type": "Feature", "properties": {"highway": "secondary", "lanes": "2", "name": "Avenida São Borja", "oneway": "yes", "surface": "asphalt", "osm_id": 69322706, "osm_type": "way"}, "geometry": {"type": "LineString", "coordinates": [[-51.1347476, -29.7705297], [-51.1345958, -29.7706731], [-51.1343011, -29.7709516], [-51.1336613, -29.7715561], [-51.1329941, -29.7722332], [-51.1328021, -29.7724188], [-51.1326358, -29.7725742], [-51.1322293, -29.7729799]]}}, {"type": "Feature", "properties": {"highway": "secondary", "lanes": "2", "lit": "yes", "maxspeed": "40", "name": "Avenida João Corrêa", "oneway": "yes", "surface": "asphalt", "osm_id": 69420339, "osm_type": "way"}, "geometry": {"type": "LineString", "coordinates": [[-51.135254, -29.7700639], [-51.1350408, -29.7702423], [-51.1349712, -29.7702981], [-51.1348976, -29.7703761], [-51.1347476, -29.7705297]]}}, {"type": "Feature", "properties": {"highway": "secondary", "maxspeed": "40", "name": "Avenida Feitoria", "oneway": "yes", "source": "survey", "surface": "asphalt", "osm_id": 69420341, "osm_type": "way"}, "geometry": {"type": "LineString", "coordinates": [[-51.1349712, -29.7702981], [-51.1348737, -29.7703218], [-51.1347727, -29.7703255], [-51.1346733, -29.7703091], [-51.1345808, -29.7702735]]}}, {"type": "Feature", "properties": {"highway": "secondary", "lanes": "2", "maxspeed": "60", "name": "Avenida São Borja", "oneway": "yes", "surface": "asphalt", "osm_id": 69421501, "osm_type": "way"}, "geometry": {"type": "LineString", "coordinates": [[-51.1162864, -29.7860125], [-51.1164029, -29.7859241], [-51.1164775, -29.7858758], [-51.1170344, -29.785515], [-51.117157, -29.7854323], [-51.1179422, -29.7849022], [-51.1181525, -29.7847603], [-51.1184856, -29.7845191], [-51.1185848, -29.7844473], [-51.1189702, -29.7842036], [-51.1190564, -29.784148], [-51.1197621, -29.7836923], [-51.1201009, -29.7834623], [-51.1202653, -29.7833507], [-51.1204754, -29.7832079], [-51.1205644, -29.7831475], [-51.1213865, -29.7825912], [-51.1217791, -29.7823255], [-51.1218, -29.7823144], [-51.1218502, -29.7822811], [-51.1222474, -29.7820177], [-51.1225812, -29.7817939], [-51.1226118, -29.7817734], [-51.1228648, -29.7816039], [-51.1230957, -29.7814565], [-51.1231631, -29.7814135], [-51.1238061, -29.7809258], [-51.1239262, -29.7808151], [-51.1242087, -29.7805549], [-51.124484, -29.7802873], [-51.1245226, -29.7802498], [-51.1245776, -29.780195], [-51.1255356, -29.7792633], [-51.1256615, -29.7791408], [-51.125719, -29.7790943], [-51.12574, -29.7790773], [-51.1257922, -29.779027], [-51.1262801, -29.7785444], [-51.126303, -29.7785217], [-51.1263767, -29.7784492], [-51.1264556, -29.7783735], [-51.1272061, -29.7776588], [-51.1272605, -29.7775983], [-51.1280944, -29.7767917], [-51.1282172, -29.7766729], [-51.1285793, -29.7763068], [-51.1287792, -29.7761319], [-51.1292031, -29.7757207], [-51.129687, -29.7752393], [-51.1299985, -29.7749429], [-51.1304232, -29.7745446]]}}, {"type": "Feature", "properties": {"highway": "residential", "lit": "yes", "name": "Rua Graciliano Ramos", "oneway": "yes", "osm_id": 69421721, "osm_type": "way"}, "geometry": {"type": "LineString", "coordinates": [[-51.1315747, -29.7695981], [-51.131949, -29.769536], [-51.1328084, -29.7693812]]}}, {"type": "Feature", "properties": {"alt_name": "Rua Dom Pedro Segundo; 2º Rua Dom Pedro", "highway": "residential", "lanes": "2", "name": "Rua Dom Pedro II", "source": "survey; Bing", "surface": "asphalt", "osm_id": 69421722, "osm_type": "way"}, "geometry": {"type": "LineString", "coordinates": [[-51.1313897, -29.7696017], [-51.1305275, -29.7699829], [-51.1297534, -29.7703522], [-51.1295932, -29.7704348], [-51.1292705, -29.7706012], [-51.1289319, -29.7707759], [-51.1281398, -29.7711738], [-51.1274066, -29.7714982]]}}, {"type": "Feature", "properties": {"highway": "residential", "lanes": "2", "maxspeed": "30", "name": "Rua Eugênio Schardong", "source": "survey; Bing", "surface": "asphalt", "osm_id": 69421723, "osm_type": "way"}, "geometry": {"type": "LineString", "coordinates": [[-51.1305275, -29.7699829], [-51.1313564, -29.7712811]]}}, {"type": "Feature", "properties": {"highway": "residential", "name": "Rua Monteiro Lobato", "osm_id": 69421781, "osm_type": "way"}, "geometry": {"type": "LineString", "coordinates": [[-51.1289444, -29.7690733], [-51.1293412, -29.769721], [-51.1296643, -29.7702144], [-51.1297534, -29.7703522]]}}, {"type": "Feature", "properties": {"highway": "residential", "lit": "yes", "name": "Rua Pedro Peres", "oneway": "yes", "osm_id": 69421898, "osm_type": "way"}, "geometry": {"type": "LineString", "coordinates": [[-51.1329427, -29.7702394], [-51.1328575, -29.7701396]]}}, {"type": "Feature", "properties": {"highway": "tertiary", "lanes": "2", "lit": "yes", "name": "Rua Pedro Américo", "oneway": "yes", "surface": "asphalt", "osm_id": 69421995, "osm_type": "way"}, "geometry": {"type": "LineString", "coordinates": [[-51.1327711, -29.7679848], [-51.1327659, -29.7673303], [-51.1327684, -29.7672738], [-51.1327634, -29.7662098], [-51.1327629, -29.7660949], [-51.1327331, -29.7644213], [-51.1327403, -29.7641215], [-51.1327232, -29.7627715]]}}, {"type": "Feature", "properties": {"highway": "tertiary", "name": "Avenida Doutor Mário Sperb", "oneway": "no", "source": "Bing; survey", "surface": "asphalt", "osm_id": 69422489, "osm_type": "way"}, "geometry": {"type": "LineString", "coordinates": [[-51.1269332, -29.7674707], [-51.1273114, -29.7681618], [-51.1276806, -29.7688295], [-51.1280032, -29.7693274], [-51.1281103, -29.7694893], [-51.1282968, -29.7697753], [-51.1288733, -29.7706594], [-51.1289319, -29.7707759], [-51.1297494, -29.7720778], [-51.130896, -29.772969], [-51.1315457, -29.7734722]]}}, {"type": "Feature", "properties": {"highway": "residential", "lanes": "2", "name": "Rua Bento Alves", "oneway": "no", "surface": "sett", "osm_id": 69423937, "osm_type": "way"}, "geometry": {"type": "LineString", "coordinates": [[-51.1361402, -29.7746561], [-51.1349548, -29.7741662], [-51.1337228, -29.7736364]]}}, {"type": "Feature", "properties": {"highway": "residential", "lit": "yes", "name": "Avenida Feitoria", "oneway": "yes", "osm_id": 69423938, "osm_type": "way"}, "geometry": {"type": "LineString", "coordinates": [[-51.1321639, -29.7700788], [-51.1321097, -29.7701527], [-51.1320657, -29.770221], [-51.1320259, -29.7702768]]}}, {"type": "Feature", "properties": {"alt_name": "1º Rua Dom Pedro; Rua Dom Pedro Primeiro", "highway": "residential", "lanes": "2", "name": "Rua Dom Pedro I", "source": "survey; Bing; IBGE", "surface": "asphalt", "osm_id": 69423939, "osm_type": "way"}, "geometry": {"type": "LineString", "coordinates": [[-51.1322997, -29.7708048], [-51.1313564, -29.7712811]]}}, {"type": "Feature", "properties": {"alt_name": "Rua Dom Pedro Primeiro; 1º Rua Dom Pedro", "highway": "residential", "name": "Rua Dom Pedro I", "source": "Bing; IBGE", "osm_id": 69423940, "osm_type": "way"}, "geometry": {"type": "LineString", "coordinates": [[-51.1305083, -29.7716967], [-51.1297494, -29.7720778], [-51.1289649, -29.7724825], [-51.1281509, -29.7734054], [-51.127689, -29.7739291], [-51.1272269, -29.7744544], [-51.1271221, -29.7745882], [-51.1267146, -29.7750686], [-51.1262077, -29.7756154], [-51.1256832, -29.7762067]]}}, {"type": "Feature", "properties": {"highway": "tertiary", "name": "Avenida Theodomiro Porto da Fonseca", "oneway": "yes", "surface": "asphalt", "osm_id": 69963686, "osm_type": "way"}, "geometry": {"type": "LineString", "coordinates": [[-51.1484398, -29.7689438], [-51.1484626, -29.7692261], [-51.1484934, -29.770261], [-51.1485107, -29.7713956], [-51.1485112, -29.7714309], [-51.1485122, -29.7714972]]}}, {"type": "Feature", "properties": {"alt_name": "Avenida Frederico Wolfenbuttel", "highway": "tertiary", "maxheight": "default", "name": "Rua Frederico Wolfenbuttel", "oneway": "yes", "osm_id": 69963687, "osm_type": "way"}, "geometry": {"type": "LineString", "coordinates": [[-51.1478142, -29.7760255], [-51.1476606, -29.776022], [-51.1475252, -29.7760243], [-51.1472784, -29.7760231], [-51.1471979, -29.7759987], [-51.1470947, -29.7759254], [-51.1466882, -29.7755136], [-51.1461478, -29.7749662], [-51.14559, -29.7744144], [-51.1451925, -29.7740247], [-51.1450937, -29.7739278], [-51.1448041, -29.7736648], [-51.1445761, -29.7735134], [-51.144391, -29.7734156], [-51.1440879, -29.7732934], [-51.1439189, -29.773248], [-51.1436681, -29.7731956]]}}, {"type": "Feature", "properties": {"highway": "tertiary", "name": "Rua Santo Agostinho", "osm_id": 70116116, "osm_type": "way"}, "geometry": {"type": "LineString", "coordinates": [[-51.1555492, -29.762047], [-51.1552026, -29.7634656], [-51.1549648, -29.7644735], [-51.1546397, -29.7660258], [-51.1544938, -29.7667358], [-51.1543742, -29.767318]]}}, {"type": "Feature", "properties": {"highway": "secondary", "maxspeed": "50", "name": "Avenida João Corrêa", "osm_id": 70116120, "osm_type": "way"}, "geometry": {"type": "LineString", "coordinates": [[-51.1591101, -29.7706898], [-51.159694, -29.7703346], [-51.1603497, -29.7699357], [-51.161184, -29.7694593], [-51.1619999, -29.7689868], [-51.1621269, -29.768914], [-51.1633183, -29.7682191], [-51.1648405, -29.7673261], [-51.1663532, -29.7664481], [-51.1667218, -29.7662349], [-51.1684692, -29.7652242]]}}, {"type": "Feature", "properties": {"highway": "secondary", "lanes": "2", "lit": "yes", "maxheight": "default", "maxspeed": "50", "name": "Avenida João Corrêa", "oneway": "yes", "source": "survey", "surface": "asphalt", "osm_id": 70116121, "osm_type": "way"}, "geometry": {"type": "LineString", "coordinates": [[-51.1559258, -29.772787], [-51.1543112, -29.7725554]]}}, {"type": "Feature", "properties": {"boat": "yes", "draft": "1.5", "motorboat": "yes", "name": "Rio dos Sinos", "name:en": "Sinos River", "ship": "yes", "source:draft": "Porto de Rio Grande", "waterway": "river", "wikipedia": "pt:Rio dos Sinos", "osm_id": 75494964, "osm_type": "way"}, "geometry": {"type": "LineString", "coordinates": [[-51.1693831, -29.7542271], [-51.1701556, -29.7542271], [-51.1708079, -29.7546966], [-51.1709023, -29.7555758], [-51.1701556, -29.7560676], [-51.1689368, -29.7564625], [-51.1683359, -29.7570885], [-51.1670227, -29.7593536], [-51.1666622, -29.7602627], [-51.1670227, -29.7609929], [-51.1677351, -29.7614474], [-51.168602, -29.7610897], [-51.1688853, -29.7603148], [-51.16922, -29.7598081], [-51.1696492, -29.7597336], [-51.1700526, -29.7601509], [-51.1700096, -29.7616411], [-51.1702414, -29.7631685], [-51.1703787, -29.7639881], [-51.1707135, -29.7643159], [-51.1713486, -29.7641446], [-51.1723528, -29.762945], [-51.1733828, -29.7626842], [-51.1748934, -29.763012], [-51.175829, -29.7634591], [-51.1771593, -29.7647034], [-51.1776657, -29.7648002], [-51.1781121, -29.7645469], [-51.1786785, -29.7640254], [-51.1799488, -29.7638838], [-51.1806441, -29.7635336], [-51.1809445, -29.7634862], [-51.1811563, -29.7634731], [-51.1814001, -29.7635671], [-51.1815453, -29.763772], [-51.1826783, -29.7657688], [-51.1837769, -29.7666182], [-51.1844035, -29.7673111], [-51.1845837, -29.7679742], [-51.1850386, -29.7689725], [-51.1857767, -29.7694047], [-51.186987, -29.7697101], [-51.1873474, -29.7701795], [-51.187356, -29.7706936], [-51.1869784, -29.7715727], [-51.1868925, -29.7722209], [-51.1871415, -29.7726008], [-51.1876307, -29.7726753], [-51.1884632, -29.772571], [-51.1890469, -29.7723475], [-51.189725, -29.772124], [-51.1902314, -29.7722358]]}}, {"type": "Feature", "properties": {"motorboat": "no", "name": "Rio dos Sinos", "name:en": "Sinos River", "waterway": "river", "wikipedia": "pt:Rio dos Sinos", "osm_id": 75494965, "osm_type": "way"}, "geometry": {"type": "LineString", "coordinates": [[-51.1014824, -29.736096], [-51.1024008, -29.7360885], [-51.1031561, -29.7364686], [-51.1042376, -29.7366624], [-51.1048212, -29.7364537], [-51.1052847, -29.7359469], [-51.1053791, -29.735619], [-51.1058855, -29.734516], [-51.1065035, -29.7338005], [-51.1067868, -29.7331297], [-51.1067868, -29.7324962], [-51.1063147, -29.7319745], [-51.1059628, -29.7309459], [-51.1052418, -29.7296938], [-51.1051045, -29.7290975], [-51.1052332, -29.7285683], [-51.1055508, -29.7280764], [-51.1061859, -29.7279273], [-51.1071987, -29.7283522], [-51.1080399, -29.7285982], [-51.108881, -29.7283373], [-51.1092673, -29.7282926], [-51.1100998, -29.7290155], [-51.1120739, -29.7296789], [-51.1124344, -29.7302304], [-51.1125288, -29.7314677], [-51.1124173, -29.7322875], [-51.112031, -29.7330105], [-51.11131, -29.7336812], [-51.1109925, -29.7343818], [-51.1110354, -29.7350228], [-51.1112757, -29.7354923], [-51.1116705, -29.7356861], [-51.1121512, -29.7356563], [-51.1130438, -29.7352166], [-51.1134129, -29.7346948], [-51.1136618, -29.7342328], [-51.1140137, -29.7342328], [-51.114091, -29.7344638], [-51.1137905, -29.7352091], [-51.113576, -29.7355817], [-51.1132756, -29.736178], [-51.1134043, -29.7365283], [-51.1137219, -29.7365804], [-51.1146059, -29.7362301], [-51.1149235, -29.7365804], [-51.1147776, -29.7371617], [-51.1149493, -29.7376238], [-51.1156788, -29.7376685], [-51.11658, -29.7379666], [-51.1173525, -29.7387119], [-51.1178675, -29.7387641], [-51.1182967, -29.7383914], [-51.119009, -29.7380561], [-51.1196699, -29.7376089], [-51.1209317, -29.7371617], [-51.1214981, -29.7367518], [-51.1223049, -29.7364761], [-51.1232959, -29.7363074], [-51.1236182, -29.7362525], [-51.1244507, -29.7364537], [-51.1249914, -29.7369754], [-51.1248455, -29.7373853], [-51.1241074, -29.7377952], [-51.1233864, -29.7380561], [-51.1234036, -29.7384287], [-51.1242791, -29.7389131], [-51.1255909, -29.7393005], [-51.1263647, -29.739636], [-51.1264506, -29.7400832], [-51.1258498, -29.7412979], [-51.1256953, -29.7419836], [-51.1260043, -29.742155], [-51.126751, -29.7423264], [-51.1274119, -29.7431983], [-51.1278668, -29.7434591], [-51.1284418, -29.7432356], [-51.1290354, -29.743229], [-51.1294826, -29.7434233]]}}, {"type": "Feature", "properties": {"highway": "tertiary", "source": "Yahoo", "osm_id": 76102040, "osm_type": "way"}, "geometry": {"type": "LineString", "coordinates": [[-51.1182419, -29.7609142], [-51.1182253, -29.7609791], [-51.1182037, -29.7610362]]}}, {"type": "Feature", "properties": {"highway": "residential", "lit": "yes", "name": "Rua Luiz Bernardo da Silva", "oneway": "yes", "source": "Yahoo; survey", "osm_id": 76102784, "osm_type": "way"}, "geometry": {"type": "LineString", "coordinates": [[-51.1215156, -29.761241], [-51.1215187, -29.7613083], [-51.1215227, -29.7613707], [-51.1216324, -29.7621715], [-51.1217655, -29.7630142], [-51.1217936, -29.7632614], [-51.1218367, -29.7634493], [-51.1218667, -29.7635994], [-51.1219803, -29.7639298], [-51.1222168, -29.7642665], [-51.1223975, -29.7644825], [-51.1226968, -29.764794], [-51.122889, -29.7649754], [-51.1231372, -29.7651498], [-51.1234712, -29.765308], [-51.1237304, -29.7653793]]}}, {"type": "Feature", "properties": {"access": "private", "highway": "service", "service": "driveway", "osm_id": 76103225, "osm_type": "way"}, "geometry": {"type": "LineString", "coordinates": [[-51.1237658, -29.7656208], [-51.1237695, -29.7657193], [-51.1237916, -29.7660026], [-51.1238708, -29.7660782], [-51.1240853, -29.7661193], [-51.1241309, -29.7661981], [-51.1241457, -29.7663099], [-51.1241068, -29.7665229], [-51.1240237, -29.7668596], [-51.1240357, -29.7669315], [-51.124092, -29.7670515]]}}, {"type": "Feature", "properties": {"highway": "residential", "name": "Rua João Alves Pereira", "source": "Yahoo", "osm_id": 76103636, "osm_type": "way"}, "geometry": {"type": "LineString", "coordinates": [[-51.1242988, -29.7598524], [-51.1245622, -29.7613847], [-51.1245918, -29.7615481], [-51.1245984, -29.7616174], [-51.1246051, -29.761676]]}}, {"type": "Feature", "properties": {"highway": "residential", "name": "Rua Bolívia", "source": "Yahoo", "osm_id": 76104331, "osm_type": "way"}, "geometry": {"type": "LineString", "coordinates": [[-51.120238, -29.7649192], [-51.1200578, -29.7634241], [-51.1198835, -29.7619867], [-51.1197884, -29.761196], [-51.1197928, -29.7611306], [-51.1197958, -29.7610693]]}}, {"type": "Feature", "properties": {"highway": "residential", "name": "Rua Walter G. Oliveira", "source": "Yahoo", "osm_id": 76104469, "osm_type": "way"}, "geometry": {"type": "LineString", "coordinates": [[-51.1236632, -29.7650265], [-51.1237407, -29.7650188], [-51.1244641, -29.7649215], [-51.1252085, -29.7648157]]}}, {"type": "Feature", "properties": {"highway": "residential", "name": "Rua Janete de Fátima Oliveira Chaves", "source": "Yahoo", "osm_id": 76104616, "osm_type": "way"}, "geometry": {"type": "LineString", "coordinates": [[-51.1249571, -29.7636059], [-51.1242206, -29.7637072], [-51.1234565, -29.7638351]]}}, {"type": "Feature", "properties": {"highway": "residential", "name": "Rua Suíça", "source": "Yahoo", "osm_id": 76104907, "osm_type": "way"}, "geometry": {"type": "LineString", "coordinates": [[-51.1247714, -29.7624778], [-51.1239658, -29.7624114], [-51.1231826, -29.762323], [-51.1216324, -29.7621715], [-51.1215456, -29.7621629], [-51.1206966, -29.7620797], [-51.1198835, -29.7619867], [-51.1190902, -29.7619142], [-51.1184412, -29.7618603], [-51.1177539, -29.7617688]]}}, {"type": "Feature", "properties": {"highway": "residential", "name": "Rua João Carlos Groth", "source": "Yahoo", "osm_id": 76105259, "osm_type": "way"}, "geometry": {"type": "LineString", "coordinates": [[-51.1239658, -29.7624114], [-51.1242206, -29.7637072], [-51.1244641, -29.7649215]]}}, {"type": "Feature", "properties": {"highway": "residential", "name": "Rua Pastor Schilieper", "source": "Yahoo", "osm_id": 76105416, "osm_type": "way"}, "geometry": {"type": "LineString", "coordinates": [[-51.1184412, -29.7618603], [-51.1185622, -29.7629076], [-51.118649, -29.7635472]]}}, {"type": "Feature", "properties": {"highway": "residential", "name": "Rua Lindolfo Scharlau", "source": "Yahoo", "osm_id": 76105555, "osm_type": "way"}, "geometry": {"type": "LineString", "coordinates": [[-51.1185622, -29.7629076], [-51.1178391, -29.7629595], [-51.1168815, -29.7630417]]}}, {"type": "Feature", "properties": {"alt_name": "Rua Alberto Babio Nogueira", "highway": "residential", "name": "Rua Alfredo Nogueira", "source": "Yahoo", "osm_id": 76105720, "osm_type": "way"}, "geometry": {"type": "LineString", "coordinates": [[-51.1178391, -29.7629595], [-51.1177341, -29.7621547], [-51.1176632, -29.7618754]]}}, {"type": "Feature", "properties": {"highway": "residential", "name": "Rua João Scherer", "source": "Yahoo", "osm_id": 76105873, "osm_type": "way"}, "geometry": {"type": "LineString", "coordinates": [[-51.1232618, -29.7628007], [-51.1217655, -29.7630142], [-51.1216639, -29.7630225]]}}, {"type": "Feature", "properties": {"highway": "residential", "lit": "yes", "name": "Rua Luiz Ebling", "source": "Yahoo", "osm_id": 76106464, "osm_type": "way"}, "geometry": {"type": "LineString", "coordinates": [[-51.1190989, -29.7695557], [-51.1190192, -29.7693313], [-51.1190416, -29.7687306], [-51.1190617, -29.7680911], [-51.1192266, -29.7676829], [-51.1194944, -29.7668266]]}}, {"type": "Feature", "properties": {"highway": "residential", "name": "Rua Estácio de Sá", "source": "Yahoo", "osm_id": 76106744, "osm_type": "way"}, "geometry": {"type": "LineString", "coordinates": [[-51.1193314, -29.7658522], [-51.1193459, -29.7656743], [-51.119418, -29.7654485], [-51.1194841, -29.7652061], [-51.1192848, -29.7634941], [-51.1190902, -29.7619142]]}}, {"type": "Feature", "properties": {"highway": "residential", "name": "Rua São Sebastião do Caí", "source": "Yahoo; survey", "osm_id": 76107059, "osm_type": "way"}, "geometry": {"type": "LineString", "coordinates": [[-51.1206966, -29.7620797], [-51.1208353, -29.7633505], [-51.1209128, -29.7639128], [-51.1209952, -29.7645164], [-51.1210421, -29.7646375], [-51.1215888, -29.7652262], [-51.1218036, -29.7655805], [-51.12195, -29.7658976]]}}, {"type": "Feature", "properties": {"highway": "residential", "name": "Rua Vitor Luiz Soares", "source": "Yahoo", "osm_id": 76107426, "osm_type": "way"}, "geometry": {"type": "LineString", "coordinates": [[-51.1169395, -29.7645171], [-51.1170628, -29.7645228], [-51.117213, -29.7645607], [-51.1177695, -29.7648628], [-51.1179606, -29.7653358], [-51.1182049, -29.7656215], [-51.1185289, -29.7657839], [-51.1188846, -29.7658716], [-51.1193314, -29.7658522]]}}, {"type": "Feature", "properties": {"highway": "residential", "name": "Rua Francisco Câmara", "source": "Yahoo", "osm_id": 76108020, "osm_type": "way"}, "geometry": {"type": "LineString", "coordinates": [[-51.1209128, -29.7639128], [-51.1212966, -29.7637819], [-51.1217799, -29.763617], [-51.1218667, -29.7635994]]}}, {"type": "Feature", "properties": {"alt_name": "Rua Três de Maio", "highway": "residential", "name": "Rua 3 de Maio", "source": "Yahoo", "osm_id": 76108189, "osm_type": "way"}, "geometry": {"type": "LineString", "coordinates": [[-51.1190502, -29.7650607], [-51.1191387, -29.765116], [-51.1191628, -29.7651702], [-51.1191568, -29.7652261], [-51.1190649, -29.7652581], [-51.1188899, -29.7652394], [-51.1186827, -29.7651201], [-51.1186268, -29.7650247]]}}, {"type": "Feature", "properties": {"highway": "tertiary", "name": "Rua Felipe Uebel", "source": "Yahoo; Bing; survey", "osm_id": 76112771, "osm_type": "way"}, "geometry": {"type": "LineString", "coordinates": [[-51.1234217, -29.7735498], [-51.1231016, -29.7734673], [-51.1227651, -29.7733305], [-51.1221636, -29.7729462], [-51.121584, -29.7725539], [-51.1209732, -29.7721454], [-51.1204082, -29.771767], [-51.1201847, -29.7716131], [-51.1198159, -29.7714029], [-51.1196632, -29.7713331], [-51.119469, -29.7712773], [-51.1193083, -29.7712529], [-51.1191523, -29.7712277], [-51.1189968, -29.7711909], [-51.1187348, -29.7710457], [-51.1184618, -29.7708828], [-51.1178774, -29.7704984], [-51.1173398, -29.7700712], [-51.1164881, -29.7694613], [-51.116384, -29.7693924], [-51.1150409, -29.7683879], [-51.1148264, -29.7682831], [-51.1144911, -29.768162], [-51.1122434, -29.7674449]]}}, {"type": "Feature", "properties": {"alt_name": "Rua Vinte de Setembro", "highway": "residential", "lit": "yes", "name": "Rua 20 de Setembro", "source": "Yahoo;survey", "osm_id": 76156184, "osm_type": "way"}, "geometry": {"type": "LineString", "coordinates": [[-51.1263456, -29.7661487], [-51.1267299, -29.7654689]]}}, {"type": "Feature", "properties": {"highway": "residential", "name": "Rua das Camélias", "source": "Yahoo; survey", "osm_id": 76156408, "osm_type": "way"}, "geometry": {"type": "LineString", "coordinates": [[-51.1275227, -29.7648925], [-51.1275109, -29.7648428], [-51.1275028, -29.7648122]]}}, {"type": "Feature", "properties": {"highway": "residential", "name": "Travessa Jasmin", "source": "Yahoo", "osm_id": 76156608, "osm_type": "way"}, "geometry": {"type": "LineString", "coordinates": [[-51.126289, -29.7605099], [-51.1266989, -29.7605367], [-51.1271126, -29.7605547]]}}, {"type": "Feature", "properties": {"highway": "residential", "lit": "yes", "name": "Rua Câncio Gomes", "oneway": "yes", "source": "Yahoo; survey", "osm_id": 76156628, "osm_type": "way"}, "geometry": {"type": "LineString", "coordinates": [[-51.1276768, -29.7648539], [-51.127702, -29.7649668], [-51.127723, -29.7650511], [-51.1278217, -29.76591], [-51.1279541, -29.7667591]]}}, {"type": "Feature", "properties": {"highway": "residential", "name": "Rua Candelária", "source": "Yahoo", "osm_id": 76156630, "osm_type": "way"}, "geometry": {"type": "LineString", "coordinates": [[-51.1278217, -29.76591], [-51.1267299, -29.7654689]]}}, {"type": "Feature", "properties": {"highway": "residential", "lanes": "2", "lit": "yes", "name": "Rua José Piovan", "oneway": "yes", "source": "Yahoo; survey", "surface": "sett", "osm_id": 76156633, "osm_type": "way"}, "geometry": {"type": "LineString", "coordinates": [[-51.1286716, -29.7670282], [-51.1286234, -29.7666244], [-51.1283066, -29.7647077]]}}, {"type": "Feature", "properties": {"highway": "residential", "lanes": "2", "lit": "yes", "name": "Rua José Piovan", "oneway": "yes", "source": "Yahoo; survey", "surface": "sett", "osm_id": 76156661, "osm_type": "way"}, "geometry": {"type": "LineString", "coordinates": [[-51.1284258, -29.7646761], [-51.1287255, -29.7666032], [-51.1287797, -29.7670664]]}}, {"type": "Feature", "properties": {"alt_name": "Rua Madre Selina", "highway": "residential", "lanes": "2", "name": "Rua Madre Celina", "oneway": "no", "source": "Yahoo", "surface": "sett", "osm_id": 76156664, "osm_type": "way"}, "geometry": {"type": "LineString", "coordinates": [[-51.1286234, -29.7666244], [-51.1287255, -29.7666032], [-51.1291317, -29.7665541], [-51.1294398, -29.7665169], [-51.1304289, -29.7664144], [-51.1311849, -29.7663057], [-51.131956, -29.7662094], [-51.1327629, -29.7660949]]}}, {"type": "Feature", "properties": {"highway": "residential", "name": "Rua Walter Lamb", "source": "Yahoo", "osm_id": 76156665, "osm_type": "way"}, "geometry": {"type": "LineString", "coordinates": [[-51.1291009, -29.7644645], [-51.1291992, -29.7651695], [-51.1292463, -29.7654171], [-51.1294398, -29.7665169]]}}, {"type": "Feature", "properties": {"highway": "residential", "name": "Rua Aloísio Boll", "source": "Yahoo", "osm_id": 76156667, "osm_type": "way"}, "geometry": {"type": "LineString", "coordinates": [[-51.1291992, -29.7651695], [-51.1304079, -29.7647037], [-51.1304388, -29.7646971]]}}, {"type": "Feature", "properties": {"alt_name": "Rua Adelino Ferraz", "highway": "residential", "name": "Rua Adelino Luiz Ferraz", "source": "Yahoo", "osm_id": 76156675, "osm_type": "way"}, "geometry": {"type": "LineString", "coordinates": [[-51.1304388, -29.7646971], [-51.1304177, -29.7654843], [-51.1304289, -29.7664144], [-51.1304199, -29.7674775]]}}, {"type": "Feature", "properties": {"highway": "residential", "name": "Rua Adelino Ferraz", "source": "Yahoo", "osm_id": 76156676, "osm_type": "way"}, "geometry": {"type": "LineString", "coordinates": [[-51.1301395, -29.7640916], [-51.1304388, -29.7646971]]}}, {"type": "Feature", "properties": {"alt_name": "Rua Luiz Roessler", "highway": "residential", "lanes": "2", "name": "R. Luís Roesler", "oneway": "no", "source": "Yahoo;survey", "surface": "sett", "osm_id": 76156680, "osm_type": "way"}, "geometry": {"type": "LineString", "coordinates": [[-51.1312058, -29.763664], [-51.1311871, -29.7646172], [-51.1311849, -29.7663057], [-51.131218, -29.7675667], [-51.1312549, -29.7678116], [-51.1312978, -29.7680573], [-51.1313286, -29.7682133], [-51.1313313, -29.7682412]]}}, {"type": "Feature", "properties": {"foot": "no", "highway": "residential", "name": "Rua Helio Emilio Minguelli", "oneway": "no", "source": "Yahoo; survey", "surface": "asphalt", "osm_id": 76156683, "osm_type": "way"}, "geometry": {"type": "LineString", "coordinates": [[-51.1328711, -29.7673286], [-51.1327659, -29.7673303]]}}, {"type": "Feature", "properties": {"highway": "residential", "lanes": "2", "name": "Rua Padre João Flach", "oneway": "no", "source": "Yahoo; survey", "surface": "sett", "osm_id": 76156687, "osm_type": "way"}, "geometry": {"type": "LineString", "coordinates": [[-51.1319697, -29.7674361], [-51.131956, -29.7662094], [-51.1319568, -29.7645269], [-51.1319631, -29.7633323]]}}, {"type": "Feature", "properties": {"highway": "residential", "name": "Rua Gilberto Boll", "source": "Yahoo", "osm_id": 76156689, "osm_type": "way"}, "geometry": {"type": "LineString", "coordinates": [[-51.1304177, -29.7654843], [-51.1292463, -29.7654171]]}}, {"type": "Feature", "properties": {"highway": "residential", "name": "Rua Walter Lamb", "source": "Yahoo", "osm_id": 76156691, "osm_type": "way"}, "geometry": {"type": "LineString", "coordinates": [[-51.1305934, -29.7676452], [-51.1304199, -29.7674775], [-51.1303171, -29.7673768], [-51.1294398, -29.7665169]]}}, {"type": "Feature", "properties": {"alt_name": "Rua Azaléias", "highway": "residential", "name": "Rua das Azaleias", "source": "Yahoo", "osm_id": 76156762, "osm_type": "way"}, "geometry": {"type": "LineString", "coordinates": [[-51.1336126, -29.7647929], [-51.135628, -29.764797], [-51.1357503, -29.7647972]]}}, {"type": "Feature", "properties": {"highway": "residential", "name": "Avenida Irmã Helenita", "oneway": "yes", "source": "Yahoo", "osm_id": 76156763, "osm_type": "way"}, "geometry": {"type": "LineString", "coordinates": [[-51.135628, -29.764797], [-51.1356298, -29.7641109], [-51.1356222, -29.7634308], [-51.1356062, -29.7627541]]}}, {"type": "Feature", "properties": {"highway": "residential", "name": "Rua Clóvis José Veeck", "source": "Yahoo", "osm_id": 76156765, "osm_type": "way"}, "geometry": {"type": "LineString", "coordinates": [[-51.135755, -29.7634262], [-51.1356222, -29.7634308], [-51.1336101, -29.7634584]]}}, {"type": "Feature", "properties": {"alt_name": "Rua Bardu Luiz Wolmer", "highway": "residential", "name": "Rua Bardu Luiz Volmer", "source": "Yahoo", "osm_id": 76156766, "osm_type": "way"}, "geometry": {"type": "LineString", "coordinates": [[-51.1357632, -29.7641061], [-51.1356298, -29.7641109], [-51.1336109, -29.7641339], [-51.1328457, -29.7641199]]}}, {"type": "Feature", "properties": {"highway": "tertiary", "lit": "yes", "name": "Rua Felipe Uebel", "oneway": "yes", "source": "Yahoo; Bing; survey", "osm_id": 76156861, "osm_type": "way"}, "geometry": {"type": "LineString", "coordinates": [[-51.1243224, -29.7749704], [-51.1242309, -29.7748394], [-51.1240537, -29.7745985], [-51.1239661, -29.7744678], [-51.1239509, -29.7743632], [-51.1239909, -29.7742063], [-51.1241963, -29.773941]]}}, {"type": "Feature", "properties": {"highway": "residential", "lit": "yes", "name": "Rua Aurélio Porto", "oneway": "yes", "source": "Yahoo;Bing;IBGE;survey", "osm_id": 76156888, "osm_type": "way"}, "geometry": {"type": "LineString", "coordinates": [[-51.1276806, -29.7688295], [-51.1287186, -29.7683243], [-51.1295893, -29.7678748]]}}, {"type": "Feature", "properties": {"highway": "residential", "source": "Yahoo", "osm_id": 76156889, "osm_type": "way"}, "geometry": {"type": "LineString", "coordinates": [[-51.1287186, -29.7683243], [-51.1291498, -29.7689757]]}}, {"type": "Feature", "properties": {"highway": "residential", "lit": "yes", "loc_name": "Beco da Fumaça", "name": "Rua Dona Leopoldina", "source": "Yahoo; Bing; survey", "source:name": "survey", "surface": "sett", "osm_id": 76156892, "osm_type": "way"}, "geometry": {"type": "LineString", "coordinates": [[-51.1256166, -29.7680868], [-51.1269332, -29.7674707]]}}, {"type": "Feature", "properties": {"highway": "residential", "name": "Rua Dona Isabel", "source": "Yahoo;Bing;IBGE;survey", "osm_id": 76156893, "osm_type": "way"}, "geometry": {"type": "LineString", "coordinates": [[-51.1290478, -29.767331], [-51.1285234, -29.7675814], [-51.1273114, -29.7681618], [-51.1265543, -29.768502], [-51.1260058, -29.7687328], [-51.1258547, -29.7687631]]}}, {"type": "Feature", "properties": {"highway": "residential", "name": "Rua Piratini", "source": "Yahoo; Bing; IBGE", "osm_id": 76156898, "osm_type": "way"}, "geometry": {"type": "LineString", "coordinates": [[-51.1258547, -29.7687631], [-51.1264512, -29.7691777], [-51.1265734, -29.7692534], [-51.1270713, -29.7695605], [-51.1277048, -29.7699484], [-51.1283227, -29.7703403], [-51.1288733, -29.7706594]]}}, {"type": "Feature", "properties": {"highway": "residential", "name": "Rua Pedro Lessa", "source": "Yahoo", "osm_id": 76156926, "osm_type": "way"}, "geometry": {"type": "LineString", "coordinates": [[-51.1280409, -29.7720652], [-51.1272998, -29.7716038], [-51.1266686, -29.7711951], [-51.1260555, -29.7708252], [-51.1254148, -29.7704281], [-51.1250146, -29.7701868]]}}, {"type": "Feature", "properties": {"highway": "residential", "name": "Rua João Meyer Filho", "source": "Yahoo", "osm_id": 76156928, "osm_type": "way"}, "geometry": {"type": "LineString", "coordinates": [[-51.1260555, -29.7708252], [-51.1270713, -29.7695605]]}}, {"type": "Feature", "properties": {"highway": "residential", "name": "Rua Luís Pasteur", "source": "Yahoo", "osm_id": 76156929, "osm_type": "way"}, "geometry": {"type": "LineString", "coordinates": [[-51.1254148, -29.7704281], [-51.1264512, -29.7691777]]}}, {"type": "Feature", "properties": {"highway": "residential", "name": "Rua Gregório de Mattos", "source": "Yahoo", "osm_id": 76156936, "osm_type": "way"}, "geometry": {"type": "LineString", "coordinates": [[-51.1272998, -29.7716038], [-51.1274066, -29.7714982], [-51.1283227, -29.7703403]]}}, {"type": "Feature", "properties": {"highway": "residential", "name": "Rua Carlos Gomes", "source": "Yahoo", "osm_id": 76156953, "osm_type": "way"}, "geometry": {"type": "LineString", "coordinates": [[-51.1276218, -29.7725283], [-51.1271862, -29.7722886], [-51.1262408, -29.7716431], [-51.1248167, -29.7707093]]}}, {"type": "Feature", "properties": {"highway": "residential", "name": "Rua Mário Totta", "source": "Yahoo", "osm_id": 76156955, "osm_type": "way"}, "geometry": {"type": "LineString", "coordinates": [[-51.1271221, -29.7745882], [-51.1262391, -29.7740033], [-51.1259041, -29.7737975], [-51.1249149, -29.7731346], [-51.1242292, -29.7726977]]}}, {"type": "Feature", "properties": {"highway": "residential", "name": "Rua Irineu Trajano", "source": "Yahoo", "osm_id": 76156979, "osm_type": "way"}, "geometry": {"type": "LineString", "coordinates": [[-51.1262334, -29.7733949], [-51.1252485, -29.77275], [-51.12437, -29.7721701]]}}, {"type": "Feature", "properties": {"highway": "residential", "name": "Rua Leonel Vargas", "source": "Yahoo", "osm_id": 76156980, "osm_type": "way"}, "geometry": {"type": "LineString", "coordinates": [[-51.1244922, -29.7716628], [-51.1255796, -29.7723741], [-51.1265447, -29.7730123]]}}, {"type": "Feature", "properties": {"highway": "residential", "name": "Rua Vinícius de Moraes", "source": "Yahoo", "osm_id": 76156982, "osm_type": "way"}, "geometry": {"type": "LineString", "coordinates": [[-51.1268699, -29.7726251], [-51.1259103, -29.772016], [-51.1246524, -29.7712106]]}}, {"type": "Feature", "properties": {"highway": "residential", "name": "Rua Bento Manoel", "source": "Yahoo", "osm_id": 76156984, "osm_type": "way"}, "geometry": {"type": "LineString", "coordinates": [[-51.1285613, -29.7718344], [-51.1280409, -29.7720652], [-51.1276902, -29.7724527], [-51.1276218, -29.7725283]]}}, {"type": "Feature", "properties": {"highway": "residential", "name": "Rua Botafogo", "source": "Yahoo", "osm_id": 76523338, "osm_type": "way"}, "geometry": {"type": "LineString", "coordinates": [[-51.1184072, -29.7703297], [-51.1190989, -29.7695557], [-51.1196079, -29.7689934], [-51.1197548, -29.7687963], [-51.1197958, -29.7681199], [-51.1200455, -29.7674322]]}}, {"type": "Feature", "properties": {"foot": "no", "highway": "residential", "source": "survey", "surface": "asphalt", "osm_id": 76523642, "osm_type": "way"}, "geometry": {"type": "LineString", "coordinates": [[-51.118975, -29.766659], [-51.1189355, -29.766782]]}}, {"type": "Feature", "properties": {"highway": "residential", "name": "Rua Botucatu", "source": "Yahoo", "osm_id": 76524340, "osm_type": "way"}, "geometry": {"type": "LineString", "coordinates": [[-51.1202115, -29.7704139], [-51.119469, -29.7712773]]}}, {"type": "Feature", "properties": {"highway": "residential", "name": "Avenida Benjamin Constant", "source": "Yahoo", "osm_id": 76524776, "osm_type": "way"}, "geometry": {"type": "LineString", "coordinates": [[-51.1181251, -29.7724748], [-51.1191214, -29.7721097], [-51.1199984, -29.7717305], [-51.1201847, -29.7716131], [-51.1203839, -29.771344], [-51.1205432, -29.7710505], [-51.1206347, -29.7708174], [-51.1206665, -29.7706031]]}}, {"type": "Feature", "properties": {"highway": "residential", "name": "Rua Bom Jesus", "source": "Yahoo", "osm_id": 76525965, "osm_type": "way"}, "geometry": {"type": "LineString", "coordinates": [[-51.1224844, -29.7704434], [-51.1224598, -29.7704676], [-51.1221955, -29.7707971], [-51.1218704, -29.7711597], [-51.1209732, -29.7721454], [-51.1199735, -29.7733065], [-51.1192314, -29.7740301], [-51.118523, -29.7747134]]}}, {"type": "Feature", "properties": {"highway": "residential", "name": "Rua Coronel Bordini", "source": "Yahoo", "osm_id": 76526052, "osm_type": "way"}, "geometry": {"type": "LineString", "coordinates": [[-51.1236568, -29.7701846], [-51.1230577, -29.7708675], [-51.1224501, -29.7715653], [-51.121584, -29.7725539], [-51.1205767, -29.7736969], [-51.1196306, -29.7747651], [-51.1186835, -29.7758285], [-51.1176892, -29.7769977], [-51.1173026, -29.7774178], [-51.1172124, -29.7775158], [-51.1171303, -29.7776116], [-51.1166815, -29.7781493], [-51.116224, -29.7786792], [-51.11556, -29.7794306]]}}, {"type": "Feature", "properties": {"highway": "residential", "name": "Rua Blumenau", "source": "Yahoo", "osm_id": 76526214, "osm_type": "way"}, "geometry": {"type": "LineString", "coordinates": [[-51.1236568, -29.7701846], [-51.1235368, -29.7706637], [-51.1233696, -29.7711017], [-51.1232737, -29.7713934], [-51.1231588, -29.7717021], [-51.1230596, -29.7719466], [-51.1221636, -29.7729462], [-51.121168, -29.7740922], [-51.1204186, -29.7749294], [-51.1192866, -29.7762409], [-51.1182733, -29.7773839], [-51.1179958, -29.7777201]]}}, {"type": "Feature", "properties": {"highway": "residential", "name": "Rua Bom Retiro", "source": "Yahoo; survey", "osm_id": 76526355, "osm_type": "way"}, "geometry": {"type": "LineString", "coordinates": [[-51.1186288, -29.7781019], [-51.1188963, -29.7777959], [-51.1198602, -29.7766326], [-51.1203768, -29.7760652], [-51.1212117, -29.7750985], [-51.1217667, -29.7744863], [-51.1227651, -29.7733305], [-51.1234168, -29.772558], [-51.1237676, -29.7715166], [-51.1241025, -29.7705112]]}}, {"type": "Feature", "properties": {"highway": "residential", "name": "Travessa Gonçalves Viana", "source": "Yahoo", "osm_id": 76526434, "osm_type": "way"}, "geometry": {"type": "LineString", "coordinates": [[-51.1230577, -29.7708675], [-51.1224598, -29.7704676]]}}, {"type": "Feature", "properties": {"highway": "residential", "name": "Travessa Gonçalves Viana", "source": "Yahoo", "osm_id": 76526630, "osm_type": "way"}, "geometry": {"type": "LineString", "coordinates": [[-51.1216969, -29.7698938], [-51.1224844, -29.7704434]]}}, {"type": "Feature", "properties": {"highway": "residential", "name": "Travessa Manoel do Carmo", "source": "Yahoo", "osm_id": 76526734, "osm_type": "way"}, "geometry": {"type": "LineString", "coordinates": [[-51.1212995, -29.7701892], [-51.1221955, -29.7707971]]}}, {"type": "Feature", "properties": {"highway": "residential", "name": "Rua Sarmento Mena", "source": "Yahoo", "osm_id": 76526908, "osm_type": "way"}, "geometry": {"type": "LineString", "coordinates": [[-51.1209789, -29.7705803], [-51.1218704, -29.7711597], [-51.1224501, -29.7715653], [-51.1230596, -29.7719466]]}}, {"type": "Feature", "properties": {"highway": "tertiary", "name": "Rua José Luís Schroder", "source": "Yahoo; Bing; IBGE; survey", "osm_id": 76528326, "osm_type": "way"}, "geometry": {"type": "LineString", "coordinates": [[-51.1283812, -29.776195], [-51.1285793, -29.7763068]]}}, {"type": "Feature", "properties": {"highway": "residential", "name": "Rua Carlos Hennemann", "source": "Yahoo", "osm_id": 76528448, "osm_type": "way"}, "geometry": {"type": "LineString", "coordinates": [[-51.1251356, -29.7740296], [-51.1243224, -29.7749704]]}}, {"type": "Feature", "properties": {"highway": "residential", "name": "Rua Ignacio Schilling", "source": "Yahoo", "osm_id": 76528531, "osm_type": "way"}, "geometry": {"type": "LineString", "coordinates": [[-51.1262391, -29.7740033], [-51.1257989, -29.774465], [-51.1253157, -29.7750185], [-51.1247985, -29.7755975]]}}, {"type": "Feature", "properties": {"highway": "residential", "name": "Rua Germano Panitz", "source": "Yahoo", "osm_id": 76528718, "osm_type": "way"}, "geometry": {"type": "LineString", "coordinates": [[-51.1253157, -29.7750185], [-51.1262077, -29.7756154], [-51.1274946, -29.7764824]]}}, {"type": "Feature", "properties": {"highway": "residential", "name": "Rua Alberto Zimmermann", "source": "Yahoo", "osm_id": 76528929, "osm_type": "way"}, "geometry": {"type": "LineString", "coordinates": [[-51.1283812, -29.776195], [-51.1274946, -29.7764824], [-51.1274255, -29.7765293], [-51.1273259, -29.7765969], [-51.1271303, -29.7768291], [-51.1269802, -29.7770482], [-51.1268181, -29.7773754], [-51.1264415, -29.7781857], [-51.1263694, -29.7783328], [-51.126327, -29.7783874]]}}, {"type": "Feature", "properties": {"highway": "residential", "name": "Rua Albino Stiehl", "source": "Yahoo;survey", "osm_id": 76529081, "osm_type": "way"}, "geometry": {"type": "LineString", "coordinates": [[-51.1288076, -29.7826703], [-51.1287515, -29.7819548], [-51.1286145, -29.7802897], [-51.1285821, -29.7798225], [-51.1285928, -29.7796665], [-51.1286598, -29.7794337], [-51.1288101, -29.7791804], [-51.1292025, -29.7786159]]}}, {"type": "Feature", "properties": {"highway": "primary", "name": "Rua Osvaldo Cruz", "oneway": "yes", "source": "Yahoo;survey", "osm_id": 76534976, "osm_type": "way"}, "geometry": {"type": "LineString", "coordinates": [[-51.1393243, -29.7695683], [-51.1393163, -29.7694705], [-51.1394544, -29.7689187], [-51.1395201, -29.7686615], [-51.1398527, -29.7674764], [-51.1399855, -29.7669502]]}}, {"type": "Feature", "properties": {"highway": "residential", "lanes": "2", "lit": "yes", "name": "Rua Sílvio Romero", "oneway": "no", "source": "Yahoo;survey", "surface": "sett", "osm_id": 76535020, "osm_type": "way"}, "geometry": {"type": "LineString", "coordinates": [[-51.1377525, -29.7692249], [-51.1379492, -29.7685964], [-51.13823, -29.7676673]]}}, {"type": "Feature", "properties": {"alt_name": "Rua Madre Anna", "highway": "residential", "lanes": "2", "name": "Rua Madre Ana", "oneway": "no", "source": "Yahoo; survey", "surface": "sett", "osm_id": 76535044, "osm_type": "way"}, "geometry": {"type": "LineString", "coordinates": [[-51.1365027, -29.7686604], [-51.1374167, -29.7685019], [-51.1379492, -29.7685964], [-51.1386948, -29.768759], [-51.1394544, -29.7689187]]}}, {"type": "Feature", "properties": {"highway": "residential", "lanes": "2", "name": "Rua Irene Ruperti", "oneway": "no", "source": "Yahoo", "surface": "sett", "osm_id": 76535102, "osm_type": "way"}, "geometry": {"type": "LineString", "coordinates": [[-51.1386948, -29.768759], [-51.1390863, -29.7674927]]}}, {"type": "Feature", "properties": {"highway": "residential", "oneway": "yes", "source": "survey; Bing", "osm_id": 76535146, "osm_type": "way"}, "geometry": {"type": "LineString", "coordinates": [[-51.1399667, -29.7697115], [-51.1397669, -29.7698081]]}}, {"type": "Feature", "properties": {"highway": "residential", "name": "Rua São Miguel", "oneway": "yes", "source": "Yahoo; survey", "osm_id": 76535234, "osm_type": "way"}, "geometry": {"type": "LineString", "coordinates": [[-51.140935, -29.7689781], [-51.1402684, -29.7688291]]}}, {"type": "Feature", "properties": {"alt_name": "Rua Saturnino de Britto", "highway": "residential", "lanes": "2", "lit": "yes", "name": "Rua Saturnino de Brito", "oneway": "no", "source": "survey; Bing; IBGE", "surface": "sett", "osm_id": 76535308, "osm_type": "way"}, "geometry": {"type": "LineString", "coordinates": [[-51.1363833, -29.7679699], [-51.1365027, -29.7686604], [-51.1366514, -29.7693661]]}}, {"type": "Feature", "properties": {"access": "private", "highway": "service", "service": "driveway", "source": "Yahoo", "osm_id": 76535427, "osm_type": "way"}, "geometry": {"type": "LineString", "coordinates": [[-51.1354415, -29.7691024], [-51.1359334, -29.7690485], [-51.1358636, -29.768651]]}}, {"type": "Feature", "properties": {"highway": "residential", "name": "Rua Brusque", "source": "Yahoo;Yahoo;Yahoo; Bing; IBGE; survey", "osm_id": 76697553, "osm_type": "way"}, "geometry": {"type": "LineString", "coordinates": [[-51.123618, -29.7736052], [-51.1236825, -29.7735217], [-51.1240839, -29.7729897], [-51.1242292, -29.7726977], [-51.12437, -29.7721701], [-51.1244922, -29.7716628], [-51.1245002, -29.7716404], [-51.1246524, -29.7712106], [-51.1248167, -29.7707093], [-51.1250146, -29.7701868]]}}, {"type": "Feature", "properties": {"highway": "residential", "name": "Rua Otto Roth", "source": "Yahoo; Bing; IBGE", "osm_id": 77302865, "osm_type": "way"}, "geometry": {"type": "LineString", "coordinates": [[-51.1293335, -29.7758032], [-51.1292456, -29.7757476], [-51.1292031, -29.7757207], [-51.1272269, -29.7744544]]}}, {"type": "Feature", "properties": {"highway": "residential", "name": "Rua Ida Joana Roth", "source": "Yahoo; Bing; IBGE", "osm_id": 77302869, "osm_type": "way"}, "geometry": {"type": "LineString", "coordinates": [[-51.129687, -29.7752393], [-51.127689, -29.7739291]]}}, {"type": "Feature", "properties": {"highway": "residential", "name": "Rua Guarani", "source": "Yahoo", "osm_id": 77302920, "osm_type": "way"}, "geometry": {"type": "LineString", "coordinates": [[-51.1301145, -29.7737341], [-51.1302611, -29.77359], [-51.130896, -29.772969]]}}, {"type": "Feature", "properties": {"highway": "residential", "name": "Rua Rui Barbosa", "source": "Yahoo", "osm_id": 77302921, "osm_type": "way"}, "geometry": {"type": "LineString", "coordinates": [[-51.1302611, -29.77359], [-51.1289649, -29.7724825], [-51.1285613, -29.7718344], [-51.1281398, -29.7711738]]}}, {"type": "Feature", "properties": {"highway": "residential", "lanes": "2", "name": "Rua Olavo Bilac", "oneway": "no", "source": "Yahoo; Bing", "surface": "asphalt", "osm_id": 77302965, "osm_type": "way"}, "geometry": {"type": "LineString", "coordinates": [[-51.1361448, -29.7746824], [-51.1350528, -29.7757287], [-51.1345551, -29.7762231], [-51.1341658, -29.7765971], [-51.1338803, -29.7768851], [-51.1332577, -29.7774839]]}}, {"type": "Feature", "properties": {"highway": "residential", "name": "Travessa Silveira", "source": "Yahoo; IBGE", "osm_id": 77302999, "osm_type": "way"}, "geometry": {"type": "LineString", "coordinates": [[-51.1361226, -29.772475], [-51.1349249, -29.7715408]]}}, {"type": "Feature", "properties": {"highway": "residential", "lanes": "2", "name": "Rua Alberto Scherer", "oneway": "no", "source": "Yahoo; survey", "surface": "asphalt", "osm_id": 77303007, "osm_type": "way"}, "geometry": {"type": "LineString", "coordinates": [[-51.1354641, -29.7709638], [-51.1349249, -29.7715408], [-51.1343131, -29.7720991], [-51.1338, -29.7726083], [-51.1334118, -29.7729855], [-51.1322895, -29.7740513]]}}, {"type": "Feature", "properties": {"highway": "residential", "lanes": "2", "name": "Rua José de Alencar", "source": "Yahoo; survey", "osm_id": 77303027, "osm_type": "way"}, "geometry": {"type": "LineString", "coordinates": [[-51.1354083, -29.7729439], [-51.1351396, -29.773686], [-51.1349548, -29.7741662], [-51.1343612, -29.7753981]]}}, {"type": "Feature", "properties": {"highway": "residential", "name": "Rua Coelho Neto", "source": "Yahoo; IBGE", "osm_id": 77303028, "osm_type": "way"}, "geometry": {"type": "LineString", "coordinates": [[-51.1351396, -29.773686], [-51.1338, -29.7726083]]}}, {"type": "Feature", "properties": {"highway": "residential", "lanes": "2", "name": "Rua Gonçalves Dias", "oneway": "no", "source": "Yahoo; IBGE; survey", "surface": "sett", "osm_id": 77303037, "osm_type": "way"}, "geometry": {"type": "LineString", "coordinates": [[-51.1337228, -29.7736364], [-51.1338003, -29.7750601], [-51.1337865, -29.7763653]]}}, {"type": "Feature", "properties": {"highway": "residential", "lit": "yes", "name": "Rua Lindolfo Collor", "oneway": "yes", "osm_id": 81948008, "osm_type": "way"}, "geometry": {"type": "LineString", "coordinates": [[-51.142728, -29.7679746], [-51.1434214, -29.7681062], [-51.1435032, -29.7681225], [-51.1442488, -29.768247], [-51.1443414, -29.7682657], [-51.1451266, -29.7683995], [-51.1451823, -29.76841], [-51.1457402, -29.7684962], [-51.1459655, -29.7685299], [-51.1460996, -29.7685532], [-51.1467587, -29.7686626], [-51.1470947, -29.7687197]]}}, {"type": "Feature", "properties": {"highway": "residential", "lit": "yes", "name": "Rua Antunes Ribas", "source": "Bing; survey", "osm_id": 82004265, "osm_type": "way"}, "geometry": {"type": "LineString", "coordinates": [[-51.1391661, -29.7723261], [-51.1394691, -29.7710456], [-51.1397669, -29.7698081]]}}, {"type": "Feature", "properties": {"highway": "residential", "name": "Rua Borges de Medeiros", "osm_id": 82004266, "osm_type": "way"}, "geometry": {"type": "LineString", "coordinates": [[-51.1399278, -29.7724658], [-51.1399184, -29.7726474], [-51.1399687, -29.7734199], [-51.1400874, -29.7745829], [-51.1402195, -29.7759464], [-51.140298, -29.7767053], [-51.1403918, -29.7770615]]}}, {"type": "Feature", "properties": {"highway": "residential", "maxheight": "default", "name": "Rua Júlio de Castilhos", "osm_id": 82004267, "osm_type": "way"}, "geometry": {"type": "LineString", "coordinates": [[-51.1407673, -29.7726194], [-51.1410704, -29.7713296], [-51.1413842, -29.7701492]]}}, {"type": "Feature", "properties": {"highway": "residential", "maxheight": "default", "name": "Rua José Bonifácio", "osm_id": 82004268, "osm_type": "way"}, "geometry": {"type": "LineString", "coordinates": [[-51.1415935, -29.7727684], [-51.1418831, -29.7714926], [-51.1420058, -29.7709537]]}}, {"type": "Feature", "properties": {"highway": "primary", "lanes": "2", "maxheight": "default", "name": "Avenida Mauá", "surface": "asphalt", "osm_id": 82004269, "osm_type": "way"}, "geometry": {"type": "LineString", "coordinates": [[-51.1429533, -29.7794908], [-51.143104, -29.7789032], [-51.1431465, -29.7787376], [-51.143593, -29.7776004], [-51.1436749, -29.7772081], [-51.143699, -29.7766773], [-51.1435687, -29.7755437], [-51.143445, -29.7744675], [-51.1433027, -29.7736613], [-51.1431726, -29.7730874], [-51.1430714, -29.7727812], [-51.1428696, -29.7723039], [-51.1426132, -29.771773]]}}, {"type": "Feature", "properties": {"highway": "residential", "lanes": "2", "name": "Rua Pinheiro Machado", "oneway": "yes", "source": "Bing; survey", "surface": "asphalt", "osm_id": 82004271, "osm_type": "way"}, "geometry": {"type": "LineString", "coordinates": [[-51.1370578, -29.770566], [-51.1378545, -29.7707429]]}}, {"type": "Feature", "properties": {"highway": "residential", "lanes": "2", "lit": "yes", "name": "Rua Ernesto Silva", "oneway": "yes", "source": "Bing; survey", "surface": "asphalt", "osm_id": 82004272, "osm_type": "way"}, "geometry": {"type": "LineString", "coordinates": [[-51.1373182, -29.7693584], [-51.1370578, -29.770566]]}}, {"type": "Feature", "properties": {"highway": "residential", "lanes": "2", "lit": "yes", "name": "Rua Felipe Matte", "source": "survey", "surface": "sett", "osm_id": 82004273, "osm_type": "way"}, "geometry": {"type": "LineString", "coordinates": [[-51.137538, -29.7720059], [-51.1378545, -29.7707429]]}}, {"type": "Feature", "properties": {"alt_name": "Rua Tomas Flores", "highway": "residential", "lanes": "2", "lit": "yes", "name": "Rua Tomaz Flores", "oneway": "no", "source": "survey", "source:name": "survey", "surface": "sett", "osm_id": 82004274, "osm_type": "way"}, "geometry": {"type": "LineString", "coordinates": [[-51.1383507, -29.7721724], [-51.1386484, -29.7708896], [-51.1389408, -29.7696207]]}}, {"type": "Feature", "properties": {"highway": "tertiary", "lanes": "2", "maxspeed": "40", "name": "Praça Imigrante", "oneway": "no", "source:maxspeed": "implicit", "surface": "asphalt", "osm_id": 82005467, "osm_type": "way"}, "geometry": {"type": "LineString", "coordinates": [[-51.1481177, -29.7604427], [-51.1482203, -29.7600227], [-51.1482361, -29.7599578]]}}, {"type": "Feature", "properties": {"highway": "tertiary", "maxspeed": "40", "name": "Avenida Caxias do Sul", "oneway": "yes", "source:maxspeed": "implicit", "osm_id": 82005468, "osm_type": "way"}, "geometry": {"type": "LineString", "coordinates": [[-51.1486393, -29.7584116], [-51.1486538, -29.7582713]]}}, {"type": "Feature", "properties": {"highway": "residential", "name": "Rua Bento Gonçalves", "oneway": "yes", "osm_id": 82181145, "osm_type": "way"}, "geometry": {"type": "LineString", "coordinates": [[-51.1464161, -29.771311], [-51.1461304, -29.7724343], [-51.1458635, -29.773567], [-51.1456302, -29.7743585], [-51.14559, -29.7744144]]}}, {"type": "Feature", "properties": {"access": "no", "bus": "yes", "highway": "service", "oneway": "yes", "psv": "yes", "service": "driveway", "osm_id": 83112552, "osm_type": "way"}, "geometry": {"type": "LineString", "coordinates": [[-51.1503415, -29.7601013], [-51.1502852, -29.760234], [-51.1502797, -29.7603044], [-51.1502925, -29.7605373], [-51.1502738, -29.7605611], [-51.150251, -29.7605745], [-51.1499129, -29.760618], [-51.1496119, -29.7606717], [-51.1495622, -29.7607163], [-51.1495435, -29.7607742]]}}, {"type": "Feature", "properties": {"highway": "residential", "name": "Rua Jacob Wieckert", "osm_id": 87646719, "osm_type": "way"}, "geometry": {"type": "LineString", "coordinates": [[-51.1505923, -29.7729477], [-51.1508571, -29.7733167], [-51.1512722, -29.7738952], [-51.152038, -29.7749708], [-51.1528051, -29.7760348]]}}, {"type": "Feature", "properties": {"highway": "residential", "maxheight": "default", "name": "Rua Florêncio Câmara", "osm_id": 87646721, "osm_type": "way"}, "geometry": {"type": "LineString", "coordinates": [[-51.1434576, -29.7719466], [-51.1442435, -29.7720932], [-51.1444017, -29.7721212], [-51.1451568, -29.7722527], [-51.1461304, -29.7724343], [-51.1471134, -29.7726217]]}}, {"type": "Feature", "properties": {"alt_name": "Rua Jorge Naamann", "highway": "residential", "name": "Rua Doutor Jorge Naamann", "osm_id": 87646723, "osm_type": "way"}, "geometry": {"type": "LineString", "coordinates": [[-51.14686, -29.7737707], [-51.1471134, -29.7726217]]}}, {"type": "Feature", "properties": {"highway": "residential", "name": "Rua Clemente Pinto", "osm_id": 87646724, "osm_type": "way"}, "geometry": {"type": "LineString", "coordinates": [[-51.1492592, -29.771751], [-51.1492512, -29.7724658], [-51.149852, -29.7733202], [-51.1505091, -29.7743027], [-51.1513084, -29.7753783], [-51.152038, -29.7764189]]}}, {"type": "Feature", "properties": {"alt_name": "8º Avenida BC", "highway": "tertiary", "name": "Avenida Oitavo BC", "oneway": "yes", "osm_id": 87646727, "osm_type": "way"}, "geometry": {"type": "LineString", "coordinates": [[-51.1478041, -29.7769229], [-51.1479373, -29.7769398], [-51.148071, -29.7769567], [-51.148242, -29.776957], [-51.148653, -29.7769695], [-51.1488716, -29.7769672], [-51.1494538, -29.7769523], [-51.1500143, -29.7769381], [-51.1503441, -29.776947], [-51.1510657, -29.7769666], [-51.1513031, -29.7770603], [-51.1526039, -29.7775829], [-51.1531591, -29.7777866], [-51.1535387, -29.7778611], [-51.1539625, -29.7778635], [-51.1547336, -29.7777191], [-51.1552372, -29.7776034], [-51.155439, -29.7775538]]}}, {"type": "Feature", "properties": {"highway": "residential", "lanes": "2", "name": "Rua Emílio Boeckel", "oneway": "yes", "surface": "asphalt", "osm_id": 87646731, "osm_type": "way"}, "geometry": {"type": "LineString", "coordinates": [[-51.1535239, -29.7756483], [-51.1528148, -29.7746409], [-51.1527783, -29.774589], [-51.1520603, -29.7735752], [-51.1520165, -29.7735134], [-51.1519776, -29.7734588], [-51.151901, -29.7733512], [-51.1514192, -29.7726749], [-51.151398, -29.7726451], [-51.1513432, -29.7725682], [-51.1513641, -29.7724867], [-51.1514423, -29.7721815], [-51.1514495, -29.7721534], [-51.1514667, -29.7720863]]}}, {"type": "Feature", "properties": {"highway": "residential", "name": "Rua Emílio Meyer", "osm_id": 87646739, "osm_type": "way"}, "geometry": {"type": "LineString", "coordinates": [[-51.1485216, -29.7728732], [-51.149101, -29.7736997], [-51.1497983, -29.7746984], [-51.1505413, -29.7757542], [-51.1513111, -29.7768298]]}}, {"type": "Feature", "properties": {"highway": "tertiary", "name": "Rua Azambuja Fortuna", "oneway": "yes", "osm_id": 87646743, "osm_type": "way"}, "geometry": {"type": "LineString", "coordinates": [[-51.1527649, -29.7731246], [-51.1521898, -29.7734234], [-51.1520165, -29.7735134], [-51.1519457, -29.7735512], [-51.1515973, -29.7737371], [-51.1512722, -29.7738952], [-51.1505091, -29.7743027], [-51.1497983, -29.7746984], [-51.1491251, -29.775057], [-51.1487847, -29.7752466], [-51.1478564, -29.7752712], [-51.1477867, -29.7752712]]}}, {"type": "Feature", "properties": {"highway": "residential", "lanes": "2", "maxheight": "default", "name": "Rua Caldre Fião", "sidewalk": "both", "surface": "asphalt", "osm_id": 87646746, "osm_type": "way"}, "geometry": {"type": "LineString", "coordinates": [[-51.1528681, -29.7767809], [-51.153605, -29.7766319], [-51.1541582, -29.7765172], [-51.1543795, -29.7764713], [-51.1544512, -29.7764572], [-51.1545642, -29.776435], [-51.1548548, -29.7763778], [-51.1550863, -29.7763293]]}}, {"type": "Feature", "properties": {"alt_name": "Rua 21 de Agosto", "highway": "residential", "name": "Rua Vinte e Um de Agosto", "osm_id": 87646749, "osm_type": "way"}, "geometry": {"type": "LineString", "coordinates": [[-51.1461478, -29.7749662], [-51.1462149, -29.7749406], [-51.1477344, -29.7742957], [-51.1478095, -29.7742631], [-51.148369, -29.774019], [-51.149101, -29.7736997], [-51.149852, -29.7733202], [-51.1505923, -29.7729477]]}}, {"type": "Feature", "properties": {"alt_name": "8º Avenida BC", "highway": "tertiary", "name": "Avenida Oitavo BC", "oneway": "yes", "osm_id": 87646751, "osm_type": "way"}, "geometry": {"type": "LineString", "coordinates": [[-51.1554726, -29.777633], [-51.1552715, -29.7776902], [-51.1547644, -29.7778123], [-51.154, -29.7779589], [-51.153544, -29.7779519], [-51.1531752, -29.7778786], [-51.1525617, -29.7776638], [-51.1521372, -29.7775015], [-51.1509671, -29.7770312], [-51.1506084, -29.7770196], [-51.1503413, -29.7770181], [-51.1500183, -29.7770114], [-51.149455, -29.7770251], [-51.1488689, -29.7770393], [-51.1480992, -29.7770521], [-51.1479436, -29.7770568], [-51.1478095, -29.7770615]]}}, {"type": "Feature", "properties": {"alt_name": "Rua Ernesto Muzell", "highway": "residential", "name": "Rua Ernesto Mutzel", "osm_id": 87646753, "osm_type": "way"}, "geometry": {"type": "LineString", "coordinates": [[-51.1458635, -29.773567], [-51.14686, -29.7737707], [-51.1477116, -29.7739197], [-51.1477961, -29.7739255]]}}, {"type": "Feature", "properties": {"highway": "residential", "name": "Rua Carlos Scherer", "osm_id": 87646758, "osm_type": "way"}, "geometry": {"type": "LineString", "coordinates": [[-51.1491251, -29.775057], [-51.1486986, -29.7744912], [-51.148369, -29.774019]]}}, {"type": "Feature", "properties": {"highway": "tertiary", "lanes": "2", "lit": "yes", "loc_name": "Rua Grande", "name": "Rua Independência", "old_name": "Rua do Passo; Große Straße", "oneway": "yes", "surface": "sett", "osm_id": 87646759, "osm_type": "way"}, "geometry": {"type": "LineString", "coordinates": [[-51.1439189, -29.773248], [-51.1439417, -29.7731654], [-51.1442435, -29.7720932], [-51.1444339, -29.7711157], [-51.1444607, -29.7709978]]}}, {"type": "Feature", "properties": {"highway": "residential", "lanes": "2", "name": "Rua São Nicolau", "surface": "asphalt", "osm_id": 87646761, "osm_type": "way"}, "geometry": {"type": "LineString", "coordinates": [[-51.154047, -29.7753759], [-51.1543132, -29.7762529], [-51.1543547, -29.7763897], [-51.1543795, -29.7764713], [-51.1543936, -29.776521], [-51.1544416, -29.7766901], [-51.1547336, -29.7777191], [-51.1547644, -29.7778123], [-51.1550662, -29.7788424], [-51.1558306, -29.7795525], [-51.1567341, -29.7803451]]}}, {"type": "Feature", "properties": {"alt_name": "Rua 25 de Julho; Rua Vinte e Cinco de Julho; Avenida 25 de Julho", "highway": "residential", "maxspeed:type": "BR:urban", "name": "Avenida Vinte e Cinco de Julho", "osm_id": 87646763, "osm_type": "way"}, "geometry": {"type": "LineString", "coordinates": [[-51.1505413, -29.7757542], [-51.1513084, -29.7753783], [-51.152038, -29.7749708], [-51.1527783, -29.774589], [-51.1535078, -29.7741956]]}}, {"type": "Feature", "properties": {"highway": "residential", "lanes": "2", "name": "Rua Concórdia", "oneway": "no", "surface": "asphalt", "osm_id": 87652997, "osm_type": "way"}, "geometry": {"type": "LineString", "coordinates": [[-51.1568874, -29.783084], [-51.1564901, -29.7820326], [-51.1564713, -29.7819808], [-51.1561337, -29.7810493], [-51.1560958, -29.7809577], [-51.1560831, -29.7809269], [-51.1560586, -29.7808678], [-51.155988, -29.7808024], [-51.1559656, -29.7807817], [-51.1551788, -29.780053]]}}, {"type": "Feature", "properties": {"highway": "service", "oneway": "yes", "service": "driveway", "osm_id": 87653816, "osm_type": "way"}, "geometry": {"type": "LineString", "coordinates": [[-51.1478852, -29.7759137], [-51.1479704, -29.7758997], [-51.1480133, -29.7759091], [-51.1480462, -29.7759347], [-51.1480871, -29.7760732], [-51.1480455, -29.7764294], [-51.1480603, -29.776732], [-51.1481347, -29.7768304], [-51.148238, -29.7768676], [-51.1488113, -29.7768973], [-51.1488716, -29.7769672]]}}, {"type": "Feature", "properties": {"highway": "secondary", "maxspeed": "50", "name": "Avenida Dom João Becker", "oneway": "yes", "source:maxspeed": "sign", "surface": "asphalt", "osm_id": 87654640, "osm_type": "way"}, "geometry": {"type": "LineString", "coordinates": [[-51.1469606, -29.7605309], [-51.146231, -29.7603748]]}}, {"type": "Feature", "properties": {"highway": "secondary", "maxspeed": "50", "name": "Avenida Dom João Becker", "source:maxspeed": "sign", "surface": "asphalt", "osm_id": 87654642, "osm_type": "way"}, "geometry": {"type": "LineString", "coordinates": [[-51.1469606, -29.7605309], [-51.1470853, -29.76056], [-51.1479221, -29.7607037]]}}, {"type": "Feature", "properties": {"highway": "primary", "maxheight": "default", "name": "Avenida Mauá", "oneway": "yes", "osm_id": 87654644, "osm_type": "way"}, "geometry": {"type": "LineString", "coordinates": [[-51.1417732, -29.7599545], [-51.141745, -29.7600535], [-51.1416987, -29.7601755], [-51.1415063, -29.7605863], [-51.1414057, -29.760801], [-51.1410731, -29.7614681], [-51.1409149, -29.7618837], [-51.1408398, -29.7621584], [-51.1408156, -29.7622469], [-51.1407217, -29.7627848], [-51.1405782, -29.7634204], [-51.1405595, -29.763467], [-51.1405073, -29.7635462]]}}, {"type": "Feature", "properties": {"alt_name": "Rua Raymundo Correa", "highway": "residential", "name": "Rua Raimundo Corrêa", "surface": "sett", "width": "9", "osm_id": 87659929, "osm_type": "way"}, "geometry": {"type": "LineString", "coordinates": [[-51.1401842, -29.7796982], [-51.1403489, -29.7795001], [-51.1404441, -29.7794], [-51.140534, -29.7793464], [-51.1411227, -29.7791497], [-51.1413735, -29.7790287], [-51.141635, -29.7788587], [-51.142028, -29.7785246], [-51.1423123, -29.7782266], [-51.1425, -29.777938], [-51.1428675, -29.7771953]]}}, {"type": "Feature", "properties": {"alt_name": "Rua Martnho Lutero; Rua Martin Lutero", "highway": "residential", "name": "Rua Martin Luther", "surface": "sett", "width": "8", "osm_id": 87659938, "osm_type": "way"}, "geometry": {"type": "LineString", "coordinates": [[-51.1364946, -29.7778902], [-51.1376399, -29.7776644], [-51.138517, -29.7774665], [-51.1394081, -29.7772756], [-51.1403918, -29.7770615]]}}, {"type": "Feature", "properties": {"highway": "residential", "name": "Rua América", "surface": "sett", "width": "9", "osm_id": 87659944, "osm_type": "way"}, "geometry": {"type": "LineString", "coordinates": [[-51.141462, -29.7767379], [-51.1414111, -29.7769078], [-51.1409953, -29.7773757], [-51.1408424, -29.7775457], [-51.1406145, -29.7777692], [-51.1403516, -29.7779298], [-51.1400566, -29.7780229], [-51.1390749, -29.7782301]]}}, {"type": "Feature", "properties": {"access": "customers", "highway": "service", "service": "driveway", "osm_id": 87659954, "osm_type": "way"}, "geometry": {"type": "LineString", "coordinates": [[-51.1393377, -29.7745145], [-51.1394265, -29.7745928], [-51.1398111, -29.7750038]]}}, {"type": "Feature", "properties": {"access": "private", "highway": "service", "service": "driveway", "osm_id": 87659965, "osm_type": "way"}, "geometry": {"type": "LineString", "coordinates": [[-51.1369935, -29.7763956], [-51.1369519, -29.7763013], [-51.137019, -29.7761768], [-51.137031, -29.7761244], [-51.1369809, -29.775599], [-51.1369684, -29.7754714]]}}, {"type": "Feature", "properties": {"access": "customers", "highway": "service", "service": "driveway", "osm_id": 87659970, "osm_type": "way"}, "geometry": {"type": "LineString", "coordinates": [[-51.1390038, -29.7754528], [-51.1388616, -29.7756634], [-51.1388066, -29.775696], [-51.1387584, -29.7757129], [-51.1380824, -29.7757636], [-51.1378142, -29.7758415], [-51.1376265, -29.7759463], [-51.1375031, -29.7759626], [-51.1373837, -29.7758893], [-51.1373609, -29.7758497], [-51.1373395, -29.7756634], [-51.1373127, -29.7756309], [-51.1372657, -29.7756076], [-51.1369809, -29.775599]]}}, {"type": "Feature", "properties": {"access": "private", "highway": "service", "oneway": "yes", "service": "driveway", "osm_id": 87659972, "osm_type": "way"}, "geometry": {"type": "LineString", "coordinates": [[-51.1391004, -29.7667709], [-51.1389273, -29.7668105], [-51.1388851, -29.7668151], [-51.1388435, -29.7668105], [-51.1388046, -29.7667948], [-51.1387751, -29.7667534], [-51.1386618, -29.7664589], [-51.138576, -29.7661655], [-51.1385116, -29.7659048], [-51.1384418, -29.7653553]]}}, {"type": "Feature", "properties": {"highway": "residential", "name": "Rua Pastor Voges", "surface": "sett", "width": "8", "osm_id": 87659973, "osm_type": "way"}, "geometry": {"type": "LineString", "coordinates": [[-51.1403918, -29.7770615], [-51.1408424, -29.7775457]]}}, {"type": "Feature", "properties": {"highway": "residential", "lit": "yes", "name": "Rua Borges de Medeiros", "osm_id": 87659975, "osm_type": "way"}, "geometry": {"type": "LineString", "coordinates": [[-51.1399278, -29.7724658], [-51.1402524, -29.7711818], [-51.1405326, -29.7699699]]}}, {"type": "Feature", "properties": {"access": "private", "highway": "service", "maxheight": "default", "service": "driveway", "osm_id": 87659978, "osm_type": "way"}, "geometry": {"type": "LineString", "coordinates": [[-51.1399493, -29.7648489], [-51.1398487, -29.7648611], [-51.1398336, -29.764864], [-51.1396448, -29.7649205], [-51.1396086, -29.7649309], [-51.1395697, -29.7649461], [-51.1390099, -29.7653012]]}}, {"type": "Feature", "properties": {"access": "private", "highway": "service", "service": "driveway", "osm_id": 87659979, "osm_type": "way"}, "geometry": {"type": "LineString", "coordinates": [[-51.1382461, -29.7653658], [-51.1382058, -29.7650183], [-51.1381723, -29.7649519], [-51.1381643, -29.7649158], [-51.1381683, -29.7648998], [-51.138185, -29.7648896], [-51.138243, -29.7648855]]}}, {"type": "Feature", "properties": {"highway": "residential", "name": "Rua dos Andes", "surface": "sett", "width": "8", "osm_id": 87659980, "osm_type": "way"}, "geometry": {"type": "LineString", "coordinates": [[-51.1393592, -29.7788378], [-51.1403006, -29.7786725], [-51.1409041, -29.7784303], [-51.141344, -29.7781254], [-51.1416283, -29.7777855], [-51.1418979, -29.777477], [-51.1419757, -29.7773734], [-51.1420052, -29.7772943], [-51.1420065, -29.7771255]]}}, {"type": "Feature", "properties": {"highway": "tertiary", "maxspeed": "40", "name": "Praça Imigrante", "oneway": "yes", "source:maxspeed": "implicit", "osm_id": 87723945, "osm_type": "way"}, "geometry": {"type": "LineString", "coordinates": [[-51.1481177, -29.7604427], [-51.1481535, -29.7605274], [-51.1481917, -29.7606065]]}}, {"type": "Feature", "properties": {"highway": "service", "oneway": "yes", "service": "parking_aisle", "osm_id": 87723947, "osm_type": "way"}, "geometry": {"type": "LineString", "coordinates": [[-51.1483821, -29.7605844], [-51.1487912, -29.7606292]]}}, {"type": "Feature", "properties": {"highway": "residential", "name": "Praça Tiradentes", "oneway": "yes", "source:name": "survey", "osm_id": 87723950, "osm_type": "way"}, "geometry": {"type": "LineString", "coordinates": [[-51.1481783, -29.7607532], [-51.1479963, -29.761399], [-51.1478872, -29.76178], [-51.1478256, -29.7620059]]}}, {"type": "Feature", "properties": {"highway": "secondary", "maxspeed": "50", "name": "Praça Imigrante", "oneway": "yes", "source:maxspeed": "implicit", "surface": "asphalt", "osm_id": 87723952, "osm_type": "way"}, "geometry": {"type": "LineString", "coordinates": [[-51.1479221, -29.7607037], [-51.1480334, -29.7605716]]}}, {"type": "Feature", "properties": {"highway": "tertiary", "maxspeed": "40", "name": "Praça Imigrante", "oneway": "yes", "source:maxspeed": "implicit", "surface": "asphalt", "osm_id": 87723956, "osm_type": "way"}, "geometry": {"type": "LineString", "coordinates": [[-51.1480334, -29.7605716], [-51.1481177, -29.7604427]]}}, {"type": "Feature", "properties": {"highway": "service", "oneway": "yes", "service": "driveway", "osm_id": 87723960, "osm_type": "way"}, "geometry": {"type": "LineString", "coordinates": [[-51.1482976, -29.760631], [-51.1483821, -29.7605844]]}}, {"type": "Feature", "properties": {"highway": "secondary", "lanes": "2", "maxspeed": "50", "name": "Avenida Dom João Becker", "oneway": "yes", "source:maxspeed": "sign", "surface": "asphalt", "osm_id": 87723963, "osm_type": "way"}, "geometry": {"type": "LineString", "coordinates": [[-51.1507477, -29.7612676], [-51.1498922, -29.7610804], [-51.1495516, -29.7610128], [-51.1491922, -29.7609395], [-51.1491146, -29.7609245], [-51.1490562, -29.7609141], [-51.1488709, -29.7608799], [-51.1486906, -29.7608464], [-51.1481783, -29.7607532]]}}, {"type": "Feature", "properties": {"highway": "service", "oneway": "yes", "service": "driveway", "osm_id": 87723965, "osm_type": "way"}, "geometry": {"type": "LineString", "coordinates": [[-51.1487912, -29.7606292], [-51.1488824, -29.7606286], [-51.1489669, -29.760617]]}}, {"type": "Feature", "properties": {"highway": "secondary", "maxheight": "default", "maxspeed": "60", "name": "Avenida John Kennedy", "oneway": "yes", "surface": "asphalt", "osm_id": 87892530, "osm_type": "way"}, "geometry": {"type": "LineString", "coordinates": [[-51.1415076, -29.7838871], [-51.141395, -29.7838149], [-51.1400914, -29.7837661], [-51.1394719, -29.7837445], [-51.1393538, -29.7837404], [-51.1386511, -29.783709]]}}, {"type": "Feature", "properties": {"alt_name": "Rua Emilia Prass", "highway": "secondary", "maxheight": "4.5", "name": "Avenida Emília Prass", "oneway": "yes", "surface": "asphalt", "osm_id": 87892531, "osm_type": "way"}, "geometry": {"type": "LineString", "coordinates": [[-51.141741, -29.7840419], [-51.141633, -29.7839727]]}}, {"type": "Feature", "properties": {"access": "no", "bus": "yes", "highway": "service", "psv": "yes", "osm_id": 87892535, "osm_type": "way"}, "geometry": {"type": "LineString", "coordinates": [[-51.1413333, -29.7858227], [-51.1412407, -29.785814], [-51.1411321, -29.7858443]]}}, {"type": "Feature", "properties": {"highway": "service", "oneway": "yes", "service": "parking_aisle", "osm_id": 87892537, "osm_type": "way"}, "geometry": {"type": "LineString", "coordinates": [[-51.1413963, -29.7854503], [-51.14134, -29.7853723], [-51.1417024, -29.7843421], [-51.1417946, -29.7842968]]}}, {"type": "Feature", "properties": {"alt_name": "Rua Emilia Prass", "highway": "secondary", "maxheight": "4.5", "name": "Avenida Emília Prass", "oneway": "yes", "surface": "asphalt", "osm_id": 87892538, "osm_type": "way"}, "geometry": {"type": "LineString", "coordinates": [[-51.141633, -29.7839727], [-51.1415076, -29.7838871]]}}, {"type": "Feature", "properties": {"highway": "secondary", "maxheight": "default", "maxspeed": "50", "name": "Avenida John Kennedy", "oneway": "yes", "surface": "asphalt", "osm_id": 87892541, "osm_type": "way"}, "geometry": {"type": "LineString", "coordinates": [[-51.1345903, -29.7834611], [-51.1363243, -29.7835065], [-51.1374253, -29.7835589], [-51.1381187, -29.7835973], [-51.1382163, -29.7835994], [-51.1386551, -29.7836089], [-51.1391326, -29.7836287], [-51.1393578, -29.783638], [-51.1394709, -29.7836429], [-51.1397736, -29.7836558], [-51.1400928, -29.7836694], [-51.1415673, -29.7837352]]}}, {"type": "Feature", "properties": {"access": "no", "bus": "yes", "highway": "service", "oneway": "yes", "psv": "yes", "tunnel": "building_passage", "osm_id": 87892542, "osm_type": "way"}, "geometry": {"type": "LineString", "coordinates": [[-51.1408664, -29.7868525], [-51.1408442, -29.7867733], [-51.1411288, -29.7861393], [-51.1411598, -29.7861113]]}}, {"type": "Feature", "properties": {"access": "no", "bus": "yes", "highway": "service", "psv": "yes", "osm_id": 87892813, "osm_type": "way"}, "geometry": {"type": "LineString", "coordinates": [[-51.1413789, -29.7855411], [-51.1412247, -29.785647], [-51.1411321, -29.7858443]]}}, {"type": "Feature", "properties": {"highway": "secondary", "lanes": "2", "maxheight": "default", "maxspeed": "50", "oneway": "yes", "source:maxspeed": "implicit", "surface": "asphalt", "osm_id": 87969323, "osm_type": "way"}, "geometry": {"type": "LineString", "coordinates": [[-51.1516797, -29.7607691], [-51.1502865, -29.7608429]]}}, {"type": "Feature", "properties": {"access": "no", "bus": "yes", "highway": "service", "oneway": "yes", "psv": "yes", "service": "driveway", "osm_id": 87969325, "osm_type": "way"}, "geometry": {"type": "LineString", "coordinates": [[-51.1495435, -29.7607742], [-51.1495292, -29.7608499]]}}, {"type": "Feature", "properties": {"natural": "water", "osm_id": 87984779, "osm_type": "way"}, "geometry": {"type": "Polygon", "coordinates": [[[-51.1523107, -29.7864139], [-51.1520114, -29.7862703], [-51.1515072, -29.7863319], [-51.1509951, -29.7864891], [-51.1502152, -29.7870429], [-51.1498764, -29.7874668], [-51.1500261, -29.7878018], [-51.1504752, -29.7879864], [-51.1507667, -29.7878497], [-51.1511448, -29.7877882], [-51.1512866, -29.7879249], [-51.1518538, -29.7876925], [-51.1522162, -29.7872822], [-51.1524525, -29.7868652], [-51.1524762, -29.7866259], [-51.1523107, -29.7864139]]]}}, {"type": "Feature", "properties": {"access": "private", "highway": "service", "service": "parking_aisle", "osm_id": 87984782, "osm_type": "way"}, "geometry": {"type": "LineString", "coordinates": [[-51.1438467, -29.7638214], [-51.1442347, -29.7638911]]}}, {"type": "Feature", "properties": {"access": "private", "highway": "service", "service": "parking_aisle", "osm_id": 87984783, "osm_type": "way"}, "geometry": {"type": "LineString", "coordinates": [[-51.1442347, -29.7638911], [-51.1442165, -29.76396]]}}, {"type": "Feature", "properties": {"highway": "service", "service": "driveway", "osm_id": 87984786, "osm_type": "way"}, "geometry": {"type": "LineString", "coordinates": [[-51.1439264, -29.7640169], [-51.1436586, -29.7639616]]}}, {"type": "Feature", "properties": {"highway": "residential", "lanes": "2", "name": "Rua Flores da Cunha", "oneway": "no", "surface": "asphalt", "osm_id": 87984787, "osm_type": "way"}, "geometry": {"type": "LineString", "coordinates": [[-51.1431216, -29.7596356], [-51.1430988, -29.7597479], [-51.1430524, -29.7599255], [-51.1430442, -29.759957], [-51.14302, -29.7600495], [-51.1429237, -29.7604184], [-51.1427723, -29.7610059], [-51.1427629, -29.7610489], [-51.1427401, -29.7611497], [-51.1425859, -29.7617696], [-51.1424343, -29.7625368]]}}, {"type": "Feature", "properties": {"highway": "service", "service": "driveway", "osm_id": 87984794, "osm_type": "way"}, "geometry": {"type": "LineString", "coordinates": [[-51.1439002, -29.7641317], [-51.1439264, -29.7640169], [-51.1441888, -29.7640651], [-51.1444671, -29.7641163]]}}, {"type": "Feature", "properties": {"highway": "service", "service": "driveway", "osm_id": 88134409, "osm_type": "way"}, "geometry": {"type": "LineString", "coordinates": [[-51.1442165, -29.76396], [-51.1441888, -29.7640651], [-51.1441617, -29.7641806]]}}, {"type": "Feature", "properties": {"highway": "service", "oneway": "yes", "service": "driveway", "osm_id": 88134413, "osm_type": "way"}, "geometry": {"type": "LineString", "coordinates": [[-51.1319537, -29.7696734], [-51.131949, -29.769536]]}}, {"type": "Feature", "properties": {"highway": "service", "oneway": "yes", "service": "driveway", "osm_id": 88134416, "osm_type": "way"}, "geometry": {"type": "LineString", "coordinates": [[-51.13191, -29.7699047], [-51.1319236, -29.769852]]}}, {"type": "Feature", "properties": {"highway": "service", "oneway": "yes", "service": "parking_aisle", "osm_id": 88134422, "osm_type": "way"}, "geometry": {"type": "LineString", "coordinates": [[-51.1319236, -29.769852], [-51.1319537, -29.7696734]]}}, {"type": "Feature", "properties": {"highway": "secondary", "oneway": "yes", "osm_id": 88134425, "osm_type": "way"}, "geometry": {"type": "LineString", "coordinates": [[-51.1344638, -29.7706209], [-51.1345003, -29.770583], [-51.1345505, -29.7704751], [-51.1345641, -29.7703954], [-51.1345694, -29.7703331], [-51.1345808, -29.7702735]]}}, {"type": "Feature", "properties": {"alt_name": "Rua João Vinte e Três; Rua João 23", "highway": "residential", "lanes": "2", "lit": "yes", "name": "Rua João XXIII", "oneway": "no", "source": "Yahoo; survey", "surface": "asphalt", "osm_id": 88134438, "osm_type": "way"}, "geometry": {"type": "LineString", "coordinates": [[-51.1351713, -29.7698677], [-51.1351523, -29.7697922], [-51.1350251, -29.7690748], [-51.1348881, -29.7684153], [-51.1347609, -29.7677321]]}}, {"type": "Feature", "properties": {"access": "permissive", "highway": "service", "service": "parking_aisle", "osm_id": 88143019, "osm_type": "way"}, "geometry": {"type": "LineString", "coordinates": [[-51.1457308, -29.7717161], [-51.1457898, -29.7714064]]}}, {"type": "Feature", "properties": {"highway": "residential", "oneway": "yes", "source": "Bing; survey", "surface": "asphalt", "osm_id": 88143022, "osm_type": "way"}, "geometry": {"type": "LineString", "coordinates": [[-51.1405648, -29.7698407], [-51.1405326, -29.7699699]]}}, {"type": "Feature", "properties": {"access": "permissive", "highway": "service", "service": "driveway", "osm_id": 88143033, "osm_type": "way"}, "geometry": {"type": "LineString", "coordinates": [[-51.1457898, -29.7714064], [-51.1457824, -29.7713797], [-51.1457328, -29.7713069], [-51.145708, -29.7712179]]}}, {"type": "Feature", "properties": {"highway": "residential", "name": "Rua Medianeira", "source:name": "survey", "osm_id": 88143035, "osm_type": "way"}, "geometry": {"type": "LineString", "coordinates": [[-51.1475292, -29.7795268], [-51.1476298, -29.7795513], [-51.1479235, -29.7795618], [-51.1482748, -29.7795036], [-51.1490446, -29.7792708], [-51.1494604, -29.7790636], [-51.151063, -29.7781545], [-51.1520366, -29.7778309], [-51.1525617, -29.7776638], [-51.1526039, -29.7775829]]}}, {"type": "Feature", "properties": {"highway": "service", "service": "parking_aisle", "osm_id": 88143040, "osm_type": "way"}, "geometry": {"type": "LineString", "coordinates": [[-51.145888, -29.7655821], [-51.1457975, -29.7655677]]}}, {"type": "Feature", "properties": {"access": "permissive", "highway": "service", "service": "parking_aisle", "osm_id": 88143041, "osm_type": "way"}, "geometry": {"type": "LineString", "coordinates": [[-51.1474153, -29.7626996], [-51.1471271, -29.7626516]]}}, {"type": "Feature", "properties": {"access": "permissive", "highway": "service", "service": "parking_aisle", "osm_id": 88143044, "osm_type": "way"}, "geometry": {"type": "LineString", "coordinates": [[-51.1429045, -29.7692181], [-51.1430807, -29.7692514], [-51.1431134, -29.7691638]]}}, {"type": "Feature", "properties": {"access": "permissive", "highway": "service", "service": "driveway", "osm_id": 88143046, "osm_type": "way"}, "geometry": {"type": "LineString", "coordinates": [[-51.1475057, -29.7627133], [-51.1474153, -29.7626996]]}}, {"type": "Feature", "properties": {"access": "permissive", "highway": "service", "service": "parking_aisle", "osm_id": 88143050, "osm_type": "way"}, "geometry": {"type": "LineString", "coordinates": [[-51.1428809, -29.7693029], [-51.1429045, -29.7692181]]}}, {"type": "Feature", "properties": {"access": "permissive", "highway": "service", "service": "driveway", "osm_id": 88143053, "osm_type": "way"}, "geometry": {"type": "LineString", "coordinates": [[-51.145303, -29.7716288], [-51.1454344, -29.7716579], [-51.1455631, -29.7716858], [-51.1457308, -29.7717161]]}}, {"type": "Feature", "properties": {"access": "permissive", "highway": "service", "service": "parking_aisle", "osm_id": 88143054, "osm_type": "way"}, "geometry": {"type": "LineString", "coordinates": [[-51.1432377, -29.7691842], [-51.1432055, -29.7691788], [-51.1431134, -29.7691638]]}}, {"type": "Feature", "properties": {"highway": "residential", "lit": "no", "name": "Rua José Bonifácio", "oneway": "yes", "osm_id": 88143061, "osm_type": "way"}, "geometry": {"type": "LineString", "coordinates": [[-51.1422922, -29.7697173], [-51.1426248, -29.7703029]]}}, {"type": "Feature", "properties": {"highway": "residential", "maxheight": "default", "oneway": "yes", "surface": "asphalt", "osm_id": 88143063, "osm_type": "way"}, "geometry": {"type": "LineString", "coordinates": [[-51.1414191, -29.7700351], [-51.1413842, -29.7701492]]}}, {"type": "Feature", "properties": {"access": "no", "bus": "yes", "highway": "service", "oneway": "yes", "psv": "yes", "tunnel": "building_passage", "osm_id": 88283785, "osm_type": "way"}, "geometry": {"type": "LineString", "coordinates": [[-51.1410403, -29.7860712], [-51.1407217, -29.7867273], [-51.1401405, -29.7876315]]}}, {"type": "Feature", "properties": {"access": "no", "bus": "yes", "highway": "service", "oneway": "yes", "psv": "yes", "tunnel": "building_passage", "osm_id": 88283790, "osm_type": "way"}, "geometry": {"type": "LineString", "coordinates": [[-51.1411288, -29.7861393], [-51.1411236, -29.7860994]]}}, {"type": "Feature", "properties": {"alt_name": "Rua Emilia Prass", "highway": "residential", "lanes": "2", "maxheight": "default", "name": "Avenida Emília Prass", "oneway": "yes", "surface": "asphalt", "osm_id": 88283798, "osm_type": "way"}, "geometry": {"type": "LineString", "coordinates": [[-51.1426543, -29.7844295], [-51.1418858, -29.7841222]]}}, {"type": "Feature", "properties": {"access": "no", "bus": "yes", "highway": "service", "psv": "yes", "osm_id": 88283800, "osm_type": "way"}, "geometry": {"type": "LineString", "coordinates": [[-51.1411321, -29.7858443], [-51.1410999, -29.7859252]]}}, {"type": "Feature", "properties": {"access:bus": "no", "access:hgv": "no", "highway": "residential", "lit": "yes", "name": "Rua João Neves da Fontoura", "oneway": "yes", "sidewalk": "both", "surface": "asphalt", "osm_id": 88303387, "osm_type": "way"}, "geometry": {"type": "LineString", "coordinates": [[-51.1466508, -29.7646207], [-51.1467661, -29.7646416], [-51.1469136, -29.7646696], [-51.146978, -29.7646801], [-51.1470518, -29.7646964]]}}, {"type": "Feature", "properties": {"highway": "residential", "oneway": "yes", "osm_id": 88303476, "osm_type": "way"}, "geometry": {"type": "LineString", "coordinates": [[-51.1373428, -29.7692051], [-51.1373182, -29.7693584]]}}, {"type": "Feature", "properties": {"access:bus": "no", "access:hgv": "no", "highway": "residential", "lanes": "1", "lit": "yes", "name": "Rua João Neves da Fontoura", "oneway": "yes", "surface": "asphalt", "osm_id": 88303477, "osm_type": "way"}, "geometry": {"type": "LineString", "coordinates": [[-51.1462364, -29.7645558], [-51.1465555, -29.7646056], [-51.1466508, -29.7646207]]}}, {"type": "Feature", "properties": {"highway": "residential", "name": "Rua Anchieta", "osm_id": 88456561, "osm_type": "way"}, "geometry": {"type": "LineString", "coordinates": [[-51.1472033, -29.781139], [-51.1472945, -29.7811483], [-51.1477786, -29.781182], [-51.1482024, -29.7811355], [-51.148763, -29.7810179], [-51.1493517, -29.7808817], [-51.1501256, -29.7807141], [-51.1508846, -29.780529], [-51.1515874, -29.7803672], [-51.1523773, -29.7801903], [-51.1531699, -29.7799983]]}}, {"type": "Feature", "properties": {"highway": "residential", "name": "Travessa Saudade", "source": "Bing; IBGE", "osm_id": 88456562, "osm_type": "way"}, "geometry": {"type": "LineString", "coordinates": [[-51.1446083, -29.7849067], [-51.1447518, -29.784284]]}}, {"type": "Feature", "properties": {"highway": "residential", "name": "Rua da Graça", "osm_id": 88456563, "osm_type": "way"}, "geometry": {"type": "LineString", "coordinates": [[-51.1512843, -29.7819526], [-51.1508846, -29.780529]]}}, {"type": "Feature", "properties": {"highway": "residential", "lanes": "2", "maxheight": "default", "name": "Avenida Cristo Rei", "oneway": "no", "surface": "asphalt", "osm_id": 88456564, "osm_type": "way"}, "geometry": {"type": "LineString", "coordinates": [[-51.1487362, -29.7824438], [-51.1497554, -29.7822482], [-51.1505359, -29.7821062], [-51.1512843, -29.7819526], [-51.1520782, -29.781792], [-51.1528561, -29.7816406], [-51.1539222, -29.7814451], [-51.154625, -29.7812519], [-51.1553116, -29.781061], [-51.1559455, -29.780897], [-51.1560586, -29.7808678], [-51.1561316, -29.7808113], [-51.1567341, -29.7803451], [-51.1573315, -29.7798409]]}}, {"type": "Feature", "properties": {"highway": "secondary", "lanes": "2", "maxheight": "default", "name": "Avenida Mauá", "surface": "asphalt", "osm_id": 88456566, "osm_type": "way"}, "geometry": {"type": "LineString", "coordinates": [[-51.1419354, -29.7840314], [-51.1418858, -29.7841222], [-51.1418302, -29.7842212], [-51.1417946, -29.7842968], [-51.1413963, -29.7854503], [-51.1413789, -29.7855411], [-51.1413333, -29.7858227]]}}, {"type": "Feature", "properties": {"highway": "residential", "name": "Rua Padre Antônio Vieira", "osm_id": 88456567, "osm_type": "way"}, "geometry": {"type": "LineString", "coordinates": [[-51.1506084, -29.7770196], [-51.1507102, -29.7771688], [-51.1508001, -29.7773164], [-51.151063, -29.7781545], [-51.1512628, -29.7789006], [-51.1513755, -29.7796851], [-51.1515874, -29.7803672], [-51.1520782, -29.781792], [-51.1522582, -29.7824804], [-51.1524135, -29.7831502]]}}, {"type": "Feature", "properties": {"highway": "residential", "name": "Rua Manoel de Macedo", "osm_id": 88456569, "osm_type": "way"}, "geometry": {"type": "LineString", "coordinates": [[-51.1395925, -29.7818734], [-51.1401853, -29.7806326], [-51.1402389, -29.7804557], [-51.1403355, -29.7799179]]}}, {"type": "Feature", "properties": {"highway": "residential", "name": "Rua General Câmara", "osm_id": 88456570, "osm_type": "way"}, "geometry": {"type": "LineString", "coordinates": [[-51.14559, -29.780053], [-51.1459011, -29.7790007]]}}, {"type": "Feature", "properties": {"highway": "residential", "name": "Rua Bela Vista", "osm_id": 88456571, "osm_type": "way"}, "geometry": {"type": "LineString", "coordinates": [[-51.1535695, -29.7791939], [-51.1531752, -29.7778786], [-51.1531591, -29.7777866], [-51.1528681, -29.7767809], [-51.1526844, -29.7761]]}}, {"type": "Feature", "properties": {"highway": "residential", "osm_id": 88456572, "osm_type": "way"}, "geometry": {"type": "LineString", "coordinates": [[-51.1185118, -29.7712586], [-51.1189968, -29.7711909]]}}, {"type": "Feature", "properties": {"alt_name": "Rua Raymundo Correa", "highway": "residential", "name": "Rua Raimundo Corrêa", "osm_id": 88456573, "osm_type": "way"}, "geometry": {"type": "LineString", "coordinates": [[-51.14099, -29.7827162], [-51.1412662, -29.7821156], [-51.1418107, -29.7808643]]}}, {"type": "Feature", "properties": {"highway": "residential", "name": "Rua Padre Teachauer", "osm_id": 88456574, "osm_type": "way"}, "geometry": {"type": "LineString", "coordinates": [[-51.1462605, -29.7810144], [-51.1447558, -29.7807164]]}}, {"type": "Feature", "properties": {"highway": "residential", "name": "Rua Padre Clemente Faller", "osm_id": 88456575, "osm_type": "way"}, "geometry": {"type": "LineString", "coordinates": [[-51.15325, -29.7836989], [-51.1548999, -29.7833633]]}}, {"type": "Feature", "properties": {"highway": "residential", "lanes": "2", "name": "Rua Leonel França", "oneway": "yes", "source": "survey; Bing; IBGE", "surface": "asphalt", "osm_id": 88456577, "osm_type": "way"}, "geometry": {"type": "LineString", "coordinates": [[-51.1438519, -29.7841036], [-51.1441865, -29.7841787], [-51.1447518, -29.784284], [-51.1454853, -29.7844318], [-51.146239, -29.7845529], [-51.1463302, -29.7845715]]}}, {"type": "Feature", "properties": {"highway": "residential", "name": "Travessa São Marcos", "osm_id": 88456578, "osm_type": "way"}, "geometry": {"type": "LineString", "coordinates": [[-51.1440128, -29.7861195], [-51.1441657, -29.7856214]]}}, {"type": "Feature", "properties": {"highway": "residential", "name": "Rua Padre Alberto Braun", "osm_id": 88456579, "osm_type": "way"}, "geometry": {"type": "LineString", "coordinates": [[-51.1487335, -29.7831492], [-51.1499244, -29.782928], [-51.1522582, -29.7824804], [-51.1542186, -29.782083]]}}, {"type": "Feature", "properties": {"highway": "residential", "name": "Rua Nóbrega", "osm_id": 88456580, "osm_type": "way"}, "geometry": {"type": "LineString", "coordinates": [[-51.1441845, -29.7797829], [-51.1444143, -29.7798292], [-51.1449355, -29.7799342], [-51.14559, -29.780053], [-51.146459, -29.7802276], [-51.14732, -29.7803917], [-51.147414, -29.7804102], [-51.1475533, -29.7804371], [-51.147843, -29.7804627], [-51.1480925, -29.7804324], [-51.1485618, -29.7803347], [-51.1499083, -29.7800157], [-51.1513755, -29.7796851], [-51.1528346, -29.7793499], [-51.1535695, -29.7791939], [-51.1543004, -29.779017], [-51.1550662, -29.7788424]]}}, {"type": "Feature", "properties": {"highway": "residential", "name": "Rua Pandiá Calógeras", "osm_id": 88456581, "osm_type": "way"}, "geometry": {"type": "LineString", "coordinates": [[-51.1488032, -29.7781417], [-51.1494604, -29.7790636], [-51.1496589, -29.7793592], [-51.1498037, -29.7796968], [-51.1499083, -29.7800157], [-51.1501256, -29.7807141], [-51.1505359, -29.7821062]]}}, {"type": "Feature", "properties": {"highway": "residential", "name": "Rua da Justiça", "osm_id": 88456583, "osm_type": "way"}, "geometry": {"type": "LineString", "coordinates": [[-51.1493517, -29.7808817], [-51.1497554, -29.7822482], [-51.1499244, -29.782928], [-51.15008, -29.7836031]]}}, {"type": "Feature", "properties": {"highway": "residential", "name": "Rua David Canabarro", "osm_id": 88456584, "osm_type": "way"}, "geometry": {"type": "LineString", "coordinates": [[-51.1386672, -29.781771], [-51.1394222, -29.7800576]]}}, {"type": "Feature", "properties": {"highway": "residential", "name": "Rua Alegria", "osm_id": 88456585, "osm_type": "way"}, "geometry": {"type": "LineString", "coordinates": [[-51.143176, -29.7809946], [-51.1439095, -29.7811541], [-51.1445506, -29.7814952]]}}, {"type": "Feature", "properties": {"alt_name": "Rua Bertoldo Schneyder", "highway": "residential", "name": "Rua Irmão Bertoldo Schneider", "osm_id": 88456586, "osm_type": "way"}, "geometry": {"type": "LineString", "coordinates": [[-51.154625, -29.7812519], [-51.1538874, -29.7798365]]}}, {"type": "Feature", "properties": {"alt_name": "Rua Bonsucesso", "highway": "residential", "name": "Rua Bom Sucesso", "source": "Yahoo", "osm_id": 88456587, "osm_type": "way"}, "geometry": {"type": "LineString", "coordinates": [[-51.1187348, -29.7710457], [-51.1199849, -29.7696165], [-51.1196079, -29.7689934]]}}, {"type": "Feature", "properties": {"highway": "residential", "name": "Rua Luiz Gama", "osm_id": 88456588, "osm_type": "way"}, "geometry": {"type": "LineString", "coordinates": [[-51.1409779, -29.780713], [-51.1418107, -29.7808643], [-51.1420925, -29.7809194], [-51.1427039, -29.7810389]]}}, {"type": "Feature", "properties": {"foot": "no", "highway": "residential", "name": "Rua Padre Reus", "surface": "asphalt", "osm_id": 88456589, "osm_type": "way"}, "geometry": {"type": "LineString", "coordinates": [[-51.1465873, -29.7835471], [-51.1465086, -29.7835321]]}}, {"type": "Feature", "properties": {"highway": "residential", "name": "Rua Santo Inácio", "osm_id": 88456590, "osm_type": "way"}, "geometry": {"type": "LineString", "coordinates": [[-51.1521372, -29.7775015], [-51.1520608, -29.7776528], [-51.1520366, -29.7778309], [-51.1524215, -29.7786073], [-51.1528346, -29.7793499], [-51.1531699, -29.7799983], [-51.1539222, -29.7814451], [-51.1542186, -29.782083], [-51.1545458, -29.7827045], [-51.1548999, -29.7833633], [-51.1553934, -29.7836706]]}}, {"type": "Feature", "properties": {"highway": "residential", "name": "Rua São Manoel", "osm_id": 88456592, "osm_type": "way"}, "geometry": {"type": "LineString", "coordinates": [[-51.1461546, -29.7852012], [-51.1460674, -29.7851849]]}}, {"type": "Feature", "properties": {"highway": "residential", "name": "Rua Vidal de Negreiros", "osm_id": 88456593, "osm_type": "way"}, "geometry": {"type": "LineString", "coordinates": [[-51.1432081, -29.7859287], [-51.143522, -29.7849975]]}}, {"type": "Feature", "properties": {"highway": "residential", "name": "Rua Regina Mundi", "osm_id": 88456595, "osm_type": "way"}, "geometry": {"type": "LineString", "coordinates": [[-51.1481729, -29.7843678], [-51.148708, -29.7843469], [-51.1487134, -29.7841572], [-51.1490151, -29.7839919], [-51.1495194, -29.7837335], [-51.15008, -29.7836031], [-51.1524135, -29.7831502], [-51.1530847, -29.7830097], [-51.1545458, -29.7827045]]}}, {"type": "Feature", "properties": {"alt_name": "Rua Luetgem", "highway": "residential", "name": "Rua Luetgen", "oneway": "yes", "source": "Bing; survey", "surface": "sett", "osm_id": 88456596, "osm_type": "way"}, "geometry": {"type": "LineString", "coordinates": [[-51.145767, -29.7833819], [-51.1456047, -29.7839849], [-51.1454853, -29.7844318]]}}, {"type": "Feature", "properties": {"highway": "residential", "name": "Rua da Santidade", "osm_id": 88456598, "osm_type": "way"}, "geometry": {"type": "LineString", "coordinates": [[-51.1523773, -29.7801903], [-51.1528561, -29.7816406]]}}, {"type": "Feature", "properties": {"alt_name": "Rua Fagundes Varella", "highway": "residential", "name": "Rua Fagundes Varela", "osm_id": 88456599, "osm_type": "way"}, "geometry": {"type": "LineString", "coordinates": [[-51.1378598, -29.7816686], [-51.1385585, -29.7801659]]}}, {"type": "Feature", "properties": {"highway": "residential", "name": "Rua Roque Gonzales", "osm_id": 88456600, "osm_type": "way"}, "geometry": {"type": "LineString", "coordinates": [[-51.1498037, -29.7796968], [-51.1512628, -29.7789006], [-51.1524215, -29.7786073]]}}, {"type": "Feature", "properties": {"highway": "residential", "name": "Rua Jacob Jaeger", "osm_id": 88456601, "osm_type": "way"}, "geometry": {"type": "LineString", "coordinates": [[-51.1553116, -29.781061], [-51.1546992, -29.7798961], [-51.1545847, -29.7796782], [-51.1545204, -29.7794826], [-51.1543004, -29.779017], [-51.154, -29.7779589], [-51.1539625, -29.7778635], [-51.153605, -29.7766319], [-51.1533684, -29.7757333]]}}, {"type": "Feature", "properties": {"highway": "residential", "name": "Rua Victor Hugo", "osm_id": 88456602, "osm_type": "way"}, "geometry": {"type": "LineString", "coordinates": [[-51.1404535, -29.7819992], [-51.1409779, -29.780713], [-51.1411374, -29.7797921]]}}, {"type": "Feature", "properties": {"alt_name": "Rua Santo Afonso 1;Rua Santo Afonso Um", "highway": "residential", "name": "Rua Santo Afonso", "osm_id": 88456603, "osm_type": "way"}, "geometry": {"type": "LineString", "coordinates": [[-51.1468117, -29.7788552], [-51.146459, -29.7802276], [-51.1462605, -29.7810144], [-51.1460593, -29.7818024]]}}, {"type": "Feature", "properties": {"alt_name": "Rua Felipe Santos", "highway": "residential", "name": "Rua Felipe dos Santos", "osm_id": 88456605, "osm_type": "way"}, "geometry": {"type": "LineString", "coordinates": [[-51.1419582, -29.7863477], [-51.1433785, -29.7866631]]}}, {"type": "Feature", "properties": {"foot": "no", "highway": "residential", "surface": "asphalt", "osm_id": 88456606, "osm_type": "way"}, "geometry": {"type": "LineString", "coordinates": [[-51.1234092, -29.7656362], [-51.123401, -29.7655244]]}}, {"type": "Feature", "properties": {"highway": "residential", "name": "Rua Fernandes Vieira", "osm_id": 88456607, "osm_type": "way"}, "geometry": {"type": "LineString", "coordinates": [[-51.1449516, -29.786343], [-51.1450616, -29.7859147], [-51.1453123, -29.7850359]]}}, {"type": "Feature", "properties": {"alt_name": "Rua da Paz", "highway": "residential", "name": "Rua da Cruz", "osm_id": 88456608, "osm_type": "way"}, "geometry": {"type": "LineString", "coordinates": [[-51.1467004, -29.7827511], [-51.1459051, -29.7825974], [-51.145657, -29.7824973], [-51.1455068, -29.7823577], [-51.1453807, -29.782154], [-51.14537, -29.7819177], [-51.1454451, -29.7816814]]}}, {"type": "Feature", "properties": {"highway": "residential", "name": "Rua Antônio Ruiz de Montoya", "surface": "sett", "osm_id": 88456609, "osm_type": "way"}, "geometry": {"type": "LineString", "coordinates": [[-51.1544681, -29.7848386], [-51.153654, -29.7849859], [-51.1530049, -29.785285]]}}, {"type": "Feature", "properties": {"highway": "tertiary", "lanes": "2", "lit": "yes", "name": "Rua Pedro Américo", "oneway": "yes", "surface": "asphalt", "osm_id": 88464864, "osm_type": "way"}, "geometry": {"type": "LineString", "coordinates": [[-51.1328877, -29.7624803], [-51.1328387, -29.7627068], [-51.132839, -29.762769], [-51.1328457, -29.7641199], [-51.1328496, -29.76442], [-51.1328718, -29.7660846], [-51.1328717, -29.7662074], [-51.1328711, -29.7672738], [-51.1328711, -29.7673286], [-51.1328666, -29.7679819]]}}, {"type": "Feature", "properties": {"highway": "residential", "name": "Rua Pastor Ehlers", "surface": "sett", "width": "9", "osm_id": 88464921, "osm_type": "way"}, "geometry": {"type": "LineString", "coordinates": [[-51.1411268, -29.7726869], [-51.1411664, -29.7732965], [-51.1413759, -29.7754738], [-51.1414513, -29.776235]]}}, {"type": "Feature", "properties": {"alt_name": "Avenida do Contorno", "highway": "tertiary", "name": "Avenida Lions Scharlau", "oneway": "yes", "osm_id": 88467349, "osm_type": "way"}, "geometry": {"type": "LineString", "coordinates": [[-51.1485146, -29.730599], [-51.1484552, -29.7306685], [-51.1479894, -29.7312133], [-51.1474381, -29.7319649], [-51.1468829, -29.7327219], [-51.1462029, -29.7336103]]}}, {"type": "Feature", "properties": {"alt_name": "Avenida do Contorno", "highway": "tertiary", "name": "Avenida Lions Scharlau", "oneway": "yes", "osm_id": 88467350, "osm_type": "way"}, "geometry": {"type": "LineString", "coordinates": [[-51.1461162, -29.733519], [-51.146785, -29.732668], [-51.1469915, -29.7323918], [-51.1470695, -29.7322875], [-51.147351, -29.7319111], [-51.1478763, -29.7312088], [-51.1479066, -29.7311683], [-51.1479747, -29.7310832], [-51.1483655, -29.730595], [-51.1483816, -29.7305749], [-51.1485064, -29.7304259]]}}, {"type": "Feature", "properties": {"highway": "secondary", "lanes": "2", "lit": "yes", "maxspeed": "60", "name": "Avenida Feitoria", "oneway": "yes", "surface": "asphalt", "osm_id": 88510547, "osm_type": "way"}, "geometry": {"type": "LineString", "coordinates": [[-51.1346538, -29.7700325], [-51.1351713, -29.7698677]]}}, {"type": "Feature", "properties": {"highway": "service", "oneway": "yes", "service": "driveway", "osm_id": 88527747, "osm_type": "way"}, "geometry": {"type": "LineString", "coordinates": [[-51.1513004, -29.7510717], [-51.1512378, -29.7510093], [-51.151087, -29.7508088], [-51.1507829, -29.7507371], [-51.1507008, -29.7507311]]}}, {"type": "Feature", "properties": {"access": "no", "highway": "service", "osm_id": 88527750, "osm_type": "way"}, "geometry": {"type": "LineString", "coordinates": [[-51.1510917, -29.7500712], [-51.1509664, -29.7500138], [-51.1509094, -29.7499609], [-51.1508759, -29.7499038], [-51.1508618, -29.7498359]]}}, {"type": "Feature", "properties": {"highway": "residential", "osm_id": 88527753, "osm_type": "way"}, "geometry": {"type": "LineString", "coordinates": [[-51.1498278, -29.7452675], [-51.1497941, -29.7452172], [-51.1497232, -29.7451114], [-51.1496661, -29.7450312]]}}, {"type": "Feature", "properties": {"highway": "residential", "name": "Rua Alceu Wamosy", "osm_id": 88527755, "osm_type": "way"}, "geometry": {"type": "LineString", "coordinates": [[-51.148474, -29.752174], [-51.1483872, -29.7510545]]}}, {"type": "Feature", "properties": {"highway": "tertiary", "lanes": "2", "lit": "yes", "maxspeed": "60", "name": "Avenida Caxias do Sul", "oneway": "yes", "source:maxspeed": "sign", "surface": "paving_stones", "osm_id": 88532126, "osm_type": "way"}, "geometry": {"type": "LineString", "coordinates": [[-51.1508465, -29.7502385], [-51.1507008, -29.7507311], [-51.1506383, -29.750974], [-51.1503937, -29.7519715], [-51.1502585, -29.7524788], [-51.150157, -29.7528619], [-51.1499273, -29.753752], [-51.1495874, -29.7550166], [-51.1492664, -29.7562875], [-51.148895, -29.7575852], [-51.1488587, -29.7577227]]}}, {"type": "Feature", "properties": {"highway": "tertiary", "lanes": "2", "lit": "yes", "maxspeed": "60", "name": "Avenida Caxias do Sul", "oneway": "yes", "source:maxspeed": "sign", "surface": "paving_stones", "osm_id": 88532127, "osm_type": "way"}, "geometry": {"type": "LineString", "coordinates": [[-51.148791, -29.7577012], [-51.1488208, -29.7575604], [-51.1491593, -29.7562716], [-51.149498, -29.7549974], [-51.1498304, -29.7537278], [-51.1500653, -29.7528481], [-51.1501609, -29.752452], [-51.1503354, -29.7517938], [-51.1505511, -29.7509743], [-51.1507372, -29.750227]]}}, {"type": "Feature", "properties": {"highway": "service", "osm_id": 88532129, "osm_type": "way"}, "geometry": {"type": "LineString", "coordinates": [[-51.1500112, -29.7449733], [-51.1499639, -29.7448923]]}}, {"type": "Feature", "properties": {"highway": "service", "service": "driveway", "osm_id": 88532135, "osm_type": "way"}, "geometry": {"type": "LineString", "coordinates": [[-51.1499639, -29.7448923], [-51.1498965, -29.744785], [-51.1497424, -29.7445282]]}}, {"type": "Feature", "properties": {"highway": "residential", "name": "Rua Guanabara", "surface": "asphalt", "osm_id": 88532137, "osm_type": "way"}, "geometry": {"type": "LineString", "coordinates": [[-51.1503354, -29.7517938], [-51.1491727, -29.7515324]]}}, {"type": "Feature", "properties": {"highway": "tertiary", "maxspeed": "60", "name": "Avenida Caxias do Sul", "oneway": "yes", "source:maxspeed": "implicit", "osm_id": 88532140, "osm_type": "way"}, "geometry": {"type": "LineString", "coordinates": [[-51.1507372, -29.750227], [-51.1507523, -29.7501552], [-51.1508618, -29.7498359]]}}, {"type": "Feature", "properties": {"highway": "residential", "name": "Rua Albino Kempf", "osm_id": 88532142, "osm_type": "way"}, "geometry": {"type": "LineString", "coordinates": [[-51.1488587, -29.7577227], [-51.148791, -29.7577012], [-51.1486736, -29.7576506], [-51.1486188, -29.7576284], [-51.1484329, -29.7575533], [-51.1478632, -29.7573868], [-51.1469956, -29.7572136]]}}, {"type": "Feature", "properties": {"highway": "residential", "name": "Rua Farrapos", "osm_id": 88539828, "osm_type": "way"}, "geometry": {"type": "LineString", "coordinates": [[-51.1568187, -29.7487385], [-51.156276, -29.7483936], [-51.155631, -29.747933]]}}, {"type": "Feature", "properties": {"alt_name": "Rua Germano Hauschild", "highway": "secondary", "name": "Avenida Theodomiro Porto da Fonseca", "oneway": "yes", "surface": "asphalt", "osm_id": 88573742, "osm_type": "way"}, "geometry": {"type": "LineString", "coordinates": [[-51.14422, -29.7886081], [-51.1443038, -29.7884776], [-51.1443682, -29.7883845], [-51.1446488, -29.7878876], [-51.1449434, -29.7873707], [-51.1452406, -29.7868557], [-51.1453043, -29.7867562], [-51.1454625, -29.7864867], [-51.145535, -29.7863546], [-51.1456516, -29.7861277], [-51.1457893, -29.7858305], [-51.1460003, -29.7853746]]}}, {"type": "Feature", "properties": {"highway": "residential", "name": "Rua Nelson Moog", "osm_id": 88612534, "osm_type": "way"}, "geometry": {"type": "LineString", "coordinates": [[-51.1568391, -29.7697685], [-51.1565334, -29.7692878]]}}, {"type": "Feature", "properties": {"highway": "residential", "name": "Rua São Vicente", "osm_id": 88612535, "osm_type": "way"}, "geometry": {"type": "LineString", "coordinates": [[-51.1547829, -29.7619339], [-51.154426, -29.7633191], [-51.1541977, -29.7643662]]}}, {"type": "Feature", "properties": {"highway": "residential", "osm_id": 88612536, "osm_type": "way"}, "geometry": {"type": "LineString", "coordinates": [[-51.158764, -29.7701501], [-51.158915, -29.7700859]]}}, {"type": "Feature", "properties": {"highway": "residential", "maxheight": "default", "name": "Rua João Neves da Fontoura", "osm_id": 88612539, "osm_type": "way"}, "geometry": {"type": "LineString", "coordinates": [[-51.1540953, -29.7659327], [-51.1546397, -29.7660258]]}}, {"type": "Feature", "properties": {"highway": "tertiary", "maxheight": "default", "oneway": "yes", "osm_id": 88612540, "osm_type": "way"}, "geometry": {"type": "LineString", "coordinates": [[-51.1539638, -29.7724983], [-51.1538149, -29.7725763]]}}, {"type": "Feature", "properties": {"alt_name": "Rua Rudolfo Laydner", "highway": "residential", "name": "Rua Rudolfo Leydner", "osm_id": 88612541, "osm_type": "way"}, "geometry": {"type": "LineString", "coordinates": [[-51.1574167, -29.7692817], [-51.1584712, -29.7687662]]}}, {"type": "Feature", "properties": {"highway": "residential", "name": "Rua Arnaldo Bard", "osm_id": 88612544, "osm_type": "way"}, "geometry": {"type": "LineString", "coordinates": [[-51.1556616, -29.7692691], [-51.1558628, -29.770105], [-51.1560586, -29.7709268]]}}, {"type": "Feature", "properties": {"highway": "residential", "name": "Rua Leopoldo Vieira", "osm_id": 88612545, "osm_type": "way"}, "geometry": {"type": "LineString", "coordinates": [[-51.1550635, -29.7703192], [-51.1558628, -29.770105], [-51.1562651, -29.7700025], [-51.1568391, -29.7697685], [-51.1575063, -29.7694787], [-51.1575213, -29.76946]]}}, {"type": "Feature", "properties": {"highway": "residential", "name": "Rua Presidente Roosevelt", "osm_id": 88612546, "osm_type": "way"}, "geometry": {"type": "LineString", "coordinates": [[-51.1538029, -29.7672086], [-51.1543742, -29.767318]]}}, {"type": "Feature", "properties": {"highway": "residential", "name": "Rua Alfredo Gerhardt", "osm_id": 88612547, "osm_type": "way"}, "geometry": {"type": "LineString", "coordinates": [[-51.160763, -29.7688676], [-51.1617411, -29.7683086], [-51.1629357, -29.7676746], [-51.1644751, -29.7668312], [-51.1657314, -29.7660787]]}}, {"type": "Feature", "properties": {"alt_name": "Rua Bilbea", "highway": "residential", "name": "Rua Bilbao", "note:name": "Bilbao sem acento. Não é Bilbão", "osm_id": 88612550, "osm_type": "way"}, "geometry": {"type": "LineString", "coordinates": [[-51.162159, -29.7669684], [-51.1616883, -29.766228]]}}, {"type": "Feature", "properties": {"alt_name": "Rua Manoel Monteiro do Nascimento", "highway": "residential", "name": "Rua Manuel Monteiro do Nascimento", "osm_id": 88612551, "osm_type": "way"}, "geometry": {"type": "LineString", "coordinates": [[-51.1587049, -29.7695917], [-51.1588696, -29.7694862], [-51.1597126, -29.7689405], [-51.1605035, -29.7684567], [-51.16149, -29.7679204], [-51.162642, -29.7672567], [-51.1641373, -29.7663737], [-51.1652188, -29.7657646]]}}, {"type": "Feature", "properties": {"highway": "residential", "name": "Rua Conceição", "osm_id": 88612554, "osm_type": "way"}, "geometry": {"type": "LineString", "coordinates": [[-51.153485, -29.7685579], [-51.1537389, -29.7686044], [-51.1542857, -29.7683239]]}}, {"type": "Feature", "properties": {"highway": "residential", "name": "Travessa Silva", "osm_id": 88612559, "osm_type": "way"}, "geometry": {"type": "LineString", "coordinates": [[-51.1563533, -29.7770538], [-51.1569939, -29.7767262]]}}, {"type": "Feature", "properties": {"highway": "residential", "name": "Avenida João Alberto", "osm_id": 88612560, "osm_type": "way"}, "geometry": {"type": "LineString", "coordinates": [[-51.1560854, -29.7742608], [-51.1577262, -29.7734001], [-51.1596137, -29.7723693]]}}, {"type": "Feature", "properties": {"highway": "residential", "name": "Rua Eloy José Moreira Luz", "osm_id": 88612564, "osm_type": "way"}, "geometry": {"type": "LineString", "coordinates": [[-51.1621269, -29.768914], [-51.1617411, -29.7683086], [-51.16149, -29.7679204], [-51.1612443, -29.7675028]]}}, {"type": "Feature", "properties": {"highway": "residential", "name": "Rua Galmendio Silveira Quadros", "osm_id": 88612567, "osm_type": "way"}, "geometry": {"type": "LineString", "coordinates": [[-51.1560157, -29.7736066], [-51.1573687, -29.7729157], [-51.1593947, -29.7718274], [-51.1595424, -29.7717462], [-51.1606195, -29.7711838], [-51.1617208, -29.7705224], [-51.1617708, -29.7704935], [-51.1626492, -29.7699857], [-51.1634365, -29.7695517]]}}, {"type": "Feature", "properties": {"alt_name": "Rua Valencia", "highway": "residential", "name": "Rua Valencia", "surface": "unpaved", "osm_id": 88612576, "osm_type": "way"}, "geometry": {"type": "LineString", "coordinates": [[-51.161721, -29.7672168], [-51.1612404, -29.7664807]]}}, {"type": "Feature", "properties": {"alt_name": "Rua Percy da Silva Bueno", "highway": "residential", "name": "Rua Perci da Silva Bueno", "osm_id": 88612578, "osm_type": "way"}, "geometry": {"type": "LineString", "coordinates": [[-51.1648405, -29.7673261], [-51.1644751, -29.7668312], [-51.1641373, -29.7663737]]}}, {"type": "Feature", "properties": {"highway": "residential", "name": "Rua Diógenes Tourinho", "osm_id": 88612581, "osm_type": "way"}, "geometry": {"type": "LineString", "coordinates": [[-51.1575213, -29.76946], [-51.1575291, -29.7694373], [-51.1574167, -29.7692817], [-51.157157, -29.7689502], [-51.1568365, -29.7685264]]}}, {"type": "Feature", "properties": {"highway": "residential", "name": "Rua São Bernardo", "osm_id": 88612585, "osm_type": "way"}, "geometry": {"type": "LineString", "coordinates": [[-51.1564536, -29.7621831], [-51.1562478, -29.7629415], [-51.1560722, -29.7636263], [-51.1558615, -29.7646125]]}}, {"type": "Feature", "properties": {"highway": "residential", "name": "Rua Latino Lacroix", "osm_id": 88612587, "osm_type": "way"}, "geometry": {"type": "LineString", "coordinates": [[-51.1551413, -29.7733016], [-51.1554802, -29.774578]]}}, {"type": "Feature", "properties": {"highway": "residential", "name": "Rua Homero Batista", "osm_id": 88612594, "osm_type": "way"}, "geometry": {"type": "LineString", "coordinates": [[-51.1586546, -29.7690089], [-51.1603103, -29.7680511], [-51.1612443, -29.7675028], [-51.161721, -29.7672168], [-51.162159, -29.7669684], [-51.1623511, -29.7668441], [-51.1626076, -29.7666924], [-51.1630773, -29.7664146], [-51.1635364, -29.7661431], [-51.1639864, -29.7658769], [-51.1647041, -29.765454]]}}, {"type": "Feature", "properties": {"highway": "residential", "name": "Travessa Galmendio Quadros", "osm_id": 88612595, "osm_type": "way"}, "geometry": {"type": "LineString", "coordinates": [[-51.1607704, -29.7701516], [-51.1609831, -29.7703867], [-51.1609935, -29.7704181], [-51.1609858, -29.7704565], [-51.1607529, -29.7708753], [-51.1606195, -29.7711838]]}}, {"type": "Feature", "properties": {"highway": "residential", "name": "Rua João Carlos Vieira", "osm_id": 88612597, "osm_type": "way"}, "geometry": {"type": "LineString", "coordinates": [[-51.1603497, -29.7699357], [-51.1600252, -29.7695269], [-51.1597126, -29.7689405]]}}, {"type": "Feature", "properties": {"highway": "residential", "name": "Rua Nelson Moog", "osm_id": 88612598, "osm_type": "way"}, "geometry": {"type": "LineString", "coordinates": [[-51.1576663, -29.7715848], [-51.1574176, -29.7713191], [-51.1572589, -29.771148], [-51.1571229, -29.770938]]}}, {"type": "Feature", "properties": {"highway": "tertiary", "name": "Avenida Tomaz Edison", "osm_id": 88612600, "osm_type": "way"}, "geometry": {"type": "LineString", "coordinates": [[-51.1591101, -29.7706898], [-51.1591333, -29.7707556]]}}, {"type": "Feature", "properties": {"highway": "tertiary", "name": "Avenida Tomaz Edison", "oneway": "yes", "osm_id": 88612601, "osm_type": "way"}, "geometry": {"type": "LineString", "coordinates": [[-51.1591101, -29.7706898], [-51.1589877, -29.7706254], [-51.1589718, -29.7706066], [-51.158764, -29.7701501], [-51.1585837, -29.76967]]}}, {"type": "Feature", "properties": {"alt_name": "Rua Albino Daut", "highway": "residential", "name": "Rua Albino Daudt", "osm_id": 88612603, "osm_type": "way"}, "geometry": {"type": "LineString", "coordinates": [[-51.1585795, -29.7680535], [-51.1590022, -29.7677959], [-51.1596035, -29.7674426], [-51.1600628, -29.7671726], [-51.1605054, -29.7669126], [-51.160776, -29.766754], [-51.1609835, -29.7666316], [-51.1612404, -29.7664807], [-51.1613896, -29.766393], [-51.1616883, -29.766228], [-51.1618397, -29.7661285], [-51.1621376, -29.7659535], [-51.1622772, -29.7658704], [-51.1625493, -29.7657115], [-51.162742, -29.7655983], [-51.1629958, -29.7654491], [-51.1634468, -29.7651841], [-51.1638288, -29.7649618]]}}, {"type": "Feature", "properties": {"alt_name": "Rua Dario Cardoso", "highway": "residential", "name": "Rua João Carlos Vieira", "osm_id": 88612604, "osm_type": "way"}, "geometry": {"type": "LineString", "coordinates": [[-51.161184, -29.7694593], [-51.160763, -29.7688676], [-51.1605035, -29.7684567], [-51.1603103, -29.7680511]]}}, {"type": "Feature", "properties": {"highway": "tertiary", "maxheight": "default", "name": "Avenida Presidente João Goulart", "surface": "concrete", "osm_id": 88612609, "osm_type": "way"}, "geometry": {"type": "LineString", "coordinates": [[-51.1429533, -29.7794908], [-51.1414358, -29.7797426], [-51.1411374, -29.7797921], [-51.1404736, -29.779897], [-51.1403355, -29.7799179], [-51.1394222, -29.7800576], [-51.1387999, -29.7801321], [-51.1385585, -29.7801659], [-51.1381508, -29.7802179], [-51.137664, -29.78028], [-51.1361257, -29.7804106]]}}, {"type": "Feature", "properties": {"highway": "residential", "name": "Rua Alfredo Gerhardt", "osm_id": 88612611, "osm_type": "way"}, "geometry": {"type": "LineString", "coordinates": [[-51.1555892, -29.771758], [-51.1571229, -29.770938], [-51.158764, -29.7701501]]}}, {"type": "Feature", "properties": {"highway": "residential", "maxheight": "default", "name": "Rua Osvaldo Aranha", "oneway": "yes", "osm_id": 88612613, "osm_type": "way"}, "geometry": {"type": "LineString", "coordinates": [[-51.1558615, -29.7646125], [-51.1549648, -29.7644735], [-51.1543145, -29.7643787], [-51.1541977, -29.7643662], [-51.153996, -29.7643355]]}}, {"type": "Feature", "properties": {"highway": "residential", "name": "Rua Luiz Lourenço Stabel", "osm_id": 88612618, "osm_type": "way"}, "geometry": {"type": "LineString", "coordinates": [[-51.1539799, -29.7695974], [-51.1544171, -29.7710316]]}}, {"type": "Feature", "properties": {"highway": "residential", "name": "Rua Brasil", "oneway": "yes", "osm_id": 88612619, "osm_type": "way"}, "geometry": {"type": "LineString", "coordinates": [[-51.1536446, -29.7631608], [-51.1536892, -29.7631698], [-51.154426, -29.7633191], [-51.1552026, -29.7634656], [-51.1560722, -29.7636263]]}}, {"type": "Feature", "properties": {"alt_name": "Rua Chananeco Fontoura", "highway": "residential", "name": "Rua Major Chananeco Antônio da Fontoura", "osm_id": 88612621, "osm_type": "way"}, "geometry": {"type": "LineString", "coordinates": [[-51.1569229, -29.7723792], [-51.1573687, -29.7729157], [-51.1577262, -29.7734001], [-51.1580748, -29.773888], [-51.1584554, -29.7744333]]}}, {"type": "Feature", "properties": {"highway": "tertiary", "name": "Avenida Tomaz Edison", "oneway": "yes", "osm_id": 88612622, "osm_type": "way"}, "geometry": {"type": "LineString", "coordinates": [[-51.1587049, -29.7695917], [-51.1588417, -29.7699213], [-51.158915, -29.7700859], [-51.1591043, -29.7705526], [-51.1591048, -29.770566], [-51.1591101, -29.7706898]]}}, {"type": "Feature", "properties": {"alt_name": "Rua Tenente Arthur Otaviano Tavares Alves", "highway": "residential", "name": "Avenida Tomaz Edison", "surface": "unpaved", "osm_id": 88612623, "osm_type": "way"}, "geometry": {"type": "LineString", "coordinates": [[-51.1588696, -29.7694862], [-51.1587233, -29.7692035], [-51.1586546, -29.7690089], [-51.1586227, -29.7689091]]}}, {"type": "Feature", "properties": {"highway": "tertiary", "lanes": "2", "name": "Avenida João Alberto", "oneway": "yes", "surface": "asphalt", "osm_id": 88612625, "osm_type": "way"}, "geometry": {"type": "LineString", "coordinates": [[-51.1510657, -29.7769666], [-51.1513111, -29.7768298], [-51.152038, -29.7764189], [-51.1526844, -29.7761], [-51.1528051, -29.7760348], [-51.1533684, -29.7757333], [-51.1535239, -29.7756483], [-51.154047, -29.7753759], [-51.1542615, -29.7752502]]}}, {"type": "Feature", "properties": {"highway": "residential", "name": "Rua Betis", "osm_id": 88612628, "osm_type": "way"}, "geometry": {"type": "LineString", "coordinates": [[-51.1626076, -29.7666924], [-51.1621376, -29.7659535]]}}, {"type": "Feature", "properties": {"highway": "residential", "maxheight": "default", "name": "Rua São Caetano", "oneway": "yes", "osm_id": 88612630, "osm_type": "way"}, "geometry": {"type": "LineString", "coordinates": [[-51.1544171, -29.7710316], [-51.1539169, -29.7711422]]}}, {"type": "Feature", "properties": {"highway": "tertiary", "osm_id": 88612631, "osm_type": "way"}, "geometry": {"type": "LineString", "coordinates": [[-51.1477548, -29.7786917], [-51.1477937, -29.7786722]]}}, {"type": "Feature", "properties": {"highway": "residential", "maxheight": "default", "name": "Rua Eduardo de Almeida", "osm_id": 88612632, "osm_type": "way"}, "geometry": {"type": "LineString", "coordinates": [[-51.1535159, -29.7697092], [-51.1539799, -29.7695974], [-51.1547309, -29.7694554], [-51.1556616, -29.7692691], [-51.155887, -29.769183], [-51.1562946, -29.7689618], [-51.1565424, -29.7687178], [-51.1568365, -29.7685264], [-51.1571337, -29.7683639], [-51.1579817, -29.7679002], [-51.1585262, -29.7676033]]}}, {"type": "Feature", "properties": {"highway": "service", "service": "driveway", "osm_id": 88612634, "osm_type": "way"}, "geometry": {"type": "LineString", "coordinates": [[-51.1478095, -29.7770615], [-51.1475632, -29.7771182], [-51.1474732, -29.7771239]]}}, {"type": "Feature", "properties": {"alt_name": "Rua Alfredo Gerhardt;Travessa Cinco", "highway": "residential", "name": "Rua Alfredo Gerhardt", "osm_id": 88612636, "osm_type": "way"}, "geometry": {"type": "LineString", "coordinates": [[-51.1588417, -29.7699213], [-51.1592263, -29.7698302], [-51.1594221, -29.7697883], [-51.1596302, -29.7697283], [-51.1598459, -29.7696184], [-51.1600252, -29.7695269], [-51.1601501, -29.7694427], [-51.160259, -29.7693623], [-51.1603684, -29.7692463], [-51.1604467, -29.7691248], [-51.16052, -29.769036], [-51.160763, -29.7688676]]}}, {"type": "Feature", "properties": {"highway": "residential", "name": "Avenida Dom João Becker", "oneway": "yes", "osm_id": 88612637, "osm_type": "way"}, "geometry": {"type": "LineString", "coordinates": [[-51.15829, -29.7626355], [-51.1579406, -29.7625335], [-51.1574834, -29.7624237], [-51.1564536, -29.7621831], [-51.1555492, -29.762047], [-51.1547829, -29.7619339], [-51.153992, -29.7618088]]}}, {"type": "Feature", "properties": {"highway": "residential", "name": "Rua Antônio Rosa Picada", "osm_id": 88612639, "osm_type": "way"}, "geometry": {"type": "LineString", "coordinates": [[-51.1633183, -29.7682191], [-51.1629357, -29.7676746], [-51.162642, -29.7672567], [-51.1623511, -29.7668441]]}}, {"type": "Feature", "properties": {"highway": "residential", "lanes": "2", "name": "Rua Ivo Afonso", "oneway": "no", "sidewalk": "both", "surface": "asphalt", "osm_id": 88612649, "osm_type": "way"}, "geometry": {"type": "LineString", "coordinates": [[-51.1527649, -29.7731246], [-51.1528032, -29.7731798], [-51.1528172, -29.7732], [-51.1535078, -29.7741956], [-51.1542615, -29.7752502]]}}, {"type": "Feature", "properties": {"highway": "tertiary", "name": "Rua Santo Agostinho", "oneway": "no", "surface": "asphalt", "osm_id": 88612650, "osm_type": "way"}, "geometry": {"type": "LineString", "coordinates": [[-51.1543742, -29.767318], [-51.1542133, -29.7679397]]}}, {"type": "Feature", "properties": {"alt_name": "Avenida 25 de Julho", "highway": "residential", "name": "Avenida Vinte e Cinco de Julho", "oneway": "yes", "osm_id": 88612652, "osm_type": "way"}, "geometry": {"type": "LineString", "coordinates": [[-51.155946, -29.7728732], [-51.1551413, -29.7733016], [-51.1549053, -29.7734226], [-51.1546102, -29.7735798]]}}, {"type": "Feature", "properties": {"bridge": "yes", "highway": "motorway", "lanes": "2", "layer": "1", "maxheight": "5.5", "maxspeed": "80", "name": "Rodovia BR-116", "oneway": "yes", "ref": "BR-116", "surface": "asphalt", "osm_id": 88916323, "osm_type": "way"}, "geometry": {"type": "LineString", "coordinates": [[-51.1518378, -29.7580879], [-51.1518142, -29.757528]]}}, {"type": "Feature", "properties": {"bridge": "viaduct", "highway": "secondary", "lanes": "2", "layer": "1", "maxheight": "default", "maxspeed": "50", "oneway": "yes", "source:maxspeed": "implicit", "surface": "asphalt", "osm_id": 88916337, "osm_type": "way"}, "geometry": {"type": "LineString", "coordinates": [[-51.1525004, -29.7607304], [-51.1516797, -29.7607691]]}}, {"type": "Feature", "properties": {"bridge": "yes", "highway": "motorway", "lanes": "2", "layer": "1", "maxheight": "5.5", "maxspeed": "80", "name": "Rodovia BR-116", "oneway": "yes", "ref": "BR-116", "surface": "asphalt", "osm_id": 88916339, "osm_type": "way"}, "geometry": {"type": "LineString", "coordinates": [[-51.1519342, -29.7575079], [-51.151994, -29.7580718]]}}, {"type": "Feature", "properties": {"highway": "motorway", "lanes": "3", "maxheight": "5.5", "maxspeed": "80", "name": "Rodovia BR-116", "oneway": "yes", "ref": "BR-116", "surface": "asphalt", "osm_id": 88916348, "osm_type": "way"}, "geometry": {"type": "LineString", "coordinates": [[-51.1518142, -29.757528], [-51.1517044, -29.7557716]]}}, {"type": "Feature", "properties": {"highway": "motorway", "lanes": "2", "maxheight": "5.5", "maxspeed": "80", "name": "Rodovia BR-116", "oneway": "yes", "ref": "BR-116", "surface": "asphalt", "osm_id": 88916359, "osm_type": "way"}, "geometry": {"type": "LineString", "coordinates": [[-51.151994, -29.7580718], [-51.152032, -29.7585993]]}}, {"type": "Feature", "properties": {"alt_name": "Rua São Manoel", "highway": "residential", "name": "Rua Padre Werner", "oneway": "no", "osm_id": 88967197, "osm_type": "way"}, "geometry": {"type": "LineString", "coordinates": [[-51.1437352, -29.7845645], [-51.1438519, -29.7841036]]}}, {"type": "Feature", "properties": {"highway": "residential", "name": "Rua da Vida", "osm_id": 89045585, "osm_type": "way"}, "geometry": {"type": "LineString", "coordinates": [[-51.1551788, -29.780053], [-51.1558306, -29.7795525], [-51.1564636, -29.7790321]]}}, {"type": "Feature", "properties": {"highway": "residential", "surface": "sett", "osm_id": 89045587, "osm_type": "way"}, "geometry": {"type": "LineString", "coordinates": [[-51.1530049, -29.785285], [-51.152712, -29.7850263]]}}, {"type": "Feature", "properties": {"highway": "residential", "name": "Rua Padre Ambrósio Schupp", "surface": "sett", "osm_id": 89045589, "osm_type": "way"}, "geometry": {"type": "LineString", "coordinates": [[-51.1553934, -29.7836706], [-51.1543527, -29.7841886], [-51.1534032, -29.7843538], [-51.152712, -29.7850263]]}}, {"type": "Feature", "properties": {"highway": "residential", "name": "Rua Regina Mundi", "osm_id": 89045590, "osm_type": "way"}, "geometry": {"type": "LineString", "coordinates": [[-51.148708, -29.7843469], [-51.1490326, -29.7843143]]}}, {"type": "Feature", "properties": {"highway": "residential", "name": "Rua Ludovico Pavoni", "osm_id": 89045591, "osm_type": "way"}, "geometry": {"type": "LineString", "coordinates": [[-51.1534032, -29.7843538], [-51.15325, -29.7836989], [-51.1530847, -29.7830097]]}}, {"type": "Feature", "properties": {"highway": "residential", "name": "Rua da Saudade", "osm_id": 89045592, "osm_type": "way"}, "geometry": {"type": "LineString", "coordinates": [[-51.1487134, -29.7841572], [-51.1487335, -29.7831492], [-51.1487362, -29.7824438], [-51.148763, -29.7810179], [-51.1485618, -29.7803347]]}}, {"type": "Feature", "properties": {"highway": "secondary", "maxheight": "default", "name": "Avenida Mauá", "surface": "asphalt", "osm_id": 90721159, "osm_type": "way"}, "geometry": {"type": "LineString", "coordinates": [[-51.1413333, -29.7858227], [-51.1412823, -29.7860322]]}}, {"type": "Feature", "properties": {"highway": "secondary", "maxheight": "below_default", "name": "Avenida Mauá", "surface": "asphalt", "osm_id": 90721161, "osm_type": "way"}, "geometry": {"type": "LineString", "coordinates": [[-51.1412823, -29.7860322], [-51.1411699, -29.7863819], [-51.140898, -29.7869308], [-51.1408648, -29.7869961], [-51.1408317, -29.7870693]]}}, {"type": "Feature", "properties": {"highway": "motorway", "lanes": "3", "lit": "yes", "maxheight": "5.5", "maxspeed": "60", "name": "Rodovia BR-116", "oneway": "yes", "ref": "BR-116", "surface": "asphalt", "osm_id": 91827133, "osm_type": "way"}, "geometry": {"type": "LineString", "coordinates": [[-51.1501309, -29.7380841], [-51.1501013, -29.7378067], [-51.1500684, -29.7375297], [-51.1499559, -29.7369809], [-51.1499148, -29.7365437]]}}, {"type": "Feature", "properties": {"highway": "tertiary", "lane_markings": "no", "lit": "yes", "maxheight": "default", "name": "Rua João Neves da Fontoura", "oneway": "yes", "sidewalk": "both", "surface": "asphalt", "osm_id": 91827141, "osm_type": "way"}, "geometry": {"type": "LineString", "coordinates": [[-51.1470518, -29.7646964], [-51.147584, -29.7647939], [-51.1479301, -29.7648573], [-51.1479543, -29.7648617], [-51.1480442, -29.7648791], [-51.1481313, -29.7648946], [-51.1489172, -29.765034], [-51.1496454, -29.7651609], [-51.1497608, -29.7651783], [-51.1498788, -29.7652004], [-51.1504568, -29.7653041], [-51.1505681, -29.7653227], [-51.1506486, -29.7653378], [-51.1512856, -29.7654391], [-51.1513808, -29.7654554], [-51.1514559, -29.7654694], [-51.1521842, -29.7655986], [-51.1530116, -29.7657429], [-51.1537841, -29.7658861]]}}, {"type": "Feature", "properties": {"access:bus": "no", "access:hgv": "no", "highway": "residential", "lit": "yes", "name": "Rua João Neves da Fontoura", "oneway": "yes", "surface": "asphalt", "osm_id": 91827155, "osm_type": "way"}, "geometry": {"type": "LineString", "coordinates": [[-51.1461076, -29.7645712], [-51.1462364, -29.7645558]]}}, {"type": "Feature", "properties": {"highway": "motorway", "lanes": "3", "maxheight": "5.5", "maxspeed": "80", "name": "Rodovia BR-116", "oneway": "yes", "ref": "BR-116", "surface": "asphalt", "osm_id": 91827177, "osm_type": "way"}, "geometry": {"type": "LineString", "coordinates": [[-51.1517044, -29.7557716], [-51.1515629, -29.7541439], [-51.151395, -29.7519284], [-51.1513569, -29.7511378], [-51.1513458, -29.7509568], [-51.1512995, -29.7501899]]}}, {"type": "Feature", "properties": {"landuse": "industrial", "name": "Dalleaço", "website": "https://www.dalleaco.com.br/", "osm_id": 91827195, "osm_type": "way"}, "geometry": {"type": "Polygon", "coordinates": [[[-51.154747, -29.7547186], [-51.1550005, -29.7559777], [-51.1525916, -29.756724], [-51.1524413, -29.7559662], [-51.1524185, -29.7558575], [-51.1522729, -29.7558803], [-51.1521514, -29.755081], [-51.1524875, -29.7550427], [-51.1535072, -29.7548964], [-51.154747, -29.7547186]]]}}, {"type": "Feature", "properties": {"highway": "secondary", "lanes": "1", "maxheight": "default", "maxspeed": "50", "oneway": "yes", "ref": "BR-116", "source:maxspeed": "implicit", "surface": "asphalt", "osm_id": 91987469, "osm_type": "way"}, "geometry": {"type": "LineString", "coordinates": [[-51.1535869, -29.7613786], [-51.1535823, -29.7614052], [-51.1535511, -29.7615662], [-51.1532302, -29.7625461], [-51.1532352, -29.7630908]]}}, {"type": "Feature", "properties": {"highway": "secondary", "lanes": "2", "maxheight": "5.5", "maxspeed": "50", "oneway": "yes", "source:maxspeed": "implicit", "surface": "asphalt", "osm_id": 91987473, "osm_type": "way"}, "geometry": {"type": "LineString", "coordinates": [[-51.1535023, -29.7612325], [-51.1534995, -29.7611427], [-51.1534682, -29.76106], [-51.1533813, -29.7609501], [-51.1532058, -29.7608204], [-51.1528904, -29.76073], [-51.1525004, -29.7607304]]}}, {"type": "Feature", "properties": {"addr:city": "São Leopoldo", "addr:country": "BR", "addr:housenumber": "2194", "addr:postcode": "93120-000", "addr:street": "BR-116", "landuse": "industrial", "name": "Balsemão", "website": "https://www.balsemao.com.br/", "osm_id": 92187068, "osm_type": "way"}, "geometry": {"type": "Polygon", "coordinates": [[[-51.1507044, -29.7394016], [-51.1510186, -29.7393808], [-51.1509996, -29.739164], [-51.1506854, -29.7391848], [-51.1507044, -29.7394016]]]}}, {"type": "Feature", "properties": {"landuse": "industrial", "name": "Luiz Fuga Indústria de Couro S/A", "website": "http://www.luizfuga.com.br", "osm_id": 92187079, "osm_type": "way"}, "geometry": {"type": "Polygon", "coordinates": [[[-51.1524107, -29.7603006], [-51.1523484, -29.7596858], [-51.1524079, -29.7595464], [-51.1525067, -29.7594514], [-51.1532908, -29.7591533], [-51.1532784, -29.7591145], [-51.1534884, -29.7589632], [-51.1538357, -29.7588015], [-51.1541952, -29.7592767], [-51.154279, -29.7593876], [-51.1540031, -29.7596602], [-51.1543093, -29.7601377], [-51.1542124, -29.7604051], [-51.1540541, -29.7609578], [-51.153799, -29.7608761], [-51.1536087, -29.7606939], [-51.1533134, -29.7605211], [-51.1528111, -29.7603992], [-51.1525653, -29.7604174], [-51.1524107, -29.7603006]]]}}, {"type": "Feature", "properties": {"landuse": "industrial", "name": "ITECÊ", "website": "https://itece.com.br/", "osm_id": 92189342, "osm_type": "way"}, "geometry": {"type": "Polygon", "coordinates": [[[-51.1246715, -29.765835], [-51.1238198, -29.7657343], [-51.1237699, -29.7657306], [-51.123483, -29.765752], [-51.1229458, -29.769058], [-51.1242694, -29.7679372], [-51.1246715, -29.765835]]]}}, {"type": "Feature", "properties": {"addr:city": "São Leopoldo", "addr:country": "BR", "addr:housenumber": "968", "addr:street": "Avenida Feitoria", "landuse": "industrial", "name": "Lukatec", "osm_id": 92189344, "osm_type": "way"}, "geometry": {"type": "Polygon", "coordinates": [[[-51.1264159, -29.7661532], [-51.1268453, -29.7663088], [-51.1269544, -29.7660864], [-51.1265249, -29.7659309], [-51.1264159, -29.7661532]]]}}, {"type": "Feature", "properties": {"highway": "secondary", "lanes": "2", "lit": "yes", "maxspeed": "60", "name": "Avenida Feitoria", "oneway": "yes", "source": "survey; Bing", "surface": "asphalt", "osm_id": 92189348, "osm_type": "way"}, "geometry": {"type": "LineString", "coordinates": [[-51.1226156, -29.765787], [-51.122202, -29.7659309], [-51.122127, -29.7659569], [-51.1220019, -29.7660071], [-51.1214485, -29.7661828]]}}, {"type": "Feature", "properties": {"foot": "no", "highway": "residential", "surface": "asphalt", "osm_id": 92189350, "osm_type": "way"}, "geometry": {"type": "LineString", "coordinates": [[-51.1237658, -29.7656208], [-51.1237485, -29.7655072]]}}, {"type": "Feature", "properties": {"highway": "residential", "lanes": "2", "name": "Rua Graciliano Ramos", "oneway": "no", "source": "survey", "surface": "sett", "osm_id": 92189374, "osm_type": "way"}, "geometry": {"type": "LineString", "coordinates": [[-51.1329069, -29.769372], [-51.1350251, -29.7690748]]}}, {"type": "Feature", "properties": {"highway": "secondary", "lanes": "2", "lit": "yes", "maxspeed": "60", "name": "Avenida Feitoria", "oneway": "yes", "source": "survey;Bing", "surface": "asphalt", "osm_id": 92189384, "osm_type": "way"}, "geometry": {"type": "LineString", "coordinates": [[-51.1345808, -29.7702735], [-51.1343615, -29.7702716], [-51.134137, -29.770255], [-51.1336579, -29.7702137], [-51.1330269, -29.7701651], [-51.1329289, -29.7701513], [-51.1328575, -29.7701396], [-51.1321639, -29.7700788], [-51.1320059, -29.7700689], [-51.1318685, -29.7700323], [-51.1316992, -29.769913], [-51.1316907, -29.769906], [-51.1316018, -29.7698237], [-51.1315712, -29.7697924], [-51.1313897, -29.7696017], [-51.1310027, -29.7692424], [-51.130783, -29.7690323], [-51.1301804, -29.7684569], [-51.1295893, -29.7678748], [-51.1290478, -29.767331], [-51.1288623, -29.767231], [-51.1281187, -29.7669507], [-51.1280548, -29.7669277], [-51.1279548, -29.7668951], [-51.1278735, -29.7668532], [-51.12634, -29.766257], [-51.1263142, -29.766247], [-51.1262365, -29.7662199], [-51.1253814, -29.7658928], [-51.1249371, -29.7657537], [-51.1248305, -29.7657332], [-51.124401, -29.7656506]]}}, {"type": "Feature", "properties": {"highway": "residential", "name": "Rua Monteiro Lobato", "source": "Yahoo; IBGE", "osm_id": 92293458, "osm_type": "way"}, "geometry": {"type": "LineString", "coordinates": [[-51.1305083, -29.7716967], [-51.131334, -29.772269], [-51.1321263, -29.7728895], [-51.1322293, -29.7729799]]}}, {"type": "Feature", "properties": {"highway": "residential", "source": "survey", "surface": "asphalt", "osm_id": 92293459, "osm_type": "way"}, "geometry": {"type": "LineString", "coordinates": [[-51.130783, -29.7690323], [-51.1309401, -29.7689864]]}}, {"type": "Feature", "properties": {"highway": "residential", "lit": "yes", "name": "Rua Victor Meirelles", "source": "survey; Bing; IBGE", "osm_id": 92293466, "osm_type": "way"}, "geometry": {"type": "LineString", "coordinates": [[-51.1309401, -29.7689864], [-51.131527, -29.7688947], [-51.1327928, -29.768697]]}}, {"type": "Feature", "properties": {"highway": "tertiary", "lanes": "2", "lit": "yes", "name": "Rua Marquês do Herval", "oneway": "yes", "source": "survey; Bing", "surface": "sett", "osm_id": 92293467, "osm_type": "way"}, "geometry": {"type": "LineString", "coordinates": [[-51.14375, -29.7706579], [-51.1437552, -29.7706359], [-51.1440343, -29.769502], [-51.1443414, -29.7682657]]}}, {"type": "Feature", "properties": {"highway": "primary", "oneway": "yes", "surface": "asphalt", "osm_id": 92293468, "osm_type": "way"}, "geometry": {"type": "LineString", "coordinates": [[-51.1394396, -29.7697336], [-51.1393927, -29.7696882], [-51.1393712, -29.769651], [-51.1393243, -29.7695683]]}}, {"type": "Feature", "properties": {"highway": "tertiary", "lanes": "2", "name": "Rua Marquês do Herval", "oneway": "yes", "source": "survey; Bing", "surface": "asphalt", "osm_id": 92293470, "osm_type": "way"}, "geometry": {"type": "LineString", "coordinates": [[-51.1443414, -29.7682657], [-51.1446028, -29.7670747], [-51.1446364, -29.7669444], [-51.1446389, -29.7669297], [-51.144919, -29.7657919], [-51.1449462, -29.7656836]]}}, {"type": "Feature", "properties": {"highway": "residential", "lanes": "2", "name": "Rua Eugênio Schardong", "source": "survey; Bing", "surface": "asphalt", "osm_id": 92293471, "osm_type": "way"}, "geometry": {"type": "LineString", "coordinates": [[-51.1313564, -29.7712811], [-51.1327098, -29.7723418], [-51.1328021, -29.7724188]]}}, {"type": "Feature", "properties": {"highway": "secondary", "lit": "yes", "maxspeed": "50", "name": "Avenida Dom João Becker", "oneway": "yes", "source:maxspeed": "implicit", "osm_id": 92341283, "osm_type": "way"}, "geometry": {"type": "LineString", "coordinates": [[-51.1480334, -29.7605716], [-51.1481917, -29.7606065], [-51.1482976, -29.760631], [-51.1483794, -29.7606449], [-51.1486825, -29.7607008], [-51.148936, -29.760751], [-51.1490694, -29.7607752]]}}, {"type": "Feature", "properties": {"access": "private", "highway": "service", "service": "driveway", "osm_id": 92421400, "osm_type": "way"}, "geometry": {"type": "LineString", "coordinates": [[-51.152108, -29.7560204], [-51.1521734, -29.7560072], [-51.1524413, -29.7559662], [-51.1525612, -29.7559493]]}}, {"type": "Feature", "properties": {"highway": "residential", "maxheight": "1.6", "osm_id": 92421404, "osm_type": "way"}, "geometry": {"type": "LineString", "coordinates": [[-51.1514207, -29.7539316], [-51.1514716, -29.7539287]]}}, {"type": "Feature", "properties": {"highway": "residential", "maxheight": "1.6", "osm_id": 92421405, "osm_type": "way"}, "geometry": {"type": "LineString", "coordinates": [[-51.1517785, -29.7539193], [-51.1518927, -29.7539328]]}}, {"type": "Feature", "properties": {"highway": "residential", "layer": "-1", "maxheight": "1.6", "tunnel": "yes", "osm_id": 92421410, "osm_type": "way"}, "geometry": {"type": "LineString", "coordinates": [[-51.1514716, -29.7539287], [-51.1517785, -29.7539193]]}}, {"type": "Feature", "properties": {"highway": "motorway", "lanes": "3", "maxheight": "5.5", "maxspeed": "80", "oneway": "yes", "ref": "BR-116", "surface": "asphalt", "osm_id": 92421412, "osm_type": "way"}, "geometry": {"type": "LineString", "coordinates": [[-51.1498728, -29.7339362], [-51.1499196, -29.7344564], [-51.1500124, -29.7354328], [-51.15009, -29.7362727]]}}, {"type": "Feature", "properties": {"highway": "motorway", "lanes": "3", "lit": "yes", "maxheight": "5.5", "maxspeed": "80", "name": "Rodovia BR-116", "oneway": "yes", "ref": "BR-116", "surface": "asphalt", "osm_id": 92421420, "osm_type": "way"}, "geometry": {"type": "LineString", "coordinates": [[-51.1503205, -29.7385907], [-51.1504333, -29.7396934], [-51.1506261, -29.7415354], [-51.1508991, -29.7443647]]}}, {"type": "Feature", "properties": {"fixme": "Check name!", "highway": "residential", "lit": "yes", "name": "Rua Estácio de Sá", "source": "Yahoo", "osm_id": 92461092, "osm_type": "way"}, "geometry": {"type": "LineString", "coordinates": [[-51.119448, -29.7667066], [-51.1194384, -29.7666359], [-51.1193314, -29.7658522]]}}, {"type": "Feature", "properties": {"highway": "secondary", "lanes": "2", "lit": "yes", "maxspeed": "60", "name": "Avenida João Corrêa", "oneway": "yes", "surface": "asphalt", "osm_id": 92461113, "osm_type": "way"}, "geometry": {"type": "LineString", "coordinates": [[-51.1351713, -29.7698677], [-51.1353757, -29.7697986], [-51.1355746, -29.7696995], [-51.1357486, -29.7696134], [-51.1358189, -29.769589], [-51.1360181, -29.7695254], [-51.1363193, -29.769457], [-51.1363216, -29.7694564], [-51.1366514, -29.7693661], [-51.137032, -29.769288], [-51.1373428, -29.7692051]]}}, {"type": "Feature", "properties": {"alt_name": "Rua Leopoldo Zimmermann", "highway": "tertiary", "lit": "yes", "name": "Rua Leopoldo Zimermann", "oneway": "yes", "surface": "asphalt", "osm_id": 92461125, "osm_type": "way"}, "geometry": {"type": "LineString", "coordinates": [[-51.1172237, -29.7658883], [-51.1172037, -29.7657894], [-51.1171809, -29.7656765]]}}, {"type": "Feature", "properties": {"highway": "residential", "lit": "yes", "name": "Rua Desembargador Esperidião de Lima Medeiros", "oneway": "yes", "source": "Yahoo; survey", "osm_id": 92461140, "osm_type": "way"}, "geometry": {"type": "LineString", "coordinates": [[-51.1404857, -29.768098], [-51.1402684, -29.7688291], [-51.1400163, -29.769637], [-51.1399667, -29.7697115]]}}, {"type": "Feature", "properties": {"highway": "residential", "name": "Rua Tomaz Flores", "source": "survey; Bing", "source:name": "survey", "surface": "asphalt", "osm_id": 92461153, "osm_type": "way"}, "geometry": {"type": "LineString", "coordinates": [[-51.1389408, -29.7696207], [-51.1389703, -29.7694961]]}}, {"type": "Feature", "properties": {"highway": "secondary", "lanes": "2", "maxspeed": "60", "name": "Avenida São Borja", "oneway": "yes", "surface": "asphalt", "osm_id": 92461193, "osm_type": "way"}, "geometry": {"type": "LineString", "coordinates": [[-51.1279578, -29.7771291], [-51.1274017, -29.7776654], [-51.1273311, -29.7777345], [-51.126571, -29.7784783], [-51.1264904, -29.7785572], [-51.12641, -29.7786356], [-51.1258578, -29.7791743], [-51.1257961, -29.7792342], [-51.1256661, -29.7793565], [-51.1246851, -29.7802794], [-51.1245895, -29.7803701], [-51.1240339, -29.7808972], [-51.1239375, -29.7809886], [-51.1232666, -29.7814942], [-51.1231903, -29.7815466], [-51.1229578, -29.7817062], [-51.1226841, -29.781888], [-51.1223473, -29.7821118], [-51.121949, -29.7823693], [-51.1218699, -29.7824205], [-51.1214706, -29.7827008], [-51.1206496, -29.7832376], [-51.1205663, -29.7832947], [-51.1203494, -29.7834432], [-51.120176, -29.7835619], [-51.1198409, -29.7837855], [-51.1194143, -29.7840594], [-51.1191347, -29.7842402], [-51.1190293, -29.7843084], [-51.1186734, -29.784543], [-51.1185705, -29.7846116], [-51.118285, -29.7848019], [-51.1182381, -29.7848286], [-51.1180165, -29.7849817], [-51.1173666, -29.7854306], [-51.1172286, -29.7855197], [-51.1171642, -29.7855612], [-51.1170929, -29.7856162], [-51.1165645, -29.7859726], [-51.1165009, -29.7860155], [-51.1163965, -29.7860975]]}}, {"type": "Feature", "properties": {"highway": "secondary", "lanes": "2", "maxspeed": "40", "name": "Avenida São Borja", "oneway": "yes", "surface": "asphalt", "osm_id": 92461210, "osm_type": "way"}, "geometry": {"type": "LineString", "coordinates": [[-51.1316452, -29.7735428], [-51.1313271, -29.773855], [-51.1305362, -29.7746311], [-51.1299817, -29.7751813], [-51.1298172, -29.7753293], [-51.1296582, -29.7754875], [-51.1293335, -29.7758032], [-51.1292452, -29.7758981], [-51.1287085, -29.7764033], [-51.1283318, -29.7767544], [-51.1279578, -29.7771291]]}}, {"type": "Feature", "properties": {"highway": "secondary", "lanes": "2", "lit": "yes", "maxspeed": "60", "name": "Avenida Feitoria", "oneway": "yes", "surface": "asphalt", "osm_id": 92461222, "osm_type": "way"}, "geometry": {"type": "LineString", "coordinates": [[-51.1137481, -29.7645945], [-51.113846, -29.7646556], [-51.1139573, -29.7647202], [-51.1142564, -29.7648512], [-51.1146216, -29.764974], [-51.1146847, -29.7649952], [-51.1149283, -29.765077], [-51.1158332, -29.7653615], [-51.116312, -29.7655199], [-51.1167359, -29.7656612], [-51.1168276, -29.7656999], [-51.1170511, -29.7657944]]}}, {"type": "Feature", "properties": {"highway": "service", "oneway": "yes", "service": "driveway", "osm_id": 92612617, "osm_type": "way"}, "geometry": {"type": "LineString", "coordinates": [[-51.1390246, -29.7633319], [-51.138997, -29.7634603]]}}, {"type": "Feature", "properties": {"highway": "service", "service": "driveway", "surface": "sett", "osm_id": 92612624, "osm_type": "way"}, "geometry": {"type": "LineString", "coordinates": [[-51.1362199, -29.7676857], [-51.1359502, -29.7677021]]}}, {"type": "Feature", "properties": {"highway": "residential", "lanes": "2", "lit": "yes", "maxheight": "default", "name": "Rua Presidente Roosevelt", "oneway": "yes", "surface": "sett", "osm_id": 92612628, "osm_type": "way"}, "geometry": {"type": "LineString", "coordinates": [[-51.1425698, -29.7652424], [-51.1417604, -29.765098], [-51.1409926, -29.7649647], [-51.1402483, -29.7648627]]}}, {"type": "Feature", "properties": {"highway": "tertiary", "lanes": "2", "lit": "yes", "maxheight": "default", "name": "Rua José Bonifácio", "oneway": "yes", "surface": "asphalt", "osm_id": 92612631, "osm_type": "way"}, "geometry": {"type": "LineString", "coordinates": [[-51.1421594, -29.7701876], [-51.1422922, -29.7697173], [-51.1424142, -29.7692237], [-51.1425598, -29.7686617]]}}, {"type": "Feature", "properties": {"highway": "secondary", "lanes": "2", "lit": "yes", "maxspeed": "60", "name": "Avenida João Corrêa", "oneway": "yes", "source": "survey", "surface": "asphalt", "osm_id": 92612632, "osm_type": "way"}, "geometry": {"type": "LineString", "coordinates": [[-51.1373182, -29.7693584], [-51.1370727, -29.7694085], [-51.1363976, -29.7695652], [-51.1363611, -29.7695723], [-51.1360614, -29.7696363], [-51.1358401, -29.7697058], [-51.1354823, -29.7698901], [-51.135254, -29.7700639]]}}, {"type": "Feature", "properties": {"highway": "service", "oneway": "yes", "service": "driveway", "osm_id": 92612636, "osm_type": "way"}, "geometry": {"type": "LineString", "coordinates": [[-51.1389375, -29.7634567], [-51.1389595, -29.7633203]]}}, {"type": "Feature", "properties": {"access": "private", "highway": "service", "lanes": "2", "oneway": "no", "service": "driveway", "source": "Yahoo; survey", "surface": "sett", "osm_id": 92612640, "osm_type": "way"}, "geometry": {"type": "LineString", "coordinates": [[-51.1359502, -29.7677021], [-51.1358098, -29.7677051], [-51.1354579, -29.7677279], [-51.1353441, -29.7677706], [-51.135255, -29.7679481], [-51.1352438, -29.7680546], [-51.1352921, -29.7683892], [-51.1353696, -29.7686359]]}}, {"type": "Feature", "properties": {"alt_name": "Rua Saturnino de Britto", "highway": "residential", "lanes": "2", "name": "Rua Saturnino de Brito", "oneway": "no", "source": "survey", "surface": "asphalt", "osm_id": 92612645, "osm_type": "way"}, "geometry": {"type": "LineString", "coordinates": [[-51.1363833, -29.7679699], [-51.1368674, -29.7678233]]}}, {"type": "Feature", "properties": {"highway": "residential", "lanes": "2", "name": "Rua São Paulo", "surface": "sett", "osm_id": 92612649, "osm_type": "way"}, "geometry": {"type": "LineString", "coordinates": [[-51.1419126, -29.7678244], [-51.1419195, -29.7677982], [-51.1422335, -29.7666329], [-51.142261, -29.7665264]]}}, {"type": "Feature", "properties": {"highway": "tertiary", "lit": "yes", "loc_name": "Rua Grande", "name": "Rua Independência", "old_name": "Rua do Passo; Große Straße", "oneway": "yes", "osm_id": 92612668, "osm_type": "way"}, "geometry": {"type": "LineString", "coordinates": [[-51.1446183, -29.7709129], [-51.1446029, -29.7710293]]}}, {"type": "Feature", "properties": {"highway": "tertiary", "lanes": "2", "name": "Rua José Bonifácio", "oneway": "yes", "surface": "sett", "osm_id": 92612672, "osm_type": "way"}, "geometry": {"type": "LineString", "coordinates": [[-51.143062, -29.7666754], [-51.1433396, -29.7653832], [-51.1436069, -29.7641831], [-51.1436333, -29.764077]]}}, {"type": "Feature", "properties": {"highway": "primary", "maxheight": "default", "name": "Rua José Bonifácio", "oneway": "yes", "surface": "asphalt", "osm_id": 92612679, "osm_type": "way"}, "geometry": {"type": "LineString", "coordinates": [[-51.1421259, -29.7703145], [-51.1421594, -29.7701876]]}}, {"type": "Feature", "properties": {"highway": "residential", "name": "Rua Graciliano Ramos", "surface": "asphalt", "osm_id": 92715635, "osm_type": "way"}, "geometry": {"type": "LineString", "coordinates": [[-51.1328084, -29.7693812], [-51.1329069, -29.769372]]}}, {"type": "Feature", "properties": {"layer": "-1", "name": "Arroio Kruze", "source": "survey; Bing; IBGE", "tunnel": "culvert", "waterway": "stream", "osm_id": 92715639, "osm_type": "way"}, "geometry": {"type": "LineString", "coordinates": [[-51.1326109, -29.7626162], [-51.1329919, -29.7622821]]}}, {"type": "Feature", "properties": {"foot": "no", "highway": "residential", "source": "Yahoo", "surface": "asphalt", "osm_id": 92715641, "osm_type": "way"}, "geometry": {"type": "LineString", "coordinates": [[-51.1327629, -29.7660949], [-51.1328718, -29.7660846]]}}, {"type": "Feature", "properties": {"alt_name": "Avenida Imperatriz Leopoldina", "cycleway": "lane", "highway": "secondary", "lanes": "2", "lit": "yes", "maxspeed": "50", "name": "Avenida Imperatriz Dona Leopoldina", "oneway": "yes", "surface": "asphalt", "osm_id": 92715656, "osm_type": "way"}, "geometry": {"type": "LineString", "coordinates": [[-51.1328408, -29.762475], [-51.1327314, -29.7624673], [-51.1321973, -29.7624227], [-51.1317452, -29.7623759], [-51.1279978, -29.7620077], [-51.1272143, -29.7619345]]}}, {"type": "Feature", "properties": {"highway": "service", "service": "driveway", "osm_id": 92715658, "osm_type": "way"}, "geometry": {"type": "LineString", "coordinates": [[-51.1298641, -29.7616764], [-51.1299017, -29.761865], [-51.1305198, -29.761913], [-51.130658, -29.7619209], [-51.1307895, -29.7616508], [-51.1311785, -29.7616997], [-51.1316156, -29.7617928]]}}, {"type": "Feature", "properties": {"name": "Arroio Kruze", "source": "survey; Bing; IBGE", "waterway": "stream", "osm_id": 92715661, "osm_type": "way"}, "geometry": {"type": "LineString", "coordinates": [[-51.1227804, -29.7757205], [-51.1233383, -29.7751361], [-51.1234215, -29.7749918], [-51.1234537, -29.7748521], [-51.1234985, -29.7743658], [-51.1234972, -29.7742008], [-51.1235065, -29.7740698], [-51.1234989, -29.7739254], [-51.1235198, -29.7736824]]}}, {"type": "Feature", "properties": {"highway": "residential", "lanes": "2", "lit": "yes", "name": "Rua Helio Emilio Minguelli", "oneway": "yes", "source": "Yahoo;survey", "surface": "sett", "osm_id": 92715665, "osm_type": "way"}, "geometry": {"type": "LineString", "coordinates": [[-51.1297378, -29.7678362], [-51.1301716, -29.7677394], [-51.1305934, -29.7676452], [-51.131218, -29.7675667], [-51.1319697, -29.7674361], [-51.1327659, -29.7673303]]}}, {"type": "Feature", "properties": {"alt_name": "Rua Vinte de Setembro", "highway": "residential", "lanes": "2", "name": "Rua 20 de Setembro", "source": "Yahoo", "surface": "sett", "osm_id": 92715670, "osm_type": "way"}, "geometry": {"type": "LineString", "coordinates": [[-51.1276768, -29.7648539], [-51.1283066, -29.7647077], [-51.1284258, -29.7646761]]}}, {"type": "Feature", "properties": {"name": "Arroio Kruze", "source": "survey;Bing;IBGE", "waterway": "stream", "osm_id": 92715671, "osm_type": "way"}, "geometry": {"type": "LineString", "coordinates": [[-51.1335277, -29.7619823], [-51.1340306, -29.7619008], [-51.1349786, -29.7617921], [-51.1357878, -29.7617224]]}}, {"type": "Feature", "properties": {"highway": "service", "service": "driveway", "osm_id": 92715672, "osm_type": "way"}, "geometry": {"type": "LineString", "coordinates": [[-51.1381435, -29.7630467], [-51.1381616, -29.7629844], [-51.1381851, -29.762907]]}}, {"type": "Feature", "properties": {"alt_name": "Avenida Imperatriz Leopoldina", "cycleway": "lane", "highway": "secondary", "lanes": "2", "maxspeed": "60", "name": "Avenida Imperatriz Dona Leopoldina", "oneway": "yes", "surface": "asphalt", "osm_id": 92715673, "osm_type": "way"}, "geometry": {"type": "LineString", "coordinates": [[-51.1182037, -29.7610362], [-51.1175194, -29.760933], [-51.1173175, -29.7608928], [-51.1169163, -29.7608103], [-51.1165616, -29.7607353], [-51.1159468, -29.7605679], [-51.1153933, -29.7604201], [-51.114673, -29.7601917], [-51.1143388, -29.7600871], [-51.1135885, -29.7598696], [-51.1129823, -29.7597008], [-51.112698, -29.7596239], [-51.111947, -29.7593957], [-51.1111158, -29.7591462], [-51.1110347, -29.7591227], [-51.1102384, -29.7588905], [-51.1091656, -29.7585971], [-51.1087015, -29.7584667], [-51.1085165, -29.7584119], [-51.1080753, -29.7582997]]}}, {"type": "Feature", "properties": {"foot": "no", "highway": "tertiary", "name": "Avenida Feitoria", "oneway": "yes", "surface": "asphalt", "osm_id": 92715675, "osm_type": "way"}, "geometry": {"type": "LineString", "coordinates": [[-51.1172816, -29.766034], [-51.1172237, -29.7658883]]}}, {"type": "Feature", "properties": {"alt_name": "Rua Vinte de Setembro", "highway": "residential", "name": "Rua 20 de Setembro", "source": "Yahoo", "osm_id": 92715677, "osm_type": "way"}, "geometry": {"type": "LineString", "coordinates": [[-51.1267299, -29.7654689], [-51.1268396, -29.7653237], [-51.1271219, -29.7650705], [-51.1275227, -29.7648925], [-51.1276768, -29.7648539]]}}, {"type": "Feature", "properties": {"alt_name": "Avenida Imperatriz Leopoldina", "cycleway": "lane", "highway": "secondary", "lanes": "2", "lit": "yes", "maxheight": "default", "maxspeed": "50", "name": "Avenida Imperatriz Dona Leopoldina", "oneway": "yes", "sidewalk": "both", "surface": "asphalt", "osm_id": 92715679, "osm_type": "way"}, "geometry": {"type": "LineString", "coordinates": [[-51.1272423, -29.7618127], [-51.1280257, -29.7618979], [-51.1304741, -29.7621234], [-51.1312032, -29.7621973], [-51.1317697, -29.7622555], [-51.1327453, -29.7623431], [-51.1329351, -29.7623649], [-51.1335963, -29.7624321], [-51.1357892, -29.7626439], [-51.1360239, -29.7626753], [-51.1366964, -29.76279], [-51.1375956, -29.7629559], [-51.1381435, -29.7630467], [-51.1387576, -29.7631622], [-51.1389733, -29.763202], [-51.1399526, -29.7633995], [-51.140147, -29.7634824]]}}, {"type": "Feature", "properties": {"highway": "service", "service": "driveway", "osm_id": 92715680, "osm_type": "way"}, "geometry": {"type": "LineString", "coordinates": [[-51.1279978, -29.7620077], [-51.1280154, -29.7621422], [-51.1280765, -29.7623191], [-51.1281865, -29.762352]]}}, {"type": "Feature", "properties": {"name": "Arroio Kruze", "source": "survey; Bing; IBGE", "waterway": "stream", "osm_id": 92904581, "osm_type": "way"}, "geometry": {"type": "LineString", "coordinates": [[-51.1261667, -29.7660371], [-51.1262333, -29.7659353], [-51.1262622, -29.765829], [-51.1263262, -29.7657532], [-51.126471, -29.7655626], [-51.1266482, -29.7652934], [-51.127047, -29.7649549], [-51.1272922, -29.7648215], [-51.1276894, -29.7647598], [-51.1283005, -29.7646009], [-51.128873, -29.764398], [-51.1290988, -29.7642973], [-51.1295637, -29.7641062], [-51.1300524, -29.7639156], [-51.130592, -29.7636872], [-51.1309671, -29.7635604], [-51.1313957, -29.7634296], [-51.1315838, -29.7633341], [-51.1319279, -29.7631435], [-51.1321655, -29.763], [-51.132388, -29.7627648], [-51.1326109, -29.7626162]]}}, {"type": "Feature", "properties": {"highway": "tertiary", "lanes": "2", "lit": "yes", "loc_name": "Rua Grande", "name": "Rua Independência", "old_name": "Rua do Passo; Große Straße", "oneway": "yes", "surface": "sett", "osm_id": 92904597, "osm_type": "way"}, "geometry": {"type": "LineString", "coordinates": [[-51.1446029, -29.7710293], [-51.1445948, -29.7711329], [-51.1445761, -29.7712551], [-51.1444017, -29.7721212], [-51.1441121, -29.7732154], [-51.1440879, -29.7732934]]}}, {"type": "Feature", "properties": {"bridge": "yes", "highway": "residential", "layer": "1", "name": "Rua das Camélias", "source": "Bing", "osm_id": 92904602, "osm_type": "way"}, "geometry": {"type": "LineString", "coordinates": [[-51.1275028, -29.7648122], [-51.1274913, -29.764747]]}}, {"type": "Feature", "properties": {"highway": "residential", "name": "Rua das Camélias", "source": "Yahoo; survey", "osm_id": 92904607, "osm_type": "way"}, "geometry": {"type": "LineString", "coordinates": [[-51.1274913, -29.764747], [-51.1274732, -29.764646], [-51.1272243, -29.7632596], [-51.1269467, -29.761908], [-51.1269295, -29.7618443], [-51.1269076, -29.7617793]]}}, {"type": "Feature", "properties": {"layer": "-1", "name": "Arroio Kruze", "source": "survey; Bing; IBGE", "tunnel": "culvert", "waterway": "stream", "osm_id": 92904612, "osm_type": "way"}, "geometry": {"type": "LineString", "coordinates": [[-51.1260337, -29.7663038], [-51.1260982, -29.7661744]]}}, {"type": "Feature", "properties": {"highway": "residential", "lit": "yes", "osm_id": 92918485, "osm_type": "way"}, "geometry": {"type": "LineString", "coordinates": [[-51.1234294, -29.7653574], [-51.1234712, -29.765308]]}}, {"type": "Feature", "properties": {"alt_name": "Rua Vinte de Setembro", "highway": "residential", "name": "Rua 20 de Setembro", "source": "Yahoo", "osm_id": 92918488, "osm_type": "way"}, "geometry": {"type": "LineString", "coordinates": [[-51.1291009, -29.7644645], [-51.1301395, -29.7640916], [-51.1312058, -29.763664], [-51.1319631, -29.7633323], [-51.1327232, -29.7627715]]}}, {"type": "Feature", "properties": {"foot": "no", "highway": "residential", "surface": "asphalt", "osm_id": 92918499, "osm_type": "way"}, "geometry": {"type": "LineString", "coordinates": [[-51.12195, -29.7658976], [-51.1220019, -29.7660071]]}}, {"type": "Feature", "properties": {"highway": "residential", "lit": "yes", "name": "Rua Luiz Bernardo da Silva", "oneway": "yes", "source": "Yahoo; survey", "osm_id": 92918511, "osm_type": "way"}, "geometry": {"type": "LineString", "coordinates": [[-51.1234294, -29.7653574], [-51.1230853, -29.7652106], [-51.1228309, -29.7650408], [-51.1225824, -29.7648594], [-51.1222752, -29.7645617], [-51.122062, -29.7642731], [-51.1218967, -29.763962], [-51.1217799, -29.763617], [-51.1216918, -29.7632653], [-51.1216639, -29.7630225], [-51.1215456, -29.7621629], [-51.1214177, -29.7613602], [-51.1214101, -29.7612958], [-51.1214011, -29.7612296]]}}, {"type": "Feature", "properties": {"alt_name": "Rua Vinte de Setembro", "highway": "residential", "name": "Rua 20 de Setembro", "source": "Yahoo", "surface": "ground", "osm_id": 92918515, "osm_type": "way"}, "geometry": {"type": "LineString", "coordinates": [[-51.1284258, -29.7646761], [-51.1291009, -29.7644645]]}}, {"type": "Feature", "properties": {"highway": "residential", "lit": "yes", "name": "Rua Waldomiro Vieira", "source": "Yahoo; survey", "osm_id": 92918521, "osm_type": "way"}, "geometry": {"type": "LineString", "coordinates": [[-51.1237304, -29.7653793], [-51.1237192, -29.7653262], [-51.1236632, -29.7650265], [-51.1236548, -29.7649816], [-51.1235315, -29.7642819], [-51.1234651, -29.763891], [-51.1234565, -29.7638351], [-51.1233813, -29.7634623], [-51.1233657, -29.7633845], [-51.123352, -29.7632935], [-51.1232618, -29.7628007], [-51.1231826, -29.762323], [-51.1229968, -29.7615167], [-51.1229977, -29.7614641], [-51.123005, -29.7613897]]}}, {"type": "Feature", "properties": {"highway": "residential", "lanes": "2", "lit": "yes", "oneway": "no", "source": "Yahoo; survey", "surface": "sett", "osm_id": 92928626, "osm_type": "way"}, "geometry": {"type": "LineString", "coordinates": [[-51.1353696, -29.7686359], [-51.1354415, -29.7691024], [-51.1355542, -29.7696147], [-51.1355746, -29.7696995]]}}, {"type": "Feature", "properties": {"alt_name": "Companhia de Geração Térmica de Energia Elétrica S.A.", "landuse": "industrial", "name": "Eletrobras CGT eletrosul: Oficina de Manutenção", "osm_id": 92928645, "osm_type": "way"}, "geometry": {"type": "Polygon", "coordinates": [[[-51.1353501, -29.7686575], [-51.1355496, -29.7695201], [-51.1355939, -29.7696019], [-51.1359116, -29.7694753], [-51.1362002, -29.7694024], [-51.1361687, -29.7691968], [-51.1361406, -29.7690638], [-51.1360627, -29.7685963], [-51.1358913, -29.7686038], [-51.1358207, -29.7686108], [-51.1354228, -29.7686503], [-51.1353501, -29.7686575]]]}}, {"type": "Feature", "properties": {"highway": "residential", "lanes": "2", "lit": "yes", "name": "Rua São Caetano", "oneway": "yes", "source": "Yahoo; survey", "surface": "sett", "osm_id": 92936232, "osm_type": "way"}, "geometry": {"type": "LineString", "coordinates": [[-51.145771, -29.769793], [-51.1449985, -29.7696626], [-51.1448979, -29.7696428], [-51.1441174, -29.7695183], [-51.1440343, -29.769502]]}}, {"type": "Feature", "properties": {"highway": "residential", "lanes": "2", "lit": "yes", "name": "Rua São Caetano", "oneway": "yes", "source": "Yahoo; survey", "surface": "asphalt", "osm_id": 92936234, "osm_type": "way"}, "geometry": {"type": "LineString", "coordinates": [[-51.148413, -29.7702458], [-51.1481515, -29.7702004], [-51.1468613, -29.7699781], [-51.1467688, -29.7699629], [-51.1458126, -29.7698], [-51.145771, -29.769793]]}}, {"type": "Feature", "properties": {"highway": "residential", "lanes": "2", "lit": "yes", "name": "Rua São Caetano", "oneway": "yes", "source": "Yahoo; survey", "osm_id": 92936236, "osm_type": "way"}, "geometry": {"type": "LineString", "coordinates": [[-51.1440343, -29.769502], [-51.1433168, -29.7693786], [-51.1431974, -29.7693553], [-51.1428809, -29.7693029], [-51.1424987, -29.7692389], [-51.1424142, -29.7692237], [-51.1417893, -29.769105]]}}, {"type": "Feature", "properties": {"highway": "service", "oneway": "yes", "service": "driveway", "osm_id": 92936245, "osm_type": "way"}, "geometry": {"type": "LineString", "coordinates": [[-51.1467587, -29.7686626], [-51.1467346, -29.7687681]]}}, {"type": "Feature", "properties": {"highway": "service", "oneway": "yes", "service": "driveway", "osm_id": 92936251, "osm_type": "way"}, "geometry": {"type": "LineString", "coordinates": [[-51.1469841, -29.7689773], [-51.1470274, -29.7689846]]}}, {"type": "Feature", "properties": {"name": "Arroio Kruze", "source": "survey; Bing; IBGE", "waterway": "stream", "osm_id": 92995286, "osm_type": "way"}, "geometry": {"type": "LineString", "coordinates": [[-51.1247556, -29.7696727], [-51.1249811, -29.7692153], [-51.1251923, -29.7688878], [-51.1252659, -29.7685623], [-51.1252421, -29.7684119], [-51.1251828, -29.7683583], [-51.1250997, -29.7682223], [-51.1251235, -29.767971], [-51.1252042, -29.767835], [-51.1254083, -29.7677361], [-51.1254818, -29.7676228], [-51.1254486, -29.7675321], [-51.1255103, -29.7673653], [-51.1256249, -29.7672016], [-51.1257122, -29.7670074], [-51.1257453, -29.7669292], [-51.1257727, -29.7668762], [-51.1257898, -29.7668141], [-51.1258228, -29.7667368], [-51.1260337, -29.7663038]]}}, {"type": "Feature", "properties": {"layer": "-1", "name": "Arroio Kruze", "source": "survey; Bing; IBGE", "tunnel": "yes", "waterway": "stream", "osm_id": 92995295, "osm_type": "way"}, "geometry": {"type": "LineString", "coordinates": [[-51.1235198, -29.7736824], [-51.1235448, -29.7735308]]}}, {"type": "Feature", "properties": {"highway": "residential", "lanes": "2", "name": "Rua Barbacena", "oneway": "no", "source": "Yahoo; survey", "surface": "sett", "osm_id": 92995304, "osm_type": "way"}, "geometry": {"type": "LineString", "coordinates": [[-51.1216969, -29.7698938], [-51.121473, -29.7700355], [-51.1212995, -29.7701892], [-51.1211307, -29.7703912], [-51.1209789, -29.7705803], [-51.1207357, -29.7712409], [-51.1205701, -29.7715221], [-51.1204082, -29.771767]]}}, {"type": "Feature", "properties": {"highway": "tertiary", "lit": "yes", "name": "Rua Marquês do Herval", "oneway": "yes", "surface": "asphalt", "osm_id": 93257180, "osm_type": "way"}, "geometry": {"type": "LineString", "coordinates": [[-51.1437191, -29.7707802], [-51.1437339, -29.770715], [-51.14375, -29.7706579]]}}, {"type": "Feature", "properties": {"highway": "secondary", "surface": "unpaved", "osm_id": 93257182, "osm_type": "way"}, "geometry": {"type": "LineString", "coordinates": [[-51.1691659, -29.764528], [-51.169184, -29.7645335], [-51.1694295, -29.7648229]]}}, {"type": "Feature", "properties": {"bridge": "yes", "highway": "tertiary", "layer": "1", "name": "Avenida Tomaz Edison", "osm_id": 93257183, "osm_type": "way"}, "geometry": {"type": "LineString", "coordinates": [[-51.1591333, -29.7707556], [-51.1592122, -29.7709399]]}}, {"type": "Feature", "properties": {"highway": "secondary", "lanes": "2", "lit": "yes", "maxheight": "default", "maxspeed": "50", "name": "Avenida João Corrêa", "oneway": "yes", "source": "survey", "surface": "asphalt", "osm_id": 93257185, "osm_type": "way"}, "geometry": {"type": "LineString", "coordinates": [[-51.1437191, -29.7707802], [-51.1430016, -29.770552], [-51.1429064, -29.770524]]}}, {"type": "Feature", "properties": {"bridge": "yes", "highway": "secondary", "layer": "1", "surface": "unpaved", "osm_id": 93257197, "osm_type": "way"}, "geometry": {"type": "LineString", "coordinates": [[-51.1694295, -29.7648229], [-51.1695013, -29.7649142]]}}, {"type": "Feature", "properties": {"highway": "secondary", "surface": "unpaved", "osm_id": 93257199, "osm_type": "way"}, "geometry": {"type": "LineString", "coordinates": [[-51.1695882, -29.7650247], [-51.1697338, -29.7651893]]}}, {"type": "Feature", "properties": {"highway": "residential", "lit": "yes", "name": "Rua Bento Alves", "oneway": "yes", "osm_id": 93817373, "osm_type": "way"}, "geometry": {"type": "LineString", "coordinates": [[-51.1320259, -29.7702768], [-51.131966, -29.7701798], [-51.1318685, -29.7700323]]}}, {"type": "Feature", "properties": {"alt_name": "Rua Doutor Mário Sperb", "highway": "tertiary", "lanes": "2", "name": "Avenida Doutor Mário Sperb", "oneway": "yes", "surface": "asphalt", "osm_id": 93817376, "osm_type": "way"}, "geometry": {"type": "LineString", "coordinates": [[-51.1364366, -29.7761679], [-51.1369935, -29.7763956], [-51.1373609, -29.7765307], [-51.1376721, -29.7767018], [-51.1381415, -29.7770591], [-51.138517, -29.7774665]]}}, {"type": "Feature", "properties": {"highway": "residential", "lanes": "2", "name": "Rua Bento Alves", "oneway": "no", "surface": "sett", "osm_id": 93817379, "osm_type": "way"}, "geometry": {"type": "LineString", "coordinates": [[-51.1337228, -29.7736364], [-51.1334118, -29.7729855], [-51.1329941, -29.7722332]]}}, {"type": "Feature", "properties": {"alt_name": "Rua Doutor Mário Sperb", "highway": "tertiary", "lanes": "2", "name": "Avenida Doutor Mário Sperb", "surface": "asphalt", "osm_id": 93817382, "osm_type": "way"}, "geometry": {"type": "LineString", "coordinates": [[-51.1316452, -29.7735428], [-51.1322895, -29.7740513], [-51.1329885, -29.7745209]]}}, {"type": "Feature", "properties": {"highway": "residential", "name": "Rua Iracema", "source": "Bing; IBGE", "osm_id": 93817383, "osm_type": "way"}, "geometry": {"type": "LineString", "coordinates": [[-51.1359821, -29.7770061], [-51.1356796, -29.7777604], [-51.1353391, -29.7787405], [-51.1353098, -29.7796798], [-51.1352928, -29.7804702], [-51.1352862, -29.7814033]]}}, {"type": "Feature", "properties": {"highway": "residential", "lanes": "2", "name": "Rua Luiz de Camões", "oneway": "no", "source": "Bing; survey", "surface": "sett", "osm_id": 93817385, "osm_type": "way"}, "geometry": {"type": "LineString", "coordinates": [[-51.1338803, -29.7768851], [-51.1335133, -29.7766665], [-51.1326818, -29.77613], [-51.1321957, -29.7754486]]}}, {"type": "Feature", "properties": {"highway": "residential", "name": "Rua Alberto Scherer", "source": "Yahoo", "osm_id": 93817390, "osm_type": "way"}, "geometry": {"type": "LineString", "coordinates": [[-51.1322895, -29.7740513], [-51.1308029, -29.775524], [-51.1304761, -29.7758477], [-51.1302236, -29.7760697], [-51.1298963, -29.7763933], [-51.1295611, -29.7767285], [-51.1294402, -29.776857], [-51.1291152, -29.7771765], [-51.1281953, -29.7780572], [-51.1276618, -29.7785945], [-51.1271464, -29.779061], [-51.1267635, -29.7794174], [-51.1266214, -29.7797061], [-51.1265563, -29.7800219], [-51.1261869, -29.7820255]]}}, {"type": "Feature", "properties": {"alt_name": "Rua Euclides da Cunha", "highway": "residential", "lanes": "2", "name": "Rua Castro Alves", "oneway": "no", "source": "Bing; survey", "surface": "sett", "osm_id": 93817395, "osm_type": "way"}, "geometry": {"type": "LineString", "coordinates": [[-51.1326818, -29.77613], [-51.1321141, -29.7767633], [-51.1318061, -29.7771802], [-51.1317578, -29.7773874], [-51.1317793, -29.7776505], [-51.1318538, -29.777754]]}}, {"type": "Feature", "properties": {"highway": "residential", "lanes": "2", "name": "Rua Emílio Zola", "oneway": "no", "source": "Bing; survey", "surface": "sett", "osm_id": 93817397, "osm_type": "way"}, "geometry": {"type": "LineString", "coordinates": [[-51.1321141, -29.7767633], [-51.1326406, -29.7771181], [-51.1332577, -29.7774839]]}}, {"type": "Feature", "properties": {"highway": "residential", "name": "Rua Olavo Bilac", "oneway": "yes", "source": "Yahoo; Bing", "osm_id": 93817401, "osm_type": "way"}, "geometry": {"type": "LineString", "coordinates": [[-51.1313741, -29.7803133], [-51.1312079, -29.780614], [-51.1310852, -29.7809068]]}}, {"type": "Feature", "properties": {"alt_name": "Rua Doutor Mário Sperb", "highway": "tertiary", "lanes": "2", "maxspeed:backward": "30", "maxspeed:forward": "30", "name": "Avenida Doutor Mário Sperb", "surface": "asphalt", "osm_id": 93817402, "osm_type": "way"}, "geometry": {"type": "LineString", "coordinates": [[-51.1329885, -29.7745209], [-51.1336612, -29.7749887], [-51.1338003, -29.7750601], [-51.1339147, -29.7751284], [-51.1343612, -29.7753981]]}}, {"type": "Feature", "properties": {"alt_name": "Rua Olavio Bilac", "highway": "residential", "name": "Rua Francelino Dias", "source": "Yahoo", "osm_id": 93817405, "osm_type": "way"}, "geometry": {"type": "LineString", "coordinates": [[-51.1310852, -29.7809068], [-51.1311032, -29.7809874], [-51.1311477, -29.7812652]]}}, {"type": "Feature", "properties": {"highway": "residential", "lanes": "2", "name": "Rua Luiz de Camões", "oneway": "no", "source": "Bing; survey", "surface": "sett", "osm_id": 93817407, "osm_type": "way"}, "geometry": {"type": "LineString", "coordinates": [[-51.1356796, -29.7777604], [-51.1350068, -29.7774614], [-51.1343427, -29.777131], [-51.1338803, -29.7768851]]}}, {"type": "Feature", "properties": {"highway": "residential", "name": "Rua Goethe", "source": "Bing; IBGE", "osm_id": 93817408, "osm_type": "way"}, "geometry": {"type": "LineString", "coordinates": [[-51.1337112, -29.7783607], [-51.1343427, -29.777131]]}}, {"type": "Feature", "properties": {"highway": "residential", "name": "Rua Arcelino Camargo", "source": "Bing; IBGE", "osm_id": 93817413, "osm_type": "way"}, "geometry": {"type": "LineString", "coordinates": [[-51.1341777, -29.778513], [-51.1338874, -29.7792162]]}}, {"type": "Feature", "properties": {"highway": "residential", "name": "Rua Bento Alves", "osm_id": 93817417, "osm_type": "way"}, "geometry": {"type": "LineString", "coordinates": [[-51.1329941, -29.7722332], [-51.1329287, -29.7721219]]}}, {"type": "Feature", "properties": {"highway": "residential", "name": "Rua José Ingenieiros", "source": "Bing; IBGE", "osm_id": 93817420, "osm_type": "way"}, "geometry": {"type": "LineString", "coordinates": [[-51.1344223, -29.7785834], [-51.1350068, -29.7774614]]}}, {"type": "Feature", "properties": {"highway": "residential", "name": "Rua Olavo Bilac", "source": "Yahoo; Bing", "osm_id": 93817430, "osm_type": "way"}, "geometry": {"type": "LineString", "coordinates": [[-51.1332577, -29.7774839], [-51.1330664, -29.7777264], [-51.1328202, -29.778096], [-51.1323987, -29.7787327], [-51.1316413, -29.7799206], [-51.1313741, -29.7803133]]}}, {"type": "Feature", "properties": {"highway": "residential", "name": "Rua Carlos Laet", "source": "Bing; IBGE", "osm_id": 93817432, "osm_type": "way"}, "geometry": {"type": "LineString", "coordinates": [[-51.1326406, -29.7771181], [-51.1320358, -29.7778156]]}}, {"type": "Feature", "properties": {"fixme": "IS this really oneway=yes? I think I saw a sign saying so where this street meets São Borja, but I better check.", "highway": "residential", "lit": "yes", "name": "Rua Bento Alves", "oneway": "yes", "osm_id": 93817434, "osm_type": "way"}, "geometry": {"type": "LineString", "coordinates": [[-51.1320259, -29.7702768], [-51.1322997, -29.7708048], [-51.1329287, -29.7721219]]}}, {"type": "Feature", "properties": {"fixme": "Doesn't this street continues (to a dead-end)?", "highway": "residential", "name": "Rua Visconde de Taunay", "osm_id": 93817436, "osm_type": "way"}, "geometry": {"type": "LineString", "coordinates": [[-51.1329885, -29.7745209], [-51.1321957, -29.7754486]]}}, {"type": "Feature", "properties": {"highway": "residential", "lanes": "2", "name": "Rua Gonçalves Dias", "oneway": "no", "source": "Bing; survey", "surface": "sett", "osm_id": 93817439, "osm_type": "way"}, "geometry": {"type": "LineString", "coordinates": [[-51.1337865, -29.7763653], [-51.1335133, -29.7766665]]}}, {"type": "Feature", "properties": {"highway": "residential", "name": "Rua Euclides da Cunha", "source": "Bing; IBGE", "source:name": "survey", "osm_id": 93817441, "osm_type": "way"}, "geometry": {"type": "LineString", "coordinates": [[-51.1361608, -29.7788886], [-51.1355841, -29.7787964], [-51.1353391, -29.7787405], [-51.1348181, -29.7786548], [-51.1344223, -29.7785834], [-51.1341777, -29.778513], [-51.1337112, -29.7783607], [-51.1328202, -29.778096], [-51.1320358, -29.7778156], [-51.1318538, -29.777754]]}}, {"type": "Feature", "properties": {"highway": "residential", "name": "Rua Francelino Dias", "source": "Yahoo", "osm_id": 93817443, "osm_type": "way"}, "geometry": {"type": "LineString", "coordinates": [[-51.1311477, -29.7812652], [-51.1311885, -29.7822405], [-51.1312417, -29.7830393], [-51.1313192, -29.7841056], [-51.1313882, -29.7850564], [-51.1313944, -29.7851895], [-51.1313753, -29.7860404], [-51.131405, -29.7869959]]}}, {"type": "Feature", "properties": {"access": "customers", "highway": "service", "service": "driveway", "osm_id": 93817444, "osm_type": "way"}, "geometry": {"type": "LineString", "coordinates": [[-51.1362234, -29.7750285], [-51.13632, -29.775014], [-51.1367245, -29.7749249]]}}, {"type": "Feature", "properties": {"highway": "residential", "name": "Rua Gonçalves Dias", "source": "Bing", "osm_id": 93817446, "osm_type": "way"}, "geometry": {"type": "LineString", "coordinates": [[-51.1337865, -29.7763653], [-51.1341658, -29.7765971]]}}, {"type": "Feature", "properties": {"highway": "residential", "name": "Rua Gomes Portinho", "source": "Bing; IBGE", "osm_id": 93817449, "osm_type": "way"}, "geometry": {"type": "LineString", "coordinates": [[-51.1366045, -29.7774468], [-51.1359821, -29.7770061], [-51.1352795, -29.7766005], [-51.1345551, -29.7762231]]}}, {"type": "Feature", "properties": {"highway": "residential", "name": "Rua Victor Meirelles", "source": "survey; Bing; IBGE", "osm_id": 93821371, "osm_type": "way"}, "geometry": {"type": "LineString", "coordinates": [[-51.1327928, -29.768697], [-51.1328808, -29.7686808], [-51.1348881, -29.7684153]]}}, {"type": "Feature", "properties": {"highway": "residential", "lit": "yes", "name": "Rua João Alves Pereira", "source": "Yahoo", "osm_id": 93821372, "osm_type": "way"}, "geometry": {"type": "LineString", "coordinates": [[-51.1246051, -29.761676], [-51.1247714, -29.7624778], [-51.1249571, -29.7636059], [-51.1252085, -29.7648157], [-51.1252454, -29.7650025], [-51.1254027, -29.7657863]]}}, {"type": "Feature", "properties": {"highway": "tertiary", "lanes": "2", "maxheight": "default", "name": "Rua São José", "oneway": "no", "surface": "asphalt", "osm_id": 93821376, "osm_type": "way"}, "geometry": {"type": "LineString", "coordinates": [[-51.1328775, -29.7680091], [-51.1346683, -29.7677458], [-51.1347609, -29.7677321], [-51.1355307, -29.7676364], [-51.1359607, -29.7676428], [-51.1362199, -29.7676857], [-51.1363251, -29.7677078], [-51.1368674, -29.7678233], [-51.1370471, -29.7678396], [-51.1373234, -29.7678477], [-51.13823, -29.7676673], [-51.1390863, -29.7674927], [-51.1391835, -29.7674752], [-51.1393062, -29.7674548], [-51.1394624, -29.7674444], [-51.1396428, -29.7674508], [-51.1398527, -29.7674764], [-51.1400378, -29.7675125], [-51.1402403, -29.7675427]]}}, {"type": "Feature", "properties": {"highway": "residential", "lit": "yes", "name": "Rua André Ebling", "source": "Yahoo", "osm_id": 93821380, "osm_type": "way"}, "geometry": {"type": "LineString", "coordinates": [[-51.1204194, -29.7672913], [-51.1200455, -29.7674322], [-51.1195631, -29.7676148], [-51.1193669, -29.7676686], [-51.1192266, -29.7676829], [-51.1189682, -29.767682], [-51.1188321, -29.7676609], [-51.1187028, -29.7676197], [-51.118474, -29.7675274], [-51.1174538, -29.7670359], [-51.116627, -29.7666553], [-51.1160538, -29.7663861], [-51.1153202, -29.7661509], [-51.1143494, -29.7658505], [-51.1138983, -29.7657092], [-51.1130024, -29.7654245], [-51.1125204, -29.7652927], [-51.1122313, -29.7652261], [-51.1121187, -29.76519]]}}, {"type": "Feature", "properties": {"highway": "residential", "name": "Rua Chicago", "source": "Yahoo", "osm_id": 93821385, "osm_type": "way"}, "geometry": {"type": "LineString", "coordinates": [[-51.1193314, -29.7658522], [-51.1196678, -29.7652557], [-51.1198689, -29.765066], [-51.120238, -29.7649192], [-51.1210421, -29.7646375], [-51.122062, -29.7642731]]}}, {"type": "Feature", "properties": {"highway": "secondary", "lanes": "2", "lit": "yes", "maxspeed": "50", "name": "Avenida João Corrêa", "oneway": "yes", "surface": "asphalt", "osm_id": 93821393, "osm_type": "way"}, "geometry": {"type": "LineString", "coordinates": [[-51.1484385, -29.7714868], [-51.1485122, -29.7714972]]}}, {"type": "Feature", "properties": {"foot": "no", "highway": "residential", "source": "Yahoo; survey", "surface": "asphalt", "osm_id": 93821399, "osm_type": "way"}, "geometry": {"type": "LineString", "coordinates": [[-51.1194944, -29.7668266], [-51.119448, -29.7667066]]}}, {"type": "Feature", "properties": {"highway": "secondary", "lanes": "2", "lit": "yes", "maxspeed": "50", "name": "Avenida João Corrêa", "oneway": "yes", "source": "survey", "surface": "asphalt", "osm_id": 93821401, "osm_type": "way"}, "geometry": {"type": "LineString", "coordinates": [[-51.1484157, -29.7716306], [-51.1483244, -29.771616], [-51.1464161, -29.771311]]}}, {"type": "Feature", "properties": {"highway": "residential", "name": "Rua Pedro Peres", "osm_id": 93821407, "osm_type": "way"}, "geometry": {"type": "LineString", "coordinates": [[-51.133577, -29.7714774], [-51.1336613, -29.7715561], [-51.1343131, -29.7720991], [-51.1354083, -29.7729439], [-51.1360627, -29.773489]]}}, {"type": "Feature", "properties": {"highway": "residential", "lanes": "2", "name": "Rua da Maçonaria", "source": "IBGE;survey;Bing", "surface": "sett", "osm_id": 94255423, "osm_type": "way"}, "geometry": {"type": "LineString", "coordinates": [[-51.1451764, -29.7414863], [-51.1452647, -29.7408158], [-51.1452882, -29.7406868], [-51.1454187, -29.7398189], [-51.1455632, -29.7391526], [-51.1457187, -29.7385146]]}}, {"type": "Feature", "properties": {"highway": "tertiary", "lanes": "2", "lit": "yes", "name": "Rua São Joaquim", "oneway": "yes", "surface": "asphalt", "osm_id": 94255424, "osm_type": "way"}, "geometry": {"type": "LineString", "coordinates": [[-51.1454263, -29.7602049], [-51.1451326, -29.761496], [-51.1447904, -29.7628111], [-51.1447585, -29.7629361], [-51.1444671, -29.7641163], [-51.1444353, -29.7642388], [-51.14415, -29.7655031], [-51.1441442, -29.7655322], [-51.144119, -29.7656323], [-51.1438344, -29.7668116]]}}, {"type": "Feature", "properties": {"alt_name": "Rua Luiz Reuz", "highway": "residential", "name": "Travessa Luiz Rau", "source": "IBGE", "osm_id": 94255425, "osm_type": "way"}, "geometry": {"type": "LineString", "coordinates": [[-51.1494297, -29.7404863], [-51.1484323, -29.7405725]]}}, {"type": "Feature", "properties": {"fixme": "Total ímpar de faixas (labnes). Quantas em cada direção?", "highway": "tertiary", "lanes": "3", "maxheight": "default", "name": "Rua São Joaquim", "oneway": "no", "source": "Bing;survey", "surface": "asphalt", "osm_id": 94255426, "osm_type": "way"}, "geometry": {"type": "LineString", "coordinates": [[-51.1454478, -29.7601106], [-51.1455771, -29.7595514]]}}, {"type": "Feature", "properties": {"fixme": "Não sei se esta rua é a Mauá mesmo. Se não, tem que atualizar os endereços também.", "highway": "residential", "name": "Avenida Mauá", "source": "Bing; survey", "surface": "sett", "osm_id": 94255427, "osm_type": "way"}, "geometry": {"type": "LineString", "coordinates": [[-51.1423589, -29.7339431], [-51.1421156, -29.7334405], [-51.1418869, -29.7328224], [-51.1416533, -29.7322167], [-51.1414065, -29.7315645]]}}, {"type": "Feature", "properties": {"highway": "secondary", "lit": "yes", "maxheight": "default", "maxspeed": "60", "name": "Avenida Senador Salgado Filho", "source": "Bing;survey", "source:maxspeed": "implicit", "osm_id": 94255429, "osm_type": "way"}, "geometry": {"type": "LineString", "coordinates": [[-51.1503744, -29.7424399], [-51.1502491, -29.7411636]]}}, {"type": "Feature", "properties": {"highway": "residential", "maxheight": "default", "source": "Bing; survey", "osm_id": 94255434, "osm_type": "way"}, "geometry": {"type": "LineString", "coordinates": [[-51.1421848, -29.7340054], [-51.1423589, -29.7339431]]}}, {"type": "Feature", "properties": {"highway": "residential", "maxheight": "default", "name": "Rua Igreja Betel", "source": "IBGE", "osm_id": 94255436, "osm_type": "way"}, "geometry": {"type": "LineString", "coordinates": [[-51.1443967, -29.7413629], [-51.1451764, -29.7414863]]}}, {"type": "Feature", "properties": {"fixme": "Não sei se esta rua é a Mauá mesmo. Se não, tem que atualizar os endereços também.", "highway": "residential", "name": "Avenida Mauá", "source": "Bing; survey", "osm_id": 94255442, "osm_type": "way"}, "geometry": {"type": "LineString", "coordinates": [[-51.1424274, -29.7340947], [-51.1423589, -29.7339431]]}}, {"type": "Feature", "properties": {"highway": "primary", "lanes": "2", "maxheight": "default", "name": "Avenida Mauá", "oneway": "yes", "source": "survey", "surface": "asphalt", "osm_id": 94255443, "osm_type": "way"}, "geometry": {"type": "LineString", "coordinates": [[-51.143805, -29.7379099], [-51.1439904, -29.7384164], [-51.14406, -29.7389554], [-51.1441645, -29.7396455], [-51.1443493, -29.7409643], [-51.1443967, -29.7413629], [-51.1444173, -29.7415228], [-51.1444852, -29.7420513], [-51.1447486, -29.7442637], [-51.1448469, -29.7449807], [-51.1448566, -29.7450505], [-51.145108, -29.7471618], [-51.1451629, -29.7476251], [-51.1452438, -29.7481416]]}}, {"type": "Feature", "properties": {"highway": "residential", "name": "Rua Marajó", "source": "IBGE", "osm_id": 94255447, "osm_type": "way"}, "geometry": {"type": "LineString", "coordinates": [[-51.148071, -29.7426024], [-51.1481577, -29.7426102], [-51.1486137, -29.7425727], [-51.1496382, -29.7424921], [-51.1503744, -29.7424399]]}}, {"type": "Feature", "properties": {"highway": "residential", "lanes": "2", "name": "Rua Tenente Pinheiro", "oneway": "no", "parking:both": "yes", "parking:both:fee": "no", "parking:both:orientation": "parallel", "surface": "sett", "osm_id": 94255451, "osm_type": "way"}, "geometry": {"type": "LineString", "coordinates": [[-51.1459437, -29.7444192], [-51.14584, -29.7451328]]}}, {"type": "Feature", "properties": {"highway": "residential", "name": "Rua dos Poemas", "source": "IBGE", "osm_id": 94255453, "osm_type": "way"}, "geometry": {"type": "LineString", "coordinates": [[-51.1455632, -29.7391526], [-51.1446991, -29.7390156], [-51.14406, -29.7389554]]}}, {"type": "Feature", "properties": {"highway": "secondary", "name": "Avenida Coronel Atalíbio Taurino de Rezende", "oneway": "yes", "source": "survey", "osm_id": 94255455, "osm_type": "way"}, "geometry": {"type": "LineString", "coordinates": [[-51.1474827, -29.7464005], [-51.147393, -29.7464119]]}}, {"type": "Feature", "properties": {"alt_name": "Rua Raimundo Guilherme Eckert; Rua Guilherme Echert", "highway": "residential", "maxheight": "default", "name": "Rua Raymundo Guilherme Eckert", "source": "IBGE", "osm_id": 94255456, "osm_type": "way"}, "geometry": {"type": "LineString", "coordinates": [[-51.1477017, -29.7401047], [-51.1469401, -29.7400094], [-51.1462023, -29.7399171], [-51.1454187, -29.7398189], [-51.1441645, -29.7396455]]}}, {"type": "Feature", "properties": {"highway": "service", "name": "Travessa LBA", "source": "IBGE", "osm_id": 94255460, "osm_type": "way"}, "geometry": {"type": "LineString", "coordinates": [[-51.1456993, -29.7428764], [-51.1453571, -29.7428345]]}}, {"type": "Feature", "properties": {"highway": "residential", "lanes": "2", "name": "Rua dos Adventistas", "oneway": "no", "parking:both": "yes", "parking:both:fee": "no", "parking:both:orientation": "parallel", "source": "IBGE", "surface": "asphalt", "osm_id": 94255461, "osm_type": "way"}, "geometry": {"type": "LineString", "coordinates": [[-51.14584, -29.7451328], [-51.1468253, -29.7452745]]}}, {"type": "Feature", "properties": {"alt_name": "Rua do Comércio", "highway": "residential", "name": "Rua Ricardo Gressler", "source": "IBGE", "osm_id": 94255462, "osm_type": "way"}, "geometry": {"type": "LineString", "coordinates": [[-51.1446991, -29.7390156], [-51.1448306, -29.7382037]]}}, {"type": "Feature", "properties": {"alt_name": "Avenida Governador Roberto Silveira", "highway": "tertiary", "lanes": "2", "maxheight": "default", "name": "Rua Governador Roberto Silveira", "oneway": "no", "source": "survey", "surface": "asphalt", "osm_id": 94255465, "osm_type": "way"}, "geometry": {"type": "LineString", "coordinates": [[-51.1486077, -29.739522], [-51.1478629, -29.7392462], [-51.1476028, -29.7391505], [-51.1471614, -29.7390081], [-51.1464262, -29.7387587], [-51.1461714, -29.7386731], [-51.1457187, -29.7385146], [-51.1448306, -29.7382037], [-51.1439599, -29.7378895]]}}, {"type": "Feature", "properties": {"fixme": "This stream defines the actual boundary between São Leopoldo and Novo Hamburgo.", "name": "Arroio Gauchinho", "source": "Bing; IBGE", "waterway": "stream", "osm_id": 95152882, "osm_type": "way"}, "geometry": {"type": "LineString", "coordinates": [[-51.1407419, -29.7315927], [-51.1402805, -29.7319029], [-51.1400177, -29.7321311], [-51.1399039, -29.7322299], [-51.1395709, -29.7325741], [-51.1393331, -29.7329011], [-51.1386275, -29.7337582], [-51.1382112, -29.7342367], [-51.1375215, -29.7349457], [-51.1371211, -29.7353932], [-51.1368732, -29.7356828], [-51.135377, -29.7373792], [-51.1347546, -29.7381089], [-51.1345049, -29.7384566], [-51.1340332, -29.7389935], [-51.1335773, -29.7393893], [-51.1333474, -29.7397576], [-51.1327013, -29.7403978], [-51.1324301, -29.7407798], [-51.132317, -29.7408407], [-51.1322071, -29.7407511], [-51.1321414, -29.7405904], [-51.1319818, -29.7403051], [-51.1318262, -29.7400908], [-51.1316948, -29.7399709], [-51.1315513, -29.7399569], [-51.1315092, -29.7399763], [-51.1314024, -29.7400256], [-51.1312053, -29.7401526], [-51.1309451, -29.740439], [-51.130701, -29.7408385], [-51.1304006, -29.7411703], [-51.1300138, -29.7415942], [-51.1299229, -29.7417465], [-51.1298743, -29.741828]]}}, {"type": "Feature", "properties": {"highway": "service", "service": "driveway", "osm_id": 95453766, "osm_type": "way"}, "geometry": {"type": "LineString", "coordinates": [[-51.1485431, -29.7588031], [-51.148416, -29.7587675], [-51.1484812, -29.7585256]]}}, {"type": "Feature", "properties": {"alt_name": "Rua Edwino F. Gethardt", "highway": "residential", "name": "Rua Edwino F. Gernhardt", "source": "Bing", "osm_id": 95454168, "osm_type": "way"}, "geometry": {"type": "LineString", "coordinates": [[-51.1507677, -29.7539257], [-51.1510821, -29.7526542]]}}, {"type": "Feature", "properties": {"highway": "residential", "lanes": "2", "maxheight": "default", "name": "Rua Pinheiro Machado", "oneway": "no", "source": "Bing; survey", "surface": "asphalt", "osm_id": 95596615, "osm_type": "way"}, "geometry": {"type": "LineString", "coordinates": [[-51.1378545, -29.7707429], [-51.1386484, -29.7708896], [-51.1394691, -29.7710456], [-51.1402524, -29.7711818], [-51.1410704, -29.7713296], [-51.1418831, -29.7714926], [-51.1425403, -29.7716276]]}}, {"type": "Feature", "properties": {"alt_name": "Rua Estevam de Araujo Almeida", "highway": "residential", "name": "Rua Estevan de Araújo Almeida", "osm_id": 96160396, "osm_type": "way"}, "geometry": {"type": "LineString", "coordinates": [[-51.1559559, -29.753399], [-51.1563613, -29.752953], [-51.1571847, -29.751833]]}}, {"type": "Feature", "properties": {"alt_name": "Rua Carlos Machado Bittencourt", "highway": "residential", "name": "Rua C. M. Biton", "osm_id": 96160400, "osm_type": "way"}, "geometry": {"type": "LineString", "coordinates": [[-51.1534408, -29.7523876], [-51.1535218, -29.7537422]]}}, {"type": "Feature", "properties": {"highway": "residential", "name": "Rua Tancredo Neves", "osm_id": 96160408, "osm_type": "way"}, "geometry": {"type": "LineString", "coordinates": [[-51.1550913, -29.7522693], [-51.1551677, -29.7534987]]}}, {"type": "Feature", "properties": {"alt_name": "Rua João Mendes de Almeida", "highway": "residential", "name": "Rua João Mendes Almeida", "osm_id": 96160419, "osm_type": "way"}, "geometry": {"type": "LineString", "coordinates": [[-51.1542591, -29.7523462], [-51.1543397, -29.7536257]]}}, {"type": "Feature", "properties": {"access:bus": "no", "access:hgv": "no", "highway": "residential", "lanes": "2", "lit": "yes", "name": "Rua João Neves da Fontoura", "oneway": "yes", "source": "survey; Bing", "surface": "asphalt", "osm_id": 96487148, "osm_type": "way"}, "geometry": {"type": "LineString", "coordinates": [[-51.145254, -29.764424], [-51.1453553, -29.7644379], [-51.1454505, -29.7644548], [-51.1457214, -29.7645014], [-51.1459957, -29.764552], [-51.146048, -29.7645608], [-51.1461076, -29.7645712]]}}, {"type": "Feature", "properties": {"highway": "secondary", "lanes": "2", "lit": "yes", "maxspeed": "30", "name": "Avenida João Corrêa", "oneway": "yes", "surface": "asphalt", "osm_id": 96487156, "osm_type": "way"}, "geometry": {"type": "LineString", "coordinates": [[-51.1374454, -29.7691958], [-51.1375567, -29.769197], [-51.1377525, -29.7692249], [-51.1378491, -29.7692482], [-51.1381897, -29.7693227], [-51.1389703, -29.7694961], [-51.1390762, -29.7695171], [-51.1393243, -29.7695683]]}}, {"type": "Feature", "properties": {"highway": "tertiary", "oneway": "yes", "source": "Yahoo;survey", "surface": "asphalt", "osm_id": 96487165, "osm_type": "way"}, "geometry": {"type": "LineString", "coordinates": [[-51.1303525, -29.768419], [-51.1301804, -29.7684569]]}}, {"type": "Feature", "properties": {"highway": "residential", "oneway": "yes", "source": "Yahoo;survey", "surface": "asphalt", "osm_id": 96487167, "osm_type": "way"}, "geometry": {"type": "LineString", "coordinates": [[-51.1295893, -29.7678748], [-51.1297378, -29.7678362]]}}, {"type": "Feature", "properties": {"highway": "secondary", "lanes": "2", "lit": "yes", "maxspeed": "60", "name": "Avenida Feitoria", "oneway": "yes", "source": "survey; Bing", "surface": "asphalt", "osm_id": 96487172, "osm_type": "way"}, "geometry": {"type": "LineString", "coordinates": [[-51.1237485, -29.7655072], [-51.1238877, -29.7655088], [-51.1240814, -29.7655073], [-51.1244591, -29.7655407], [-51.1249254, -29.7656329], [-51.1254027, -29.7657863], [-51.1262771, -29.7661276], [-51.1263456, -29.7661487], [-51.126378, -29.7661611], [-51.127624, -29.766639], [-51.1278811, -29.7667352], [-51.1279541, -29.7667591], [-51.1280165, -29.7667843], [-51.1286716, -29.7670282], [-51.1287797, -29.7670664], [-51.1290504, -29.7671878], [-51.1291703, -29.7672812], [-51.1292111, -29.767313], [-51.1296162, -29.7677155], [-51.1297378, -29.7678362], [-51.1300319, -29.7681151], [-51.1303525, -29.768419], [-51.1309401, -29.7689864], [-51.1311447, -29.7691864], [-51.1313598, -29.7693965], [-51.1315747, -29.7695981], [-51.1317059, -29.7697356], [-51.1317767, -29.7698], [-51.13191, -29.7699047], [-51.1320086, -29.7699455], [-51.1320843, -29.7699655], [-51.1322481, -29.7699897], [-51.1328179, -29.770027], [-51.1329053, -29.7700302], [-51.1336432, -29.7700945], [-51.1341465, -29.7701391], [-51.1343552, -29.7701325], [-51.1346538, -29.7700325]]}}, {"type": "Feature", "properties": {"highway": "secondary", "lanes": "2", "lit": "yes", "maxspeed": "30", "name": "Avenida João Corrêa", "oneway": "yes", "surface": "asphalt", "osm_id": 96487186, "osm_type": "way"}, "geometry": {"type": "LineString", "coordinates": [[-51.1373428, -29.7692051], [-51.1374454, -29.7691958]]}}, {"type": "Feature", "properties": {"foot": "no", "highway": "residential", "surface": "asphalt", "osm_id": 96487214, "osm_type": "way"}, "geometry": {"type": "LineString", "coordinates": [[-51.1254027, -29.7657863], [-51.1253814, -29.7658928]]}}, {"type": "Feature", "properties": {"highway": "residential", "name": "Rua Waldomiro Vieira", "source": "Yahoo; survey", "osm_id": 96487219, "osm_type": "way"}, "geometry": {"type": "LineString", "coordinates": [[-51.1237485, -29.7655072], [-51.1237304, -29.7653793]]}}, {"type": "Feature", "properties": {"highway": "residential", "lit": "yes", "oneway": "yes", "osm_id": 96487220, "osm_type": "way"}, "geometry": {"type": "LineString", "coordinates": [[-51.123401, -29.7655244], [-51.1234294, -29.7653574]]}}, {"type": "Feature", "properties": {"highway": "residential", "source": "survey", "surface": "asphalt", "osm_id": 96487231, "osm_type": "way"}, "geometry": {"type": "LineString", "coordinates": [[-51.1381535, -29.7694426], [-51.1381897, -29.7693227]]}}, {"type": "Feature", "properties": {"highway": "secondary", "lanes": "2", "lit": "yes", "maxspeed": "60", "name": "Avenida João Corrêa", "oneway": "yes", "source": "survey", "surface": "asphalt", "osm_id": 96487233, "osm_type": "way"}, "geometry": {"type": "LineString", "coordinates": [[-51.1373931, -29.769346], [-51.1373182, -29.7693584]]}}, {"type": "Feature", "properties": {"highway": "secondary", "maxheight": "default", "maxspeed": "60", "name": "Avenida Getúlio Vargas", "oneway": "yes", "source:maxspeed": "implicit", "osm_id": 97253920, "osm_type": "way"}, "geometry": {"type": "LineString", "coordinates": [[-51.1540953, -29.7659327], [-51.1538029, -29.7672086], [-51.15355, -29.7683088], [-51.153485, -29.7685579], [-51.1534247, -29.7688943], [-51.153414, -29.7691341], [-51.1534515, -29.7694251], [-51.1535159, -29.7697092]]}}, {"type": "Feature", "properties": {"highway": "motorway", "lanes": "2", "maxheight": "5.5", "maxspeed": "80", "name": "Rodovia BR-116", "oneway": "yes", "ref": "BR-116", "surface": "asphalt", "osm_id": 97253932, "osm_type": "way"}, "geometry": {"type": "LineString", "coordinates": [[-51.161769, -29.7837252], [-51.1620829, -29.7840093], [-51.162343, -29.7842683]]}}, {"type": "Feature", "properties": {"highway": "residential", "name": "Rua Pastor Rudolfo Saenger", "source:name": "survey", "osm_id": 97315212, "osm_type": "way"}, "geometry": {"type": "LineString", "coordinates": [[-51.1319901, -29.7822911], [-51.1352534, -29.7822851]]}}, {"type": "Feature", "properties": {"highway": "residential", "name": "Rua Adão José de Vargas", "osm_id": 97315214, "osm_type": "way"}, "geometry": {"type": "LineString", "coordinates": [[-51.1312417, -29.7830393], [-51.1320557, -29.7829839], [-51.1328207, -29.7829553], [-51.1336165, -29.7829493], [-51.1348477, -29.7829511]]}}, {"type": "Feature", "properties": {"alt_name": "Rua Arcelino Camargo", "highway": "residential", "name": "Rua Acelino Camargo", "osm_id": 97315215, "osm_type": "way"}, "geometry": {"type": "LineString", "coordinates": [[-51.1339586, -29.7805284], [-51.1339471, -29.7797879]]}}, {"type": "Feature", "properties": {"highway": "residential", "name": "Rua Henrique Scherer", "source": "Yahoo;survey", "osm_id": 97315217, "osm_type": "way"}, "geometry": {"type": "LineString", "coordinates": [[-51.1285821, -29.7798225], [-51.1276076, -29.779306], [-51.1271464, -29.779061], [-51.1264904, -29.7785572]]}}, {"type": "Feature", "properties": {"highway": "tertiary", "lit": "yes", "name": "Rua Manoel Apolinário", "source": "Yahoo;Bing;IBGE;survey", "osm_id": 97315220, "osm_type": "way"}, "geometry": {"type": "LineString", "coordinates": [[-51.1241963, -29.773941], [-51.1245097, -29.7735932], [-51.1249149, -29.7731346]]}}, {"type": "Feature", "properties": {"highway": "residential", "name": "Rua Albino Paul", "osm_id": 97315224, "osm_type": "way"}, "geometry": {"type": "LineString", "coordinates": [[-51.1257611, -29.7798976], [-51.1265563, -29.7800219], [-51.1273226, -29.7801118], [-51.1278172, -29.7801831], [-51.1286145, -29.7802897]]}}, {"type": "Feature", "properties": {"highway": "residential", "name": "Rua João Pereira Chaves", "osm_id": 97315238, "osm_type": "way"}, "geometry": {"type": "LineString", "coordinates": [[-51.130573, -29.778039], [-51.1304455, -29.7793054], [-51.1303255, -29.779599], [-51.130129, -29.7799177], [-51.1297057, -29.780433], [-51.1295584, -29.7807002], [-51.1295155, -29.780898], [-51.1294998, -29.7810259]]}}, {"type": "Feature", "properties": {"highway": "residential", "name": "Rua João Deckmann", "osm_id": 97315239, "osm_type": "way"}, "geometry": {"type": "LineString", "coordinates": [[-51.1319021, -29.7809531], [-51.1319325, -29.781254], [-51.1319499, -29.781426], [-51.1319786, -29.7821955], [-51.1319901, -29.7822911], [-51.1320557, -29.7829839], [-51.1321493, -29.7840432], [-51.1321735, -29.7842966]]}}, {"type": "Feature", "properties": {"highway": "residential", "name": "Rua Castro Alves", "source": "Bing;survey", "osm_id": 97315247, "osm_type": "way"}, "geometry": {"type": "LineString", "coordinates": [[-51.1314034, -29.7783873], [-51.1312115, -29.779695]]}}, {"type": "Feature", "properties": {"alt_name": "Rua Pastor M Dohms", "highway": "residential", "name": "Rua Pastor Dohms", "osm_id": 97315250, "osm_type": "way"}, "geometry": {"type": "LineString", "coordinates": [[-51.1353098, -29.7796798], [-51.1348213, -29.7797492], [-51.1339471, -29.7797879], [-51.1327152, -29.779822]]}}, {"type": "Feature", "properties": {"highway": "residential", "name": "Rua Eduardo Timm", "osm_id": 97315253, "osm_type": "way"}, "geometry": {"type": "LineString", "coordinates": [[-51.1278172, -29.7801831], [-51.1278684, -29.7811678], [-51.1279194, -29.7821777]]}}, {"type": "Feature", "properties": {"highway": "residential", "name": "Rua João Pereira Chaves", "osm_id": 97315254, "osm_type": "way"}, "geometry": {"type": "LineString", "coordinates": [[-51.1294998, -29.7810259], [-51.1295409, -29.7817127], [-51.129583, -29.7826307]]}}, {"type": "Feature", "properties": {"alt_name": "Rua Adao Gernhardt; Rua Adao Gernhard", "highway": "residential", "name": "Rua Adão Gerhardt", "source": "Bing;survey", "osm_id": 97315255, "osm_type": "way"}, "geometry": {"type": "LineString", "coordinates": [[-51.1274017, -29.7776654], [-51.1281953, -29.7780572], [-51.128943, -29.7784828], [-51.1292025, -29.7786159], [-51.1297042, -29.7788817], [-51.1304455, -29.7793054], [-51.1312115, -29.779695], [-51.1316413, -29.7799206]]}}, {"type": "Feature", "properties": {"highway": "residential", "name": "Rua Leopoldo Schiehl", "osm_id": 97315263, "osm_type": "way"}, "geometry": {"type": "LineString", "coordinates": [[-51.1306436, -29.7857279], [-51.1306077, -29.7853378], [-51.1305669, -29.7846523], [-51.1305181, -29.7839928], [-51.1304648, -29.7833107], [-51.130398, -29.7825911], [-51.1303211, -29.781499]]}}, {"type": "Feature", "properties": {"highway": "residential", "name": "Travessa Zeferino Chaves", "osm_id": 97315264, "osm_type": "way"}, "geometry": {"type": "LineString", "coordinates": [[-51.1328207, -29.7829553], [-51.132842, -29.783829]]}}, {"type": "Feature", "properties": {"highway": "residential", "name": "Rua Jacob F. Rieth", "osm_id": 97315268, "osm_type": "way"}, "geometry": {"type": "LineString", "coordinates": [[-51.1276618, -29.7785945], [-51.1288101, -29.7791804], [-51.130129, -29.7799177], [-51.1311498, -29.7804699]]}}, {"type": "Feature", "properties": {"highway": "residential", "name": "Rua Presidente Vargas", "source": "Bing; survey", "osm_id": 97315287, "osm_type": "way"}, "geometry": {"type": "LineString", "coordinates": [[-51.1257089, -29.7828559], [-51.1268853, -29.7828005], [-51.1284395, -29.7827028], [-51.1288076, -29.7826703], [-51.129583, -29.7826307], [-51.130398, -29.7825911]]}}, {"type": "Feature", "properties": {"highway": "residential", "name": "Rua Albino Paul", "osm_id": 97315289, "osm_type": "way"}, "geometry": {"type": "LineString", "coordinates": [[-51.1297057, -29.780433], [-51.1286145, -29.7802897]]}}, {"type": "Feature", "properties": {"alt_name": "Travessa Macapá", "highway": "residential", "name": "Rua Macapá", "osm_id": 97315307, "osm_type": "way"}, "geometry": {"type": "LineString", "coordinates": [[-51.1319786, -29.7821955], [-51.1311885, -29.7822405]]}}, {"type": "Feature", "properties": {"highway": "residential", "name": "Rua João Carlos Hoffmann", "osm_id": 97315324, "osm_type": "way"}, "geometry": {"type": "LineString", "coordinates": [[-51.1306248, -29.777978], [-51.130573, -29.778039], [-51.1297042, -29.7788817]]}}, {"type": "Feature", "properties": {"highway": "residential", "name": "Rua José Dias", "source": "Bing;survey", "osm_id": 97315337, "osm_type": "way"}, "geometry": {"type": "LineString", "coordinates": [[-51.128943, -29.7784828], [-51.1298737, -29.7775895]]}}, {"type": "Feature", "properties": {"highway": "residential", "name": "Rua Antônio Becker", "osm_id": 97315341, "osm_type": "way"}, "geometry": {"type": "LineString", "coordinates": [[-51.1276076, -29.779306], [-51.127536, -29.7794244], [-51.1274985, -29.7795012], [-51.1274475, -29.7796549], [-51.1274207, -29.779755], [-51.1273226, -29.7801118], [-51.127127, -29.7811941], [-51.1269996, -29.7821295], [-51.1268853, -29.7828005]]}}, {"type": "Feature", "properties": {"highway": "residential", "name": "Rua Ernesto Walter Biehl", "osm_id": 97315352, "osm_type": "way"}, "geometry": {"type": "LineString", "coordinates": [[-51.13578, -29.7814077], [-51.1352862, -29.7814033], [-51.1319499, -29.781426]]}}, {"type": "Feature", "properties": {"alt_name": "Travessa Amelia Vargas", "highway": "residential", "name": "Travessa A. C. Vargas", "osm_id": 97315355, "osm_type": "way"}, "geometry": {"type": "LineString", "coordinates": [[-51.1336165, -29.7829493], [-51.1336155, -29.7835568]]}}, {"type": "Feature", "properties": {"highway": "residential", "name": "Rua Felipe Schiel", "source": "Yahoo", "osm_id": 97497687, "osm_type": "way"}, "geometry": {"type": "LineString", "coordinates": [[-51.1174803, -29.7661383], [-51.1174538, -29.7670359], [-51.1173999, -29.7686405], [-51.1173785, -29.7691513], [-51.1173398, -29.7700712], [-51.1172618, -29.771017], [-51.1172189, -29.7710822]]}}, {"type": "Feature", "properties": {"highway": "tertiary", "name": "Avenida São Borja", "source": "Yahoo", "surface": "asphalt", "osm_id": 97502510, "osm_type": "way"}, "geometry": {"type": "LineString", "coordinates": [[-51.1285793, -29.7763068], [-51.1286295, -29.7763443], [-51.1287085, -29.7764033]]}}, {"type": "Feature", "properties": {"highway": "tertiary", "lit": "yes", "name": "Rua Álvares de Azevedo", "source": "Yahoo; Bing; IBGE; survey", "osm_id": 97502514, "osm_type": "way"}, "geometry": {"type": "LineString", "coordinates": [[-51.1249149, -29.7731346], [-51.1252485, -29.77275], [-51.1255796, -29.7723741], [-51.1259103, -29.772016], [-51.1262408, -29.7716431], [-51.1266686, -29.7711951], [-51.1277048, -29.7699484], [-51.1281103, -29.7694893]]}}, {"type": "Feature", "properties": {"highway": "residential", "lit": "yes", "name": "Rua Dona Leopoldina", "source": "Yahoo; Bing; survey", "osm_id": 97502519, "osm_type": "way"}, "geometry": {"type": "LineString", "coordinates": [[-51.1258547, -29.7687631], [-51.125812, -29.7683805], [-51.1256166, -29.7680868]]}}, {"type": "Feature", "properties": {"alt_name": "Rua Germano Hauschild", "highway": "secondary", "name": "Avenida Theodomiro Porto da Fonseca", "oneway": "yes", "surface": "asphalt", "osm_id": 99276990, "osm_type": "way"}, "geometry": {"type": "LineString", "coordinates": [[-51.1464576, -29.7840757], [-51.1463638, -29.7844353], [-51.1463302, -29.7845715]]}}, {"type": "Feature", "properties": {"highway": "service", "service": "driveway", "osm_id": 99276991, "osm_type": "way"}, "geometry": {"type": "LineString", "coordinates": [[-51.1462587, -29.7848228], [-51.1463751, -29.7848552]]}}, {"type": "Feature", "properties": {"highway": "service", "service": "driveway", "osm_id": 99277001, "osm_type": "way"}, "geometry": {"type": "LineString", "coordinates": [[-51.1479825, -29.7780369], [-51.1481305, -29.7780346], [-51.1482292, -29.7780954], [-51.1482822, -29.7781347], [-51.1483318, -29.7782086], [-51.1483741, -29.7782627], [-51.1484291, -29.7783413]]}}, {"type": "Feature", "properties": {"highway": "service", "service": "driveway", "osm_id": 99277002, "osm_type": "way"}, "geometry": {"type": "LineString", "coordinates": [[-51.1475533, -29.7804371], [-51.1475295, -29.7805633], [-51.1475035, -29.7807142]]}}, {"type": "Feature", "properties": {"alt_name": "Rua Germano Hauschild", "highway": "secondary", "name": "Avenida Theodomiro Porto da Fonseca", "oneway": "yes", "surface": "asphalt", "osm_id": 99277005, "osm_type": "way"}, "geometry": {"type": "LineString", "coordinates": [[-51.1463302, -29.7845715], [-51.1462587, -29.7848228], [-51.1461988, -29.7850091], [-51.1461546, -29.7852012]]}}, {"type": "Feature", "properties": {"highway": "service", "service": "driveway", "osm_id": 99277010, "osm_type": "way"}, "geometry": {"type": "LineString", "coordinates": [[-51.1467057, -29.7831049], [-51.1467607, -29.7833342], [-51.1466239, -29.7841129], [-51.1464348, -29.7845168], [-51.1463302, -29.7845715]]}}, {"type": "Feature", "properties": {"access": "private", "highway": "service", "service": "driveway", "osm_id": 99277011, "osm_type": "way"}, "geometry": {"type": "LineString", "coordinates": [[-51.1463751, -29.7848552], [-51.1467178, -29.7849661]]}}, {"type": "Feature", "properties": {"highway": "secondary", "lanes": "2", "lit": "yes", "maxspeed": "50", "name": "Avenida João Corrêa", "oneway": "yes", "source": "survey", "surface": "asphalt", "osm_id": 99279539, "osm_type": "way"}, "geometry": {"type": "LineString", "coordinates": [[-51.1484934, -29.7716451], [-51.1484157, -29.7716306]]}}, {"type": "Feature", "properties": {"highway": "service", "service": "driveway", "osm_id": 99279541, "osm_type": "way"}, "geometry": {"type": "LineString", "coordinates": [[-51.147489, -29.7787528], [-51.1474576, -29.778675]]}}, {"type": "Feature", "properties": {"highway": "secondary", "name": "Avenida Theodomiro Porto da Fonseca", "oneway": "yes", "surface": "asphalt", "osm_id": 99279547, "osm_type": "way"}, "geometry": {"type": "LineString", "coordinates": [[-51.1485122, -29.7714972], [-51.1484934, -29.7716451]]}}, {"type": "Feature", "properties": {"highway": "service", "service": "driveway", "osm_id": 99279549, "osm_type": "way"}, "geometry": {"type": "LineString", "coordinates": [[-51.1478886, -29.7780707], [-51.1476965, -29.7780954]]}}, {"type": "Feature", "properties": {"alt_name": "Avenida Frederico Wolfenbuttel", "highway": "tertiary", "name": "Rua Frederico Wolfenbuttel", "oneway": "yes", "osm_id": 99279550, "osm_type": "way"}, "geometry": {"type": "LineString", "coordinates": [[-51.1478148, -29.775919], [-51.1478852, -29.7759137]]}}, {"type": "Feature", "properties": {"highway": "secondary", "name": "Avenida Theodomiro Porto da Fonseca", "oneway": "yes", "surface": "asphalt", "osm_id": 99279551, "osm_type": "way"}, "geometry": {"type": "LineString", "coordinates": [[-51.1484157, -29.7716306], [-51.1484385, -29.7714868]]}}, {"type": "Feature", "properties": {"alt_name": "Rua Germano Hauschild", "highway": "secondary", "lanes": "2", "name": "Avenida Theodomiro Porto da Fonseca", "oneway": "yes", "surface": "asphalt", "osm_id": 99279552, "osm_type": "way"}, "geometry": {"type": "LineString", "coordinates": [[-51.1461546, -29.7852012], [-51.1460996, -29.7853944]]}}, {"type": "Feature", "properties": {"alt_name": "Rua Germano Hauschild", "highway": "secondary", "lanes": "2", "name": "Avenida Theodomiro Porto da Fonseca", "oneway": "yes", "surface": "asphalt", "osm_id": 99279553, "osm_type": "way"}, "geometry": {"type": "LineString", "coordinates": [[-51.1460996, -29.7853944], [-51.1458944, -29.785867], [-51.1457563, -29.7861596], [-51.1456396, -29.786407], [-51.1455641, -29.786539], [-51.1450629, -29.787415], [-51.1447988, -29.7878232], [-51.1447719, -29.7878817], [-51.1442972, -29.7886561]]}}, {"type": "Feature", "properties": {"highway": "secondary", "maxspeed": "40", "name": "Avenida Theodomiro Porto da Fonseca", "oneway": "yes", "surface": "asphalt", "osm_id": 99279554, "osm_type": "way"}, "geometry": {"type": "LineString", "coordinates": [[-51.1478148, -29.775919], [-51.1477867, -29.7752712], [-51.1477555, -29.7746899], [-51.1477344, -29.7742957], [-51.1477116, -29.7739197], [-51.1477371, -29.7735425], [-51.1478115, -29.7732617], [-51.1479329, -29.7729279], [-51.1479838, -29.7727905], [-51.1482393, -29.7721039], [-51.1483781, -29.7717314], [-51.1483932, -29.771691], [-51.1484157, -29.7716306]]}}, {"type": "Feature", "properties": {"highway": "secondary", "lanes": "2", "lit": "yes", "maxspeed": "50", "name": "Avenida João Corrêa", "oneway": "yes", "surface": "asphalt", "osm_id": 99279556, "osm_type": "way"}, "geometry": {"type": "LineString", "coordinates": [[-51.1485122, -29.7714972], [-51.1485738, -29.7715081], [-51.1493021, -29.7716369], [-51.1498667, -29.7717266], [-51.1506191, -29.7718302], [-51.1514708, -29.7719583], [-51.1515015, -29.7719629], [-51.1523679, -29.7720909], [-51.1529084, -29.7721647]]}}, {"type": "Feature", "properties": {"highway": "residential", "lanes": "2", "name": "Rua São Manoel", "oneway": "no", "surface": "sett", "osm_id": 99279557, "osm_type": "way"}, "geometry": {"type": "LineString", "coordinates": [[-51.1460674, -29.7851849], [-51.1453123, -29.7850359], [-51.1446083, -29.7849067], [-51.14388, -29.7847508], [-51.1437808, -29.784703], [-51.1437459, -29.7846413], [-51.1437352, -29.7845645]]}}, {"type": "Feature", "properties": {"access": "private", "highway": "service", "service": "driveway", "osm_id": 99279558, "osm_type": "way"}, "geometry": {"type": "LineString", "coordinates": [[-51.1474576, -29.778675], [-51.1474052, -29.7783177]]}}, {"type": "Feature", "properties": {"highway": "secondary", "lanes": "2", "name": "Avenida Theodomiro Porto da Fonseca", "oneway": "yes", "surface": "asphalt", "osm_id": 99279561, "osm_type": "way"}, "geometry": {"type": "LineString", "coordinates": [[-51.1484934, -29.7716451], [-51.1484716, -29.7717025], [-51.148417, -29.7718461], [-51.1483108, -29.7721258], [-51.1480522, -29.7728068], [-51.1479476, -29.7730816], [-51.1478792, -29.7732806], [-51.1478162, -29.7735518], [-51.1477961, -29.7739255], [-51.1478095, -29.7742631], [-51.1478276, -29.7746874], [-51.1478564, -29.7752712], [-51.1478806, -29.7758706], [-51.1478852, -29.7759137], [-51.1478913, -29.776022], [-51.1478953, -29.7761512], [-51.147913, -29.7764828], [-51.1479373, -29.7769398], [-51.1479436, -29.7770568], [-51.1479677, -29.7773385], [-51.1479758, -29.7775795], [-51.1479825, -29.7778076], [-51.1479838, -29.7778996], [-51.1479825, -29.7780369], [-51.1479684, -29.778176], [-51.1479409, -29.7783227], [-51.1478651, -29.7786317], [-51.1478202, -29.7788308], [-51.1477914, -29.7789389], [-51.1477014, -29.7792774], [-51.1476539, -29.7794558], [-51.1476298, -29.7795513], [-51.1475737, -29.7797745], [-51.147498, -29.7800757], [-51.147414, -29.7804102], [-51.1473354, -29.7806762], [-51.147275, -29.780881], [-51.1472291, -29.7810362]]}}, {"type": "Feature", "properties": {"alt_name": "Rua Germano Hauschild", "highway": "secondary", "name": "Avenida Theodomiro Porto da Fonseca", "oneway": "yes", "surface": "asphalt", "osm_id": 99279562, "osm_type": "way"}, "geometry": {"type": "LineString", "coordinates": [[-51.1460003, -29.7853746], [-51.1460674, -29.7851849]]}}, {"type": "Feature", "properties": {"highway": "tertiary", "name": "Avenida Theodomiro Porto da Fonseca", "oneway": "yes", "surface": "asphalt", "osm_id": 99279564, "osm_type": "way"}, "geometry": {"type": "LineString", "coordinates": [[-51.1484385, -29.7714868], [-51.1484372, -29.7714258], [-51.148413, -29.7702458], [-51.1483955, -29.7692458], [-51.1483674, -29.7689339]]}}, {"type": "Feature", "properties": {"highway": "secondary", "maxspeed": "40", "name": "Avenida Theodomiro Porto da Fonseca", "oneway": "yes", "surface": "asphalt", "osm_id": 99279567, "osm_type": "way"}, "geometry": {"type": "LineString", "coordinates": [[-51.1478685, -29.7776679], [-51.1478645, -29.7775795], [-51.1478095, -29.7770615], [-51.1478041, -29.7769229], [-51.147809, -29.7764882], [-51.1478142, -29.7760255]]}}, {"type": "Feature", "properties": {"highway": "secondary", "maxspeed": "40", "name": "Avenida Theodomiro Porto da Fonseca", "oneway": "yes", "surface": "asphalt", "osm_id": 99279574, "osm_type": "way"}, "geometry": {"type": "LineString", "coordinates": [[-51.1478142, -29.7760255], [-51.1478155, -29.7759917], [-51.1478148, -29.775919]]}}, {"type": "Feature", "properties": {"alt_name": "Rua Germano Hauschild", "highway": "secondary", "name": "Avenida Theodomiro Porto da Fonseca", "oneway": "yes", "surface": "asphalt", "osm_id": 99279576, "osm_type": "way"}, "geometry": {"type": "LineString", "coordinates": [[-51.1460674, -29.7851849], [-51.1461157, -29.7849742], [-51.1461672, -29.7847983], [-51.146239, -29.7845529], [-51.1463651, -29.784057], [-51.1464326, -29.7838101], [-51.1465086, -29.7835321], [-51.1465247, -29.7834663], [-51.1466187, -29.7830838], [-51.1467004, -29.7827511], [-51.1467467, -29.7825663], [-51.1468319, -29.7822447], [-51.1468791, -29.7820667], [-51.1469056, -29.7819666]]}}, {"type": "Feature", "properties": {"highway": "service", "service": "driveway", "osm_id": 100541433, "osm_type": "way"}, "geometry": {"type": "LineString", "coordinates": [[-51.1452561, -29.7865043], [-51.1452842, -29.7864326]]}}, {"type": "Feature", "properties": {"highway": "secondary", "maxspeed": "60", "name": "Avenida Theodomiro Porto da Fonseca", "oneway": "yes", "surface": "asphalt", "osm_id": 100541436, "osm_type": "way"}, "geometry": {"type": "LineString", "coordinates": [[-51.1469056, -29.7819666], [-51.1469764, -29.7816816], [-51.1470474, -29.7813955], [-51.1470938, -29.781219], [-51.1471161, -29.7811215], [-51.1471444, -29.7810203], [-51.147189, -29.7808606], [-51.1472476, -29.7806509], [-51.14732, -29.7803917], [-51.1474016, -29.7800543], [-51.1474758, -29.7797476], [-51.1475292, -29.7795268], [-51.147552, -29.7794302], [-51.1475998, -29.7792561], [-51.1476932, -29.7789159], [-51.1477548, -29.7786917], [-51.1478591, -29.7783116], [-51.1478886, -29.7780707], [-51.1478879, -29.7779938], [-51.1478752, -29.7778111], [-51.1478685, -29.7776679]]}}, {"type": "Feature", "properties": {"fixme": "Check if this is oneway=yes along all the way.", "highway": "residential", "lanes": "2", "name": "Rua Padre Reus", "oneway": "yes", "source": "Bing;IBGE;survey", "surface": "asphalt", "osm_id": 100541453, "osm_type": "way"}, "geometry": {"type": "LineString", "coordinates": [[-51.1465086, -29.7835321], [-51.1464469, -29.7835193], [-51.1458407, -29.7833982], [-51.145767, -29.7833819], [-51.1455384, -29.7833305], [-51.1454773, -29.7833168], [-51.145087, -29.7831107], [-51.1448242, -29.7828826], [-51.1445814, -29.7825579], [-51.144453, -29.7821702], [-51.1444728, -29.7818486], [-51.1445506, -29.7814952], [-51.1447558, -29.7807164], [-51.1449355, -29.7799342]]}}, {"type": "Feature", "properties": {"highway": "service", "service": "parking_aisle", "osm_id": 100541454, "osm_type": "way"}, "geometry": {"type": "LineString", "coordinates": [[-51.1451957, -29.7868319], [-51.1451152, -29.7867876], [-51.1449489, -29.7866922], [-51.1451159, -29.7865706], [-51.1452191, -29.7866055]]}}, {"type": "Feature", "properties": {"highway": "service", "service": "parking_aisle", "osm_id": 100541455, "osm_type": "way"}, "geometry": {"type": "LineString", "coordinates": [[-51.1451152, -29.7867876], [-51.1452191, -29.7866055], [-51.1452561, -29.7865043]]}}, {"type": "Feature", "properties": {"highway": "service", "service": "driveway", "osm_id": 100541457, "osm_type": "way"}, "geometry": {"type": "LineString", "coordinates": [[-51.1452406, -29.7868557], [-51.1451957, -29.7868319]]}}, {"type": "Feature", "properties": {"alt_name": "Rua São Manoel", "highway": "residential", "lanes": "2", "name": "Rua Padre Werner", "oneway": "yes", "surface": "asphalt", "osm_id": 100541458, "osm_type": "way"}, "geometry": {"type": "LineString", "coordinates": [[-51.1441509, -29.7832085], [-51.1439954, -29.7834064], [-51.1438519, -29.7841036]]}}, {"type": "Feature", "properties": {"highway": "residential", "lanes": "2", "name": "Rua Padre Werner", "oneway": "yes", "surface": "asphalt", "osm_id": 100541461, "osm_type": "way"}, "geometry": {"type": "LineString", "coordinates": [[-51.1454773, -29.7833168], [-51.1443843, -29.7831398], [-51.1441509, -29.7832085]]}}, {"type": "Feature", "properties": {"highway": "secondary", "lanes": "2", "lit": "yes", "maxspeed": "60", "name": "Avenida João Corrêa", "oneway": "yes", "source": "survey", "surface": "asphalt", "osm_id": 100544648, "osm_type": "way"}, "geometry": {"type": "LineString", "coordinates": [[-51.1394396, -29.7697336], [-51.1390641, -29.7696486], [-51.1389408, -29.7696207], [-51.1381535, -29.7694426], [-51.1381096, -29.7694339], [-51.1378679, -29.769385], [-51.1377727, -29.7693716], [-51.1375272, -29.7693436], [-51.1373931, -29.769346]]}}, {"type": "Feature", "properties": {"highway": "service", "service": "parking_aisle", "osm_id": 100545264, "osm_type": "way"}, "geometry": {"type": "LineString", "coordinates": [[-51.1453347, -29.7657379], [-51.1453929, -29.76546]]}}, {"type": "Feature", "properties": {"highway": "service", "service": "parking_aisle", "osm_id": 100545265, "osm_type": "way"}, "geometry": {"type": "LineString", "coordinates": [[-51.1453318, -29.7657493], [-51.1453347, -29.7657379]]}}, {"type": "Feature", "properties": {"highway": "service", "service": "parking_aisle", "osm_id": 100545266, "osm_type": "way"}, "geometry": {"type": "LineString", "coordinates": [[-51.1457975, -29.7655677], [-51.145576, -29.7655289]]}}, {"type": "Feature", "properties": {"highway": "tertiary", "lit": "yes", "name": "Rua Brasil", "oneway": "yes", "source": "survey;Bing", "surface": "asphalt", "osm_id": 100575167, "osm_type": "way"}, "geometry": {"type": "LineString", "coordinates": [[-51.1414057, -29.760801], [-51.1427629, -29.7610489], [-51.1436172, -29.7612073], [-51.144387, -29.761347], [-51.1450468, -29.7614809], [-51.1451326, -29.761496], [-51.1458568, -29.7616334], [-51.1459373, -29.7616468], [-51.1467125, -29.7617952], [-51.1467822, -29.7618057], [-51.1475627, -29.7619582]]}}, {"type": "Feature", "properties": {"highway": "service", "service": "driveway", "osm_id": 100575168, "osm_type": "way"}, "geometry": {"type": "LineString", "coordinates": [[-51.1162494, -29.7626179], [-51.1156619, -29.7623272]]}}, {"type": "Feature", "properties": {"highway": "service", "service": "driveway", "osm_id": 100575170, "osm_type": "way"}, "geometry": {"type": "LineString", "coordinates": [[-51.1166403, -29.7621866], [-51.1165089, -29.7621314], [-51.1163831, -29.7620686]]}}, {"type": "Feature", "properties": {"access": "private", "highway": "service", "service": "driveway", "osm_id": 100575171, "osm_type": "way"}, "geometry": {"type": "LineString", "coordinates": [[-51.1360239, -29.7626753], [-51.1360536, -29.762525], [-51.1361074, -29.7618965], [-51.1361177, -29.7617975], [-51.1361807, -29.7616752]]}}, {"type": "Feature", "properties": {"highway": "residential", "name": "Rua Paraíso", "osm_id": 100575172, "osm_type": "way"}, "geometry": {"type": "LineString", "coordinates": [[-51.1177695, -29.7648628], [-51.1175971, -29.763643]]}}, {"type": "Feature", "properties": {"highway": "residential", "name": "Rua Tapes", "source": "Yahoo", "osm_id": 100575173, "osm_type": "way"}, "geometry": {"type": "LineString", "coordinates": [[-51.1160682, -29.7637697], [-51.1168291, -29.7637124], [-51.1169212, -29.763708], [-51.1175971, -29.763643], [-51.1183883, -29.7635825]]}}, {"type": "Feature", "properties": {"alt_name": "Rua das Canoas", "highway": "residential", "name": "Rua Canoas", "osm_id": 100575174, "osm_type": "way"}, "geometry": {"type": "LineString", "coordinates": [[-51.1267992, -29.7633323], [-51.1272243, -29.7632596], [-51.1276812, -29.7631999], [-51.1278831, -29.7631735], [-51.1282866, -29.7631171], [-51.1288369, -29.7630432]]}}, {"type": "Feature", "properties": {"highway": "service", "osm_id": 100575176, "osm_type": "way"}, "geometry": {"type": "LineString", "coordinates": [[-51.1327453, -29.7623431], [-51.1327723, -29.7622747], [-51.1329773, -29.7620179], [-51.133469, -29.7618709], [-51.1339987, -29.7617709], [-51.1348417, -29.7617155], [-51.1353318, -29.7616931], [-51.1355993, -29.7616425], [-51.1358005, -29.7615242], [-51.1359265, -29.761372], [-51.1359744, -29.7612492], [-51.1359626, -29.7610658], [-51.1359255, -29.7608665]]}}, {"type": "Feature", "properties": {"highway": "service", "service": "driveway", "osm_id": 100575177, "osm_type": "way"}, "geometry": {"type": "LineString", "coordinates": [[-51.1175194, -29.760933], [-51.1166403, -29.7621866], [-51.1164372, -29.762495], [-51.1163419, -29.7625812], [-51.1162494, -29.7626179], [-51.1161432, -29.7626303], [-51.1159065, -29.7626091], [-51.1157557, -29.7625973], [-51.1154245, -29.7624367], [-51.1153668, -29.762354], [-51.1155063, -29.7621503], [-51.1154687, -29.7620106], [-51.1157584, -29.7615495], [-51.1162129, -29.761698], [-51.1163159, -29.7617504], [-51.1163491, -29.7618173], [-51.1163588, -29.7620142], [-51.1163831, -29.7620686]]}}, {"type": "Feature", "properties": {"access": "private", "highway": "service", "service": "driveway", "osm_id": 100575179, "osm_type": "way"}, "geometry": {"type": "LineString", "coordinates": [[-51.136465, -29.7618147], [-51.1364556, -29.7621759], [-51.1364302, -29.762432]]}}, {"type": "Feature", "properties": {"highway": "residential", "name": "Rua Mauro Chika", "source": "Bing", "osm_id": 100648868, "osm_type": "way"}, "geometry": {"type": "LineString", "coordinates": [[-51.1328862, -29.7384798], [-51.1327724, -29.7383992], [-51.1324163, -29.7381594], [-51.1324057, -29.7381365]]}}, {"type": "Feature", "properties": {"highway": "residential", "name": "Rua Romeu de Souza", "osm_id": 100648875, "osm_type": "way"}, "geometry": {"type": "LineString", "coordinates": [[-51.1378196, -29.7344985], [-51.1372661, -29.7341187]]}}, {"type": "Feature", "properties": {"highway": "residential", "name": "Rua Paraíso", "osm_id": 100648884, "osm_type": "way"}, "geometry": {"type": "LineString", "coordinates": [[-51.1328398, -29.7348646], [-51.1337541, -29.7356156], [-51.1338621, -29.7357016], [-51.133976, -29.7357909], [-51.1342139, -29.7359726]]}}, {"type": "Feature", "properties": {"highway": "residential", "name": "Rua Planalto", "surface": "unpaved", "osm_id": 100648886, "osm_type": "way"}, "geometry": {"type": "LineString", "coordinates": [[-51.1333085, -29.7366017], [-51.1330554, -29.7363611], [-51.1327762, -29.7360969], [-51.1323507, -29.7357181], [-51.1321191, -29.7354932], [-51.1314199, -29.7348785], [-51.1313219, -29.7347842], [-51.1311731, -29.7345746], [-51.1309782, -29.7342499]]}}, {"type": "Feature", "properties": {"highway": "residential", "name": "Rua Assis Brasil", "osm_id": 100648891, "osm_type": "way"}, "geometry": {"type": "LineString", "coordinates": [[-51.133976, -29.7357909], [-51.1333085, -29.7366017], [-51.1331009, -29.7368696], [-51.1329907, -29.7369997]]}}, {"type": "Feature", "properties": {"highway": "residential", "name": "Rua Doutor Estevão Batori", "source:name": "IBGE", "osm_id": 100648901, "osm_type": "way"}, "geometry": {"type": "LineString", "coordinates": [[-51.1367365, -29.7356899], [-51.1362008, -29.7353331], [-51.1357087, -29.7350142], [-51.135296, -29.7347366]]}}, {"type": "Feature", "properties": {"highway": "residential", "name": "Rua Alfredo Rheinheimer", "osm_id": 100648905, "osm_type": "way"}, "geometry": {"type": "LineString", "coordinates": [[-51.1374745, -29.7319476], [-51.1374969, -29.7320423], [-51.1374618, -29.7321455], [-51.1368346, -29.7328586], [-51.1367578, -29.7329521], [-51.136738, -29.7329931], [-51.1367366, -29.7330707], [-51.1366609, -29.7331586], [-51.1359552, -29.7339591], [-51.135296, -29.7347366], [-51.1351555, -29.7348853], [-51.1346825, -29.7354077], [-51.1342139, -29.7359726]]}}, {"type": "Feature", "properties": {"highway": "residential", "name": "Rua Amir Ramires", "osm_id": 100648907, "osm_type": "way"}, "geometry": {"type": "LineString", "coordinates": [[-51.1371574, -29.7333374], [-51.1357087, -29.7350142], [-51.1346534, -29.7362361], [-51.1335882, -29.7374591], [-51.1327724, -29.7383992]]}}, {"type": "Feature", "properties": {"highway": "residential", "name": "Rua Antônio Alexandre da Silva", "osm_id": 100648908, "osm_type": "way"}, "geometry": {"type": "LineString", "coordinates": [[-51.1340633, -29.7377542], [-51.1335882, -29.7374591], [-51.1332305, -29.7372103], [-51.1331674, -29.7371658], [-51.1329907, -29.7369997]]}}, {"type": "Feature", "properties": {"highway": "secondary", "lanes": "2", "lit": "yes", "maxspeed": "60", "name": "Avenida Feitoria", "oneway": "yes", "source": "survey; Bing", "surface": "asphalt", "osm_id": 100649106, "osm_type": "way"}, "geometry": {"type": "LineString", "coordinates": [[-51.124401, -29.7656506], [-51.1240688, -29.7656198], [-51.1238893, -29.765617], [-51.1237658, -29.7656208], [-51.1234092, -29.7656362], [-51.1229666, -29.7656982], [-51.1226156, -29.765787]]}}, {"type": "Feature", "properties": {"highway": "residential", "lit": "yes", "name": "Rua Jacob Uebel", "source": "Yahoo; Bing; survey", "osm_id": 100667690, "osm_type": "way"}, "geometry": {"type": "LineString", "coordinates": [[-51.1189355, -29.766782], [-51.1188939, -29.7668547], [-51.1185655, -29.7673663], [-51.118474, -29.7675274], [-51.1183712, -29.76778], [-51.1183066, -29.7680554], [-51.1182567, -29.7683713], [-51.1182471, -29.7691714], [-51.1182611, -29.7693215], [-51.1184072, -29.7703297], [-51.1184618, -29.7708828], [-51.1185118, -29.7712586]]}}, {"type": "Feature", "properties": {"fixme": "Is this section Avenida Mauá?", "highway": "primary", "name": "Avenida Mauá", "oneway": "yes", "osm_id": 100667721, "osm_type": "way"}, "geometry": {"type": "LineString", "coordinates": [[-51.1409838, -29.7691022], [-51.1407848, -29.7698884]]}}, {"type": "Feature", "properties": {"highway": "residential", "name": "Rua Bartolomeu de Gusmão", "osm_id": 100700627, "osm_type": "way"}, "geometry": {"type": "LineString", "coordinates": [[-51.1467033, -29.7364359], [-51.1466802, -29.7355591], [-51.1466804, -29.7353448], [-51.14665, -29.7344084], [-51.1465741, -29.7337349]]}}, {"type": "Feature", "properties": {"highway": "residential", "name": "Rua Sergipe", "osm_id": 100700630, "osm_type": "way"}, "geometry": {"type": "LineString", "coordinates": [[-51.1496885, -29.7356345], [-51.1486138, -29.7357409]]}}, {"type": "Feature", "properties": {"highway": "residential", "name": "Rua Paquetá", "osm_id": 100700633, "osm_type": "way"}, "geometry": {"type": "LineString", "coordinates": [[-51.1499773, -29.7380687], [-51.1488102, -29.7381611]]}}, {"type": "Feature", "properties": {"alt_name": "Rua Luísa Ascheid;Avenida Mauá", "highway": "residential", "lanes": "2", "name": "Rua Luísa Scheid", "source": "Bing;survey", "surface": "sett", "osm_id": 100700634, "osm_type": "way"}, "geometry": {"type": "LineString", "coordinates": [[-51.1443472, -29.735356], [-51.1428736, -29.7357934]]}}, {"type": "Feature", "properties": {"alt_name": "Rua Tiradentes;Rua Dois", "highway": "residential", "name": "Rua Ênio Luz", "osm_id": 100700640, "osm_type": "way"}, "geometry": {"type": "LineString", "coordinates": [[-51.1500433, -29.7387525], [-51.1487521, -29.7388311]]}}, {"type": "Feature", "properties": {"highway": "residential", "name": "Rua Tomé de Souza", "osm_id": 100700645, "osm_type": "way"}, "geometry": {"type": "LineString", "coordinates": [[-51.1485821, -29.7353472], [-51.1479783, -29.7353488], [-51.1477296, -29.7353461], [-51.1474217, -29.7353586], [-51.1466804, -29.7353448]]}}, {"type": "Feature", "properties": {"alt_name": "Rua Menino Deus", "highway": "residential", "name": "Travessa Menino Deus", "osm_id": 100700651, "osm_type": "way"}, "geometry": {"type": "LineString", "coordinates": [[-51.1498465, -29.7374914], [-51.1490697, -29.737525]]}}, {"type": "Feature", "properties": {"highway": "residential", "name": "Rua Andradas", "osm_id": 100700661, "osm_type": "way"}, "geometry": {"type": "LineString", "coordinates": [[-51.1476028, -29.7391505], [-51.147919, -29.7385078], [-51.148244, -29.7378077], [-51.1485151, -29.7372164], [-51.1485735, -29.7370946]]}}, {"type": "Feature", "properties": {"highway": "residential", "name": "Rua Lima e Silva", "osm_id": 100700663, "osm_type": "way"}, "geometry": {"type": "LineString", "coordinates": [[-51.1448306, -29.7382037], [-51.1451401, -29.7374942], [-51.1454566, -29.7368093], [-51.1458061, -29.7361136]]}}, {"type": "Feature", "properties": {"alt_name": "Avenida Jacob Wingart", "highway": "residential", "lanes": "2", "name": "Rua Jacob Wingert", "source": "Bing;survey", "surface": "sett", "osm_id": 100700673, "osm_type": "way"}, "geometry": {"type": "LineString", "coordinates": [[-51.1442631, -29.7348782], [-51.1426915, -29.7353478]]}}, {"type": "Feature", "properties": {"highway": "residential", "name": "Rua Gaspar Silveira Martins", "osm_id": 100700674, "osm_type": "way"}, "geometry": {"type": "LineString", "coordinates": [[-51.1442631, -29.7348782], [-51.1443178, -29.7351893], [-51.1443472, -29.735356], [-51.144392, -29.73561]]}}, {"type": "Feature", "properties": {"highway": "residential", "maxheight": "default", "name": "Rua Alagoas", "osm_id": 100700688, "osm_type": "way"}, "geometry": {"type": "LineString", "coordinates": [[-51.149794, -29.7369586], [-51.149225, -29.7369723]]}}, {"type": "Feature", "properties": {"highway": "residential", "name": "Travessa Francisco Soares Cardoso", "osm_id": 100700689, "osm_type": "way"}, "geometry": {"type": "LineString", "coordinates": [[-51.1460202, -29.7332018], [-51.1450076, -29.7331625]]}}, {"type": "Feature", "properties": {"highway": "residential", "lanes": "2", "name": "Rua Marechal Floriano", "source": "Bing;survey", "surface": "asphalt", "osm_id": 100700690, "osm_type": "way"}, "geometry": {"type": "LineString", "coordinates": [[-51.1461714, -29.7386731], [-51.1465035, -29.7379915], [-51.1468294, -29.7373011], [-51.1471606, -29.7365993], [-51.1474755, -29.7359321], [-51.1477296, -29.7353461]]}}, {"type": "Feature", "properties": {"access": "permissive", "highway": "service", "osm_id": 100700710, "osm_type": "way"}, "geometry": {"type": "LineString", "coordinates": [[-51.1474049, -29.7631101], [-51.1473513, -29.7631023], [-51.1470378, -29.7630534]]}}, {"type": "Feature", "properties": {"highway": "residential", "name": "Rua Porto Alegre", "osm_id": 100700712, "osm_type": "way"}, "geometry": {"type": "LineString", "coordinates": [[-51.1457889, -29.7351578], [-51.1443178, -29.7351893]]}}, {"type": "Feature", "properties": {"alt_name": "Avenida Taquari", "highway": "residential", "name": "Travessa Taquari", "osm_id": 100700723, "osm_type": "way"}, "geometry": {"type": "LineString", "coordinates": [[-51.1474755, -29.7359321], [-51.14863, -29.7363217]]}}, {"type": "Feature", "properties": {"alt_name": "Rua Quinze de Novembro", "highway": "residential", "name": "Rua 15 de Novembro", "osm_id": 100700726, "osm_type": "way"}, "geometry": {"type": "LineString", "coordinates": [[-51.14879, -29.7380003], [-51.148244, -29.7378077], [-51.1468294, -29.7373011], [-51.1454566, -29.7368093], [-51.1444727, -29.7364358]]}}, {"type": "Feature", "properties": {"alt_name": "Rua Voltaire Pires", "highway": "residential", "lanes": "2", "name": "Rua Doutor Voltaire Pires", "source": "Bing;survey", "surface": "asphalt", "osm_id": 100700733, "osm_type": "way"}, "geometry": {"type": "LineString", "coordinates": [[-51.1440108, -29.7342986], [-51.1424492, -29.7347778]]}}, {"type": "Feature", "properties": {"alt_name": "Avenida João A Coche; Avenida João Arthur Koche", "highway": "residential", "name": "Rua João A. Koche", "osm_id": 100700736, "osm_type": "way"}, "geometry": {"type": "LineString", "coordinates": [[-51.1449945, -29.7336296], [-51.1450076, -29.7331625], [-51.1450223, -29.7327036], [-51.1450371, -29.7322451], [-51.1450501, -29.7318403], [-51.1450583, -29.7315866], [-51.1450653, -29.7313705], [-51.1450802, -29.7309077]]}}, {"type": "Feature", "properties": {"highway": "residential", "name": "Rua Tomé de Souza", "osm_id": 100700745, "osm_type": "way"}, "geometry": {"type": "LineString", "coordinates": [[-51.1466802, -29.7355591], [-51.1457965, -29.735581]]}}, {"type": "Feature", "properties": {"alt_name": "Rua Sergipe;Avenida Arnaldo Pereira da Silva", "highway": "residential", "name": "Rua Rio dos Sinos", "oneway": "yes", "postal_code": "93115-560", "source": "Bing;survey", "surface": "asphalt", "osm_id": 100704419, "osm_type": "way"}, "geometry": {"type": "LineString", "coordinates": [[-51.1485895, -29.733879], [-51.1495295, -29.7338504]]}}, {"type": "Feature", "properties": {"alt_name": "Avenida Wilhelm Rottermund", "highway": "tertiary", "name": "Avenida Wilhelm Rotermund", "osm_id": 101671674, "osm_type": "way"}, "geometry": {"type": "LineString", "coordinates": [[-51.1358401, -29.7697058], [-51.136022, -29.7701656], [-51.1361725, -29.7705661], [-51.1362308, -29.7707663], [-51.1362462, -29.7708968], [-51.1362245, -29.7714385], [-51.1361226, -29.772475], [-51.1360749, -29.7732028], [-51.1360627, -29.773489], [-51.1360413, -29.7739371], [-51.1360524, -29.7741732], [-51.1361402, -29.7746561], [-51.1361448, -29.7746824], [-51.1362234, -29.7750285], [-51.1364366, -29.7761679]]}}, {"type": "Feature", "properties": {"highway": "tertiary", "oneway": "yes", "surface": "asphalt", "osm_id": 101671685, "osm_type": "way"}, "geometry": {"type": "LineString", "coordinates": [[-51.1358401, -29.7697058], [-51.1357878, -29.7696829], [-51.1357614, -29.7696638], [-51.1357508, -29.7696407], [-51.1357486, -29.7696134]]}}, {"type": "Feature", "properties": {"access": "private", "highway": "service", "service": "driveway", "osm_id": 102717704, "osm_type": "way"}, "geometry": {"type": "LineString", "coordinates": [[-51.1471501, -29.7684909], [-51.1470751, -29.7684784]]}}, {"type": "Feature", "properties": {"access": "permissive", "highway": "service", "service": "driveway", "osm_id": 102718751, "osm_type": "way"}, "geometry": {"type": "LineString", "coordinates": [[-51.1478276, -29.7746874], [-51.1480023, -29.7746856], [-51.1480999, -29.7746891]]}}, {"type": "Feature", "properties": {"highway": "secondary", "maxspeed": "50", "name": "Avenida Dom João Becker", "oneway": "yes", "source:maxspeed": "sign", "surface": "asphalt", "osm_id": 102726157, "osm_type": "way"}, "geometry": {"type": "LineString", "coordinates": [[-51.146231, -29.7603748], [-51.1454263, -29.7602049]]}}, {"type": "Feature", "properties": {"highway": "secondary", "lanes": "2", "maxspeed": "50", "name": "Avenida Dom João Becker", "oneway": "yes", "source:maxspeed": "sign", "surface": "asphalt", "osm_id": 102726161, "osm_type": "way"}, "geometry": {"type": "LineString", "coordinates": [[-51.1454263, -29.7602049], [-51.1447263, -29.760057], [-51.1439471, -29.7599092], [-51.1435909, -29.7598415], [-51.1430988, -29.7597479], [-51.1419555, -29.7595273], [-51.1419385, -29.7595293], [-51.141924, -29.7595404], [-51.1417732, -29.7599545]]}}, {"type": "Feature", "properties": {"highway": "secondary", "maxspeed": "50", "name": "Avenida Dom João Becker", "oneway": "yes", "source:maxspeed": "implicit", "osm_id": 102726162, "osm_type": "way"}, "geometry": {"type": "LineString", "coordinates": [[-51.1454478, -29.7601106], [-51.1462565, -29.7602689]]}}, {"type": "Feature", "properties": {"highway": "secondary", "maxspeed": "50", "name": "Avenida Dom João Becker", "oneway": "yes", "source:maxspeed": "implicit", "osm_id": 102726163, "osm_type": "way"}, "geometry": {"type": "LineString", "coordinates": [[-51.1462565, -29.7602689], [-51.1467205, -29.7604307], [-51.1469606, -29.7605309]]}}, {"type": "Feature", "properties": {"alt_name": "Rua Hortencias", "highway": "residential", "name": "Rua das Hortênsias", "source": "Bing", "osm_id": 102744433, "osm_type": "way"}, "geometry": {"type": "LineString", "coordinates": [[-51.1359689, -29.7410361], [-51.1339658, -29.7397821]]}}, {"type": "Feature", "properties": {"alt_name": "Rua Leopoldo Wasun", "highway": "tertiary", "name": "Avenida Leopoldo Wasun", "source": "Bing", "osm_id": 102744434, "osm_type": "way"}, "geometry": {"type": "LineString", "coordinates": [[-51.1318871, -29.7457163], [-51.132225, -29.7453403], [-51.1325202, -29.7449982], [-51.1328081, -29.7446678], [-51.1331234, -29.744306], [-51.1334095, -29.7439778], [-51.1337259, -29.7436148], [-51.1340086, -29.7432904], [-51.1342869, -29.742971], [-51.1345631, -29.7426541], [-51.134623, -29.7425854], [-51.1349029, -29.7422628], [-51.1350366, -29.7421108], [-51.1352157, -29.7419135], [-51.1355059, -29.7415775], [-51.1357954, -29.7412401], [-51.1359689, -29.7410361], [-51.1360772, -29.7409168], [-51.1363829, -29.740566], [-51.1364365, -29.7405045], [-51.1366794, -29.7402257], [-51.1368835, -29.7399915], [-51.1369971, -29.7398612], [-51.137344, -29.7394632], [-51.1378998, -29.7388111]]}}, {"type": "Feature", "properties": {"highway": "residential", "name": "Rua das Calêndulas", "source": "Bing", "osm_id": 102744435, "osm_type": "way"}, "geometry": {"type": "LineString", "coordinates": [[-51.1383439, -29.734784], [-51.1402572, -29.7360366], [-51.1403381, -29.7360851]]}}, {"type": "Feature", "properties": {"alt_name": "Rua Dezesseis", "highway": "residential", "name": "Rua 16", "source": "Bing", "osm_id": 102744436, "osm_type": "way"}, "geometry": {"type": "LineString", "coordinates": [[-51.1367635, -29.7433686], [-51.1365699, -29.7432571], [-51.1362013, -29.7430653], [-51.1357863, -29.7428254], [-51.1349029, -29.7422628]]}}, {"type": "Feature", "properties": {"highway": "residential", "name": "Rua Anacavitas", "oneway": "yes", "source": "Bing", "surface": "unpaved", "osm_id": 102744437, "osm_type": "way"}, "geometry": {"type": "LineString", "coordinates": [[-51.1441238, -29.7431961], [-51.1435022, -29.7432373], [-51.1427749, -29.7432855], [-51.1420399, -29.7433342], [-51.1412875, -29.7433841], [-51.1405558, -29.7434331]]}}, {"type": "Feature", "properties": {"highway": "residential", "name": "Rua das Tulipas", "source": "Bing", "osm_id": 102744438, "osm_type": "way"}, "geometry": {"type": "LineString", "coordinates": [[-51.1388178, -29.7342308], [-51.1407181, -29.7354962], [-51.140809, -29.7355612]]}}, {"type": "Feature", "properties": {"highway": "residential", "name": "Rua Lions Padre Réus", "source": "Bing", "osm_id": 102744439, "osm_type": "way"}, "geometry": {"type": "LineString", "coordinates": [[-51.1346134, -29.7441803], [-51.1348981, -29.7438645], [-51.1351663, -29.7435383], [-51.1354819, -29.7431593], [-51.1357863, -29.7428254], [-51.1360392, -29.7425352], [-51.1361007, -29.7424654], [-51.1363723, -29.7421536], [-51.1366804, -29.7418027], [-51.1369274, -29.7415178], [-51.1369606, -29.7414794], [-51.1372574, -29.7411379]]}}, {"type": "Feature", "properties": {"alt_name": "Rua Dez; Rua 10", "highway": "residential", "name": "Rua Alegria de Jardim", "source": "Bing", "osm_id": 102744440, "osm_type": "way"}, "geometry": {"type": "LineString", "coordinates": [[-51.1353822, -29.7381421], [-51.137344, -29.7394632]]}}, {"type": "Feature", "properties": {"alt_name": "Rua 14;Rua Quatorze", "highway": "residential", "name": "Rua Francisco de Brito Peixoto", "source": "Bing", "surface": "unpaved", "osm_id": 102744441, "osm_type": "way"}, "geometry": {"type": "LineString", "coordinates": [[-51.1374183, -29.744377], [-51.1387294, -29.7452089], [-51.1398056, -29.7458929]]}}, {"type": "Feature", "properties": {"alt_name": "Rua Papoulas", "highway": "residential", "name": "Rua das Papoulas", "source": "Bing", "osm_id": 102744442, "osm_type": "way"}, "geometry": {"type": "LineString", "coordinates": [[-51.1369971, -29.7398612], [-51.137917, -29.7404718], [-51.1383363, -29.7407502], [-51.1387612, -29.7410317]]}}, {"type": "Feature", "properties": {"alt_name": "Rua Doze;Rua 12", "highway": "residential", "name": "Rua Bento Munhoz da Rocha", "source": "Bing", "surface": "unpaved", "osm_id": 102744443, "osm_type": "way"}, "geometry": {"type": "LineString", "coordinates": [[-51.1393528, -29.7420997], [-51.1405433, -29.7428693]]}}, {"type": "Feature", "properties": {"highway": "residential", "name": "Rua Guabirobeiras", "source": "Bing", "surface": "unpaved", "osm_id": 102744444, "osm_type": "way"}, "geometry": {"type": "LineString", "coordinates": [[-51.1436006, -29.7461058], [-51.1435603, -29.7446592], [-51.1435022, -29.7432373], [-51.1434952, -29.7430157], [-51.1435021, -29.7415919], [-51.1434502, -29.7413315], [-51.1433474, -29.741215]]}}, {"type": "Feature", "properties": {"highway": "residential", "name": "Rua Arroio Grande", "source": "Bing", "osm_id": 102744445, "osm_type": "way"}, "geometry": {"type": "LineString", "coordinates": [[-51.1429132, -29.7535881], [-51.1424959, -29.7532838], [-51.1421044, -29.7529868], [-51.1416738, -29.7526738], [-51.1412101, -29.7523305]]}}, {"type": "Feature", "properties": {"alt_name": "Rua 18; Rua Dezoito", "highway": "residential", "name": "Rua José da Silva Pais", "source": "Bing", "surface": "unpaved", "osm_id": 102744446, "osm_type": "way"}, "geometry": {"type": "LineString", "coordinates": [[-51.1361453, -29.7458754], [-51.1374546, -29.7467164], [-51.1384728, -29.7473715], [-51.1394509, -29.7479937]]}}, {"type": "Feature", "properties": {"highway": "residential", "name": "Rua Padre Orestes João Straglioto", "source": "Bing", "osm_id": 102744447, "osm_type": "way"}, "geometry": {"type": "LineString", "coordinates": [[-51.1383762, -29.7432493], [-51.1396917, -29.744071]]}}, {"type": "Feature", "properties": {"highway": "residential", "name": "Rua Manacás", "source": "Bing", "osm_id": 102744448, "osm_type": "way"}, "geometry": {"type": "LineString", "coordinates": [[-51.1403639, -29.7462482], [-51.1405102, -29.7472971], [-51.1405217, -29.7473201], [-51.1405448, -29.7473312]]}}, {"type": "Feature", "properties": {"alt_name": "Rua Dez; Rua 10", "highway": "residential", "name": "Rua Leolinda da Figueiredo Daltro", "source": "Bing", "surface": "unpaved", "osm_id": 102744449, "osm_type": "way"}, "geometry": {"type": "LineString", "coordinates": [[-51.1390194, -29.7407296], [-51.1394869, -29.74104], [-51.139982, -29.741359], [-51.1406704, -29.7417983]]}}, {"type": "Feature", "properties": {"highway": "residential", "name": "Rua Monte Pascoal", "source": "Bing", "surface": "unpaved", "osm_id": 102744450, "osm_type": "way"}, "geometry": {"type": "LineString", "coordinates": [[-51.1419286, -29.7390675], [-51.1424243, -29.7393949]]}}, {"type": "Feature", "properties": {"alt_name": "Rua 20; Rua Vinte", "highway": "residential", "name": "Rua Gomes Freire de Andrade", "source": "Bing", "surface": "unpaved", "osm_id": 102744451, "osm_type": "way"}, "geometry": {"type": "LineString", "coordinates": [[-51.1354955, -29.7466404], [-51.1368083, -29.7474806], [-51.13783, -29.7481355], [-51.1388067, -29.7487605]]}}, {"type": "Feature", "properties": {"alt_name": "Rua Margaridas", "highway": "residential", "name": "Rua das Margaridas", "source": "Bing", "osm_id": 102744453, "osm_type": "way"}, "geometry": {"type": "LineString", "coordinates": [[-51.1363829, -29.740566], [-51.1372574, -29.7411379], [-51.1375309, -29.7413167], [-51.1380525, -29.7418607]]}}, {"type": "Feature", "properties": {"highway": "residential", "name": "Travessa Marcelo Gama", "source": "Bing", "surface": "unpaved", "osm_id": 102744455, "osm_type": "way"}, "geometry": {"type": "LineString", "coordinates": [[-51.141835, -29.7414111], [-51.1421656, -29.7410257], [-51.1424899, -29.7406475], [-51.1428139, -29.7402697]]}}, {"type": "Feature", "properties": {"highway": "residential", "name": "Rua Lions", "source": "Bing", "osm_id": 102744456, "osm_type": "way"}, "geometry": {"type": "LineString", "coordinates": [[-51.1328302, -29.7465302], [-51.133225, -29.7460429], [-51.1335267, -29.7456616], [-51.1338072, -29.745317], [-51.1341045, -29.7449495], [-51.1343761, -29.7446152], [-51.1346898, -29.744229]]}}, {"type": "Feature", "properties": {"alt_name": "Rua Bromélias", "highway": "residential", "name": "Rua das Bromélias", "source": "Bing", "osm_id": 102744457, "osm_type": "way"}, "geometry": {"type": "LineString", "coordinates": [[-51.1400439, -29.7378624], [-51.1391923, -29.7373064]]}}, {"type": "Feature", "properties": {"alt_name": "Rua 21; Rua Vinte e Um", "highway": "residential", "name": "Rua José de Araújo Viana", "source": "Bing", "surface": "unpaved", "osm_id": 102744459, "osm_type": "way"}, "geometry": {"type": "LineString", "coordinates": [[-51.135183, -29.7470081], [-51.1364939, -29.7478524], [-51.1375144, -29.7485107], [-51.1384804, -29.7491397]]}}, {"type": "Feature", "properties": {"highway": "residential", "name": "Rua Chiquinha Gonzaga", "source": "Bing", "surface": "unpaved", "osm_id": 102744460, "osm_type": "way"}, "geometry": {"type": "LineString", "coordinates": [[-51.1380687, -29.7436113], [-51.1393656, -29.7444567], [-51.1399113, -29.7447891]]}}, {"type": "Feature", "properties": {"alt_name": "Rua Marechal Rondon", "highway": "primary", "maxheight": "default", "name": "Avenida Mauá", "note": "Funcionando em pista única por conta do alagamento da pista do outro lado", "oneway": "yes", "source": "survey", "surface": "asphalt", "osm_id": 102744461, "osm_type": "way"}, "geometry": {"type": "LineString", "coordinates": [[-51.1453359, -29.7512222], [-51.1452302, -29.7515771], [-51.1451041, -29.7519514], [-51.1449642, -29.7522635], [-51.144772, -29.7525862], [-51.1445473, -29.7528832], [-51.1442183, -29.7532424], [-51.1436731, -29.7537804], [-51.1433801, -29.754138], [-51.1431792, -29.754419], [-51.1431483, -29.7544675], [-51.1430861, -29.7546292]]}}, {"type": "Feature", "properties": {"alt_name": "Rua Cedro Rosa;Rua 15;Rua Quinze", "highway": "residential", "name": "Rua Olga Benário Prestes", "source": "Bing", "surface": "unpaved", "osm_id": 102744462, "osm_type": "way"}, "geometry": {"type": "LineString", "coordinates": [[-51.1371068, -29.7447436], [-51.1384131, -29.745583], [-51.139427, -29.7462372]]}}, {"type": "Feature", "properties": {"alt_name": "Rua Sarandi;Rua 10;Rua Dez", "highway": "residential", "name": "Rua Sarandi do Banhado", "source": "Bing", "surface": "unpaved", "osm_id": 102744463, "osm_type": "way"}, "geometry": {"type": "LineString", "coordinates": [[-51.1405989, -29.7453805], [-51.1405878, -29.7448816], [-51.1405558, -29.7434331], [-51.1405516, -29.7432458], [-51.1405433, -29.7428693], [-51.1405292, -29.7422896], [-51.1405203, -29.7418294]]}}, {"type": "Feature", "properties": {"alt_name": "Rua Dracenas", "highway": "residential", "name": "Rua das Dracenas", "source": "Bing", "osm_id": 102744464, "osm_type": "way"}, "geometry": {"type": "LineString", "coordinates": [[-51.1378819, -29.735316], [-51.1397846, -29.7365793], [-51.1408312, -29.7372437]]}}, {"type": "Feature", "properties": {"alt_name": "Rua Grandino F Kruel", "highway": "residential", "lanes": "2", "name": "Rua Riograndino Ferraz Kruel", "oneway": "no", "source": "Bing; survey", "surface": "sett", "osm_id": 102744465, "osm_type": "way"}, "geometry": {"type": "LineString", "coordinates": [[-51.1397635, -29.7331386], [-51.1404627, -29.7336254], [-51.1409023, -29.7339197], [-51.1416566, -29.7344351], [-51.141733, -29.7344874]]}}, {"type": "Feature", "properties": {"alt_name": "Rua 19; Rua Dezenove", "highway": "residential", "name": "Rua Marquês do Pombal", "source": "Bing", "surface": "unpaved", "osm_id": 102744466, "osm_type": "way"}, "geometry": {"type": "LineString", "coordinates": [[-51.1391171, -29.7483885], [-51.1381477, -29.7477579], [-51.1371274, -29.7471033], [-51.1358159, -29.7462631]]}}, {"type": "Feature", "properties": {"alt_name": "Rua Cravo", "highway": "residential", "name": "Rua dos Cravos", "source": "Bing", "osm_id": 102744467, "osm_type": "way"}, "geometry": {"type": "LineString", "coordinates": [[-51.1366794, -29.7402257], [-51.1376063, -29.7408319], [-51.1384568, -29.7413878]]}}, {"type": "Feature", "properties": {"alt_name": "Rua Cerejeiras", "highway": "residential", "name": "Rua Cerejeira Vermelha", "source": "Bing", "surface": "unpaved", "osm_id": 102744470, "osm_type": "way"}, "geometry": {"type": "LineString", "coordinates": [[-51.1421093, -29.7461714], [-51.1420819, -29.7447729], [-51.1420399, -29.7433342], [-51.1420344, -29.7431297], [-51.1420208, -29.7417099]]}}, {"type": "Feature", "properties": {"alt_name": "Rua Ingá", "highway": "residential", "name": "Rua Ingá Cipó", "source": "Bing", "surface": "unpaved", "osm_id": 102744471, "osm_type": "way"}, "geometry": {"type": "LineString", "coordinates": [[-51.1428165, -29.7482422], [-51.1427262, -29.747229], [-51.1426473, -29.7461477]]}}, {"type": "Feature", "properties": {"alt_name": "Rua Cinco;Rua 5", "highway": "residential", "name": "Rua Matias de Albuquerque", "source": "Bing", "surface": "unpaved", "osm_id": 102744472, "osm_type": "way"}, "geometry": {"type": "LineString", "coordinates": [[-51.141591, -29.7394648], [-51.1428139, -29.7402697], [-51.1438386, -29.7409569]]}}, {"type": "Feature", "properties": {"alt_name": "Rua Vinte e Quatro", "highway": "residential", "name": "Rua Visconde de Caxias", "source": "Bing", "surface": "unpaved", "osm_id": 102744473, "osm_type": "way"}, "geometry": {"type": "LineString", "coordinates": [[-51.1342868, -29.7480631], [-51.1355954, -29.7489148], [-51.1365986, -29.749581]]}}, {"type": "Feature", "properties": {"alt_name": "Rua Beijos", "highway": "residential", "name": "Rua dos Beijos", "source": "Bing", "osm_id": 102744474, "osm_type": "way"}, "geometry": {"type": "LineString", "coordinates": [[-51.1364473, -29.7369058], [-51.1384466, -29.7381893]]}}, {"type": "Feature", "properties": {"alt_name": "Rua Narcisos", "highway": "residential", "name": "Rua dos Narcisos", "source": "Bing", "osm_id": 102744475, "osm_type": "way"}, "geometry": {"type": "LineString", "coordinates": [[-51.1368835, -29.7399915], [-51.135439, -29.7390126], [-51.1349319, -29.7387056]]}}, {"type": "Feature", "properties": {"highway": "residential", "name": "Travessa Três Marias", "source": "Bing", "osm_id": 102744476, "osm_type": "way"}, "geometry": {"type": "LineString", "coordinates": [[-51.1369274, -29.7415178], [-51.1375878, -29.74202]]}}, {"type": "Feature", "properties": {"alt_name": "Rua Treze; Rua 13", "highway": "residential", "name": "Rua Maria Quitéria de Jesus", "source": "Bing", "osm_id": 102744477, "osm_type": "way"}, "geometry": {"type": "LineString", "coordinates": [[-51.1390256, -29.7424848], [-51.140333, -29.7433126]]}}, {"type": "Feature", "properties": {"alt_name": "Rua do Cedro", "highway": "residential", "name": "Rua Anacavitas", "source": "Bing", "surface": "unpaved", "osm_id": 102744478, "osm_type": "way"}, "geometry": {"type": "LineString", "coordinates": [[-51.1399113, -29.7447891], [-51.1400485, -29.7448638], [-51.1402148, -29.7449127], [-51.1405878, -29.7448816], [-51.1413244, -29.7448217], [-51.1420819, -29.7447729], [-51.1428189, -29.7447134], [-51.1435603, -29.7446592], [-51.1443384, -29.7446077]]}}, {"type": "Feature", "properties": {"highway": "residential", "name": "Rua Mem de Sá", "source": "Bing", "surface": "unpaved", "osm_id": 102744479, "osm_type": "way"}, "geometry": {"type": "LineString", "coordinates": [[-51.139427, -29.7462372], [-51.1391052, -29.7466198], [-51.138799, -29.7469837], [-51.1384728, -29.7473715], [-51.1381477, -29.7477579], [-51.13783, -29.7481355], [-51.1375144, -29.7485107], [-51.1371936, -29.748892], [-51.1369086, -29.749222], [-51.1365986, -29.749581], [-51.1362659, -29.7499662], [-51.1359642, -29.7503156], [-51.1353208, -29.7510607]]}}, {"type": "Feature", "properties": {"alt_name": "Rua Sete; Rua 7", "highway": "residential", "name": "Rua Tereza de Benguela", "source": "Bing", "osm_id": 102744480, "osm_type": "way"}, "geometry": {"type": "LineString", "coordinates": [[-51.1391442, -29.7390522], [-51.1395666, -29.7393341], [-51.1399848, -29.7396003], [-51.140466, -29.739892], [-51.1409503, -29.7402191], [-51.1421656, -29.7410257], [-51.1426047, -29.7412921]]}}, {"type": "Feature", "properties": {"highway": "residential", "name": "Rua Guaíba", "source": "Bing", "osm_id": 102744481, "osm_type": "way"}, "geometry": {"type": "LineString", "coordinates": [[-51.1410572, -29.7366636], [-51.1406724, -29.7364186], [-51.1402496, -29.736162], [-51.1401792, -29.7361183]]}}, {"type": "Feature", "properties": {"alt_name": "Rua Onze;Rua 11", "highway": "residential", "name": "Rua Cerro Corá", "source": "Bing", "surface": "unpaved", "osm_id": 102744482, "osm_type": "way"}, "geometry": {"type": "LineString", "coordinates": [[-51.1396627, -29.7417349], [-51.1405292, -29.7422896]]}}, {"type": "Feature", "properties": {"alt_name": "Rua Canasfistula", "highway": "residential", "name": "Rua Canafístula", "source": "Bing", "surface": "unpaved", "osm_id": 102744483, "osm_type": "way"}, "geometry": {"type": "LineString", "coordinates": [[-51.1413699, -29.7498104], [-51.1413034, -29.7483105], [-51.1412431, -29.7472934], [-51.1411947, -29.7466557], [-51.1411288, -29.7462145]]}}, {"type": "Feature", "properties": {"alt_name": "Rua Oito;Rua 8", "highway": "residential", "name": "Rua Oscar Boeira", "source": "Bing", "surface": "unpaved", "osm_id": 102744484, "osm_type": "way"}, "geometry": {"type": "LineString", "coordinates": [[-51.1406361, -29.740589], [-51.141835, -29.7414111], [-51.1419758, -29.7415361], [-51.1420208, -29.7417099]]}}, {"type": "Feature", "properties": {"alt_name": "Rua Begônias", "highway": "residential", "name": "Rua das Begônias", "source": "Bing", "osm_id": 102744485, "osm_type": "way"}, "geometry": {"type": "LineString", "coordinates": [[-51.1374125, -29.7358188], [-51.1393329, -29.7371283]]}}, {"type": "Feature", "properties": {"alt_name": "Avenida 14 Bis; Avenida Mauá", "highway": "residential", "lanes": "2", "name": "Avenida Quatorze Bis", "oneway": "no", "source": "Bing;survey", "surface": "sett", "osm_id": 102744486, "osm_type": "way"}, "geometry": {"type": "LineString", "coordinates": [[-51.1358965, -29.7375113], [-51.1364473, -29.7369058], [-51.1369218, -29.7363676], [-51.1374125, -29.7358188], [-51.1378819, -29.735316], [-51.1383439, -29.734784], [-51.1388178, -29.7342308], [-51.1392805, -29.7336928], [-51.1397635, -29.7331386], [-51.1404599, -29.7323753], [-51.141104, -29.7318787]]}}, {"type": "Feature", "properties": {"highway": "residential", "name": "Rua dos Lírios", "source": "Bing", "osm_id": 102744487, "osm_type": "way"}, "geometry": {"type": "LineString", "coordinates": [[-51.1392805, -29.7336928], [-51.1411903, -29.7349499], [-51.1412785, -29.7350126]]}}, {"type": "Feature", "properties": {"alt_name": "Rua Amores Perfeitos", "highway": "residential", "name": "Rua dos Amores Perfeitos", "source": "Bing", "osm_id": 102744488, "osm_type": "way"}, "geometry": {"type": "LineString", "coordinates": [[-51.1364365, -29.7405045], [-51.134489, -29.739207]]}}, {"type": "Feature", "properties": {"alt_name": "Rua Seis;Rua 6", "highway": "residential", "name": "Rua Furtado de Mendonça", "source": "Bing", "surface": "unpaved", "osm_id": 102744489, "osm_type": "way"}, "geometry": {"type": "LineString", "coordinates": [[-51.1412815, -29.7398292], [-51.1424899, -29.7406475], [-51.1433474, -29.741215]]}}, {"type": "Feature", "properties": {"alt_name": "Rua Gardenias", "highway": "residential", "name": "Rua das Gardênias", "source": "Bing", "osm_id": 102744490, "osm_type": "way"}, "geometry": {"type": "LineString", "coordinates": [[-51.1358965, -29.7375113], [-51.1378998, -29.7388111], [-51.138853, -29.7394226], [-51.1392502, -29.7397073], [-51.1396575, -29.7399831]]}}, {"type": "Feature", "properties": {"alt_name": "Rua 1;Rua Um", "highway": "residential", "name": "Avenida Manoel José Bras", "source": "Bing", "osm_id": 102744491, "osm_type": "way"}, "geometry": {"type": "LineString", "coordinates": [[-51.1345155, -29.7477939], [-51.1346076, -29.7476854], [-51.1348618, -29.7473862], [-51.135183, -29.7470081], [-51.1354955, -29.7466404], [-51.1358159, -29.7462631], [-51.1361453, -29.7458754], [-51.1364616, -29.7455031], [-51.1367793, -29.7451291], [-51.1371068, -29.7447436], [-51.1374183, -29.744377], [-51.1377382, -29.7440003], [-51.1380687, -29.7436113], [-51.1383762, -29.7432493], [-51.1387094, -29.742857], [-51.1390256, -29.7424848], [-51.1393528, -29.7420997], [-51.1396627, -29.7417349], [-51.139982, -29.741359], [-51.1403072, -29.7409762], [-51.1406361, -29.740589], [-51.1409503, -29.7402191], [-51.1412815, -29.7398292], [-51.141591, -29.7394648], [-51.1419286, -29.7390675], [-51.1422464, -29.7386933], [-51.1432955, -29.7374583]]}}, {"type": "Feature", "properties": {"highway": "residential", "name": "Rua Vaz Caminha", "source": "Bing", "surface": "unpaved", "osm_id": 102744492, "osm_type": "way"}, "geometry": {"type": "LineString", "coordinates": [[-51.1422464, -29.7386933], [-51.1423031, -29.7387384], [-51.1425909, -29.7389317], [-51.1427299, -29.7390346]]}}, {"type": "Feature", "properties": {"alt_name": "Rua 16;Rua Dezesseis", "highway": "residential", "name": "Rua Olinto de Oliveira", "source": "Bing", "surface": "unpaved", "osm_id": 102744493, "osm_type": "way"}, "geometry": {"type": "LineString", "coordinates": [[-51.1367793, -29.7451291], [-51.1380881, -29.7459673], [-51.1391052, -29.7466198], [-51.1397963, -29.7470623]]}}, {"type": "Feature", "properties": {"alt_name": "Rua Nove;Rua 9", "highway": "residential", "name": "Rua Regente Feijó", "source": "Bing", "surface": "unpaved", "osm_id": 102744494, "osm_type": "way"}, "geometry": {"type": "LineString", "coordinates": [[-51.1403072, -29.7409762], [-51.1414553, -29.7417533]]}}, {"type": "Feature", "properties": {"highway": "residential", "name": "Rua Manacás", "source": "Bing", "surface": "unpaved", "osm_id": 102744495, "osm_type": "way"}, "geometry": {"type": "LineString", "coordinates": [[-51.1407218, -29.7503041], [-51.1406902, -29.7499092], [-51.1406851, -29.7498454], [-51.1405779, -29.7487828], [-51.14056, -29.748448], [-51.1405568, -29.7483442], [-51.1405394, -29.747705]]}}, {"type": "Feature", "properties": {"highway": "residential", "name": "Rua Bacopari", "source": "Bing", "surface": "unpaved", "osm_id": 102744496, "osm_type": "way"}, "geometry": {"type": "LineString", "coordinates": [[-51.1413699, -29.7462039], [-51.1413244, -29.7448217], [-51.1412875, -29.7433841]]}}, {"type": "Feature", "properties": {"highway": "residential", "maxheight": "default", "name": "Rua Caneleiras", "source": "Bing", "osm_id": 102744497, "osm_type": "way"}, "geometry": {"type": "LineString", "coordinates": [[-51.1405203, -29.7418294], [-51.1406704, -29.7417983], [-51.1412452, -29.7417787], [-51.1414553, -29.7417533], [-51.1420208, -29.7417099], [-51.1427344, -29.7416416], [-51.1435021, -29.7415919], [-51.1439401, -29.7415745]]}}, {"type": "Feature", "properties": {"alt_name": "Rua Crisantemos", "highway": "residential", "name": "Rua dos Crisântemos", "source": "Bing", "osm_id": 102744498, "osm_type": "way"}, "geometry": {"type": "LineString", "coordinates": [[-51.1394797, -29.7369539], [-51.1403185, -29.7374977]]}}, {"type": "Feature", "properties": {"alt_name": "Rua 3; Rua Três", "highway": "residential", "name": "Rua Délcio Freitas", "source": "Bing", "surface": "unpaved", "osm_id": 102744499, "osm_type": "way"}, "geometry": {"type": "LineString", "coordinates": [[-51.1343366, -29.7504033], [-51.1348515, -29.7497945], [-51.1349634, -29.7496622], [-51.1352643, -29.7493063], [-51.1355954, -29.7489148], [-51.1359016, -29.7485527], [-51.1361726, -29.7482323], [-51.1364939, -29.7478524], [-51.1368083, -29.7474806], [-51.1371274, -29.7471033], [-51.1374546, -29.7467164], [-51.1377768, -29.7463354], [-51.1380881, -29.7459673], [-51.1384131, -29.745583], [-51.1387294, -29.7452089], [-51.1390499, -29.74483], [-51.1393656, -29.7444567], [-51.1396917, -29.744071], [-51.1400106, -29.743694], [-51.140333, -29.7433126]]}}, {"type": "Feature", "properties": {"alt_name": "Rua Onze Horas; Rua 7; Rua Sete", "highway": "residential", "name": "Rua das Onze Horas", "source": "Bing", "osm_id": 102744500, "osm_type": "way"}, "geometry": {"type": "LineString", "coordinates": [[-51.1369218, -29.7363676], [-51.1388809, -29.7376586], [-51.1398037, -29.7382668], [-51.1402376, -29.7385527], [-51.140649, -29.7388233]]}}, {"type": "Feature", "properties": {"alt_name": "Baco Um; Beco 1", "highway": "residential", "name": "Rua das Violetas", "source": "Bing", "osm_id": 102744501, "osm_type": "way"}, "geometry": {"type": "LineString", "coordinates": [[-51.1409023, -29.7339197], [-51.1415961, -29.733119]]}}, {"type": "Feature", "properties": {"alt_name": "Rua 23; Rua Vinte e Três", "highway": "residential", "name": "Rua Eduardo Guimarães", "source": "Bing", "surface": "unpaved", "osm_id": 102744502, "osm_type": "way"}, "geometry": {"type": "LineString", "coordinates": [[-51.1346076, -29.7476854], [-51.1359016, -29.7485527], [-51.1369086, -29.749222], [-51.1372469, -29.7494468], [-51.1377087, -29.7497537]]}}, {"type": "Feature", "properties": {"highway": "residential", "maxheight": "default", "name": "Travessa Violeta", "source": "Bing", "osm_id": 102744503, "osm_type": "way"}, "geometry": {"type": "LineString", "coordinates": [[-51.1404627, -29.7336254], [-51.1409226, -29.7332287], [-51.1412151, -29.732904], [-51.1413413, -29.7328162], [-51.1414514, -29.7327401]]}}, {"type": "Feature", "properties": {"highway": "residential", "name": "Rua João Borges Fortes", "source": "Bing", "surface": "unpaved", "osm_id": 102744504, "osm_type": "way"}, "geometry": {"type": "LineString", "coordinates": [[-51.1377382, -29.7440003], [-51.1390499, -29.74483], [-51.1396833, -29.7452317]]}}, {"type": "Feature", "properties": {"highway": "residential", "name": "Rua das Três Marias", "source": "Bing", "osm_id": 102744505, "osm_type": "way"}, "geometry": {"type": "LineString", "coordinates": [[-51.1369606, -29.7414794], [-51.1360772, -29.7409168]]}}, {"type": "Feature", "properties": {"highway": "residential", "name": "Rua Anacavitas", "oneway": "yes", "source": "Bing", "surface": "unpaved", "osm_id": 102744506, "osm_type": "way"}, "geometry": {"type": "LineString", "coordinates": [[-51.1405516, -29.7432458], [-51.141249, -29.7431909], [-51.1420344, -29.7431297], [-51.1427672, -29.7430725], [-51.1434952, -29.7430157], [-51.1440938, -29.742969]]}}, {"type": "Feature", "properties": {"highway": "residential", "name": "Rua Sepé Tiaraju", "source": "Bing", "surface": "unpaved", "osm_id": 102744507, "osm_type": "way"}, "geometry": {"type": "LineString", "coordinates": [[-51.1396369, -29.7475373], [-51.1396813, -29.7476121], [-51.1396651, -29.7476996], [-51.1394509, -29.7479937], [-51.1391171, -29.7483885], [-51.1388067, -29.7487605], [-51.1384804, -29.7491397], [-51.1381617, -29.7495184], [-51.1377518, -29.7500273]]}}, {"type": "Feature", "properties": {"alt_name": "Rua 17; Rua Dezessete", "highway": "residential", "name": "Rua Domingos de Brito Peixoto", "source": "Bing", "surface": "unpaved", "osm_id": 102744508, "osm_type": "way"}, "geometry": {"type": "LineString", "coordinates": [[-51.1364616, -29.7455031], [-51.1377768, -29.7463354], [-51.138799, -29.7469837], [-51.1396369, -29.7475373]]}}, {"type": "Feature", "properties": {"highway": "residential", "name": "Rua Dom Manuel Lobo", "source": "Bing", "surface": "unpaved", "osm_id": 102744510, "osm_type": "way"}, "geometry": {"type": "LineString", "coordinates": [[-51.1387094, -29.742857], [-51.1400106, -29.743694], [-51.1403555, -29.7439042]]}}, {"type": "Feature", "properties": {"highway": "residential", "name": "Rua Pitangueiras", "source": "Bing", "surface": "unpaved", "osm_id": 102744511, "osm_type": "way"}, "geometry": {"type": "LineString", "coordinates": [[-51.1426047, -29.7412921], [-51.1427183, -29.7414242], [-51.1427344, -29.7416416], [-51.1427672, -29.7430725], [-51.1427749, -29.7432855], [-51.1428189, -29.7447134], [-51.1428594, -29.7461384]]}}, {"type": "Feature", "properties": {"highway": "residential", "name": "Rua Campina Verde", "source": "Bing", "osm_id": 102748261, "osm_type": "way"}, "geometry": {"type": "LineString", "coordinates": [[-51.1610773, -29.7394533], [-51.1624124, -29.7382522]]}}, {"type": "Feature", "properties": {"highway": "residential", "name": "Rua Picada Café", "osm_id": 102748262, "osm_type": "way"}, "geometry": {"type": "LineString", "coordinates": [[-51.1622045, -29.7407376], [-51.163572, -29.7417187], [-51.1647882, -29.7425501], [-51.165984, -29.7433675]]}}, {"type": "Feature", "properties": {"alt_name": "Avenida Tomaz Edison", "highway": "residential", "name": "Rua Lobo da Costa", "osm_id": 102748264, "osm_type": "way"}, "geometry": {"type": "LineString", "coordinates": [[-51.1556364, -29.7403063], [-51.1557314, -29.7403202], [-51.1557784, -29.7403616], [-51.1559635, -29.7405133], [-51.1560664, -29.7405976], [-51.1567978, -29.7411969]]}}, {"type": "Feature", "properties": {"alt_name": "Avenida Atalíbio Taurino de Rezende;Avenida Atalibio Rezende", "fixme": "Is this really oneway=yes? Looking from the aerial images, I'd say it is not -- at least this would explain a couple of \"mysterious\" sections. Must survey.", "highway": "secondary", "name": "Avenida Coronel Atalíbio Taurino de Rezende", "oneway": "yes", "source": "Bing;IBGE", "osm_id": 102748267, "osm_type": "way"}, "geometry": {"type": "LineString", "coordinates": [[-51.1557812, -29.7428608], [-51.1552017, -29.7430739], [-51.1531694, -29.7437955], [-51.1530124, -29.743865], [-51.1519965, -29.7442302]]}}, {"type": "Feature", "properties": {"alt_name": "Avenida Atalíbio Taurino de Rezende", "fixme": "What's the purpose of this way? There must some turning restrictions or oneways here...", "highway": "secondary", "oneway": "yes", "source": "Bing", "osm_id": 102748268, "osm_type": "way"}, "geometry": {"type": "LineString", "coordinates": [[-51.1560063, -29.7426535], [-51.1561738, -29.742618], [-51.1564544, -29.7426057]]}}, {"type": "Feature", "properties": {"highway": "residential", "name": "Rua Genuíno Sampaio", "osm_id": 102748270, "osm_type": "way"}, "geometry": {"type": "LineString", "coordinates": [[-51.1665219, -29.7428276], [-51.1653291, -29.7419892], [-51.1641007, -29.7411427], [-51.1630624, -29.7403977]]}}, {"type": "Feature", "properties": {"fixme": "What's the purpose of this way? There must some turning restrictions or oneways here...", "highway": "service", "osm_id": 102748273, "osm_type": "way"}, "geometry": {"type": "LineString", "coordinates": [[-51.1515856, -29.7442523], [-51.1519965, -29.7442302]]}}, {"type": "Feature", "properties": {"alt_name": "Avenida Atalíbio Taurino de Rezende", "highway": "secondary", "name": "Avenida Coronel Atalíbio Taurino de Rezende", "oneway": "no", "source": "Bing;IBGE", "osm_id": 102748274, "osm_type": "way"}, "geometry": {"type": "LineString", "coordinates": [[-51.1632711, -29.7399895], [-51.1629393, -29.7402279], [-51.1625359, -29.7404067], [-51.1611519, -29.7409116], [-51.1590014, -29.7416899]]}}, {"type": "Feature", "properties": {"highway": "secondary", "junction": "roundabout", "oneway": "yes", "osm_id": 102748275, "osm_type": "way"}, "geometry": {"type": "LineString", "coordinates": [[-51.1557487, -29.7427413], [-51.1557759, -29.7426888], [-51.1558091, -29.7426519], [-51.1558379, -29.7426424], [-51.155884, -29.7426302], [-51.1559497, -29.7426319], [-51.1559754, -29.7426417], [-51.1560063, -29.7426535], [-51.1560538, -29.7426966], [-51.156077, -29.7427499], [-51.1560749, -29.7428058], [-51.1560426, -29.742864], [-51.1559994, -29.7428999], [-51.1559409, -29.7429164], [-51.1558755, -29.7429151], [-51.1558165, -29.7428927], [-51.1557812, -29.7428608], [-51.1557706, -29.7428512], [-51.1557464, -29.7427948], [-51.1557487, -29.7427413]]}}, {"type": "Feature", "properties": {"alt_name": "Avenida Atalíbio Taurino de Rezende", "highway": "secondary", "name": "Avenida Coronel Atalíbio Taurino de Rezende", "oneway": "no", "source": "Bing; IBGE", "surface": "asphalt", "osm_id": 102748278, "osm_type": "way"}, "geometry": {"type": "LineString", "coordinates": [[-51.1659345, -29.7380635], [-51.1655778, -29.7381881], [-51.1652554, -29.7383679], [-51.1650452, -29.7385119], [-51.1647742, -29.7387393], [-51.1642168, -29.7392314]]}}, {"type": "Feature", "properties": {"highway": "residential", "osm_id": 102748279, "osm_type": "way"}, "geometry": {"type": "LineString", "coordinates": [[-51.1638064, -29.7382362], [-51.1638692, -29.7382245], [-51.1644061, -29.7378348]]}}, {"type": "Feature", "properties": {"highway": "residential", "name": "Travessa Lusitana", "source": "Bing", "osm_id": 102748283, "osm_type": "way"}, "geometry": {"type": "LineString", "coordinates": [[-51.1616309, -29.7399122], [-51.1629229, -29.7387457]]}}, {"type": "Feature", "properties": {"alt_name": "Avenida Atalibio Taurino de Rezende", "highway": "residential", "name": "Avenida Coronel Atalíbio Taurino de Rezende", "oneway": "yes", "source": "Bing; IBGE", "osm_id": 102748284, "osm_type": "way"}, "geometry": {"type": "LineString", "coordinates": [[-51.1559754, -29.7426417], [-51.1560358, -29.7425676], [-51.1561105, -29.7425223], [-51.1570119, -29.7421877], [-51.1573475, -29.7420611], [-51.1577721, -29.7419009], [-51.1582519, -29.7417254], [-51.1587935, -29.7415191], [-51.1596785, -29.7412182], [-51.1605049, -29.7409035], [-51.1612914, -29.7406154], [-51.1621036, -29.7403041]]}}, {"type": "Feature", "properties": {"highway": "secondary", "maxheight": "default", "maxspeed": "60", "name": "Avenida Senador Salgado Filho", "oneway": "yes", "source": "Bing;survey", "source:maxspeed": "implicit", "surface": "asphalt", "osm_id": 102748286, "osm_type": "way"}, "geometry": {"type": "LineString", "coordinates": [[-51.1503248, -29.7446672], [-51.1504372, -29.7442142], [-51.1503744, -29.7424399]]}}, {"type": "Feature", "properties": {"highway": "secondary", "maxheight": "default", "maxspeed": "60", "name": "Avenida Atalibio Taurino de Rezende", "oneway": "yes", "source:maxspeed": "implicit", "osm_id": 102748287, "osm_type": "way"}, "geometry": {"type": "LineString", "coordinates": [[-51.1512985, -29.7452031], [-51.1512595, -29.7450682], [-51.1512651, -29.7450096], [-51.1512884, -29.7448939], [-51.1512901, -29.7447003], [-51.151244, -29.7445179]]}}, {"type": "Feature", "properties": {"alt_name": "Rua 25 de Agosto", "highway": "residential", "name": "Rua Vinte e Cinco de Agosto", "source": "Bing", "osm_id": 102750299, "osm_type": "way"}, "geometry": {"type": "LineString", "coordinates": [[-51.1406724, -29.7364186], [-51.1409114, -29.7361379], [-51.1411034, -29.7358847], [-51.1415324, -29.7353461], [-51.1417766, -29.7351929], [-51.1423562, -29.7350723]]}}, {"type": "Feature", "properties": {"highway": "residential", "name": "Rua Curitiba", "source": "Bing", "osm_id": 102750300, "osm_type": "way"}, "geometry": {"type": "LineString", "coordinates": [[-51.1411034, -29.7358847], [-51.1414306, -29.7361033]]}}, {"type": "Feature", "properties": {"highway": "residential", "name": "Rua Recife", "source": "Bing", "osm_id": 102750303, "osm_type": "way"}, "geometry": {"type": "LineString", "coordinates": [[-51.1418943, -29.735596], [-51.1415324, -29.7353461]]}}, {"type": "Feature", "properties": {"highway": "secondary", "name": "Avenida Coronel Atalíbio Taurino de Rezende", "source": "survey", "source:name": "IBGE", "surface": "asphalt", "osm_id": 102750305, "osm_type": "way"}, "geometry": {"type": "LineString", "coordinates": [[-51.147393, -29.7464119], [-51.1465661, -29.7467912], [-51.1461945, -29.7469793], [-51.1458663, -29.7472084], [-51.1456303, -29.7474263], [-51.1454329, -29.7477578], [-51.1452438, -29.7481416]]}}, {"type": "Feature", "properties": {"alt_name": "Rua Leopoldo Wasun", "highway": "tertiary", "maxheight": "default", "name": "Avenida Leopoldo Wasun", "oneway": "yes", "source": "Bing; survey", "surface": "asphalt", "osm_id": 102750306, "osm_type": "way"}, "geometry": {"type": "LineString", "coordinates": [[-51.1401792, -29.7361183], [-51.1402572, -29.7360366], [-51.1407181, -29.7354962], [-51.1411903, -29.7349499], [-51.1416566, -29.7344351], [-51.14187, -29.7341913], [-51.1419231, -29.7341306], [-51.1419714, -29.7340755]]}}, {"type": "Feature", "properties": {"highway": "residential", "name": "Rua Natal", "source": "Bing", "osm_id": 102750307, "osm_type": "way"}, "geometry": {"type": "LineString", "coordinates": [[-51.1417766, -29.7351929], [-51.1416638, -29.7351068], [-51.1413834, -29.7348999]]}}, {"type": "Feature", "properties": {"highway": "tertiary", "lanes": "2", "maxspeed": "40", "name": "Rua Leopoldo Wasun", "oneway": "no", "source": "survey; Bing; IBGE", "source:maxspeed": "sign", "surface": "asphalt", "osm_id": 103373852, "osm_type": "way"}, "geometry": {"type": "LineString", "coordinates": [[-51.1377287, -29.7335626], [-51.1372661, -29.7341187], [-51.1362008, -29.7353331], [-51.1351437, -29.7365483], [-51.1340633, -29.7377542], [-51.1331992, -29.7387053]]}}, {"type": "Feature", "properties": {"highway": "tertiary", "name": "Avenida Doutor Mário Sperb", "oneway": "no", "source": "Bing; survey", "osm_id": 104742516, "osm_type": "way"}, "geometry": {"type": "LineString", "coordinates": [[-51.1316452, -29.7735428], [-51.1315892, -29.7735023]]}}, {"type": "Feature", "properties": {"highway": "service", "osm_id": 104742521, "osm_type": "way"}, "geometry": {"type": "LineString", "coordinates": [[-51.1305362, -29.7746311], [-51.1304555, -29.7745693], [-51.1304232, -29.7745446]]}}, {"type": "Feature", "properties": {"highway": "secondary", "lanes": "2", "name": "Avenida São Borja", "oneway": "yes", "surface": "asphalt", "osm_id": 104742523, "osm_type": "way"}, "geometry": {"type": "LineString", "coordinates": [[-51.1315457, -29.7734722], [-51.1321263, -29.7728895], [-51.1325296, -29.7724975], [-51.1327098, -29.7723418], [-51.1329287, -29.7721219], [-51.133577, -29.7714774], [-51.1344638, -29.7706209]]}}, {"type": "Feature", "properties": {"highway": "secondary", "lanes": "2", "maxspeed": "40", "name": "Avenida São Borja", "oneway": "yes", "surface": "asphalt", "osm_id": 104742524, "osm_type": "way"}, "geometry": {"type": "LineString", "coordinates": [[-51.1304232, -29.7745446], [-51.1307564, -29.7742263], [-51.1315457, -29.7734722]]}}, {"type": "Feature", "properties": {"highway": "secondary", "lanes": "2", "name": "Avenida São Borja", "oneway": "yes", "surface": "asphalt", "osm_id": 104742525, "osm_type": "way"}, "geometry": {"type": "LineString", "coordinates": [[-51.1322293, -29.7729799], [-51.1321645, -29.7730428], [-51.1316452, -29.7735428]]}}, {"type": "Feature", "properties": {"highway": "tertiary", "lit": "yes", "name": "Rua Dona Leopoldina", "source": "Yahoo; Bing; survey", "source:name": "survey", "surface": "asphalt", "osm_id": 104746011, "osm_type": "way"}, "geometry": {"type": "LineString", "coordinates": [[-51.1269332, -29.7674707], [-51.1279065, -29.7669774], [-51.1279383, -29.766942], [-51.1279548, -29.7668951]]}}, {"type": "Feature", "properties": {"highway": "primary", "lanes": "2", "lit": "yes", "maxheight": "4.5", "maxspeed": "50", "name": "Avenida João Corrêa", "oneway": "yes", "surface": "asphalt", "osm_id": 104746760, "osm_type": "way"}, "geometry": {"type": "LineString", "coordinates": [[-51.1414191, -29.7700351], [-51.1415344, -29.7700561], [-51.1417423, -29.7700968], [-51.1420561, -29.7701678], [-51.1421594, -29.7701876]]}}, {"type": "Feature", "properties": {"access": "private", "highway": "service", "service": "driveway", "osm_id": 104746763, "osm_type": "way"}, "geometry": {"type": "LineString", "coordinates": [[-51.1454505, -29.7644548], [-51.1454252, -29.7645279], [-51.1454086, -29.7645994]]}}, {"type": "Feature", "properties": {"layer": "-1", "name": "Arroio Gauchinho", "source": "Bing;IBGE", "tunnel": "yes", "waterway": "stream", "osm_id": 104746869, "osm_type": "way"}, "geometry": {"type": "LineString", "coordinates": [[-51.1298743, -29.741828], [-51.129797, -29.7420244], [-51.1297397, -29.7421736]]}}, {"type": "Feature", "properties": {"fixme": "This stream defines the actual boundary between São Leopoldo and Novo Hamburgo.", "name": "Arroio Gauchinho", "source": "Bing; IBGE", "waterway": "stream", "osm_id": 104746870, "osm_type": "way"}, "geometry": {"type": "LineString", "coordinates": [[-51.1296833, -29.7423203], [-51.1296053, -29.7426911], [-51.1295028, -29.7431537], [-51.1294826, -29.7434233]]}}, {"type": "Feature", "properties": {"highway": "residential", "lanes": "2", "lit": "yes", "name": "Rua Presidente Roosevelt", "oneway": "yes", "surface": "sett", "osm_id": 104908538, "osm_type": "way"}, "geometry": {"type": "LineString", "coordinates": [[-51.1441442, -29.7655322], [-51.1434482, -29.7654018], [-51.1434053, -29.7653937], [-51.1433396, -29.7653832], [-51.1425698, -29.7652424]]}}, {"type": "Feature", "properties": {"highway": "primary", "maxheight": "default", "name": "Avenida Mauá", "oneway": "yes", "osm_id": 104908541, "osm_type": "way"}, "geometry": {"type": "LineString", "coordinates": [[-51.140147, -29.7634824], [-51.1402765, -29.7627848], [-51.1403865, -29.7621584]]}}, {"type": "Feature", "properties": {"alt_name": "Avenida Imperatriz Leopoldina", "cycleway": "lane", "highway": "secondary", "lanes": "2", "lit": "yes", "maxheight": "default", "maxspeed": "50", "name": "Avenida Imperatriz Dona Leopoldina", "oneway": "yes", "surface": "asphalt", "osm_id": 104909189, "osm_type": "way"}, "geometry": {"type": "LineString", "coordinates": [[-51.140147, -29.7634824], [-51.1399358, -29.7634984], [-51.1390682, -29.7633394], [-51.1390246, -29.7633319], [-51.1389595, -29.7633203], [-51.1381166, -29.7631695], [-51.1375581, -29.7630712], [-51.1367299, -29.7629233], [-51.1366649, -29.7629117], [-51.1360111, -29.7628092], [-51.1357449, -29.7627673], [-51.1356062, -29.7627541], [-51.1346268, -29.762659]]}}, {"type": "Feature", "properties": {"highway": "service", "surface": "asphalt", "osm_id": 104913740, "osm_type": "way"}, "geometry": {"type": "LineString", "coordinates": [[-51.1381435, -29.7630467], [-51.1381307, -29.7631119], [-51.1381166, -29.7631695]]}}, {"type": "Feature", "properties": {"alt_name": "Avenida Imperatriz Leopoldina", "cycleway": "lane", "highway": "secondary", "lanes": "2", "lit": "yes", "maxspeed": "50", "name": "Avenida Imperatriz Dona Leopoldina", "oneway": "yes", "sidewalk": "both", "surface": "asphalt", "osm_id": 104913749, "osm_type": "way"}, "geometry": {"type": "LineString", "coordinates": [[-51.1346268, -29.762659], [-51.1335923, -29.7625571], [-51.1329164, -29.7624827], [-51.1328877, -29.7624803], [-51.1328408, -29.762475]]}}, {"type": "Feature", "properties": {"highway": "service", "surface": "asphalt", "osm_id": 104913751, "osm_type": "way"}, "geometry": {"type": "LineString", "coordinates": [[-51.117562, -29.7608357], [-51.1175439, -29.7608904], [-51.1175194, -29.760933]]}}, {"type": "Feature", "properties": {"highway": "service", "surface": "asphalt", "osm_id": 104913752, "osm_type": "way"}, "geometry": {"type": "LineString", "coordinates": [[-51.1366649, -29.7629117], [-51.136677, -29.7628703], [-51.1366964, -29.76279]]}}, {"type": "Feature", "properties": {"highway": "service", "surface": "asphalt", "osm_id": 104913757, "osm_type": "way"}, "geometry": {"type": "LineString", "coordinates": [[-51.1360111, -29.7628092], [-51.1360178, -29.762744], [-51.1360239, -29.7626753]]}}, {"type": "Feature", "properties": {"alt_name": "Avenida Imperatriz Leopoldina", "cycleway": "lane", "highway": "secondary", "name": "Avenida Imperatriz Dona Leopoldina", "oneway": "yes", "osm_id": 104913781, "osm_type": "way"}, "geometry": {"type": "LineString", "coordinates": [[-51.1080896, -29.7581689], [-51.1085586, -29.7582909], [-51.108742, -29.758342], [-51.109193, -29.7584801], [-51.1102572, -29.7587752], [-51.1110465, -29.7589937], [-51.1110902, -29.7590061], [-51.1119175, -29.7592502], [-51.1127401, -29.759491], [-51.1130501, -29.7595838], [-51.1136463, -29.7597574], [-51.1154416, -29.7603017], [-51.1159852, -29.7604642], [-51.1165068, -29.7605937], [-51.1171667, -29.7607517], [-51.117562, -29.7608357], [-51.1182419, -29.7609142]]}}, {"type": "Feature", "properties": {"highway": "residential", "surface": "asphalt", "osm_id": 104913790, "osm_type": "way"}, "geometry": {"type": "LineString", "coordinates": [[-51.1335963, -29.7624321], [-51.1335966, -29.762505], [-51.1335923, -29.7625571]]}}, {"type": "Feature", "properties": {"alt_name": "Avenida Senador Salgado Filho", "highway": "tertiary", "lanes": "2", "maxspeed": "60", "name": "Avenida Arnaldo Pereira da Silva", "oneway": "no", "source:maxspeed": "sign", "surface": "asphalt", "osm_id": 105965620, "osm_type": "way"}, "geometry": {"type": "LineString", "coordinates": [[-51.1485821, -29.7353472], [-51.1486138, -29.7357409], [-51.14863, -29.7363217], [-51.148707, -29.7371471], [-51.14879, -29.7380003], [-51.1488102, -29.7381611]]}}, {"type": "Feature", "properties": {"highway": "residential", "maxspeed": "30", "name": "Rua Eldorado", "source": "Bing", "source:maxspeed": "implicit", "surface": "dirt", "osm_id": 106012642, "osm_type": "way"}, "geometry": {"type": "LineString", "coordinates": [[-51.1337262, -29.7390863], [-51.1331566, -29.7396079], [-51.1327653, -29.7397406], [-51.1320578, -29.7398267], [-51.1313439, -29.7398838], [-51.1309751, -29.7401483], [-51.1298722, -29.7413822], [-51.1297086, -29.7415243], [-51.1295208, -29.7415988], [-51.1291936, -29.7415499], [-51.1288288, -29.741487], [-51.1283769, -29.7413799], [-51.1281154, -29.7412041], [-51.1279906, -29.7410573], [-51.1278927, -29.7408128], [-51.1271046, -29.7384391]]}}, {"type": "Feature", "properties": {"highway": "residential", "source": "Bing", "surface": "unpaved", "osm_id": 106012646, "osm_type": "way"}, "geometry": {"type": "LineString", "coordinates": [[-51.1283223, -29.7406373], [-51.1282857, -29.7406911], [-51.1278927, -29.7408128]]}}, {"type": "Feature", "properties": {"highway": "residential", "name": "Rua Oito", "source": "Bing", "surface": "unpaved", "osm_id": 106012684, "osm_type": "way"}, "geometry": {"type": "LineString", "coordinates": [[-51.1276992, -29.7380459], [-51.1297282, -29.7375651]]}}, {"type": "Feature", "properties": {"highway": "residential", "name": "Avenida Floresta", "source": "Bing", "surface": "unpaved", "osm_id": 106012783, "osm_type": "way"}, "geometry": {"type": "LineString", "coordinates": [[-51.1313439, -29.7398838], [-51.1312911, -29.7395633], [-51.1312549, -29.7393991], [-51.1311811, -29.7391989], [-51.1310913, -29.7390673], [-51.1308405, -29.7388728], [-51.1307064, -29.7387773], [-51.1304703, -29.7386271], [-51.1302356, -29.7384082], [-51.1298615, -29.737961], [-51.1297787, -29.7377034], [-51.1297282, -29.7375651], [-51.1297028, -29.7373633], [-51.1297075, -29.737166], [-51.1297666, -29.7368617], [-51.1298071, -29.7367183], [-51.1298471, -29.7365771], [-51.1299396, -29.7361826], [-51.1300292, -29.7354447], [-51.1300408, -29.7353225], [-51.1300759, -29.7350451], [-51.1301161, -29.7345553], [-51.1301403, -29.7343463], [-51.1301769, -29.7342445]]}}, {"type": "Feature", "properties": {"highway": "residential", "name": "Rua Vista Alegre", "source": "Bing", "surface": "unpaved", "osm_id": 106012791, "osm_type": "way"}, "geometry": {"type": "LineString", "coordinates": [[-51.1277929, -29.7384599], [-51.1298615, -29.737961]]}}, {"type": "Feature", "properties": {"highway": "residential", "maxspeed": "30", "name": "Rua Mauro Chika", "source": "Bing", "source:maxspeed": "implicit", "surface": "unpaved", "osm_id": 106012873, "osm_type": "way"}, "geometry": {"type": "LineString", "coordinates": [[-51.1337262, -29.7390863], [-51.1331992, -29.7387053]]}}, {"type": "Feature", "properties": {"highway": "residential", "name": "Rua da Divisa", "source": "Bing", "surface": "unpaved", "osm_id": 106012933, "osm_type": "way"}, "geometry": {"type": "LineString", "coordinates": [[-51.1283223, -29.7406373], [-51.1281897, -29.7398851], [-51.127998, -29.7390758], [-51.1277929, -29.7384599], [-51.1277448, -29.738307], [-51.1276992, -29.7380459], [-51.127593, -29.7376384]]}}, {"type": "Feature", "properties": {"highway": "residential", "lanes": "2", "name": "Rua Flores da Cunha", "oneway": "no", "sidewalk": "both", "surface": "sett", "osm_id": 107248470, "osm_type": "way"}, "geometry": {"type": "LineString", "coordinates": [[-51.1421125, -29.7638046], [-51.1420856, -29.7639047], [-51.1417642, -29.765082], [-51.1417604, -29.765098], [-51.1417325, -29.7652047], [-51.141462, -29.7663611]]}}, {"type": "Feature", "properties": {"access": "permissive", "highway": "service", "service": "driveway", "osm_id": 107248473, "osm_type": "way"}, "geometry": {"type": "LineString", "coordinates": [[-51.1446944, -29.7705436], [-51.1448864, -29.7705766], [-51.1450735, -29.7706065]]}}, {"type": "Feature", "properties": {"highway": "residential", "lanes": "1", "name": "Rua Flores da Cunha", "oneway": "yes", "surface": "asphalt", "osm_id": 107248487, "osm_type": "way"}, "geometry": {"type": "LineString", "coordinates": [[-51.1421956, -29.7634856], [-51.1422841, -29.7631806], [-51.1423284, -29.7630223], [-51.142374, -29.7628325], [-51.1424156, -29.7626206], [-51.1424343, -29.7625368]]}}, {"type": "Feature", "properties": {"highway": "residential", "oneway": "yes", "surface": "asphalt", "osm_id": 107385248, "osm_type": "way"}, "geometry": {"type": "LineString", "coordinates": [[-51.1478872, -29.76178], [-51.1476352, -29.7617249]]}}, {"type": "Feature", "properties": {"highway": "service", "service": "driveway", "osm_id": 107385249, "osm_type": "way"}, "geometry": {"type": "LineString", "coordinates": [[-51.1465555, -29.7646056], [-51.1465141, -29.7647789], [-51.1464991, -29.7648465]]}}, {"type": "Feature", "properties": {"highway": "service", "service": "driveway", "osm_id": 107391278, "osm_type": "way"}, "geometry": {"type": "LineString", "coordinates": [[-51.1490654, -29.7445217], [-51.1492444, -29.7444705]]}}, {"type": "Feature", "properties": {"highway": "residential", "surface": "unpaved", "osm_id": 107391279, "osm_type": "way"}, "geometry": {"type": "LineString", "coordinates": [[-51.1486137, -29.7425727], [-51.1486235, -29.7429612], [-51.1485069, -29.743534], [-51.1484747, -29.7438251], [-51.1484935, -29.7442386], [-51.1485471, -29.7446356], [-51.1485471, -29.7447567], [-51.1484774, -29.7452108], [-51.1484465, -29.7452463]]}}, {"type": "Feature", "properties": {"highway": "residential", "surface": "unpaved", "osm_id": 107391280, "osm_type": "way"}, "geometry": {"type": "LineString", "coordinates": [[-51.1484935, -29.7442386], [-51.1482882, -29.7442211], [-51.1480173, -29.7442211], [-51.1478926, -29.7442211], [-51.1478169, -29.7442176]]}}, {"type": "Feature", "properties": {"highway": "service", "service": "driveway", "osm_id": 107391282, "osm_type": "way"}, "geometry": {"type": "LineString", "coordinates": [[-51.1497424, -29.7445282], [-51.1493391, -29.7447029]]}}, {"type": "Feature", "properties": {"highway": "residential", "surface": "unpaved", "osm_id": 107391284, "osm_type": "way"}, "geometry": {"type": "LineString", "coordinates": [[-51.1476198, -29.7452638], [-51.1477036, -29.745272], [-51.1478759, -29.7452836], [-51.1480871, -29.74529], [-51.1484465, -29.7452463]]}}, {"type": "Feature", "properties": {"highway": "service", "service": "driveway", "osm_id": 107391285, "osm_type": "way"}, "geometry": {"type": "LineString", "coordinates": [[-51.1492444, -29.7444705], [-51.1492983, -29.7444586], [-51.1495688, -29.7443984], [-51.1497091, -29.7443836]]}}, {"type": "Feature", "properties": {"highway": "service", "service": "driveway", "osm_id": 107391287, "osm_type": "way"}, "geometry": {"type": "LineString", "coordinates": [[-51.1497424, -29.7445282], [-51.1497091, -29.7443836], [-51.1497169, -29.7442546], [-51.1498005, -29.7440592]]}}, {"type": "Feature", "properties": {"highway": "service", "service": "driveway", "osm_id": 107391288, "osm_type": "way"}, "geometry": {"type": "LineString", "coordinates": [[-51.1492444, -29.7444705], [-51.1492003, -29.7443728], [-51.1491306, -29.7442485]]}}, {"type": "Feature", "properties": {"highway": "service", "service": "driveway", "osm_id": 107391290, "osm_type": "way"}, "geometry": {"type": "LineString", "coordinates": [[-51.149294, -29.7449509], [-51.1493391, -29.7447029], [-51.1493105, -29.7445868], [-51.1492444, -29.7444705]]}}, {"type": "Feature", "properties": {"bridge": "yes", "bus": "no", "hgv": "no", "highway": "tertiary", "lanes": "2", "layer": "1", "lit": "yes", "maxspeed": "40", "name": "Ponte 25 de Julho", "oneway": "no", "source:maxspeed": "implicit", "surface": "asphalt", "osm_id": 107499002, "osm_type": "way"}, "geometry": {"type": "LineString", "coordinates": [[-51.1485081, -29.758934], [-51.1484657, -29.7590858], [-51.1482361, -29.7599578]]}}, {"type": "Feature", "properties": {"highway": "tertiary", "maxspeed": "40", "name": "Avenida Caxias do Sul", "oneway": "yes", "source:maxspeed": "implicit", "osm_id": 107499003, "osm_type": "way"}, "geometry": {"type": "LineString", "coordinates": [[-51.1486922, -29.7582802], [-51.1486393, -29.7584116]]}}, {"type": "Feature", "properties": {"bridge": "yes", "highway": "tertiary", "layer": "1", "maxspeed": "40", "name": "Avenida Caxias do Sul", "oneway": "yes", "source:maxspeed": "implicit", "osm_id": 107499004, "osm_type": "way"}, "geometry": {"type": "LineString", "coordinates": [[-51.1488139, -29.7578672], [-51.1486922, -29.7582802]]}}, {"type": "Feature", "properties": {"highway": "tertiary", "maxspeed": "40", "name": "Avenida Caxias do Sul", "oneway": "no", "source:maxspeed": "implicit", "osm_id": 107499005, "osm_type": "way"}, "geometry": {"type": "LineString", "coordinates": [[-51.1486393, -29.7584116], [-51.1485431, -29.7588031], [-51.1485221, -29.7588803], [-51.1485081, -29.758934]]}}, {"type": "Feature", "properties": {"landuse": "industrial", "name": "Cimpor Concreto", "website": "http://www.cimpor.com.br", "osm_id": 107605801, "osm_type": "way"}, "geometry": {"type": "Polygon", "coordinates": [[[-51.1482746, -29.7420492], [-51.1481786, -29.7425864], [-51.1488835, -29.7425286], [-51.148813, -29.7419982], [-51.1482746, -29.7420492]]]}}, {"type": "Feature", "properties": {"highway": "motorway", "lanes": "3", "lit": "yes", "maxheight": "5.5", "maxspeed": "80", "oneway": "yes", "ref": "BR-116", "surface": "asphalt", "osm_id": 107746219, "osm_type": "way"}, "geometry": {"type": "LineString", "coordinates": [[-51.1498806, -29.7362816], [-51.1498549, -29.7360063], [-51.1498602, -29.7356485], [-51.1498597, -29.7354357], [-51.14979, -29.7346697], [-51.1497628, -29.7344089]]}}, {"type": "Feature", "properties": {"highway": "motorway", "lanes": "3", "lit": "yes", "maxheight": "5.5", "maxspeed": "60", "name": "Rodovia BR-116", "oneway": "yes", "ref": "BR-116", "surface": "asphalt", "osm_id": 107746221, "osm_type": "way"}, "geometry": {"type": "LineString", "coordinates": [[-51.1499148, -29.7365437], [-51.1498806, -29.7362816]]}}, {"type": "Feature", "properties": {"highway": "motorway", "lanes": "3", "maxheight": "5.5", "maxspeed": "80", "name": "Rodovia BR-116", "oneway": "yes", "ref": "BR-116", "surface": "asphalt", "osm_id": 107746232, "osm_type": "way"}, "geometry": {"type": "LineString", "coordinates": [[-51.1501116, -29.7365333], [-51.1502221, -29.7375067], [-51.1502485, -29.7377256], [-51.1503205, -29.7385907]]}}, {"type": "Feature", "properties": {"highway": "motorway", "lanes": "3", "maxheight": "5.5", "maxspeed": "60", "name": "Rodovia BR-116", "oneway": "yes", "ref": "BR-116", "surface": "asphalt", "osm_id": 107746237, "osm_type": "way"}, "geometry": {"type": "LineString", "coordinates": [[-51.15009, -29.7362727], [-51.1501116, -29.7365333]]}}, {"type": "Feature", "properties": {"alt_name": "Rua Germano Hauschild", "highway": "secondary", "lanes": "2", "maxspeed": "40", "name": "Avenida Theodomiro Porto da Fonseca", "oneway": "yes", "surface": "asphalt", "osm_id": 107758671, "osm_type": "way"}, "geometry": {"type": "LineString", "coordinates": [[-51.1472291, -29.7810362], [-51.1472033, -29.781139], [-51.1471782, -29.7812349], [-51.1471305, -29.7814165], [-51.1470566, -29.7816986], [-51.146982, -29.7819829], [-51.1469568, -29.7820816], [-51.1469111, -29.7822606], [-51.1468291, -29.782582], [-51.1467823, -29.7827698], [-51.1467674, -29.7828296], [-51.1467057, -29.7831049], [-51.1466038, -29.7834797], [-51.1465873, -29.7835471], [-51.1465185, -29.7838276], [-51.1464576, -29.7840757]]}}, {"type": "Feature", "properties": {"fixme": "Does this segment exist?", "highway": "residential", "name": "Rua Padre Lipinksi", "osm_id": 107758673, "osm_type": "way"}, "geometry": {"type": "LineString", "coordinates": [[-51.1456396, -29.786407], [-51.145535, -29.7863546]]}}, {"type": "Feature", "properties": {"alt_name": "Rua 1º de Março;Rua 1 de Março;Avenida Primeiro de Março", "highway": "residential", "lanes": "2", "name": "Rua Primeiro de Março", "oneway": "yes", "surface": "asphalt", "osm_id": 107758674, "osm_type": "way"}, "geometry": {"type": "LineString", "coordinates": [[-51.1448202, -29.7735972], [-51.1451568, -29.7722527], [-51.145303, -29.7716288], [-51.1454129, -29.7711783]]}}, {"type": "Feature", "properties": {"highway": "secondary", "lanes": "2", "maxheight": "default", "maxspeed": "60", "name": "Avenida Getúlio Vargas", "oneway": "yes", "source": "Bing; survey", "source:maxspeed": "implicit", "surface": "asphalt", "osm_id": 108059357, "osm_type": "way"}, "geometry": {"type": "LineString", "coordinates": [[-51.1629389, -29.785768], [-51.1629223, -29.7857067], [-51.1628642, -29.7855286], [-51.1627393, -29.7852319], [-51.1626662, -29.7850813], [-51.1625782, -29.7849131], [-51.1624514, -29.784723], [-51.1622974, -29.7845366], [-51.1621582, -29.7843892], [-51.1618602, -29.7840931], [-51.1615719, -29.7838219], [-51.1609751, -29.7832616], [-51.1605728, -29.7828791], [-51.1601463, -29.7824822], [-51.1592996, -29.7817076], [-51.1589497, -29.781377], [-51.1587006, -29.7811332], [-51.1583536, -29.7808161], [-51.15804, -29.780526]]}}, {"type": "Feature", "properties": {"highway": "tertiary", "lanes": "2", "maxheight": "default", "name": "Avenida João Alberto", "oneway": "yes", "source": "survey", "surface": "asphalt", "osm_id": 108060462, "osm_type": "way"}, "geometry": {"type": "LineString", "coordinates": [[-51.1542615, -29.7752502], [-51.1544609, -29.7751422], [-51.1544803, -29.7751317], [-51.1547041, -29.7750105]]}}, {"type": "Feature", "properties": {"highway": "service", "service": "driveway", "osm_id": 108060465, "osm_type": "way"}, "geometry": {"type": "LineString", "coordinates": [[-51.158514, -29.7818619], [-51.1587136, -29.781749], [-51.1588151, -29.7816939], [-51.1588567, -29.781669]]}}, {"type": "Feature", "properties": {"highway": "service", "oneway": "yes", "service": "driveway", "osm_id": 108060469, "osm_type": "way"}, "geometry": {"type": "LineString", "coordinates": [[-51.1588567, -29.781669], [-51.1589198, -29.7815657], [-51.1589286, -29.7815123], [-51.1589497, -29.781377]]}}, {"type": "Feature", "properties": {"highway": "secondary", "lanes": "2", "maxheight": "default", "maxspeed": "40", "name": "Avenida Getúlio Vargas", "oneway": "yes", "source": "Bing; survey", "source:maxspeed": "sign", "surface": "asphalt", "osm_id": 108060470, "osm_type": "way"}, "geometry": {"type": "LineString", "coordinates": [[-51.1544648, -29.7742114], [-51.154326, -29.773723], [-51.1540604, -29.7728162], [-51.1540147, -29.7726555]]}}, {"type": "Feature", "properties": {"highway": "service", "oneway": "yes", "service": "driveway", "osm_id": 108060472, "osm_type": "way"}, "geometry": {"type": "LineString", "coordinates": [[-51.1592996, -29.7817076], [-51.1591084, -29.7816799], [-51.159043, -29.781669], [-51.1588567, -29.781669]]}}, {"type": "Feature", "properties": {"addr:city": "São Leopoldo", "addr:housenumber": "2594", "addr:postcode": "93020-450", "addr:street": "Avenida Getúlio Vargas", "addr:suburb": "Cristo Rei", "industrial": "manufacturing", "landuse": "industrial", "name": "Itapuí", "website": "https://www.itapui.net/", "osm_id": 108060480, "osm_type": "way"}, "geometry": {"type": "Polygon", "coordinates": [[[-51.1585248, -29.7811358], [-51.1583707, -29.7812323], [-51.158029, -29.7819594], [-51.1583246, -29.7822685], [-51.1591546, -29.7817229], [-51.1591084, -29.7816799], [-51.1589286, -29.7815123], [-51.1585248, -29.7811358]]]}}, {"type": "Feature", "properties": {"access": "no", "bus": "yes", "highway": "service", "oneway": "yes", "psv": "yes", "service": "driveway", "osm_id": 108060608, "osm_type": "way"}, "geometry": {"type": "LineString", "coordinates": [[-51.1519194, -29.7603678], [-51.1517268, -29.7600093], [-51.151688, -29.7599231], [-51.1516424, -29.7598766], [-51.1515565, -29.75983], [-51.1514452, -29.7597997], [-51.1512843, -29.7598055], [-51.1510523, -29.7598696], [-51.1503415, -29.7601013], [-51.1499043, -29.7602375], [-51.1494698, -29.760315]]}}, {"type": "Feature", "properties": {"highway": "secondary", "lanes": "2", "maxspeed": "50", "name": "Avenida Dom João Becker", "oneway": "yes", "source:maxspeed": "sign", "surface": "asphalt", "osm_id": 108060627, "osm_type": "way"}, "geometry": {"type": "LineString", "coordinates": [[-51.1481783, -29.7607532], [-51.1480968, -29.7607366], [-51.1479221, -29.7607037]]}}, {"type": "Feature", "properties": {"highway": "residential", "name": "Rua da Estação", "osm_id": 108061179, "osm_type": "way"}, "geometry": {"type": "LineString", "coordinates": [[-51.1476116, -29.7503737], [-51.146512, -29.750417], [-51.1456723, -29.7504758], [-51.145635, -29.7504611]]}}, {"type": "Feature", "properties": {"alt_name": "Rua Sete de Abril", "highway": "residential", "lanes": "2", "name": "Rua 7 de Abril", "oneway": "no", "parking:both": "yes", "parking:both:fee": "no", "parking:both:orientation": "parallel", "source": "survey;Bing", "source:name": "survey", "surface": "asphalt", "osm_id": 108061181, "osm_type": "way"}, "geometry": {"type": "LineString", "coordinates": [[-51.1491484, -29.7510151], [-51.1491727, -29.7515324], [-51.149204, -29.7522549]]}}, {"type": "Feature", "properties": {"alt_name": "Rua Sete de Abril", "highway": "residential", "lanes": "2", "maxspeed:backward": "30", "name": "Rua 7 de Abril", "oneway": "no", "parking:both": "yes", "parking:both:fee": "no", "parking:both:orientation": "parallel", "source": "survey;Bing", "source:name": "survey", "surface": "asphalt", "osm_id": 108061183, "osm_type": "way"}, "geometry": {"type": "LineString", "coordinates": [[-51.1490741, -29.7502803], [-51.1491484, -29.7510151]]}}, {"type": "Feature", "properties": {"highway": "residential", "maxspeed:forward": "30", "name": "Rua da Estação", "osm_id": 108061186, "osm_type": "way"}, "geometry": {"type": "LineString", "coordinates": [[-51.1490741, -29.7502803], [-51.1476839, -29.7503696], [-51.1476116, -29.7503737]]}}, {"type": "Feature", "properties": {"alt_name": "Rua Sete de Abril", "highway": "residential", "lanes": "2", "name": "Rua 7 de Abril", "oneway": "no", "parking:both": "yes", "parking:both:fee": "no", "parking:both:orientation": "parallel", "source": "survey;Bing", "source:name": "survey", "surface": "asphalt", "osm_id": 108061187, "osm_type": "way"}, "geometry": {"type": "LineString", "coordinates": [[-51.149204, -29.7522549], [-51.1491097, -29.7526391], [-51.1488665, -29.7535318], [-51.1488424, -29.7536345], [-51.1485425, -29.7548165], [-51.1482257, -29.7560836], [-51.1478632, -29.7573868]]}}, {"type": "Feature", "properties": {"alt_name": "Rua Feraz de Abreu", "highway": "residential", "name": "Rua Ferraz de Abreu", "source": "Bing; survey", "osm_id": 108061188, "osm_type": "way"}, "geometry": {"type": "LineString", "coordinates": [[-51.149498, -29.7549974], [-51.1495874, -29.7550166], [-51.1505255, -29.7552252], [-51.1515221, -29.7553966]]}}, {"type": "Feature", "properties": {"highway": "residential", "name": "Rua Assembléia Provincial", "osm_id": 108061190, "osm_type": "way"}, "geometry": {"type": "LineString", "coordinates": [[-51.1476177, -29.7521087], [-51.1456838, -29.752005]]}}, {"type": "Feature", "properties": {"highway": "residential", "maxheight": "default", "name": "Rua Adão Hoeffel", "osm_id": 108061194, "osm_type": "way"}, "geometry": {"type": "LineString", "coordinates": [[-51.1492664, -29.7562875], [-51.1502033, -29.7564723], [-51.1513039, -29.756696], [-51.151472, -29.7567424], [-51.1515091, -29.7567625]]}}, {"type": "Feature", "properties": {"alt_name": "Rua Silvino de Freitas", "fixme": "What does that \"B.\" stand for?", "highway": "residential", "name": "Rua Silvino B. de Freitas", "source": "IBGE; Bing; survey", "osm_id": 108062552, "osm_type": "way"}, "geometry": {"type": "LineString", "coordinates": [[-51.1459437, -29.7444192], [-51.1454461, -29.7443489], [-51.1447486, -29.7442637]]}}, {"type": "Feature", "properties": {"highway": "residential", "lanes": "2", "name": "Rua dos Adventistas", "oneway": "no", "source": "IBGE", "surface": "asphalt", "osm_id": 108062553, "osm_type": "way"}, "geometry": {"type": "LineString", "coordinates": [[-51.1468253, -29.7452745], [-51.1474856, -29.7456894], [-51.1475591, -29.7457316]]}}, {"type": "Feature", "properties": {"highway": "residential", "lanes": "2", "name": "Rua Nei Câmara", "oneway": "no", "parking:both": "yes", "parking:both:fee": "no", "parking:both:orientation": "parallel", "source": "IBGE", "surface": "sett", "osm_id": 108062554, "osm_type": "way"}, "geometry": {"type": "LineString", "coordinates": [[-51.1465696, -29.742328], [-51.1473122, -29.742424], [-51.1480818, -29.7425374]]}}, {"type": "Feature", "properties": {"alt_name": "Rua Cruz Vermelha", "highway": "residential", "lanes": "2", "name": "Rua Dona Albertina", "oneway": "no", "parking:both": "yes", "parking:both:fee": "no", "parking:both:orientation": "parallel", "source": "IBGE;survey;Bing", "surface": "sett", "osm_id": 108062555, "osm_type": "way"}, "geometry": {"type": "LineString", "coordinates": [[-51.1483372, -29.7411019], [-51.1475481, -29.7409944], [-51.1467943, -29.7408918], [-51.1460525, -29.7407908], [-51.1452882, -29.7406868]]}}, {"type": "Feature", "properties": {"highway": "motorway", "lanes": "3", "lit": "yes", "maxheight": "5.5", "maxspeed": "80", "name": "Rodovia BR-116", "oneway": "yes", "ref": "BR-116", "surface": "asphalt", "osm_id": 108533839, "osm_type": "way"}, "geometry": {"type": "LineString", "coordinates": [[-51.1507589, -29.7443715], [-51.1504822, -29.7415438], [-51.150397, -29.7406952], [-51.1502965, -29.7396934], [-51.1501933, -29.7385907], [-51.1501309, -29.7380841]]}}, {"type": "Feature", "properties": {"bridge": "yes", "highway": "motorway", "lanes": "3", "layer": "1", "maxheight": "5.5", "maxspeed": "80", "name": "Rodovia BR-116", "oneway": "yes", "ref": "BR-116", "surface": "asphalt", "osm_id": 108533840, "osm_type": "way"}, "geometry": {"type": "LineString", "coordinates": [[-51.1508114, -29.7448737], [-51.1507589, -29.7443715]]}}, {"type": "Feature", "properties": {"highway": "motorway", "lanes": "3", "lit": "yes", "maxheight": "5.5", "maxspeed": "80", "name": "Rodovia BR-116", "oneway": "yes", "ref": "BR-116", "surface": "asphalt", "osm_id": 108533841, "osm_type": "way"}, "geometry": {"type": "LineString", "coordinates": [[-51.1509537, -29.744861], [-51.1510177, -29.7453231], [-51.1513376, -29.7487465], [-51.1514496, -29.7500836]]}}, {"type": "Feature", "properties": {"bridge": "yes", "highway": "motorway", "lanes": "3", "layer": "1", "lit": "yes", "maxheight": "5.5", "maxspeed": "80", "name": "Rodovia BR-116", "oneway": "yes", "ref": "BR-116", "surface": "asphalt", "osm_id": 108533842, "osm_type": "way"}, "geometry": {"type": "LineString", "coordinates": [[-51.1508991, -29.7443647], [-51.1509537, -29.744861]]}}, {"type": "Feature", "properties": {"alt_name": "Rua 1º de Março;Rua 1 de Março;Avenida Primeiro de Março", "highway": "tertiary", "lanes": "2", "lit": "yes", "name": "Rua Primeiro de Março", "oneway": "yes", "surface": "asphalt", "osm_id": 108535137, "osm_type": "way"}, "geometry": {"type": "LineString", "coordinates": [[-51.1454532, -29.7710549], [-51.145771, -29.769793], [-51.1459816, -29.7690072], [-51.1460996, -29.7685532], [-51.146231, -29.7680095], [-51.1464053, -29.7672738], [-51.1467192, -29.7659828]]}}, {"type": "Feature", "properties": {"highway": "motorway", "maxheight": "5.5", "maxspeed": "80", "name": "Rodovia BR-116", "oneway": "yes", "ref": "BR-116", "surface": "asphalt", "osm_id": 108714118, "osm_type": "way"}, "geometry": {"type": "LineString", "coordinates": [[-51.1630851, -29.7859234], [-51.1630364, -29.785718], [-51.162973, -29.7855008], [-51.1628677, -29.7852212], [-51.1627789, -29.7850417], [-51.1626901, -29.7848836], [-51.1626086, -29.7847542], [-51.1625302, -29.7846491], [-51.1624664, -29.7845692], [-51.1624061, -29.7844947], [-51.1622664, -29.7843363], [-51.1615287, -29.7836196], [-51.1610086, -29.7831364], [-51.1604507, -29.7826219], [-51.159858, -29.7820771], [-51.159571, -29.7818036], [-51.1593317, -29.78159], [-51.1587931, -29.7810691], [-51.1584531, -29.7807554], [-51.1579134, -29.7802555], [-51.1574091, -29.779788], [-51.1571087, -29.7795082], [-51.1567681, -29.7791916], [-51.1563818, -29.7788179], [-51.1561391, -29.7785537], [-51.155962, -29.7783349], [-51.1557636, -29.7780381], [-51.1556295, -29.7777506], [-51.1555396, -29.7775329], [-51.1554806, -29.7773385], [-51.1554135, -29.7770987], [-51.1552875, -29.7766471], [-51.1551775, -29.7762315], [-51.1549835, -29.7755708], [-51.1545995, -29.7742677], [-51.1544131, -29.7736811]]}}, {"type": "Feature", "properties": {"highway": "secondary", "maxspeed": "60", "name": "Avenida John Kennedy", "oneway": "yes", "surface": "asphalt", "osm_id": 109256851, "osm_type": "way"}, "geometry": {"type": "LineString", "coordinates": [[-51.1386511, -29.783709], [-51.1382246, -29.7837032], [-51.1381026, -29.7836985], [-51.137424, -29.7836683], [-51.1367735, -29.78364], [-51.1363136, -29.78362], [-51.1345777, -29.7835617]]}}, {"type": "Feature", "properties": {"landuse": "industrial", "name": "Mar Rolamentos", "website": "https://mar-rolamentos.com.br/", "osm_id": 109256868, "osm_type": "way"}, "geometry": {"type": "Polygon", "coordinates": [[[-51.1414637, -29.7836591], [-51.1405231, -29.7836301], [-51.1401308, -29.7836181], [-51.1401487, -29.7831606], [-51.1401625, -29.7828064], [-51.1401669, -29.7826919], [-51.1402892, -29.7827115], [-51.1407912, -29.7827919], [-51.1417791, -29.7829503], [-51.1416735, -29.7831945], [-51.1416475, -29.7832546], [-51.1414637, -29.7836591]]]}}, {"type": "Feature", "properties": {"highway": "tertiary", "lanes": "2", "maxspeed:forward": "30", "name": "Avenida Doutor Mário Sperb", "surface": "asphalt", "osm_id": 109260130, "osm_type": "way"}, "geometry": {"type": "LineString", "coordinates": [[-51.135775, -29.7759535], [-51.1364366, -29.7761679]]}}, {"type": "Feature", "properties": {"alt_name": "Avenida Whilhelm Rotermund; Avenida Wilhelm Rottermund", "highway": "tertiary", "name": "Avenida Wilhelm Rotermund", "osm_id": 109260155, "osm_type": "way"}, "geometry": {"type": "LineString", "coordinates": [[-51.1366045, -29.7774468], [-51.1365402, -29.7777203], [-51.1364946, -29.7778902], [-51.1361608, -29.7788886], [-51.1361216, -29.7797163], [-51.1361273, -29.7803193], [-51.1361257, -29.7804106]]}}, {"type": "Feature", "properties": {"alt_name": "Avenida Whilhelm Rotermund; Avenida Wilhelm Rottermund", "highway": "tertiary", "maxspeed": "30", "name": "Avenida Wilhelm Rotermund", "osm_id": 109260158, "osm_type": "way"}, "geometry": {"type": "LineString", "coordinates": [[-51.1364366, -29.7761679], [-51.1365992, -29.7771592], [-51.1366045, -29.7774468]]}}, {"type": "Feature", "properties": {"alt_name": "Rua Doutor Mário Sperb", "highway": "tertiary", "lanes": "2", "maxspeed:backward": "40", "maxspeed:forward": "30", "name": "Avenida Doutor Mário Sperb", "surface": "asphalt", "osm_id": 109260160, "osm_type": "way"}, "geometry": {"type": "LineString", "coordinates": [[-51.1343612, -29.7753981], [-51.1350528, -29.7757287], [-51.135775, -29.7759535]]}}, {"type": "Feature", "properties": {"highway": "secondary", "lanes": "2", "lit": "yes", "maxspeed": "60", "name": "Avenida Feitoria", "oneway": "yes", "source": "survey; Bing", "surface": "asphalt", "osm_id": 109262537, "osm_type": "way"}, "geometry": {"type": "LineString", "coordinates": [[-51.1214485, -29.7661828], [-51.1206689, -29.7664548], [-51.1197799, -29.7667736], [-51.1194944, -29.7668266]]}}, {"type": "Feature", "properties": {"highway": "secondary", "lanes": "2", "lit": "yes", "maxspeed": "60", "name": "Avenida Feitoria", "oneway": "yes", "source": "survey; Bing", "surface": "asphalt", "osm_id": 109262538, "osm_type": "way"}, "geometry": {"type": "LineString", "coordinates": [[-51.1194944, -29.7668266], [-51.1193698, -29.7668317], [-51.1191555, -29.7668144], [-51.1189355, -29.766782], [-51.1188174, -29.7667373], [-51.1184299, -29.7665786], [-51.117869, -29.7663228], [-51.1175548, -29.7661737], [-51.1174803, -29.7661383], [-51.1172816, -29.766034], [-51.1167289, -29.7657926], [-51.1166808, -29.7657716], [-51.116266, -29.7656189], [-51.1157981, -29.7654665], [-51.114969, -29.7652084], [-51.1146566, -29.7651186], [-51.1145808, -29.765095], [-51.1144334, -29.7650491], [-51.1142025, -29.7649658], [-51.1140096, -29.7648733], [-51.1137868, -29.7647448], [-51.1136827, -29.764682]]}}, {"type": "Feature", "properties": {"highway": "motorway", "lanes": "3", "maxheight": "5.5", "maxspeed": "80", "name": "Rodovia BR-116", "oneway": "yes", "ref": "BR-116", "surface": "asphalt", "osm_id": 109277048, "osm_type": "way"}, "geometry": {"type": "LineString", "coordinates": [[-51.1512447, -29.7495081], [-51.1510735, -29.7474258]]}}, {"type": "Feature", "properties": {"highway": "motorway", "lanes": "3", "maxheight": "5.5", "maxspeed": "80", "name": "Rodovia BR-116", "oneway": "yes", "ref": "BR-116", "surface": "asphalt", "osm_id": 109277049, "osm_type": "way"}, "geometry": {"type": "LineString", "coordinates": [[-51.1510735, -29.7474258], [-51.1508524, -29.7453237], [-51.1508114, -29.7448737]]}}, {"type": "Feature", "properties": {"highway": "motorway", "lanes": "3", "maxheight": "5.5", "maxspeed": "80", "name": "Rodovia BR-116", "oneway": "yes", "ref": "BR-116", "surface": "asphalt", "osm_id": 112370810, "osm_type": "way"}, "geometry": {"type": "LineString", "coordinates": [[-51.1512953, -29.7501165], [-51.1512447, -29.7495081]]}}, {"type": "Feature", "properties": {"highway": "secondary", "maxheight": "default", "maxspeed": "60", "name": "Avenida Senador Salgado Filho", "oneway": "yes", "source:maxspeed": "implicit", "osm_id": 112370811, "osm_type": "way"}, "geometry": {"type": "LineString", "coordinates": [[-51.1505789, -29.7454236], [-51.1504662, -29.7452504], [-51.1503898, -29.7450606], [-51.1503612, -29.7450086], [-51.1503104, -29.7449616], [-51.1502214, -29.7449065]]}}, {"type": "Feature", "properties": {"highway": "motorway", "lanes": "3", "maxheight": "5.5", "maxspeed": "80", "name": "Rodovia BR-116", "oneway": "yes", "ref": "BR-116", "surface": "asphalt", "osm_id": 112370813, "osm_type": "way"}, "geometry": {"type": "LineString", "coordinates": [[-51.1512995, -29.7501899], [-51.1512953, -29.7501165]]}}, {"type": "Feature", "properties": {"highway": "motorway", "lanes": "3", "lit": "yes", "maxheight": "5.5", "maxspeed": "80", "name": "Rodovia BR-116", "oneway": "yes", "ref": "BR-116", "surface": "asphalt", "osm_id": 112370816, "osm_type": "way"}, "geometry": {"type": "LineString", "coordinates": [[-51.1514617, -29.7503004], [-51.1515366, -29.7512498], [-51.1515888, -29.7519215], [-51.1515911, -29.7524161], [-51.1517942, -29.7555598]]}}, {"type": "Feature", "properties": {"highway": "motorway", "lanes": "3", "lit": "yes", "maxheight": "5.5", "maxspeed": "80", "name": "Rodovia BR-116", "oneway": "yes", "ref": "BR-116", "surface": "asphalt", "osm_id": 112370818, "osm_type": "way"}, "geometry": {"type": "LineString", "coordinates": [[-51.1514496, -29.7500836], [-51.1514617, -29.7503004]]}}, {"type": "Feature", "properties": {"highway": "residential", "maxspeed": "30", "name": "Rua José Justo", "source": "Bing", "surface": "asphalt", "osm_id": 112373937, "osm_type": "way"}, "geometry": {"type": "LineString", "coordinates": [[-51.1582079, -29.7578967], [-51.1609668, -29.757653]]}}, {"type": "Feature", "properties": {"highway": "residential", "name": "Rua Bertholino Linck", "source": "Bing", "surface": "unpaved", "osm_id": 112373938, "osm_type": "way"}, "geometry": {"type": "LineString", "coordinates": [[-51.1541503, -29.7590667], [-51.1543657, -29.7590102], [-51.1545504, -29.7589617], [-51.154773, -29.7589032], [-51.1548659, -29.7588788], [-51.1551451, -29.7587692]]}}, {"type": "Feature", "properties": {"highway": "residential", "maxheight": "default", "name": "Rua Luiz Pedro Daudt", "source": "Bing", "osm_id": 112373942, "osm_type": "way"}, "geometry": {"type": "LineString", "coordinates": [[-51.1524068, -29.7604615], [-51.1523793, -29.7603697], [-51.1523612, -29.7602759], [-51.1523198, -29.7597004], [-51.1523464, -29.7595893], [-51.1524145, -29.7594754], [-51.152501, -29.7594047], [-51.1530277, -29.7591629], [-51.1532369, -29.7590686], [-51.1533844, -29.7589708], [-51.1535977, -29.7588322], [-51.1538054, -29.7587358], [-51.1538746, -29.7587037]]}}, {"type": "Feature", "properties": {"highway": "residential", "source": "Bing", "osm_id": 112373944, "osm_type": "way"}, "geometry": {"type": "LineString", "coordinates": [[-51.1541638, -29.7610376], [-51.1540134, -29.7609814]]}}, {"type": "Feature", "properties": {"highway": "residential", "name": "Rua Luiz Pedro Daudt", "source": "Bing", "surface": "asphalt", "osm_id": 112373949, "osm_type": "way"}, "geometry": {"type": "LineString", "coordinates": [[-51.1655247, -29.7577668], [-51.1654893, -29.7577391], [-51.1652158, -29.7576151], [-51.1650029, -29.7575452], [-51.1630087, -29.7568728], [-51.1628777, -29.7568394], [-51.1627606, -29.7568168], [-51.1626728, -29.7568095], [-51.1617023, -29.7568285], [-51.1613976, -29.7568335], [-51.1611048, -29.7568598], [-51.1588538, -29.7571718], [-51.1580994, -29.7572915], [-51.1578222, -29.7573563], [-51.1572997, -29.7575206], [-51.15665, -29.7577494], [-51.1555822, -29.7581395], [-51.1538746, -29.7587037]]}}, {"type": "Feature", "properties": {"highway": "residential", "name": "Rua São Domingos", "source": "Bing", "osm_id": 112373951, "osm_type": "way"}, "geometry": {"type": "LineString", "coordinates": [[-51.1546384, -29.7595855], [-51.1545952, -29.7597956], [-51.1545139, -29.7599758], [-51.1544077, -29.7601981], [-51.154335, -29.7603625], [-51.1542652, -29.7606114], [-51.1541963, -29.7609228], [-51.1541638, -29.7610376], [-51.1540233, -29.7616981], [-51.153992, -29.7618088], [-51.1536446, -29.7631608]]}}, {"type": "Feature", "properties": {"highway": "residential", "maxheight": "default", "oneway": "yes", "source": "Bing", "osm_id": 112373954, "osm_type": "way"}, "geometry": {"type": "LineString", "coordinates": [[-51.1526924, -29.7604505], [-51.1524671, -29.7605018], [-51.1524104, -29.7605309], [-51.1523576, -29.7605686], [-51.1523148, -29.7606245], [-51.1522846, -29.760664]]}}, {"type": "Feature", "properties": {"highway": "residential", "maxheight": "default", "source": "Bing", "osm_id": 112373957, "osm_type": "way"}, "geometry": {"type": "LineString", "coordinates": [[-51.1526924, -29.7604505], [-51.1529647, -29.7604889], [-51.1532959, -29.7605553], [-51.1534475, -29.7606321], [-51.1535529, -29.7607065], [-51.1536191, -29.7607777], [-51.1538418, -29.760915], [-51.1540134, -29.7609814]]}}, {"type": "Feature", "properties": {"highway": "residential", "name": "Rua Lindomar de Borba", "source": "Bing", "surface": "paved", "osm_id": 112373970, "osm_type": "way"}, "geometry": {"type": "LineString", "coordinates": [[-51.1546384, -29.7595855], [-51.1546726, -29.7596111], [-51.1546947, -29.7596239], [-51.1547712, -29.7596495], [-51.154934, -29.7596456], [-51.1552554, -29.7595829], [-51.1556438, -29.7594982], [-51.1560018, -29.759445], [-51.1563444, -29.7593941], [-51.1567128, -29.7593393], [-51.1567567, -29.7593328], [-51.1570541, -29.7592904], [-51.157417, -29.7592388], [-51.1577338, -29.7591936], [-51.1579826, -29.7591582], [-51.1581688, -29.7590909]]}}, {"type": "Feature", "properties": {"bridge": "yes", "highway": "primary", "lanes": "2", "layer": "1", "maxheight": "default", "name": "Ponte Ingá", "oneway": "no", "source": "survey;Bing", "surface": "asphalt", "osm_id": 121108486, "osm_type": "way"}, "geometry": {"type": "LineString", "coordinates": [[-51.1426405, -29.7554527], [-51.1422889, -29.7564169]]}}, {"type": "Feature", "properties": {"highway": "primary", "maxheight": "default", "name": "Avenida Mauá", "oneway": "no", "source": "survey", "surface": "asphalt", "osm_id": 121108488, "osm_type": "way"}, "geometry": {"type": "LineString", "coordinates": [[-51.1426405, -29.7554527], [-51.1427398, -29.755201]]}}, {"type": "Feature", "properties": {"highway": "service", "service": "driveway", "osm_id": 121856419, "osm_type": "way"}, "geometry": {"type": "LineString", "coordinates": [[-51.1432631, -29.7596647], [-51.1432706, -29.7596309], [-51.1435775, -29.7585969], [-51.1444325, -29.7589311], [-51.1445787, -29.758988]]}}, {"type": "Feature", "properties": {"highway": "residential", "name": "Rua das Camélias", "source": "Yahoo; survey", "surface": "sett", "osm_id": 123099626, "osm_type": "way"}, "geometry": {"type": "LineString", "coordinates": [[-51.1269076, -29.7617793], [-51.1266989, -29.7605367]]}}, {"type": "Feature", "properties": {"highway": "primary", "maxheight": "below_default", "name": "Avenida Mauá", "oneway": "yes", "source": "survey; Bing", "surface": "asphalt", "osm_id": 123100933, "osm_type": "way"}, "geometry": {"type": "LineString", "coordinates": [[-51.1403865, -29.7621584], [-51.1404112, -29.7619783], [-51.1406566, -29.7614391], [-51.1408468, -29.7611222], [-51.1410181, -29.7607354]]}}, {"type": "Feature", "properties": {"highway": "primary", "maxheight": "below_default", "name": "Avenida Mauá", "oneway": "yes", "source": "survey; Bing", "surface": "asphalt", "osm_id": 123100938, "osm_type": "way"}, "geometry": {"type": "LineString", "coordinates": [[-51.1403865, -29.7621584], [-51.1405039, -29.7620122], [-51.1407483, -29.7614676], [-51.1408468, -29.7611222]]}}, {"type": "Feature", "properties": {"highway": "residential", "name": "Rua Antônio Cirio Flores", "source": "Bing;survey", "surface": "sett", "osm_id": 123105921, "osm_type": "way"}, "geometry": {"type": "LineString", "coordinates": [[-51.1466546, -29.7474066], [-51.1458709, -29.7482328]]}}, {"type": "Feature", "properties": {"highway": "residential", "name": "Rua Antônio Cirio Flores", "source": "Bing;survey", "surface": "sett", "osm_id": 123105922, "osm_type": "way"}, "geometry": {"type": "LineString", "coordinates": [[-51.1458709, -29.7482328], [-51.1452438, -29.7481416]]}}, {"type": "Feature", "properties": {"highway": "service", "lanes": "2", "name": "Rua Marquês do Herval", "oneway": "no", "source": "survey; Bing", "surface": "asphalt", "osm_id": 125017880, "osm_type": "way"}, "geometry": {"type": "LineString", "coordinates": [[-51.1462565, -29.7602689], [-51.1464175, -29.7596169]]}}, {"type": "Feature", "properties": {"access": "private", "highway": "service", "service": "driveway", "osm_id": 128943263, "osm_type": "way"}, "geometry": {"type": "LineString", "coordinates": [[-51.1516182, -29.7835507], [-51.1517081, -29.7837241], [-51.1517148, -29.7838429], [-51.1517671, -29.7839348], [-51.1519253, -29.7839558], [-51.1521305, -29.7838673]]}}, {"type": "Feature", "properties": {"access": "private", "highway": "service", "service": "driveway", "osm_id": 128943264, "osm_type": "way"}, "geometry": {"type": "LineString", "coordinates": [[-51.1507666, -29.7838045], [-51.1510308, -29.7846064], [-51.1511931, -29.7861649], [-51.1512212, -29.7862371], [-51.1512642, -29.786286], [-51.1513299, -29.7862965], [-51.1514519, -29.7862732], [-51.152214, -29.785981], [-51.1523142, -29.7859647], [-51.1524121, -29.785988], [-51.1525221, -29.786052], [-51.1528131, -29.7862906], [-51.1530331, -29.7864245], [-51.1531605, -29.7865898], [-51.1531675, -29.7868251], [-51.1532477, -29.7868714]]}}, {"type": "Feature", "properties": {"access": "private", "highway": "service", "service": "driveway", "osm_id": 128943265, "osm_type": "way"}, "geometry": {"type": "LineString", "coordinates": [[-51.1490607, -29.7877653], [-51.1490948, -29.7877513], [-51.1493249, -29.7876449], [-51.1493897, -29.7875796], [-51.1494287, -29.7875082], [-51.1496859, -29.7872489], [-51.1498145, -29.7870933], [-51.1498646, -29.7869744], [-51.1498962, -29.7868807], [-51.1498909, -29.7868086], [-51.1498265, -29.7867353], [-51.1497004, -29.786719], [-51.1496253, -29.7867457], [-51.1495677, -29.7867993], [-51.1494671, -29.7868295], [-51.1493357, -29.78684], [-51.149286, -29.7868144], [-51.149266, -29.7867756], [-51.1492571, -29.7867335], [-51.149256, -29.7867049], [-51.1492565, -29.7866317]]}}, {"type": "Feature", "properties": {"access": "private", "highway": "service", "service": "driveway", "osm_id": 128943266, "osm_type": "way"}, "geometry": {"type": "LineString", "coordinates": [[-51.1525382, -29.7856738], [-51.1526992, -29.7855542]]}}, {"type": "Feature", "properties": {"highway": "residential", "name": "Rua Regina Mundi", "osm_id": 128943267, "osm_type": "way"}, "geometry": {"type": "LineString", "coordinates": [[-51.1490326, -29.7843143], [-51.1493142, -29.7842479], [-51.149742, -29.7841478], [-51.1505189, -29.7838934]]}}, {"type": "Feature", "properties": {"access": "private", "highway": "service", "service": "driveway", "osm_id": 128943268, "osm_type": "way"}, "geometry": {"type": "LineString", "coordinates": [[-51.152214, -29.785981], [-51.1522365, -29.785917], [-51.152215, -29.7857901], [-51.1521707, -29.7856761], [-51.1521788, -29.7856004], [-51.152219, -29.7855795], [-51.1522928, -29.7855737], [-51.1525382, -29.7856738], [-51.1526777, -29.7857773]]}}, {"type": "Feature", "properties": {"highway": "service", "service": "driveway", "osm_id": 148761081, "osm_type": "way"}, "geometry": {"type": "LineString", "coordinates": [[-51.1319537, -29.7696734], [-51.1319949, -29.7696727]]}}, {"type": "Feature", "properties": {"access": "private", "highway": "service", "service": "driveway", "osm_id": 149976585, "osm_type": "way"}, "geometry": {"type": "LineString", "coordinates": [[-51.1387999, -29.7801321], [-51.1387761, -29.7800306], [-51.1387369, -29.7798632], [-51.1387215, -29.7797928], [-51.1385921, -29.7796665], [-51.1385758, -29.7796409], [-51.1385686, -29.7796118], [-51.1386041, -29.7795152]]}}, {"type": "Feature", "properties": {"highway": "tertiary", "name": "Rua Germano Lang", "osm_id": 149977121, "osm_type": "way"}, "geometry": {"type": "LineString", "coordinates": [[-51.1311477, -29.7812652], [-51.1303211, -29.781499], [-51.1295409, -29.7817127], [-51.1287515, -29.7819548], [-51.1279194, -29.7821777], [-51.1275575, -29.782197], [-51.1269996, -29.7821295], [-51.1261869, -29.7820255], [-51.1254021, -29.7819093]]}}, {"type": "Feature", "properties": {"highway": "primary", "lanes": "3", "maxheight": "default", "name": "Avenida Mauá", "oneway": "yes", "surface": "asphalt", "osm_id": 157186953, "osm_type": "way"}, "geometry": {"type": "LineString", "coordinates": [[-51.1399493, -29.7648489], [-51.1401035, -29.7637569], [-51.140147, -29.7634824]]}}, {"type": "Feature", "properties": {"highway": "primary", "lanes": "2", "maxheight": "default", "name": "Avenida Mauá", "oneway": "no", "surface": "asphalt", "osm_id": 157186954, "osm_type": "way"}, "geometry": {"type": "LineString", "coordinates": [[-51.1399493, -29.7648489], [-51.1398476, -29.7654645], [-51.1398061, -29.7659472], [-51.139813, -29.766298], [-51.1398849, -29.7665916], [-51.1399855, -29.7669502]]}}, {"type": "Feature", "properties": {"highway": "primary", "maxheight": "default", "name": "Avenida Mauá", "oneway": "yes", "osm_id": 157186955, "osm_type": "way"}, "geometry": {"type": "LineString", "coordinates": [[-51.1399855, -29.7669502], [-51.1401518, -29.7673646], [-51.1402403, -29.7675427], [-51.1402966, -29.7676964], [-51.1403556, -29.7678268], [-51.1404079, -29.7679397], [-51.1404857, -29.768098], [-51.140935, -29.7689781], [-51.1409838, -29.7691022]]}}, {"type": "Feature", "properties": {"highway": "residential", "maxheight": "default", "name": "Rua Afonso Pena", "source:name": "IBGE", "osm_id": 157186956, "osm_type": "way"}, "geometry": {"type": "LineString", "coordinates": [[-51.1406566, -29.7614391], [-51.1394557, -29.7611362]]}}, {"type": "Feature", "properties": {"highway": "residential", "maxspeed:type": "BR:urban", "name": "Rua Almiro Stumpf", "source:name": "IBGE", "osm_id": 157186957, "osm_type": "way"}, "geometry": {"type": "LineString", "coordinates": [[-51.1336126, -29.7647929], [-51.1336109, -29.7641339], [-51.1336101, -29.7634584], [-51.1335923, -29.7625571]]}}, {"type": "Feature", "properties": {"highway": "tertiary", "lanes": "2", "maxheight": "default", "name": "Rua Amadeo Rossi", "source": "survey", "surface": "asphalt", "osm_id": 157186959, "osm_type": "way"}, "geometry": {"type": "LineString", "coordinates": [[-51.1362245, -29.7714385], [-51.1366877, -29.7716819], [-51.1370552, -29.7718465], [-51.1371266, -29.7718701], [-51.137538, -29.7720059], [-51.1376748, -29.7720444], [-51.1383507, -29.7721724], [-51.1386913, -29.7722329], [-51.1391661, -29.7723261], [-51.1394779, -29.7723837], [-51.1399278, -29.7724658], [-51.1407673, -29.7726194], [-51.1411268, -29.7726869], [-51.1415935, -29.7727684], [-51.1423659, -29.7729035], [-51.1431726, -29.7730874]]}}, {"type": "Feature", "properties": {"highway": "tertiary", "lit": "yes", "name": "Rua Amadeo Rossi", "osm_id": 157186960, "osm_type": "way"}, "geometry": {"type": "LineString", "coordinates": [[-51.1362245, -29.7714385], [-51.1354641, -29.7709638], [-51.1352539, -29.7708365], [-51.1350034, -29.7706847], [-51.1347476, -29.7705297]]}}, {"type": "Feature", "properties": {"highway": "residential", "name": "Rua André Rebouças", "source:name": "IBGE", "surface": "asphalt", "osm_id": 157186961, "osm_type": "way"}, "geometry": {"type": "LineString", "coordinates": [[-51.1425859, -29.7617696], [-51.1410731, -29.7614681]]}}, {"type": "Feature", "properties": {"highway": "residential", "lit": "yes", "name": "Rua Ari Georg", "source:name": "IBGE", "surface": "asphalt", "osm_id": 157186962, "osm_type": "way"}, "geometry": {"type": "LineString", "coordinates": [[-51.1416987, -29.7601755], [-51.142308, -29.7603009], [-51.1428755, -29.7604088], [-51.1429237, -29.7604184]]}}, {"type": "Feature", "properties": {"highway": "residential", "name": "Rua Aurélio Bittencourt", "source:name": "survey", "osm_id": 157186963, "osm_type": "way"}, "geometry": {"type": "LineString", "coordinates": [[-51.1391178, -29.7625752], [-51.1402765, -29.7627848]]}}, {"type": "Feature", "properties": {"highway": "residential", "maxheight": "below_default", "name": "Rua Brasil", "osm_id": 157186964, "osm_type": "way"}, "geometry": {"type": "LineString", "coordinates": [[-51.1396274, -29.7604214], [-51.1410181, -29.7607354]]}}, {"type": "Feature", "properties": {"highway": "residential", "name": "Rua Conceição", "oneway": "yes", "source": "Bing; survey", "osm_id": 157186965, "osm_type": "way"}, "geometry": {"type": "LineString", "coordinates": [[-51.141462, -29.7663611], [-51.142261, -29.7665264], [-51.1429507, -29.7666591], [-51.143062, -29.7666754]]}}, {"type": "Feature", "properties": {"highway": "residential", "name": "Rua Dietrich Hilbk", "source:name": "IBGE", "osm_id": 157186966, "osm_type": "way"}, "geometry": {"type": "LineString", "coordinates": [[-51.1422238, -29.7822459], [-51.1412662, -29.7821156], [-51.1404535, -29.7819992], [-51.1395925, -29.7818734], [-51.1386672, -29.781771], [-51.1378598, -29.7816686], [-51.1371329, -29.781544], [-51.1360785, -29.7808886]]}}, {"type": "Feature", "properties": {"alt_name": "Avenida Frederico Wolfenbuttel", "highway": "tertiary", "maxheight": "default", "name": "Rua Frederico Wolfenbuttel", "oneway": "yes", "osm_id": 157186967, "osm_type": "way"}, "geometry": {"type": "LineString", "coordinates": [[-51.1436413, -29.773099], [-51.1439417, -29.7731654], [-51.1441121, -29.7732154], [-51.1444245, -29.773347], [-51.1446364, -29.7734669], [-51.1448202, -29.7735972], [-51.1451259, -29.7738626], [-51.1452506, -29.7739852], [-51.1456302, -29.7743585], [-51.1462149, -29.7749406], [-51.1467386, -29.7754739], [-51.1470893, -29.7758311], [-51.1471684, -29.7758904], [-51.1472529, -29.77593], [-51.1473421, -29.775944], [-51.1478148, -29.775919]]}}, {"type": "Feature", "properties": {"alt_name": "Rua Graciliano Luís Silveira; Rua Graciano Luiz da Silveira", "highway": "residential", "name": "Rua Graciliano Luiz Silveira", "source:name": "IBGE", "osm_id": 157186968, "osm_type": "way"}, "geometry": {"type": "LineString", "coordinates": [[-51.1345796, -29.7835299], [-51.1345777, -29.7835617], [-51.1346203, -29.7837017], [-51.1348131, -29.7841377], [-51.1351118, -29.784728], [-51.135262, -29.7850413], [-51.1353071, -29.7852439], [-51.1353064, -29.7855608], [-51.1352929, -29.7858332], [-51.1352482, -29.7860746]]}}, {"type": "Feature", "properties": {"alt_name": "Rua Guilherme Gaelzer Netto", "highway": "residential", "maxheight": "default", "name": "Rua Guilherme Gaeizer Netto", "source:name": "IBGE", "osm_id": 157186969, "osm_type": "way"}, "geometry": {"type": "LineString", "coordinates": [[-51.1389733, -29.763202], [-51.1391178, -29.7625752], [-51.1392653, -29.7619489], [-51.1394557, -29.7611362], [-51.1396274, -29.7604214]]}}, {"type": "Feature", "properties": {"highway": "residential", "name": "Rua João Alfredo Panitz", "osm_id": 157186970, "osm_type": "way"}, "geometry": {"type": "LineString", "coordinates": [[-51.1409926, -29.7649647], [-51.1409964, -29.764947], [-51.1412543, -29.7637582], [-51.1412783, -29.7636556], [-51.1412937, -29.7635974], [-51.141564, -29.7624844], [-51.1415881, -29.7623913]]}}, {"type": "Feature", "properties": {"highway": "residential", "name": "Rua Lindolfo Collor", "oneway": "yes", "osm_id": 157186972, "osm_type": "way"}, "geometry": {"type": "LineString", "coordinates": [[-51.1483674, -29.7689339], [-51.1484398, -29.7689438], [-51.148826, -29.7690002], [-51.1496428, -29.7691504], [-51.1504716, -29.7693017], [-51.151236, -29.7694368]]}}, {"type": "Feature", "properties": {"highway": "residential", "name": "Rua Marinho da Silva Silveira", "source:name": "IBGE", "osm_id": 157186973, "osm_type": "way"}, "geometry": {"type": "LineString", "coordinates": [[-51.1362974, -29.7841993], [-51.1348131, -29.7841377], [-51.1341423, -29.7841571], [-51.1336648, -29.7842526], [-51.1332357, -29.7844132], [-51.1328204, -29.7846999], [-51.1324629, -29.7849997]]}}, {"type": "Feature", "properties": {"highway": "residential", "name": "Rua Montevideo", "oneway": "yes", "source:name": "IBGE", "osm_id": 157186974, "osm_type": "way"}, "geometry": {"type": "LineString", "coordinates": [[-51.1400512, -29.7844598], [-51.141289, -29.7845063]]}}, {"type": "Feature", "properties": {"highway": "tertiary", "maxheight": "below_default", "name": "Rua Osvaldo Aranha", "oneway": "yes", "osm_id": 157186975, "osm_type": "way"}, "geometry": {"type": "LineString", "coordinates": [[-51.1408156, -29.7622469], [-51.1405963, -29.7622073], [-51.1403865, -29.7621584]]}}, {"type": "Feature", "properties": {"alt_name": "Rua Osvaldo Benevides", "highway": "residential", "name": "Rua Osvaldo Benevides Dantas", "source:name": "IBGE", "osm_id": 157186976, "osm_type": "way"}, "geometry": {"type": "LineString", "coordinates": [[-51.137664, -29.78028], [-51.1371329, -29.781544]]}}, {"type": "Feature", "properties": {"highway": "residential", "name": "Rua Presidente Roosevelt", "oneway": "yes", "source:name": "survey", "osm_id": 157186977, "osm_type": "way"}, "geometry": {"type": "LineString", "coordinates": [[-51.1518576, -29.7668908], [-51.1510626, -29.766761], [-51.1502409, -29.7666242], [-51.1494483, -29.766481]]}}, {"type": "Feature", "properties": {"highway": "tertiary", "lanes": "2", "lit": "yes", "name": "Rua São José", "oneway": "yes", "surface": "asphalt", "osm_id": 157186980, "osm_type": "way"}, "geometry": {"type": "LineString", "coordinates": [[-51.1327625, -29.768015], [-51.1313313, -29.7682412], [-51.1303525, -29.768419]]}}, {"type": "Feature", "properties": {"highway": "residential", "name": "Rua da Constelação", "source:name": "IBGE", "osm_id": 157186982, "osm_type": "way"}, "geometry": {"type": "LineString", "coordinates": [[-51.1351118, -29.784728], [-51.1362693, -29.7847927], [-51.1373743, -29.7848567], [-51.13858, -29.7848997], [-51.1392774, -29.7849265], [-51.1400338, -29.7849626], [-51.1410838, -29.7850033]]}}, {"type": "Feature", "properties": {"highway": "residential", "name": "Rua Marinho da Silva Silveira", "osm_id": 157186984, "osm_type": "way"}, "geometry": {"type": "LineString", "coordinates": [[-51.1386095, -29.7843096], [-51.1373951, -29.7842735]]}}, {"type": "Feature", "properties": {"alt_name": "Rua Lauro P Rodrigues", "highway": "residential", "name": "Rua Lauro Pereira Rodrigues", "osm_id": 157186985, "osm_type": "way"}, "geometry": {"type": "LineString", "coordinates": [[-51.1385384, -29.7855795], [-51.1373462, -29.7855061]]}}, {"type": "Feature", "properties": {"highway": "tertiary", "oneway": "yes", "surface": "asphalt", "osm_id": 157186987, "osm_type": "way"}, "geometry": {"type": "LineString", "coordinates": [[-51.1358189, -29.769589], [-51.135839, -29.7696183], [-51.135847, -29.7696428], [-51.1358477, -29.7696679], [-51.1358401, -29.7697058]]}}, {"type": "Feature", "properties": {"alt_name": "Rua Doralina S Dias", "bicycle": "yes", "foot": "yes", "highway": "residential", "horse": "yes", "name": "Rua Doralina Silveira Dias", "oneway": "no", "surface": "asphalt", "osm_id": 157186988, "osm_type": "way"}, "geometry": {"type": "LineString", "coordinates": [[-51.1374253, -29.7835589], [-51.137424, -29.7836683], [-51.1373977, -29.78422], [-51.1373951, -29.7842735], [-51.1373743, -29.7848567], [-51.137353, -29.785349], [-51.1373462, -29.7855061], [-51.1373112, -29.7862051], [-51.1374253, -29.7868109]]}}, {"type": "Feature", "properties": {"highway": "tertiary", "lanes": "2", "lit": "yes", "maxspeed": "40", "name": "Rua Bento Gonçalves", "oneway": "yes", "surface": "asphalt", "osm_id": 157187729, "osm_type": "way"}, "geometry": {"type": "LineString", "coordinates": [[-51.1487457, -29.7621969], [-51.1487123, -29.7623371], [-51.1483955, -29.7634798], [-51.1483713, -29.7635845], [-51.1482312, -29.7641388], [-51.1480442, -29.7648791], [-51.1477196, -29.7661597]]}}, {"type": "Feature", "properties": {"highway": "residential", "maxheight": "default", "name": "Rua Brasil", "oneway": "yes", "source": "Bing; survey", "surface": "asphalt", "osm_id": 157187730, "osm_type": "way"}, "geometry": {"type": "LineString", "coordinates": [[-51.1410181, -29.7607354], [-51.1411978, -29.7607474], [-51.1414057, -29.760801]]}}, {"type": "Feature", "properties": {"highway": "residential", "lit": "yes", "name": "Rua Conceição", "oneway": "yes", "osm_id": 157187731, "osm_type": "way"}, "geometry": {"type": "LineString", "coordinates": [[-51.143062, -29.7666754], [-51.1437513, -29.7667965], [-51.1438344, -29.7668116], [-51.1445694, -29.7669292], [-51.1446364, -29.7669444], [-51.145429, -29.7671027], [-51.1455055, -29.7671178], [-51.1462967, -29.767254], [-51.1464053, -29.7672738], [-51.1473186, -29.7674275], [-51.1474031, -29.7674414], [-51.1481984, -29.7675881], [-51.1483137, -29.7676033], [-51.1491372, -29.7677476], [-51.1499257, -29.7678943]]}}, {"type": "Feature", "properties": {"highway": "service", "loc_name": "Rua Grande", "name": "Rua Independência", "old_name": "Rua do Passo; Große Straße", "osm_id": 157187732, "osm_type": "way"}, "geometry": {"type": "LineString", "coordinates": [[-51.147314, -29.7596549], [-51.1470853, -29.76056]]}}, {"type": "Feature", "properties": {"highway": "residential", "lane_markings": "no", "lit": "yes", "maxheight": "default", "name": "Rua Marquês do Herval", "oneway": "yes", "surface": "sett", "osm_id": 157187733, "osm_type": "way"}, "geometry": {"type": "LineString", "coordinates": [[-51.1433825, -29.7723191], [-51.1434576, -29.7719466], [-51.1437191, -29.7707802]]}}, {"type": "Feature", "properties": {"highway": "tertiary", "maxheight": "default", "name": "Rua Osvaldo Aranha", "oneway": "yes", "osm_id": 157187734, "osm_type": "way"}, "geometry": {"type": "LineString", "coordinates": [[-51.1536392, -29.7642901], [-51.1533737, -29.7642447], [-51.1525717, -29.7641119], [-51.1517537, -29.7639909], [-51.150949, -29.7638605], [-51.1501443, -29.7637464], [-51.149341, -29.7636102], [-51.1492498, -29.7635974], [-51.1483955, -29.7634798], [-51.1474443, -29.7633493], [-51.1474286, -29.7633471], [-51.1473535, -29.7633308], [-51.1465207, -29.763212], [-51.1464429, -29.7632004], [-51.1456853, -29.763081], [-51.1456637, -29.7630776], [-51.1456007, -29.7630677], [-51.1455152, -29.7630543], [-51.1447585, -29.7629361], [-51.1440967, -29.7628282], [-51.1439873, -29.7628104], [-51.1438569, -29.7627873], [-51.1433261, -29.7626931], [-51.1432256, -29.7626753], [-51.1425029, -29.7625488], [-51.1424343, -29.7625368], [-51.1415881, -29.7623913], [-51.1408891, -29.7622606], [-51.1408156, -29.7622469]]}}, {"type": "Feature", "properties": {"highway": "residential", "lanes": "2", "lit": "yes", "name": "Rua Presidente Roosevelt", "oneway": "yes", "surface": "asphalt", "osm_id": 157187736, "osm_type": "way"}, "geometry": {"type": "LineString", "coordinates": [[-51.1494483, -29.766481], [-51.1486892, -29.7663343], [-51.1486396, -29.7663244], [-51.1477196, -29.7661597], [-51.1476629, -29.7661499], [-51.1467661, -29.7659956], [-51.1467192, -29.7659828], [-51.1458729, -29.7658407], [-51.1458273, -29.7658303], [-51.145708, -29.7658105], [-51.1453318, -29.7657493], [-51.1450186, -29.7656946], [-51.1450014, -29.765692], [-51.1449462, -29.7656836], [-51.1442233, -29.7655475], [-51.1441912, -29.7655415], [-51.1441442, -29.7655322]]}}, {"type": "Feature", "properties": {"alt_name": "Rua 1º de Março;Rua 1 de Março;Avenida Primeiro de Março", "highway": "residential", "name": "Rua Primeiro de Março", "osm_id": 157187737, "osm_type": "way"}, "geometry": {"type": "LineString", "coordinates": [[-51.1444322, -29.7750944], [-51.1448041, -29.7736648]]}}, {"type": "Feature", "properties": {"highway": "tertiary", "lit": "yes", "name": "Rua Saldanha da Gama", "oneway": "yes", "osm_id": 157187738, "osm_type": "way"}, "geometry": {"type": "LineString", "coordinates": [[-51.1483674, -29.7689339], [-51.1483003, -29.7687045], [-51.14824, -29.7684659], [-51.1482158, -29.7683076], [-51.1482239, -29.7680817], [-51.1483137, -29.7676033], [-51.1486396, -29.7663244]]}}, {"type": "Feature", "properties": {"highway": "residential", "maxheight": "default", "name": "Rua São Caetano", "oneway": "yes", "osm_id": 157187739, "osm_type": "way"}, "geometry": {"type": "LineString", "coordinates": [[-51.1535963, -29.7712225], [-51.1531224, -29.7711359], [-51.1526143, -29.771043], [-51.1517644, -29.7708779]]}}, {"type": "Feature", "properties": {"highway": "residential", "name": "Rua São Domingos", "oneway": "yes", "osm_id": 157187740, "osm_type": "way"}, "geometry": {"type": "LineString", "coordinates": [[-51.1514667, -29.7720863], [-51.1514851, -29.772021], [-51.1515015, -29.7719629], [-51.1517644, -29.7708779]]}}, {"type": "Feature", "properties": {"highway": "residential", "name": "Rua São João", "oneway": "yes", "osm_id": 157187741, "osm_type": "way"}, "geometry": {"type": "LineString", "coordinates": [[-51.1499257, -29.7678943], [-51.1499349, -29.7678555], [-51.1502186, -29.766705], [-51.1502409, -29.7666242], [-51.1502491, -29.7665821], [-51.1505681, -29.7653227], [-51.150949, -29.7638605]]}}, {"type": "Feature", "properties": {"highway": "residential", "lit": "yes", "maxheight": "default", "name": "Rua São Pedro", "oneway": "yes", "osm_id": 157187742, "osm_type": "way"}, "geometry": {"type": "LineString", "coordinates": [[-51.1522606, -29.761943], [-51.1520313, -29.7628383]]}}, {"type": "Feature", "properties": {"highway": "residential", "maxheight": "default", "name": "Avenida Mauá", "osm_id": 157187743, "osm_type": "way"}, "geometry": {"type": "LineString", "coordinates": [[-51.1438851, -29.7744854], [-51.1437854, -29.7738612], [-51.1436681, -29.7731956], [-51.1436413, -29.773099]]}}, {"type": "Feature", "properties": {"highway": "service", "oneway": "yes", "service": "driveway", "osm_id": 157187744, "osm_type": "way"}, "geometry": {"type": "LineString", "coordinates": [[-51.1431216, -29.7596356], [-51.1431418, -29.7595436], [-51.1432182, -29.7592217], [-51.1432061, -29.7591652], [-51.1431646, -29.7591268], [-51.1428668, -29.7590115], [-51.1428601, -29.7590072], [-51.1428568, -29.7589993], [-51.1428745, -29.7589446], [-51.1428799, -29.7589417], [-51.1428883, -29.7589423]]}}, {"type": "Feature", "properties": {"highway": "tertiary", "lanes": "2", "lit": "yes", "name": "Rua São Joaquim", "oneway": "no", "surface": "asphalt", "osm_id": 157187865, "osm_type": "way"}, "geometry": {"type": "LineString", "coordinates": [[-51.1454478, -29.7601106], [-51.1454263, -29.7602049]]}}, {"type": "Feature", "properties": {"alt_name": "Rua Edgar Sewald", "highway": "residential", "name": "Rua Edgar Seewald", "osm_id": 163097463, "osm_type": "way"}, "geometry": {"type": "LineString", "coordinates": [[-51.1605429, -29.7782372], [-51.1591285, -29.7790481], [-51.1582338, -29.779581]]}}, {"type": "Feature", "properties": {"highway": "residential", "name": "Rua Rincão Vianna", "osm_id": 163097465, "osm_type": "way"}, "geometry": {"type": "LineString", "coordinates": [[-51.1652077, -29.7783476], [-51.1652367, -29.778405], [-51.1656033, -29.7791316], [-51.1660875, -29.780091], [-51.1662838, -29.7804799]]}}, {"type": "Feature", "properties": {"alt_name": "Rua Adolfo B de Menezes", "highway": "residential", "name": "Rua Adolfo Bezerra de Menezes", "osm_id": 163097466, "osm_type": "way"}, "geometry": {"type": "LineString", "coordinates": [[-51.1591285, -29.7790481], [-51.1600326, -29.7791435], [-51.1612436, -29.7792826]]}}, {"type": "Feature", "properties": {"highway": "residential", "name": "Rua Capitão Armínio Bier", "osm_id": 163097470, "osm_type": "way"}, "geometry": {"type": "LineString", "coordinates": [[-51.160149, -29.7776495], [-51.1613837, -29.7769617], [-51.1615375, -29.7768761], [-51.1620576, -29.7765864], [-51.1627108, -29.7762225], [-51.1633714, -29.7758545], [-51.1640252, -29.7754904], [-51.164694, -29.7751178], [-51.1653254, -29.774766], [-51.1659902, -29.7743958], [-51.166615, -29.7740477], [-51.1672803, -29.7736771], [-51.1679208, -29.7733204], [-51.1685578, -29.7729655], [-51.1692382, -29.7725858], [-51.1694447, -29.7724632], [-51.1698628, -29.7722386], [-51.1705325, -29.7718655], [-51.1711723, -29.7715091], [-51.1718215, -29.7711475], [-51.1724557, -29.7707942], [-51.1728731, -29.7705532]]}}, {"type": "Feature", "properties": {"alt_name": "Rua Helio Bohrer V Silveira", "highway": "residential", "name": "Rua Hélio Bohrer Veloso da Silveira", "osm_id": 163097472, "osm_type": "way"}, "geometry": {"type": "LineString", "coordinates": [[-51.160149, -29.7776495], [-51.1605429, -29.7782372], [-51.1609938, -29.7789062], [-51.1612436, -29.7792826], [-51.1618078, -29.7800671]]}}, {"type": "Feature", "properties": {"highway": "tertiary", "lanes": "2", "name": "Rua Vicentina Maria Fidélis", "surface": "asphalt", "osm_id": 163097473, "osm_type": "way"}, "geometry": {"type": "LineString", "coordinates": [[-51.1626616, -29.7797732], [-51.164423, -29.778787], [-51.1645759, -29.7787014], [-51.1652077, -29.7783476], [-51.1658452, -29.7779906], [-51.166522, -29.7776117], [-51.1670819, -29.7772982], [-51.1671548, -29.7772574], [-51.1677884, -29.7769026], [-51.1684344, -29.7765409], [-51.1690928, -29.7761723], [-51.1697604, -29.7757985], [-51.1703914, -29.7754452], [-51.1710402, -29.7750819], [-51.1716992, -29.7747129], [-51.1723406, -29.7743537], [-51.1729914, -29.7739894], [-51.1736451, -29.7736234], [-51.1743239, -29.7732432]]}}, {"type": "Feature", "properties": {"highway": "residential", "name": "Rua Frederico Schmidt", "osm_id": 163097475, "osm_type": "way"}, "geometry": {"type": "LineString", "coordinates": [[-51.1633889, -29.771011], [-51.1624709, -29.771509], [-51.1599776, -29.7728663], [-51.1598299, -29.7729518], [-51.1580748, -29.773888]]}}, {"type": "Feature", "properties": {"highway": "residential", "name": "Rua Ida Schuch", "sidewalk": "both", "source:name": "Citada na LM 1191/1962", "osm_id": 163097477, "osm_type": "way"}, "geometry": {"type": "LineString", "coordinates": [[-51.1628429, -29.7720475], [-51.1602155, -29.7734743], [-51.1600657, -29.7735556], [-51.1584554, -29.7744333], [-51.1580648, -29.7746421], [-51.1562084, -29.7756502]]}}, {"type": "Feature", "properties": {"highway": "residential", "lanes": "2", "name": "Rua do Carmo", "surface": "asphalt", "osm_id": 163097479, "osm_type": "way"}, "geometry": {"type": "LineString", "coordinates": [[-51.1616482, -29.7822396], [-51.1616313, -29.7821986], [-51.161452, -29.7820349], [-51.1611173, -29.7817293], [-51.1590004, -29.7797768]]}}, {"type": "Feature", "properties": {"highway": "residential", "name": "Rua do Salseiro", "osm_id": 163098786, "osm_type": "way"}, "geometry": {"type": "LineString", "coordinates": [[-51.1712665, -29.7703826], [-51.1718215, -29.7711475], [-51.1721684, -29.7716188], [-51.1724145, -29.7719533], [-51.1727208, -29.7723645], [-51.1736451, -29.7736234]]}}, {"type": "Feature", "properties": {"highway": "residential", "name": "Rua Oscar Rodrigues", "osm_id": 163098788, "osm_type": "way"}, "geometry": {"type": "LineString", "coordinates": [[-51.164958, -29.7742715], [-51.1630195, -29.7753763]]}}, {"type": "Feature", "properties": {"highway": "residential", "name": "Rua Rolante", "osm_id": 163098790, "osm_type": "way"}, "geometry": {"type": "LineString", "coordinates": [[-51.166615, -29.7740477], [-51.1660118, -29.7732298], [-51.1653881, -29.7723843]]}}, {"type": "Feature", "properties": {"highway": "residential", "name": "Rua Antônio da Silva", "osm_id": 163098792, "osm_type": "way"}, "geometry": {"type": "LineString", "coordinates": [[-51.1626439, -29.7748668], [-51.1646089, -29.7737903]]}}, {"type": "Feature", "properties": {"highway": "residential", "name": "Rua Almerinda Gentila Fidélis", "osm_id": 163098793, "osm_type": "way"}, "geometry": {"type": "LineString", "coordinates": [[-51.1679208, -29.7733204], [-51.1673204, -29.7724963], [-51.1667009, -29.7716468], [-51.1665928, -29.7714767], [-51.166223, -29.7709339], [-51.1658342, -29.7703845], [-51.1652354, -29.7695059]]}}, {"type": "Feature", "properties": {"highway": "residential", "name": "Rua Antônio da Silva", "osm_id": 163098794, "osm_type": "way"}, "geometry": {"type": "LineString", "coordinates": [[-51.1625723, -29.7747747], [-51.161057, -29.7756332]]}}, {"type": "Feature", "properties": {"highway": "residential", "name": "Rua Manoel dos Passos Figuerôa", "osm_id": 163098796, "osm_type": "way"}, "geometry": {"type": "LineString", "coordinates": [[-51.1609938, -29.7789062], [-51.1619381, -29.7783795], [-51.162092, -29.7782936], [-51.1629716, -29.7778029], [-51.1636163, -29.7774433], [-51.1642732, -29.7770769], [-51.1649306, -29.7767102], [-51.165592, -29.7763412], [-51.1662243, -29.7759883], [-51.1668774, -29.7756242], [-51.1675232, -29.7752639], [-51.1681682, -29.7749067], [-51.1688128, -29.7745445], [-51.1692681, -29.7742887], [-51.1694523, -29.7741882], [-51.1701256, -29.7738128], [-51.1707678, -29.7734542], [-51.1714234, -29.7730884], [-51.172071, -29.7727271], [-51.1727208, -29.7723645], [-51.1733873, -29.7719696]]}}, {"type": "Feature", "properties": {"highway": "residential", "name": "Rua 01", "osm_id": 163098798, "osm_type": "way"}, "geometry": {"type": "LineString", "coordinates": [[-51.1693164, -29.7715022], [-51.169224, -29.7710561], [-51.1692167, -29.7710178], [-51.1691749, -29.7704659], [-51.1691011, -29.7699252], [-51.1690269, -29.7693813], [-51.1689612, -29.7689228], [-51.1689672, -29.7688599]]}}, {"type": "Feature", "properties": {"highway": "residential", "name": "Rua Caetano J. Munhoz", "osm_id": 163098799, "osm_type": "way"}, "geometry": {"type": "LineString", "coordinates": [[-51.1658452, -29.7779906], [-51.1649306, -29.7767102], [-51.1640252, -29.7754904]]}}, {"type": "Feature", "properties": {"highway": "residential", "name": "Rua Bento Diniz da Costa", "osm_id": 163098800, "osm_type": "way"}, "geometry": {"type": "LineString", "coordinates": [[-51.1659902, -29.7743958], [-51.1653911, -29.7735777], [-51.1647668, -29.7727334]]}}, {"type": "Feature", "properties": {"highway": "residential", "name": "Rua Professor Stumpf", "osm_id": 163098801, "osm_type": "way"}, "geometry": {"type": "LineString", "coordinates": [[-51.1689672, -29.7688599], [-51.1690017, -29.768826], [-51.1696767, -29.7684228], [-51.169752, -29.7683788], [-51.1708537, -29.7677351]]}}, {"type": "Feature", "properties": {"highway": "residential", "name": "Rua Abilio Fidélis", "osm_id": 163098803, "osm_type": "way"}, "geometry": {"type": "LineString", "coordinates": [[-51.1672803, -29.7736771], [-51.166667, -29.7728625], [-51.1660334, -29.7720218]]}}, {"type": "Feature", "properties": {"highway": "tertiary", "name": "Rua Affonso Link", "osm_id": 163098804, "osm_type": "way"}, "geometry": {"type": "LineString", "coordinates": [[-51.1683901, -29.7657923], [-51.1691218, -29.7664466], [-51.1695884, -29.7668639], [-51.1697616, -29.7669487], [-51.1703116, -29.7671133], [-51.1704281, -29.7671826]]}}, {"type": "Feature", "properties": {"highway": "residential", "name": "Rua Henrique Lopes", "osm_id": 163098806, "osm_type": "way"}, "geometry": {"type": "LineString", "coordinates": [[-51.1652077, -29.7783476], [-51.1642732, -29.7770769], [-51.1633714, -29.7758545], [-51.1630195, -29.7753763], [-51.1629706, -29.7753084], [-51.1626439, -29.7748668], [-51.1625723, -29.7747747], [-51.1621566, -29.7742052]]}}, {"type": "Feature", "properties": {"highway": "residential", "name": "Rua da Palma", "osm_id": 163098810, "osm_type": "way"}, "geometry": {"type": "LineString", "coordinates": [[-51.1706156, -29.7707562], [-51.1711723, -29.7715091], [-51.172071, -29.7727271], [-51.1729914, -29.7739894]]}}, {"type": "Feature", "properties": {"highway": "residential", "name": "Rua Maria Linck", "osm_id": 163098815, "osm_type": "way"}, "geometry": {"type": "LineString", "coordinates": [[-51.1692382, -29.7725858], [-51.1701256, -29.7738128], [-51.1710402, -29.7750819]]}}, {"type": "Feature", "properties": {"highway": "residential", "name": "Rua Ieda Maria Linck", "osm_id": 163098816, "osm_type": "way"}, "geometry": {"type": "LineString", "coordinates": [[-51.1699874, -29.7711169], [-51.1705325, -29.7718655], [-51.1714234, -29.7730884], [-51.1723406, -29.7743537]]}}, {"type": "Feature", "properties": {"highway": "residential", "name": "Rua Taiti", "osm_id": 163098819, "osm_type": "way"}, "geometry": {"type": "LineString", "coordinates": [[-51.1685578, -29.7729655], [-51.1679522, -29.7721421], [-51.1673278, -29.7712946]]}}, {"type": "Feature", "properties": {"alt_name": "Rua João Veloso Ramos", "highway": "residential", "name": "Rua Maria do Parque", "osm_id": 163105092, "osm_type": "way"}, "geometry": {"type": "LineString", "coordinates": [[-51.1636546, -29.7699036], [-51.163654, -29.7698844], [-51.1634365, -29.7695517], [-51.1629985, -29.7688874]]}}, {"type": "Feature", "properties": {"highway": "residential", "lanes": "2", "lit": "yes", "maxspeed:type": "BR:urban", "name": "Rua Ida Schuch", "sidewalk": "both", "source:name": "Citada na LM 1191/1962", "surface": "asphalt", "osm_id": 163105093, "osm_type": "way"}, "geometry": {"type": "LineString", "coordinates": [[-51.1637527, -29.7715392], [-51.1628429, -29.7720475]]}}, {"type": "Feature", "properties": {"highway": "living_street", "name": "Avenida João Alberto", "surface": "unpaved", "osm_id": 163105094, "osm_type": "way"}, "geometry": {"type": "LineString", "coordinates": [[-51.1641109, -29.7687077], [-51.1637569, -29.7684527]]}}, {"type": "Feature", "properties": {"highway": "primary", "maxheight": "default", "name": "Avenida Mauá", "oneway": "no", "source": "survey;Bing", "surface": "asphalt", "osm_id": 183486721, "osm_type": "way"}, "geometry": {"type": "LineString", "coordinates": [[-51.1416053, -29.7584272], [-51.1417262, -29.7578615]]}}, {"type": "Feature", "properties": {"highway": "primary", "lanes": "2", "maxheight": "default", "name": "Avenida Mauá", "oneway": "yes", "source": "survey", "surface": "asphalt", "osm_id": 183486722, "osm_type": "way"}, "geometry": {"type": "LineString", "coordinates": [[-51.1450185, -29.7512291], [-51.1450802, -29.7508988], [-51.145106, -29.7505258], [-51.1450831, -29.750029], [-51.1450121, -29.7496244], [-51.1449769, -29.7494583], [-51.1449266, -29.7492775], [-51.1448581, -29.7485339], [-51.1448449, -29.7484217], [-51.1448391, -29.7483852], [-51.1448017, -29.7481526], [-51.1446772, -29.7472555], [-51.1446619, -29.7471449], [-51.1445345, -29.7463089], [-51.144516, -29.7460655], [-51.1444799, -29.7455923], [-51.1444255, -29.7451058], [-51.1444107, -29.7450066], [-51.1443384, -29.7446077], [-51.1441238, -29.7431961], [-51.1440938, -29.742969], [-51.1439401, -29.7415745], [-51.1438386, -29.7409569], [-51.1436579, -29.7394188], [-51.143593, -29.7388998], [-51.1435326, -29.7384454], [-51.1434659, -29.7379432], [-51.1432955, -29.7374583], [-51.1429557, -29.7365636], [-51.1428507, -29.7362476], [-51.1427575, -29.7360314], [-51.1423562, -29.7350723], [-51.1420784, -29.734312], [-51.1420195, -29.734209]]}}, {"type": "Feature", "properties": {"highway": "primary", "name": "Avenida Mauá", "oneway": "yes", "source": "survey", "surface": "asphalt", "osm_id": 183486723, "osm_type": "way"}, "geometry": {"type": "LineString", "coordinates": [[-51.1416053, -29.7584272], [-51.1416967, -29.7589952], [-51.1417785, -29.7593864], [-51.1417732, -29.7599545]]}}, {"type": "Feature", "properties": {"alt_name": "Rua Marechal Rondon", "highway": "primary", "maxheight": "below_default", "name": "Avenida Mauá", "oneway": "yes", "source": "survey", "surface": "asphalt", "osm_id": 183486724, "osm_type": "way"}, "geometry": {"type": "LineString", "coordinates": [[-51.1427809, -29.7550324], [-51.1428179, -29.7548772], [-51.1428671, -29.7546891], [-51.1430317, -29.7541623], [-51.1431095, -29.7539761]]}}, {"type": "Feature", "properties": {"alt_name": "Rua Marechal Rondon", "highway": "primary", "maxheight": "below_default", "name": "Avenida Mauá", "oneway": "yes", "source": "survey", "surface": "asphalt", "osm_id": 183486725, "osm_type": "way"}, "geometry": {"type": "LineString", "coordinates": [[-51.1427809, -29.7550324], [-51.1429455, -29.7547202], [-51.143144, -29.7541243], [-51.1432555, -29.7538782], [-51.1433416, -29.7537403], [-51.1433757, -29.7536977], [-51.1434615, -29.7536131]]}}, {"type": "Feature", "properties": {"highway": "residential", "maxheight": "default", "name": "Rua Dienstmann", "oneway": "no", "surface": "asphalt", "osm_id": 183486728, "osm_type": "way"}, "geometry": {"type": "LineString", "coordinates": [[-51.1450185, -29.7512291], [-51.1444686, -29.7512355], [-51.1439399, -29.7512418], [-51.1434085, -29.7512656], [-51.1428716, -29.7512905], [-51.142259, -29.7513104]]}}, {"type": "Feature", "properties": {"highway": "tertiary", "lanes": "2", "maxheight": "default", "name": "Rua Governador Roberto Silveira", "oneway": "yes", "source": "survey", "surface": "asphalt", "osm_id": 183486729, "osm_type": "way"}, "geometry": {"type": "LineString", "coordinates": [[-51.143728, -29.7378248], [-51.1439599, -29.7378895]]}}, {"type": "Feature", "properties": {"highway": "residential", "name": "Rua Igreja Betel", "source": "IBGE", "osm_id": 183486730, "osm_type": "way"}, "geometry": {"type": "LineString", "coordinates": [[-51.1451764, -29.7414863], [-51.1459178, -29.7415979]]}}, {"type": "Feature", "properties": {"alt_name": "Rua Leopoldo Wasun", "highway": "tertiary", "maxheight": "default", "name": "Avenida Leopoldo Wasun", "oneway": "yes", "source": "Bing; survey", "surface": "asphalt", "osm_id": 183486731, "osm_type": "way"}, "geometry": {"type": "LineString", "coordinates": [[-51.1420195, -29.734209], [-51.1419747, -29.7342526], [-51.141733, -29.7344874], [-51.1413834, -29.7348999], [-51.1412785, -29.7350126], [-51.140809, -29.7355612], [-51.1405282, -29.7358772], [-51.1403381, -29.7360851], [-51.1402496, -29.736162]]}}, {"type": "Feature", "properties": {"highway": "residential", "name": "Rua Marechal Rondon", "osm_id": 183486732, "osm_type": "way"}, "geometry": {"type": "LineString", "coordinates": [[-51.1446122, -29.7533873], [-51.1438058, -29.7541294], [-51.1433685, -29.7545814], [-51.1429781, -29.7550045], [-51.1428915, -29.7551579]]}}, {"type": "Feature", "properties": {"highway": "residential", "name": "Rua Nei Câmara", "source": "IBGE", "osm_id": 183486733, "osm_type": "way"}, "geometry": {"type": "LineString", "coordinates": [[-51.1458083, -29.7422291], [-51.1465696, -29.742328]]}}, {"type": "Feature", "properties": {"highway": "residential", "name": "Rua Quaresmeiras", "surface": "unpaved", "osm_id": 183486738, "osm_type": "way"}, "geometry": {"type": "LineString", "coordinates": [[-51.1448017, -29.7481526], [-51.1442869, -29.7481758], [-51.1437606, -29.7481996], [-51.1435516, -29.748209], [-51.1432054, -29.7482247], [-51.1428165, -29.7482422], [-51.1426687, -29.7482489], [-51.1420519, -29.7482767], [-51.1413034, -29.7483105], [-51.1405568, -29.7483442]]}}, {"type": "Feature", "properties": {"highway": "residential", "maxheight": "default", "name": "Rua dos Adventistas", "oneway": "no", "surface": "asphalt", "osm_id": 183486743, "osm_type": "way"}, "geometry": {"type": "LineString", "coordinates": [[-51.14584, -29.7451328], [-51.145336, -29.7450501], [-51.1450227, -29.7450199]]}}, {"type": "Feature", "properties": {"highway": "tertiary", "maxheight": "default", "oneway": "yes", "osm_id": 183486745, "osm_type": "way"}, "geometry": {"type": "LineString", "coordinates": [[-51.1439599, -29.7378895], [-51.143805, -29.7379099]]}}, {"type": "Feature", "properties": {"highway": "residential", "maxheight": "below_default", "oneway": "yes", "surface": "asphalt", "osm_id": 183486746, "osm_type": "way"}, "geometry": {"type": "LineString", "coordinates": [[-51.1448566, -29.7450505], [-51.1447064, -29.7450735], [-51.1444255, -29.7451058]]}}, {"type": "Feature", "properties": {"highway": "residential", "maxheight": "below_default", "oneway": "yes", "surface": "asphalt", "osm_id": 183486747, "osm_type": "way"}, "geometry": {"type": "LineString", "coordinates": [[-51.1444107, -29.7450066], [-51.1447, -29.7449629], [-51.1448469, -29.7449807]]}}, {"type": "Feature", "properties": {"highway": "service", "oneway": "yes", "service": "driveway", "osm_id": 183486748, "osm_type": "way"}, "geometry": {"type": "LineString", "coordinates": [[-51.145108, -29.7471618], [-51.1450217, -29.7474223], [-51.1450983, -29.7481223], [-51.1452744, -29.7483811]]}}, {"type": "Feature", "properties": {"highway": "service", "oneway": "yes", "service": "driveway", "osm_id": 183486749, "osm_type": "way"}, "geometry": {"type": "LineString", "coordinates": [[-51.1449769, -29.7494583], [-51.1450037, -29.7492544], [-51.144897, -29.7485982], [-51.1448581, -29.7485339]]}}, {"type": "Feature", "properties": {"highway": "primary", "junction": "roundabout", "maxheight": "below_default", "osm_id": 183486751, "osm_type": "way"}, "geometry": {"type": "LineString", "coordinates": [[-51.143805, -29.7379099], [-51.1438144, -29.7379647], [-51.1438047, -29.7380129], [-51.1437775, -29.7380558], [-51.1437358, -29.7380888], [-51.143684, -29.7381082], [-51.1436278, -29.7381121], [-51.1435732, -29.7380999], [-51.143526, -29.738073], [-51.1434915, -29.7380343], [-51.1434777, -29.7379901], [-51.1434659, -29.7379432]]}}, {"type": "Feature", "properties": {"highway": "primary", "junction": "roundabout", "maxheight": "below_default", "oneway": "yes", "osm_id": 183486753, "osm_type": "way"}, "geometry": {"type": "LineString", "coordinates": [[-51.1422477, -29.7341439], [-51.1422281, -29.7341811], [-51.1421956, -29.7342109], [-51.1421538, -29.7342299], [-51.1421072, -29.7342361], [-51.1420608, -29.7342289], [-51.1420195, -29.734209]]}}, {"type": "Feature", "properties": {"highway": "residential", "lit": "yes", "name": "Rua Santo Antônio", "source": "survey;Bing", "surface": "asphalt", "osm_id": 189269006, "osm_type": "way"}, "geometry": {"type": "LineString", "coordinates": [[-51.1518576, -29.7668908], [-51.1518639, -29.7668661], [-51.1521842, -29.7655986], [-51.1525717, -29.7641119]]}}, {"type": "Feature", "properties": {"highway": "residential", "name": "Rua Joaquim Nabuco", "surface": "sett", "width": "8", "osm_id": 228873864, "osm_type": "way"}, "geometry": {"type": "LineString", "coordinates": [[-51.1409953, -29.7773757], [-51.1416283, -29.7777855], [-51.1423123, -29.7782266]]}}, {"type": "Feature", "properties": {"highway": "residential", "name": "Rua Mello Guimarães", "osm_id": 228873865, "osm_type": "way"}, "geometry": {"type": "LineString", "coordinates": [[-51.1413759, -29.7754738], [-51.1411755, -29.7753352], [-51.1400874, -29.7745829]]}}, {"type": "Feature", "properties": {"alt_name": "Rua Raymundo Correa", "highway": "residential", "name": "Rua Raimundo Corrêa", "surface": "sett", "width": "9", "osm_id": 228873866, "osm_type": "way"}, "geometry": {"type": "LineString", "coordinates": [[-51.1428675, -29.7771953], [-51.1429118, -29.7769637], [-51.1429198, -29.7766424]]}}, {"type": "Feature", "properties": {"highway": "residential", "name": "Rua Serafim Vargas", "surface": "sett", "width": "8", "osm_id": 228873867, "osm_type": "way"}, "geometry": {"type": "LineString", "coordinates": [[-51.1411664, -29.7732965], [-51.1399687, -29.7734199]]}}, {"type": "Feature", "properties": {"highway": "residential", "name": "Rua Fritz Rotermund", "osm_id": 228873868, "osm_type": "way"}, "geometry": {"type": "LineString", "coordinates": [[-51.1428675, -29.7771953], [-51.1436749, -29.7772081]]}}, {"type": "Feature", "properties": {"highway": "secondary", "maxspeed": "60", "name": "Avenida John Kennedy", "oneway": "yes", "osm_id": 235326633, "osm_type": "way"}, "geometry": {"type": "LineString", "coordinates": [[-51.1345777, -29.7835617], [-51.1339141, -29.78363], [-51.1336058, -29.7836846], [-51.1332944, -29.7837761], [-51.1328323, -29.7839813], [-51.1321983, -29.7844266], [-51.1317434, -29.7848175], [-51.1313944, -29.7851895], [-51.1302345, -29.7862387], [-51.1294653, -29.7869556], [-51.1293155, -29.7871178], [-51.1291282, -29.7872976]]}}, {"type": "Feature", "properties": {"highway": "residential", "source": "Yahoo", "osm_id": 235351421, "osm_type": "way"}, "geometry": {"type": "LineString", "coordinates": [[-51.1237676, -29.7715166], [-51.1232737, -29.7713934]]}}, {"type": "Feature", "properties": {"highway": "residential", "name": "Rua Santo Inácio", "surface": "ground", "osm_id": 235351422, "osm_type": "way"}, "geometry": {"type": "LineString", "coordinates": [[-51.1568874, -29.783084], [-51.1567292, -29.7832306], [-51.1562732, -29.7835053], [-51.1558521, -29.783666], [-51.1553934, -29.7836706]]}}, {"type": "Feature", "properties": {"highway": "residential", "name": "Rua Everest", "source": "Yahoo", "osm_id": 235351423, "osm_type": "way"}, "geometry": {"type": "LineString", "coordinates": [[-51.1193314, -29.7658522], [-51.1206092, -29.7655433], [-51.1215888, -29.7652262], [-51.1225824, -29.7648594]]}}, {"type": "Feature", "properties": {"highway": "primary", "maxheight": "default", "name": "Avenida Mauá", "osm_id": 235396530, "osm_type": "way"}, "geometry": {"type": "LineString", "coordinates": [[-51.1426132, -29.771773], [-51.1425403, -29.7716276]]}}, {"type": "Feature", "properties": {"highway": "residential", "lanes": "2", "lit": "yes", "maxheight": "default", "name": "Rua São Joaquim", "oneway": "yes", "surface": "asphalt", "osm_id": 235396531, "osm_type": "way"}, "geometry": {"type": "LineString", "coordinates": [[-51.1426132, -29.771773], [-51.1423659, -29.7729035]]}}, {"type": "Feature", "properties": {"highway": "primary", "maxheight": "4.5", "oneway": "yes", "osm_id": 235396532, "osm_type": "way"}, "geometry": {"type": "LineString", "coordinates": [[-51.1420602, -29.770715], [-51.1421259, -29.7703145]]}}, {"type": "Feature", "properties": {"layer": "-1", "tunnel": "culvert", "waterway": "stream", "osm_id": 235397026, "osm_type": "way"}, "geometry": {"type": "LineString", "coordinates": [[-51.1560009, -29.7727192], [-51.1557316, -29.772681]]}}, {"type": "Feature", "properties": {"highway": "tertiary", "name": "Avenida Tomaz Edison", "oneway": "yes", "osm_id": 235397027, "osm_type": "way"}, "geometry": {"type": "LineString", "coordinates": [[-51.1598299, -29.7729518], [-51.1596137, -29.7723693], [-51.1593947, -29.7718274], [-51.1592326, -29.7713609], [-51.1592088, -29.7711689]]}}, {"type": "Feature", "properties": {"landuse": "industrial", "name": "Gedore", "osm_id": 235397029, "osm_type": "way"}, "geometry": {"type": "Polygon", "coordinates": [[[-51.1621914, -29.7783345], [-51.1642321, -29.777192], [-51.1650421, -29.7783007], [-51.1627911, -29.7796054], [-51.1621914, -29.7783345]]]}}, {"type": "Feature", "properties": {"highway": "residential", "name": "Rua Campo Bom", "osm_id": 235398148, "osm_type": "way"}, "geometry": {"type": "LineString", "coordinates": [[-51.1616108, -29.7438287], [-51.1617248, -29.7439801], [-51.1620373, -29.7451405], [-51.1622548, -29.7458334], [-51.1625532, -29.7469305], [-51.1626384, -29.7472145], [-51.1629723, -29.7483275], [-51.1629885, -29.7483814], [-51.1630201, -29.7484963], [-51.1633672, -29.7497559], [-51.163403, -29.7498857], [-51.1638039, -29.7513384], [-51.1642088, -29.7527448], [-51.1645762, -29.7540207]]}}, {"type": "Feature", "properties": {"highway": "residential", "name": "Rua Sapiranga", "osm_id": 235398149, "osm_type": "way"}, "geometry": {"type": "LineString", "coordinates": [[-51.1609188, -29.7440063], [-51.1612942, -29.7453097], [-51.1614756, -29.7460569], [-51.1618469, -29.7473958], [-51.1622186, -29.7486878]]}}, {"type": "Feature", "properties": {"highway": "residential", "name": "Rua Herval", "osm_id": 235398150, "osm_type": "way"}, "geometry": {"type": "LineString", "coordinates": [[-51.1601057, -29.744177], [-51.1604576, -29.7454957], [-51.1606829, -29.7462404], [-51.1610545, -29.7475772], [-51.1614328, -29.7488966]]}}, {"type": "Feature", "properties": {"highway": "residential", "name": "Rua Edmundo Felix Nunes", "osm_id": 235398151, "osm_type": "way"}, "geometry": {"type": "LineString", "coordinates": [[-51.1630201, -29.7484963], [-51.1625988, -29.7485969], [-51.1622186, -29.7486878], [-51.1618594, -29.7487832], [-51.1614328, -29.7488966], [-51.1611883, -29.7489532], [-51.1610506, -29.7489851], [-51.1606632, -29.7490748], [-51.1605255, -29.7491067], [-51.1602483, -29.7491709], [-51.1598431, -29.7492647], [-51.1592382, -29.7493963], [-51.1590271, -29.7494536]]}}, {"type": "Feature", "properties": {"highway": "residential", "name": "Rua Ivoti", "osm_id": 235398152, "osm_type": "way"}, "geometry": {"type": "LineString", "coordinates": [[-51.1593248, -29.7443421], [-51.1596851, -29.7456674], [-51.1599093, -29.7464177], [-51.1602868, -29.7477636], [-51.1606632, -29.7490748]]}}, {"type": "Feature", "properties": {"highway": "residential", "name": "Rua Ferrabraz", "osm_id": 235398153, "osm_type": "way"}, "geometry": {"type": "LineString", "coordinates": [[-51.158515, -29.7445168], [-51.1588735, -29.7458479], [-51.1591295, -29.7466843], [-51.1594702, -29.7479506], [-51.1598431, -29.7492647], [-51.160268, -29.7506402], [-51.1605598, -29.7516324]]}}, {"type": "Feature", "properties": {"highway": "residential", "name": "Rua do Pesqueiro", "osm_id": 235398154, "osm_type": "way"}, "geometry": {"type": "LineString", "coordinates": [[-51.1577593, -29.7446809], [-51.158092, -29.7460216], [-51.1581353, -29.7461736], [-51.1581559, -29.7462405], [-51.1584063, -29.747068], [-51.1584567, -29.7472308], [-51.1584725, -29.7473002], [-51.158526, -29.7474025], [-51.1586045, -29.7474795], [-51.158663, -29.7475326], [-51.1587335, -29.7476336], [-51.1588581, -29.7480878], [-51.1589464, -29.7483823], [-51.1592382, -29.7493963], [-51.1593058, -29.7496475], [-51.1596321, -29.7507846]]}}, {"type": "Feature", "properties": {"alt_name": "Rua Manoel Vargas", "highway": "residential", "name": "Rua Manuel Vargas", "osm_id": 235398155, "osm_type": "way"}, "geometry": {"type": "LineString", "coordinates": [[-51.1593058, -29.7496475], [-51.1590271, -29.7494536], [-51.1585263, -29.7491168], [-51.15837, -29.7490117], [-51.1578549, -29.7486816], [-51.1573608, -29.7483249], [-51.1567327, -29.7479475]]}}, {"type": "Feature", "properties": {"highway": "residential", "name": "Rua Aristides Baronio", "osm_id": 235398156, "osm_type": "way"}, "geometry": {"type": "LineString", "coordinates": [[-51.1626384, -29.7472145], [-51.1622573, -29.7472974], [-51.1618469, -29.7473958], [-51.1614952, -29.7474763], [-51.1610545, -29.7475772], [-51.1606942, -29.7476682], [-51.1602868, -29.7477636], [-51.1598787, -29.7478579], [-51.1594702, -29.7479506], [-51.1588581, -29.7480878]]}}, {"type": "Feature", "properties": {"highway": "residential", "name": "Rua Ronda Alta", "osm_id": 235398158, "osm_type": "way"}, "geometry": {"type": "LineString", "coordinates": [[-51.1603241, -29.7463222], [-51.1606942, -29.7476682], [-51.1610506, -29.7489851]]}}, {"type": "Feature", "properties": {"highway": "residential", "name": "Rua Sobradinho", "osm_id": 235398159, "osm_type": "way"}, "geometry": {"type": "LineString", "coordinates": [[-51.1611244, -29.7461347], [-51.1614952, -29.7474763], [-51.1618594, -29.7487832], [-51.1622503, -29.7502085]]}}, {"type": "Feature", "properties": {"highway": "residential", "name": "Rua Foz do Iguaçu", "osm_id": 235398160, "osm_type": "way"}, "geometry": {"type": "LineString", "coordinates": [[-51.1618967, -29.7459503], [-51.1622573, -29.7472974], [-51.1625988, -29.7485969]]}}, {"type": "Feature", "properties": {"highway": "residential", "name": "Rua Porto Britânia", "osm_id": 235398161, "osm_type": "way"}, "geometry": {"type": "LineString", "coordinates": [[-51.1611883, -29.7489532], [-51.1615878, -29.7503551]]}}, {"type": "Feature", "properties": {"highway": "residential", "name": "Rua Porto Brasília", "osm_id": 235398162, "osm_type": "way"}, "geometry": {"type": "LineString", "coordinates": [[-51.1605255, -29.7491067], [-51.160944, -29.7504935], [-51.1612089, -29.751444], [-51.1612057, -29.7514787]]}}, {"type": "Feature", "properties": {"highway": "residential", "name": "Rua Porto Branco", "osm_id": 235398163, "osm_type": "way"}, "geometry": {"type": "LineString", "coordinates": [[-51.1585263, -29.7491168], [-51.1588382, -29.7502357], [-51.1590294, -29.7509217], [-51.1593065, -29.7519034]]}}, {"type": "Feature", "properties": {"alt_name": "Rua Porto Batista; Rua Três", "highway": "residential", "name": "Rua 3", "osm_id": 235398164, "osm_type": "way"}, "geometry": {"type": "LineString", "coordinates": [[-51.1583973, -29.751061], [-51.1585339, -29.7515288], [-51.1586839, -29.7520351]]}}, {"type": "Feature", "properties": {"alt_name": "Rua Tiradente do Sul", "highway": "residential", "name": "Rua Tiradentes do Sul", "osm_id": 235398165, "osm_type": "way"}, "geometry": {"type": "LineString", "coordinates": [[-51.1588382, -29.7502357], [-51.1571862, -29.7506131]]}}, {"type": "Feature", "properties": {"highway": "residential", "name": "Rua Porto Almeida", "osm_id": 235398166, "osm_type": "way"}, "geometry": {"type": "LineString", "coordinates": [[-51.1587335, -29.7476336], [-51.1578549, -29.7486816], [-51.1570548, -29.7496551], [-51.1569984, -29.7497461]]}}, {"type": "Feature", "properties": {"alt_name": "Rua 1º de Maio", "highway": "residential", "name": "Rua Primeiro de Maio", "osm_id": 235398167, "osm_type": "way"}, "geometry": {"type": "LineString", "coordinates": [[-51.1584063, -29.747068], [-51.1573608, -29.7483249]]}}, {"type": "Feature", "properties": {"highway": "tertiary", "name": "Rua Alberto Zimmermann", "osm_id": 239472980, "osm_type": "way"}, "geometry": {"type": "LineString", "coordinates": [[-51.1258569, -29.7793941], [-51.1257611, -29.7798976], [-51.1255837, -29.7808811], [-51.1254664, -29.7815879], [-51.1254021, -29.7819093], [-51.125299, -29.782044]]}}, {"type": "Feature", "properties": {"alt_name": "Rua Emilio Dexheimer", "highway": "tertiary", "name": "Rua Emílio H. Dexheimer", "source": "Yahoo", "osm_id": 239472981, "osm_type": "way"}, "geometry": {"type": "LineString", "coordinates": [[-51.1353098, -29.7796798], [-51.1338874, -29.7792162], [-51.1332464, -29.7789912], [-51.1323987, -29.7787327], [-51.1322458, -29.7786816], [-51.1314034, -29.7783873], [-51.1306544, -29.7779974], [-51.1306248, -29.777978], [-51.1298737, -29.7775895], [-51.1291152, -29.7771765], [-51.1283318, -29.7767544], [-51.1282569, -29.7767011], [-51.1282172, -29.7766729]]}}, {"type": "Feature", "properties": {"highway": "tertiary", "lit": "yes", "name": "Rua Doutor João Dutra", "oneway": "yes", "source": "Yahoo;Bing;IBGE;survey", "osm_id": 239472982, "osm_type": "way"}, "geometry": {"type": "LineString", "coordinates": [[-51.1301804, -29.7684569], [-51.1291498, -29.7689757], [-51.1289444, -29.7690733], [-51.1281103, -29.7694893]]}}, {"type": "Feature", "properties": {"alt_name": "Rua Leopoldo Zimmermann", "highway": "tertiary", "lanes": "2", "lit": "yes", "name": "Rua Leopoldo Zimermann", "oneway": "no", "source": "Yahoo; survey", "surface": "asphalt", "osm_id": 239472984, "osm_type": "way"}, "geometry": {"type": "LineString", "coordinates": [[-51.1182037, -29.7610362], [-51.1181418, -29.761153], [-51.1177539, -29.7617688], [-51.1176632, -29.7618754], [-51.117226, -29.7625302], [-51.1168815, -29.7630417], [-51.1168173, -29.7632034], [-51.1167928, -29.7633421], [-51.1167899, -29.7634607], [-51.1168063, -29.763573], [-51.116821, -29.7636423], [-51.1168291, -29.7637124], [-51.1168432, -29.7638426], [-51.1169395, -29.7645171], [-51.117082, -29.7654334], [-51.117117, -29.7655194], [-51.1171809, -29.7656765]]}}, {"type": "Feature", "properties": {"alt_name": "Rua Leopoldo Zimmermann", "highway": "tertiary", "lanes": "2", "name": "Rua Leopoldo Zimermann", "oneway": "yes", "source": "Yahoo", "surface": "asphalt", "osm_id": 239472985, "osm_type": "way"}, "geometry": {"type": "LineString", "coordinates": [[-51.1171809, -29.7656765], [-51.117308, -29.7658331], [-51.1174594, -29.7659901]]}}, {"type": "Feature", "properties": {"highway": "residential", "lit": "yes", "name": "Rua Lindolfo Collor", "oneway": "yes", "osm_id": 239472986, "osm_type": "way"}, "geometry": {"type": "LineString", "coordinates": [[-51.1470947, -29.7687197], [-51.147949, -29.7688663], [-51.1480455, -29.768885], [-51.1483674, -29.7689339]]}}, {"type": "Feature", "properties": {"highway": "tertiary", "lanes": "2", "lit": "yes", "maxspeed": "40", "name": "Rua Bento Gonçalves", "oneway": "yes", "sidewalk": "both", "surface": "asphalt", "osm_id": 239472987, "osm_type": "way"}, "geometry": {"type": "LineString", "coordinates": [[-51.1470947, -29.7687197], [-51.1470633, -29.768846], [-51.1470274, -29.7689846], [-51.146985, -29.7691451], [-51.1467688, -29.7699629]]}}, {"type": "Feature", "properties": {"highway": "tertiary", "lanes": "3", "lit": "yes", "name": "Rua Bento Gonçalves", "oneway": "yes", "sidewalk": "both", "surface": "asphalt", "osm_id": 239472988, "osm_type": "way"}, "geometry": {"type": "LineString", "coordinates": [[-51.1467688, -29.7699629], [-51.1464416, -29.7711876]]}}, {"type": "Feature", "properties": {"highway": "residential", "name": "Rua Heitor Mendes Gonçalves", "osm_id": 261869099, "osm_type": "way"}, "geometry": {"type": "LineString", "coordinates": [[-51.1636081, -29.7724272], [-51.1641062, -29.7731059], [-51.1643579, -29.7734485], [-51.1646089, -29.7737903], [-51.1647264, -29.7739502], [-51.164958, -29.7742715], [-51.1653254, -29.774766], [-51.1657171, -29.7752995], [-51.1662243, -29.7759883], [-51.1671548, -29.7772574]]}}, {"type": "Feature", "properties": {"highway": "residential", "name": "Rua Abilio Fidélis", "osm_id": 261869100, "osm_type": "way"}, "geometry": {"type": "LineString", "coordinates": [[-51.1681682, -29.7749067], [-51.1690928, -29.7761723]]}}, {"type": "Feature", "properties": {"highway": "residential", "name": "Rua Alberto Link", "osm_id": 261869101, "osm_type": "way"}, "geometry": {"type": "LineString", "coordinates": [[-51.1716992, -29.7747129], [-51.1707678, -29.7734542], [-51.1698628, -29.7722386], [-51.1693164, -29.7715022]]}}, {"type": "Feature", "properties": {"highway": "residential", "name": "Rua Bento Diniz da Costa", "osm_id": 261869102, "osm_type": "way"}, "geometry": {"type": "LineString", "coordinates": [[-51.1677884, -29.7769026], [-51.1668774, -29.7756242]]}}, {"type": "Feature", "properties": {"highway": "residential", "name": "Rua Almerinda Gentila Fidélis", "osm_id": 261869103, "osm_type": "way"}, "geometry": {"type": "LineString", "coordinates": [[-51.1688128, -29.7745445], [-51.1697604, -29.7757985]]}}, {"type": "Feature", "properties": {"highway": "residential", "name": "Rua Rolante", "osm_id": 261869104, "osm_type": "way"}, "geometry": {"type": "LineString", "coordinates": [[-51.1675232, -29.7752639], [-51.1684344, -29.7765409]]}}, {"type": "Feature", "properties": {"highway": "residential", "name": "Rua Orquídeas", "osm_id": 261869105, "osm_type": "way"}, "geometry": {"type": "LineString", "coordinates": [[-51.1743239, -29.7732432], [-51.1736027, -29.7723018], [-51.1733873, -29.7719696]]}}, {"type": "Feature", "properties": {"highway": "residential", "name": "Rua São Francisco de Paula", "osm_id": 261869107, "osm_type": "way"}, "geometry": {"type": "LineString", "coordinates": [[-51.1594972, -29.7465394], [-51.1598787, -29.7478579], [-51.1602483, -29.7491709]]}}, {"type": "Feature", "properties": {"highway": "residential", "name": "Rua Taiti", "osm_id": 261869109, "osm_type": "way"}, "geometry": {"type": "LineString", "coordinates": [[-51.1703914, -29.7754452], [-51.1694523, -29.7741882]]}}, {"type": "Feature", "properties": {"highway": "secondary", "name": "Avenida Tomaz Edison", "oneway": "yes", "osm_id": 293274190, "osm_type": "way"}, "geometry": {"type": "LineString", "coordinates": [[-51.1549364, -29.7341952], [-51.1548675, -29.7353158], [-51.1549416, -29.7358325], [-51.1550759, -29.7365631], [-51.1552112, -29.737647], [-51.1552798, -29.7381379], [-51.155389, -29.7388123], [-51.1554607, -29.7392017], [-51.1555131, -29.7394864], [-51.1555217, -29.7395675], [-51.1555832, -29.739959], [-51.1556183, -29.7402056], [-51.1556364, -29.7403063], [-51.15589, -29.7420052], [-51.1559497, -29.7426319]]}}, {"type": "Feature", "properties": {"highway": "residential", "name": "Rua Castelo Branco", "osm_id": 294876925, "osm_type": "way"}, "geometry": {"type": "LineString", "coordinates": [[-51.1439471, -29.7328499], [-51.1434929, -29.7329964], [-51.1421156, -29.7334405]]}}, {"type": "Feature", "properties": {"highway": "residential", "name": "Rua Goiás", "osm_id": 294876926, "osm_type": "way"}, "geometry": {"type": "LineString", "coordinates": [[-51.1518517, -29.7431565], [-51.1510218, -29.7432138]]}}, {"type": "Feature", "properties": {"highway": "residential", "name": "Rua Padre Chagas", "osm_id": 294876927, "osm_type": "way"}, "geometry": {"type": "LineString", "coordinates": [[-51.15589, -29.7420052], [-51.1556768, -29.7419764]]}}, {"type": "Feature", "properties": {"highway": "residential", "name": "Rua Padre Chagas", "osm_id": 294876928, "osm_type": "way"}, "geometry": {"type": "LineString", "coordinates": [[-51.1556768, -29.7419764], [-51.1547948, -29.7412411], [-51.1547671, -29.7409871], [-51.1546702, -29.7398921]]}}, {"type": "Feature", "properties": {"alt_name": "Rua Emílio C. Buhler", "highway": "residential", "name": "Rua Onofre Pires", "osm_id": 294876929, "osm_type": "way"}, "geometry": {"type": "LineString", "coordinates": [[-51.1556593, -29.7357799], [-51.1549416, -29.7358325]]}}, {"type": "Feature", "properties": {"highway": "residential", "name": "Rua Tenente Antônio João", "osm_id": 294876932, "osm_type": "way"}, "geometry": {"type": "LineString", "coordinates": [[-51.14665, -29.7344084], [-51.1457757, -29.7344281], [-51.1440906, -29.7344572]]}}, {"type": "Feature", "properties": {"alt_name": "Rua Sete de Setembro", "highway": "residential", "name": "Rua 7 de Setembro", "osm_id": 294876933, "osm_type": "way"}, "geometry": {"type": "LineString", "coordinates": [[-51.144392, -29.73561], [-51.1458061, -29.7361136], [-51.1467033, -29.7364359], [-51.1471606, -29.7365993], [-51.1485735, -29.7370946], [-51.148707, -29.7371471]]}}, {"type": "Feature", "properties": {"highway": "tertiary", "lanes": "2", "name": "Avenida Arnaldo Pereira da Silva", "oneway": "no", "surface": "asphalt", "osm_id": 294876934, "osm_type": "way"}, "geometry": {"type": "LineString", "coordinates": [[-51.1488102, -29.7381611], [-51.1488029, -29.7382789], [-51.148793, -29.738439], [-51.1487544, -29.7387609], [-51.1487521, -29.7388311], [-51.1486077, -29.739522]]}}, {"type": "Feature", "properties": {"highway": "residential", "maxheight": "default", "name": "Rua Presidente Lucena", "oneway": "yes", "osm_id": 294876935, "osm_type": "way"}, "geometry": {"type": "LineString", "coordinates": [[-51.1488102, -29.7381611], [-51.1490697, -29.737525], [-51.149225, -29.7369723], [-51.1497125, -29.7362199]]}}, {"type": "Feature", "properties": {"highway": "tertiary", "lanes": "2", "name": "Avenida Arnaldo Pereira da Silva", "oneway": "no", "surface": "asphalt", "osm_id": 294876937, "osm_type": "way"}, "geometry": {"type": "LineString", "coordinates": [[-51.1486077, -29.739522], [-51.1484323, -29.7405725], [-51.1483372, -29.7411019], [-51.1483013, -29.7413008], [-51.1481881, -29.7419708], [-51.1480818, -29.7425374], [-51.148071, -29.7426024], [-51.1478559, -29.7440169], [-51.1478169, -29.7442176], [-51.1476198, -29.7452638], [-51.1475591, -29.7457316]]}}, {"type": "Feature", "properties": {"alt_name": "Rua Catimbau;Rua Oito", "highway": "residential", "name": "Rua Catimbaú", "osm_id": 300871081, "osm_type": "way"}, "geometry": {"type": "LineString", "coordinates": [[-51.167647, -29.7458104], [-51.1669312, -29.7459679], [-51.1662009, -29.7461285], [-51.1654888, -29.7462851], [-51.1647481, -29.7464479], [-51.1640376, -29.7466041], [-51.1633139, -29.7467632], [-51.1625532, -29.7469305]]}}, {"type": "Feature", "properties": {"alt_name": "Rua Edmundo Felix Nunes;Rua Seis", "highway": "residential", "name": "Rua Roberto Luiz Haas", "osm_id": 300871082, "osm_type": "way"}, "geometry": {"type": "LineString", "coordinates": [[-51.1665895, -29.7475436], [-51.1658757, -29.7476983], [-51.1651563, -29.7478542], [-51.1644371, -29.7480101], [-51.1637041, -29.7481689], [-51.1629723, -29.7483275]]}}, {"type": "Feature", "properties": {"highway": "residential", "name": "Rua Manoel Viana", "osm_id": 300871083, "osm_type": "way"}, "geometry": {"type": "LineString", "coordinates": [[-51.1665981, -29.7420035], [-51.1668023, -29.7430114], [-51.1670089, -29.7438716]]}}, {"type": "Feature", "properties": {"alt_name": "Rua 4 Colônias", "highway": "residential", "name": "Rua Quatro Colônias", "osm_id": 300871084, "osm_type": "way"}, "geometry": {"type": "LineString", "coordinates": [[-51.1625806, -29.7427911], [-51.1637736, -29.7436683], [-51.1640793, -29.7438989], [-51.1649058, -29.744476], [-51.1658329, -29.7450815], [-51.1658809, -29.7451247], [-51.1659158, -29.7451621]]}}, {"type": "Feature", "properties": {"highway": "residential", "name": "Rua Cambará", "osm_id": 300871085, "osm_type": "way"}, "geometry": {"type": "LineString", "coordinates": [[-51.1665793, -29.7447875], [-51.1669312, -29.7459679], [-51.1673357, -29.7473818]]}}, {"type": "Feature", "properties": {"highway": "residential", "name": "Rua Manoel Viana", "surface": "unpaved", "osm_id": 300871086, "osm_type": "way"}, "geometry": {"type": "LineString", "coordinates": [[-51.1679761, -29.7469711], [-51.167647, -29.7458104], [-51.1673138, -29.744635]]}}, {"type": "Feature", "properties": {"highway": "residential", "surface": "unpaved", "osm_id": 300871087, "osm_type": "way"}, "geometry": {"type": "LineString", "coordinates": [[-51.1673138, -29.744635], [-51.1665793, -29.7447875], [-51.1659617, -29.7449435], [-51.1658329, -29.7450815]]}}, {"type": "Feature", "properties": {"highway": "residential", "name": "Rua Manoel Viana", "surface": "unpaved", "osm_id": 300871088, "osm_type": "way"}, "geometry": {"type": "LineString", "coordinates": [[-51.1673138, -29.744635], [-51.1671916, -29.7444109], [-51.1670178, -29.7440864], [-51.1670231, -29.744018], [-51.1670208, -29.7439509], [-51.1670089, -29.7438716]]}}, {"type": "Feature", "properties": {"highway": "residential", "name": "Rua Picada Café", "surface": "unpaved", "osm_id": 300871089, "osm_type": "way"}, "geometry": {"type": "LineString", "coordinates": [[-51.165984, -29.7433675], [-51.1662741, -29.7435692], [-51.1670178, -29.7440864]]}}, {"type": "Feature", "properties": {"alt_name": "Rua Clary Pittan Ballestreri", "highway": "residential", "name": "Rua Giovane Miguel Kovalczik", "surface": "unpaved", "osm_id": 300871090, "osm_type": "way"}, "geometry": {"type": "LineString", "coordinates": [[-51.1662741, -29.7435692], [-51.1659928, -29.7448191], [-51.1659617, -29.7449435]]}}, {"type": "Feature", "properties": {"highway": "residential", "name": "Rua Pinhal Alto", "osm_id": 300871091, "osm_type": "way"}, "geometry": {"type": "LineString", "coordinates": [[-51.1665219, -29.7428276], [-51.165984, -29.7433675], [-51.1654489, -29.7439177], [-51.1649058, -29.744476], [-51.1644121, -29.7450153], [-51.1640245, -29.7454114], [-51.1638129, -29.7455904], [-51.1637833, -29.7456215]]}}, {"type": "Feature", "properties": {"highway": "residential", "name": "Rua Pampeiros", "osm_id": 300871092, "osm_type": "way"}, "geometry": {"type": "LineString", "coordinates": [[-51.1637833, -29.7456215], [-51.1637673, -29.745665], [-51.1640376, -29.7466041], [-51.1644371, -29.7480101], [-51.1648503, -29.7494326]]}}, {"type": "Feature", "properties": {"highway": "residential", "name": "Rua Uruguai", "osm_id": 300871093, "osm_type": "way"}, "geometry": {"type": "LineString", "coordinates": [[-51.1645666, -29.7511641], [-51.1641142, -29.749593], [-51.1637041, -29.7481689], [-51.1633139, -29.7467632], [-51.1629824, -29.7456398]]}}, {"type": "Feature", "properties": {"highway": "residential", "name": "Rua Honestino Guimarães", "osm_id": 300871094, "osm_type": "way"}, "geometry": {"type": "LineString", "coordinates": [[-51.1594972, -29.7465394], [-51.1599093, -29.7464177], [-51.1603241, -29.7463222], [-51.1606829, -29.7462404], [-51.1611244, -29.7461347], [-51.1614756, -29.7460569], [-51.1618967, -29.7459503], [-51.1622548, -29.7458334], [-51.1629824, -29.7456398], [-51.1640245, -29.7454114]]}}, {"type": "Feature", "properties": {"highway": "residential", "name": "Rua Picada Capivara", "osm_id": 300871095, "osm_type": "way"}, "geometry": {"type": "LineString", "coordinates": [[-51.1644121, -29.7450153], [-51.1632567, -29.7442075]]}}, {"type": "Feature", "properties": {"highway": "residential", "name": "Avenida Campina", "postal_code": "93135-120", "osm_id": 300871096, "osm_type": "way"}, "geometry": {"type": "LineString", "coordinates": [[-51.1632567, -29.7442075], [-51.1637736, -29.7436683], [-51.1642928, -29.7430987], [-51.1647882, -29.7425501], [-51.1653291, -29.7419892], [-51.1658239, -29.7414371], [-51.1662538, -29.7409433]]}}, {"type": "Feature", "properties": {"highway": "residential", "name": "Rua Amaral Ribeiro", "osm_id": 300871097, "osm_type": "way"}, "geometry": {"type": "LineString", "coordinates": [[-51.1613361, -29.7410402], [-51.16176, -29.741336], [-51.1624245, -29.7417998], [-51.1630939, -29.742267], [-51.1642928, -29.7430987], [-51.1654489, -29.7439177]]}}, {"type": "Feature", "properties": {"highway": "residential", "name": "Rua Umbu", "surface": "unpaved", "osm_id": 300871098, "osm_type": "way"}, "geometry": {"type": "LineString", "coordinates": [[-51.1644339, -29.7453185], [-51.1647481, -29.7464479]]}}, {"type": "Feature", "properties": {"highway": "residential", "name": "Rua Caibaté", "surface": "unpaved", "osm_id": 300871099, "osm_type": "way"}, "geometry": {"type": "LineString", "coordinates": [[-51.1651584, -29.7451574], [-51.1654888, -29.7462851], [-51.1658757, -29.7476983], [-51.166285, -29.7491198]]}}, {"type": "Feature", "properties": {"highway": "residential", "name": "Rua Umbu", "osm_id": 300871100, "osm_type": "way"}, "geometry": {"type": "LineString", "coordinates": [[-51.1647481, -29.7464479], [-51.1651563, -29.7478542], [-51.1655669, -29.7492764]]}}, {"type": "Feature", "properties": {"highway": "residential", "name": "Rua Ipamoreti", "osm_id": 300871101, "osm_type": "way"}, "geometry": {"type": "LineString", "coordinates": [[-51.166285, -29.7491198], [-51.1656345, -29.7492617], [-51.1655669, -29.7492764], [-51.1648503, -29.7494326], [-51.1641142, -29.749593], [-51.1633672, -29.7497559]]}}, {"type": "Feature", "properties": {"highway": "residential", "name": "Rua Caibaté", "osm_id": 300871102, "osm_type": "way"}, "geometry": {"type": "LineString", "coordinates": [[-51.166285, -29.7491198], [-51.1663041, -29.7491847], [-51.1667445, -29.750681]]}}, {"type": "Feature", "properties": {"highway": "residential", "name": "Rua Inhanduí", "osm_id": 300871103, "osm_type": "way"}, "geometry": {"type": "LineString", "coordinates": [[-51.1667445, -29.750681], [-51.1662959, -29.7507805], [-51.1657032, -29.750912], [-51.1650595, -29.7510547], [-51.1645666, -29.7511641], [-51.1644358, -29.751194], [-51.1638039, -29.7513384]]}}, {"type": "Feature", "properties": {"highway": "residential", "name": "Rua Inhanduí", "surface": "unpaved", "osm_id": 300871104, "osm_type": "way"}, "geometry": {"type": "LineString", "coordinates": [[-51.1667445, -29.750681], [-51.1669254, -29.750642], [-51.1675401, -29.7505095], [-51.1681768, -29.750376], [-51.1682557, -29.7503588], [-51.1687646, -29.750248]]}}, {"type": "Feature", "properties": {"alt_name": "Rua Pindai", "highway": "residential", "name": "Rua Tuparaí", "surface": "unpaved", "osm_id": 300871105, "osm_type": "way"}, "geometry": {"type": "LineString", "coordinates": [[-51.1675401, -29.7505095], [-51.1678992, -29.7516507], [-51.1679006, -29.7517546], [-51.1678845, -29.7518361], [-51.1678255, -29.7519036], [-51.1677691, -29.7519595], [-51.1676859, -29.752017]]}}, {"type": "Feature", "properties": {"alt_name": "Rua Borore", "highway": "residential", "name": "Rua Bororó", "surface": "unpaved", "osm_id": 300871106, "osm_type": "way"}, "geometry": {"type": "LineString", "coordinates": [[-51.1673513, -29.752087], [-51.1669254, -29.750642]]}}, {"type": "Feature", "properties": {"alt_name": "Rua Minuanos", "highway": "residential", "name": "Rua Minuano", "surface": "unpaved", "osm_id": 300871107, "osm_type": "way"}, "geometry": {"type": "LineString", "coordinates": [[-51.1662959, -29.7507805], [-51.1667033, -29.7522227]]}}, {"type": "Feature", "properties": {"alt_name": "Rua Quaraim", "highway": "residential", "name": "Rua Quaraí", "surface": "unpaved", "osm_id": 300871108, "osm_type": "way"}, "geometry": {"type": "LineString", "coordinates": [[-51.1657032, -29.750912], [-51.1660838, -29.7523523], [-51.1664179, -29.7535781]]}}, {"type": "Feature", "properties": {"highway": "residential", "name": "Rua Itapevi", "surface": "unpaved", "osm_id": 300871109, "osm_type": "way"}, "geometry": {"type": "LineString", "coordinates": [[-51.1658214, -29.7537354], [-51.165465, -29.7524819], [-51.1650595, -29.7510547]]}}, {"type": "Feature", "properties": {"highway": "residential", "name": "Rua Itapororó", "surface": "unpaved", "osm_id": 300871110, "osm_type": "way"}, "geometry": {"type": "LineString", "coordinates": [[-51.1652117, -29.7538619], [-51.16484, -29.7526127], [-51.1644358, -29.751194]]}}, {"type": "Feature", "properties": {"alt_name": "Rua Thomaz Edison", "highway": "residential", "name": "Avenida Tomaz Edison", "oneway": "yes", "osm_id": 300871111, "osm_type": "way"}, "geometry": {"type": "LineString", "coordinates": [[-51.1575567, -29.754206], [-51.1574629, -29.7536718], [-51.157364, -29.7530887], [-51.1571847, -29.751833], [-51.1571232, -29.7514143]]}}, {"type": "Feature", "properties": {"highway": "residential", "osm_id": 300871112, "osm_type": "way"}, "geometry": {"type": "LineString", "coordinates": [[-51.1569984, -29.7497461], [-51.1569056, -29.7499554]]}}, {"type": "Feature", "properties": {"alt_name": "Rua Tomaz Edison", "highway": "residential", "name": "Avenida Tomaz Edison", "oneway": "yes", "osm_id": 300871113, "osm_type": "way"}, "geometry": {"type": "LineString", "coordinates": [[-51.1569984, -29.7497461], [-51.1570594, -29.7500252], [-51.1571862, -29.7506131], [-51.1572494, -29.7513131], [-51.157328, -29.7517654], [-51.1574178, -29.7523594], [-51.1575316, -29.7530663], [-51.1576373, -29.7536467], [-51.1577195, -29.75419]]}}, {"type": "Feature", "properties": {"alt_name": "Rua Tomaz Edison", "highway": "residential", "name": "Rua Thomaz Edison", "osm_id": 300871114, "osm_type": "way"}, "geometry": {"type": "LineString", "coordinates": [[-51.1568324, -29.7488798], [-51.1568955, -29.749023], [-51.156937, -29.7493351], [-51.1570548, -29.7496551]]}}, {"type": "Feature", "properties": {"highway": "residential", "name": "Rua Porto Bela Vista", "surface": "unpaved", "osm_id": 300871115, "osm_type": "way"}, "geometry": {"type": "LineString", "coordinates": [[-51.1585339, -29.7515288], [-51.1579978, -29.7516591], [-51.157957, -29.7516848], [-51.1579281, -29.7517103], [-51.1574178, -29.7523594]]}}, {"type": "Feature", "properties": {"highway": "residential", "name": "Rua Raul Bopp", "osm_id": 300871116, "osm_type": "way"}, "geometry": {"type": "LineString", "coordinates": [[-51.1611645, -29.7526437], [-51.1608155, -29.7526843], [-51.1591884, -29.7528736], [-51.1576168, -29.7530564], [-51.1575316, -29.7530663], [-51.157364, -29.7530887], [-51.1566826, -29.7531826]]}}, {"type": "Feature", "properties": {"alt_name": "Rua Santa Edviges", "highway": "residential", "name": "Rua Santa Edwiges", "osm_id": 300871117, "osm_type": "way"}, "geometry": {"type": "LineString", "coordinates": [[-51.1605504, -29.7533111], [-51.1592704, -29.7534568], [-51.1576373, -29.7536467], [-51.1574629, -29.7536718], [-51.1561407, -29.7538166]]}}, {"type": "Feature", "properties": {"highway": "residential", "name": "Rua Jandir Rigo", "surface": "unpaved", "osm_id": 300871118, "osm_type": "way"}, "geometry": {"type": "LineString", "coordinates": [[-51.1593067, -29.7538029], [-51.1592704, -29.7534568], [-51.1591884, -29.7528736], [-51.1591278, -29.7524941]]}}, {"type": "Feature", "properties": {"alt_name": "Rua Porto Belo", "highway": "residential", "name": "Rua Porto Bela União", "surface": "unpaved", "osm_id": 300871119, "osm_type": "way"}, "geometry": {"type": "LineString", "coordinates": [[-51.1612057, -29.7514787], [-51.1611684, -29.7515027], [-51.1605598, -29.7516324], [-51.1599277, -29.7517707], [-51.1593065, -29.7519034], [-51.1586839, -29.7520351], [-51.1584002, -29.7520876], [-51.1583394, -29.7521079]]}}, {"type": "Feature", "properties": {"alt_name": "Rua Dom Firmino", "highway": "residential", "name": "Rua Firmino José Tomazzi", "osm_id": 300871120, "osm_type": "way"}, "geometry": {"type": "LineString", "coordinates": [[-51.1678417, -29.7740848], [-51.1668634, -29.7746463], [-51.1657171, -29.7752995]]}}, {"type": "Feature", "properties": {"highway": "tertiary", "name": "Rua Visconde de São Leopoldo", "osm_id": 300871121, "osm_type": "way"}, "geometry": {"type": "LineString", "coordinates": [[-51.156528, -29.7773757], [-51.160642, -29.7750592], [-51.1607917, -29.7749748], [-51.1621566, -29.7742052], [-51.1641062, -29.7731059], [-51.1647668, -29.7727334], [-51.1653881, -29.7723843], [-51.1660334, -29.7720218], [-51.1667009, -29.7716468], [-51.1673278, -29.7712946], [-51.1676662, -29.7710868], [-51.1679839, -29.7709219], [-51.1686691, -29.7705442], [-51.1687888, -29.770501], [-51.1689347, -29.7704847], [-51.1691749, -29.7704659], [-51.1704782, -29.7696909], [-51.1717766, -29.768933]]}}, {"type": "Feature", "properties": {"alt_name": "Rua João Veloso Ramos", "highway": "residential", "maxspeed:type": "BR:urban", "name": "Rua Major João Veloso Ramos", "sidewalk": "left", "osm_id": 300871122, "osm_type": "way"}, "geometry": {"type": "LineString", "coordinates": [[-51.1641719, -29.7721133], [-51.1637527, -29.7715392], [-51.1633889, -29.771011], [-51.1631314, -29.7706623], [-51.1630545, -29.7705546]]}}, {"type": "Feature", "properties": {"highway": "residential", "maxspeed:type": "BR:urban", "name": "Rua Arno Schuch", "sidewalk": "both", "osm_id": 300871123, "osm_type": "way"}, "geometry": {"type": "LineString", "coordinates": [[-51.167097, -29.7704649], [-51.1670785, -29.7704868], [-51.166223, -29.7709339], [-51.1657315, -29.7712214], [-51.165216, -29.7715214], [-51.164745, -29.7717916], [-51.1646996, -29.7718253], [-51.1641719, -29.7721133]]}}, {"type": "Feature", "properties": {"alt_name": "Rua Francisco Cezar Nascimento", "highway": "residential", "name": "Rua Francisco Cezar do Nascimento", "osm_id": 300871124, "osm_type": "way"}, "geometry": {"type": "LineString", "coordinates": [[-51.1632438, -29.7726281], [-51.1628429, -29.7720475], [-51.1624709, -29.771509], [-51.1621218, -29.7710451], [-51.161978, -29.7708544], [-51.1617208, -29.7705224]]}}, {"type": "Feature", "properties": {"highway": "tertiary", "name": "Avenida Tomaz Edison", "osm_id": 300871125, "osm_type": "way"}, "geometry": {"type": "LineString", "coordinates": [[-51.1592122, -29.7709399], [-51.1592543, -29.7710325]]}}, {"type": "Feature", "properties": {"highway": "residential", "osm_id": 301721366, "osm_type": "way"}, "geometry": {"type": "LineString", "coordinates": [[-51.1665836, -29.737865], [-51.166212, -29.7378496], [-51.1658227, -29.737928], [-51.1654688, -29.7380513], [-51.1652776, -29.7381354], [-51.1649203, -29.7383796], [-51.1647742, -29.7387393]]}}, {"type": "Feature", "properties": {"highway": "residential", "name": "Rua José Pedro Machado", "surface": "unpaved", "osm_id": 301721367, "osm_type": "way"}, "geometry": {"type": "LineString", "coordinates": [[-51.1674036, -29.7386564], [-51.1673823, -29.7392154], [-51.1673687, -29.7395726], [-51.1673602, -29.7397824], [-51.1673374, -29.7403452], [-51.1673337, -29.7404356]]}}, {"type": "Feature", "properties": {"highway": "residential", "name": "Rua Joaneta", "surface": "unpaved", "osm_id": 301721368, "osm_type": "way"}, "geometry": {"type": "LineString", "coordinates": [[-51.1655299, -29.7394276], [-51.1665573, -29.7400296], [-51.1669586, -29.740226], [-51.1673337, -29.7404356], [-51.1681382, -29.7409368]]}}, {"type": "Feature", "properties": {"highway": "residential", "name": "Rua Marcelo da Rocha Strasburg", "osm_id": 301721370, "osm_type": "way"}, "geometry": {"type": "LineString", "coordinates": [[-51.169015, -29.7409595], [-51.1690375, -29.7404014], [-51.16906, -29.7398403], [-51.169083, -29.7392696], [-51.1691055, -29.7387095], [-51.1691302, -29.7380954]]}}, {"type": "Feature", "properties": {"highway": "residential", "name": "Rua Otacílio B. da Silva", "surface": "unpaved", "osm_id": 301721376, "osm_type": "way"}, "geometry": {"type": "LineString", "coordinates": [[-51.1673374, -29.7403452], [-51.1673644, -29.7403461], [-51.1676794, -29.7403565], [-51.1680025, -29.7403672], [-51.1683118, -29.7403774], [-51.1686737, -29.7403894], [-51.1690375, -29.7404014], [-51.1707601, -29.7404583], [-51.1715252, -29.7404836], [-51.1723575, -29.7404911], [-51.1724146, -29.7405123]]}}, {"type": "Feature", "properties": {"alt_name": "Rua Tres;Rua 3", "highway": "residential", "name": "Rua Marau", "surface": "unpaved", "osm_id": 301721377, "osm_type": "way"}, "geometry": {"type": "LineString", "coordinates": [[-51.1673602, -29.7397824], [-51.16906, -29.7398403]]}}, {"type": "Feature", "properties": {"highway": "residential", "maxheight": "default", "osm_id": 301725482, "osm_type": "way"}, "geometry": {"type": "LineString", "coordinates": [[-51.1583295, -29.7797018], [-51.157996, -29.7799338], [-51.1579243, -29.7799836]]}}, {"type": "Feature", "properties": {"alt_name": "Rua João B M Fidelis", "highway": "residential", "name": "Rua João Batista M. Fidélis", "osm_id": 301725483, "osm_type": "way"}, "geometry": {"type": "LineString", "coordinates": [[-51.1611173, -29.7817293], [-51.1620736, -29.7809352], [-51.1622251, -29.7808094]]}}, {"type": "Feature", "properties": {"alt_name": "Rua Xavantes", "highway": "residential", "name": "Rua Chavantes", "osm_id": 301725485, "osm_type": "way"}, "geometry": {"type": "LineString", "coordinates": [[-51.1621186, -29.7800772], [-51.1622251, -29.7808094]]}}, {"type": "Feature", "properties": {"alt_name": "Rua Neromi J Serinz", "highway": "residential", "name": "Rua Neromi José Scrins", "osm_id": 301725487, "osm_type": "way"}, "geometry": {"type": "LineString", "coordinates": [[-51.1600326, -29.7791435], [-51.1599288, -29.7798631]]}}, {"type": "Feature", "properties": {"alt_name": "Rua Jacy Porto", "highway": "tertiary", "lanes": "2", "name": "Rua Doutor Jacy Porto", "surface": "asphalt", "osm_id": 301725488, "osm_type": "way"}, "geometry": {"type": "LineString", "coordinates": [[-51.1583295, -29.7797018], [-51.1590004, -29.7797768], [-51.1599288, -29.7798631], [-51.1618078, -29.7800671], [-51.1621186, -29.7800772]]}}, {"type": "Feature", "properties": {"highway": "residential", "name": "Rua Cabo Carneiro", "osm_id": 301725489, "osm_type": "way"}, "geometry": {"type": "LineString", "coordinates": [[-51.1636163, -29.7774433], [-51.1627108, -29.7762225]]}}, {"type": "Feature", "properties": {"highway": "residential", "name": "Rua Alferes J. Buses", "osm_id": 301725490, "osm_type": "way"}, "geometry": {"type": "LineString", "coordinates": [[-51.1629716, -29.7778029], [-51.1620576, -29.7765864]]}}, {"type": "Feature", "properties": {"highway": "residential", "name": "Rua Tassiana Linck", "surface": "unpaved", "osm_id": 301725491, "osm_type": "way"}, "geometry": {"type": "LineString", "coordinates": [[-51.1707779, -29.7701023], [-51.1692167, -29.7710178]]}}, {"type": "Feature", "properties": {"highway": "residential", "name": "Rua da Olaria", "surface": "unpaved", "osm_id": 301725492, "osm_type": "way"}, "geometry": {"type": "LineString", "coordinates": [[-51.1714681, -29.7685326], [-51.1702402, -29.7692482], [-51.1701815, -29.7692824], [-51.1691011, -29.7699252]]}}, {"type": "Feature", "properties": {"highway": "residential", "name": "Rua João Linck", "surface": "unpaved", "osm_id": 301725493, "osm_type": "way"}, "geometry": {"type": "LineString", "coordinates": [[-51.1711579, -29.76813], [-51.1699713, -29.7688268], [-51.1699358, -29.7688476], [-51.1690269, -29.7693813]]}}, {"type": "Feature", "properties": {"highway": "residential", "name": "Rua Jovelina Marques Gomes", "surface": "unpaved", "osm_id": 301725494, "osm_type": "way"}, "geometry": {"type": "LineString", "coordinates": [[-51.1723944, -29.769735], [-51.171889, -29.7700252], [-51.1712665, -29.7703826], [-51.1710643, -29.7704987], [-51.1706156, -29.7707562], [-51.1699874, -29.7711169], [-51.1693164, -29.7715022]]}}, {"type": "Feature", "properties": {"highway": "tertiary", "name": "Rua Affonso Link", "osm_id": 301725495, "osm_type": "way"}, "geometry": {"type": "LineString", "coordinates": [[-51.1704281, -29.7671826], [-51.1705512, -29.7673425], [-51.1708537, -29.7677351], [-51.1711579, -29.76813], [-51.1714681, -29.7685326], [-51.1717766, -29.768933]]}}, {"type": "Feature", "properties": {"highway": "residential", "name": "Rua David A. Gusmão", "surface": "unpaved", "osm_id": 301725496, "osm_type": "way"}, "geometry": {"type": "LineString", "coordinates": [[-51.1705512, -29.7673425], [-51.1693865, -29.7680876]]}}, {"type": "Feature", "properties": {"highway": "residential", "name": "Rua Vaqueano David Eirias", "osm_id": 301725497, "osm_type": "way"}, "geometry": {"type": "LineString", "coordinates": [[-51.166522, -29.7776117], [-51.165592, -29.7763412], [-51.164694, -29.7751178]]}}, {"type": "Feature", "properties": {"highway": "residential", "name": "Rua B", "surface": "unpaved", "osm_id": 301725498, "osm_type": "way"}, "geometry": {"type": "LineString", "coordinates": [[-51.1738484, -29.7710793], [-51.1733022, -29.7714677], [-51.1724145, -29.7719533]]}}, {"type": "Feature", "properties": {"alt_name": "Rua E", "highway": "residential", "name": "Rua G", "surface": "unpaved", "osm_id": 301725499, "osm_type": "way"}, "geometry": {"type": "LineString", "coordinates": [[-51.1728148, -29.7712603], [-51.1724557, -29.7707942]]}}, {"type": "Feature", "properties": {"highway": "residential", "name": "Rua F", "surface": "unpaved", "osm_id": 301725500, "osm_type": "way"}, "geometry": {"type": "LineString", "coordinates": [[-51.1725354, -29.7701166], [-51.1728731, -29.7705532]]}}, {"type": "Feature", "properties": {"highway": "residential", "name": "Rua C", "surface": "unpaved", "osm_id": 301725501, "osm_type": "way"}, "geometry": {"type": "LineString", "coordinates": [[-51.1736284, -29.7707871], [-51.1732216, -29.771034], [-51.1728148, -29.7712603], [-51.1721684, -29.7716188]]}}, {"type": "Feature", "properties": {"highway": "residential", "name": "Rua Manoel dos Passos Figuerôa", "surface": "unpaved", "osm_id": 301725502, "osm_type": "way"}, "geometry": {"type": "LineString", "coordinates": [[-51.1733873, -29.7719696], [-51.1741193, -29.7714344]]}}, {"type": "Feature", "properties": {"highway": "tertiary", "name": "Avenida Tomaz Edison", "oneway": "yes", "osm_id": 301725503, "osm_type": "way"}, "geometry": {"type": "LineString", "coordinates": [[-51.1593002, -29.7711293], [-51.1595424, -29.7717462], [-51.159776, -29.7722971], [-51.1599776, -29.7728663]]}}, {"type": "Feature", "properties": {"highway": "tertiary", "name": "Avenida Tomaz Edison", "oneway": "yes", "osm_id": 301725504, "osm_type": "way"}, "geometry": {"type": "LineString", "coordinates": [[-51.1592088, -29.7711689], [-51.1592543, -29.7710325]]}}, {"type": "Feature", "properties": {"highway": "tertiary", "name": "Avenida Tomaz Edison", "oneway": "yes", "osm_id": 301725505, "osm_type": "way"}, "geometry": {"type": "LineString", "coordinates": [[-51.1592543, -29.7710325], [-51.1593002, -29.7711293]]}}, {"type": "Feature", "properties": {"highway": "residential", "name": "Rua Pedro M. Maia Fernandes", "osm_id": 301725508, "osm_type": "way"}, "geometry": {"type": "LineString", "coordinates": [[-51.1580648, -29.7746421], [-51.1584742, -29.7752563]]}}, {"type": "Feature", "properties": {"highway": "residential", "name": "Rua do Pastoreio", "osm_id": 301827364, "osm_type": "way"}, "geometry": {"type": "LineString", "coordinates": [[-51.160897, -29.7374477], [-51.1593789, -29.736209]]}}, {"type": "Feature", "properties": {"highway": "residential", "name": "Avenida Coronel Atalíbio Taurino de Rezende", "osm_id": 301827367, "osm_type": "way"}, "geometry": {"type": "LineString", "coordinates": [[-51.1622045, -29.7407376], [-51.1613361, -29.7410402], [-51.1604013, -29.7413808], [-51.1591709, -29.741829], [-51.1577836, -29.7423245], [-51.1570506, -29.7425931], [-51.1563765, -29.7428418], [-51.1561593, -29.7429191], [-51.1560118, -29.7429726], [-51.1558826, -29.7430033]]}}, {"type": "Feature", "properties": {"highway": "residential", "name": "Rua Picada Capivara", "osm_id": 301827369, "osm_type": "way"}, "geometry": {"type": "LineString", "coordinates": [[-51.1611477, -29.7419699], [-51.1604013, -29.7413808]]}}, {"type": "Feature", "properties": {"alt_name": "Avenida Atalíbio Taurino de Rezende", "highway": "secondary", "name": "Avenida Coronel Atalíbio Taurino de Rezende", "oneway": "yes", "source": "Bing; IBGE", "osm_id": 301827372, "osm_type": "way"}, "geometry": {"type": "LineString", "coordinates": [[-51.1564544, -29.7426057], [-51.1560426, -29.742864]]}}, {"type": "Feature", "properties": {"highway": "residential", "name": "Rua Jovelina Marques Gomes", "surface": "unpaved", "osm_id": 301967005, "osm_type": "way"}, "geometry": {"type": "LineString", "coordinates": [[-51.168964, -29.771575], [-51.1688653, -29.7716303], [-51.1685435, -29.7718084], [-51.1679522, -29.7721421], [-51.1673204, -29.7724963], [-51.166667, -29.7728625], [-51.1660118, -29.7732298], [-51.1653911, -29.7735777], [-51.1647264, -29.7739502]]}}, {"type": "Feature", "properties": {"highway": "residential", "name": "Rua Jovelina Marques Gomes", "surface": "unpaved", "osm_id": 301967006, "osm_type": "way"}, "geometry": {"type": "LineString", "coordinates": [[-51.1693164, -29.7715022], [-51.168964, -29.771575]]}}, {"type": "Feature", "properties": {"highway": "residential", "name": "Rua Fernando Muck", "osm_id": 301967007, "osm_type": "way"}, "geometry": {"type": "LineString", "coordinates": [[-51.1551028, -29.7432896], [-51.1560122, -29.7439225], [-51.1562126, -29.7440427]]}}, {"type": "Feature", "properties": {"highway": "residential", "name": "Rua Itapuí", "osm_id": 301967008, "osm_type": "way"}, "geometry": {"type": "LineString", "coordinates": [[-51.1539962, -29.7473167], [-51.1541418, -29.7474397], [-51.1546636, -29.7477868], [-51.1553623, -29.7482374]]}}, {"type": "Feature", "properties": {"highway": "secondary", "name": "Avenida Henrique Bier", "oneway": "no", "surface": "asphalt", "osm_id": 301967009, "osm_type": "way"}, "geometry": {"type": "LineString", "coordinates": [[-51.1554791, -29.7455833], [-51.1557008, -29.7454755], [-51.1564631, -29.7450972], [-51.1569867, -29.7448538], [-51.1572461, -29.7447923], [-51.1577593, -29.7446809], [-51.1581039, -29.7446061], [-51.158515, -29.7445168], [-51.1591195, -29.7443745], [-51.1593248, -29.7443421], [-51.1599863, -29.7442019], [-51.1601057, -29.744177], [-51.1605699, -29.7440796], [-51.1609188, -29.7440063], [-51.1613944, -29.7439065], [-51.1616108, -29.7438287], [-51.1616854, -29.7437485], [-51.1619541, -29.7434596], [-51.1621312, -29.7432501], [-51.1625806, -29.7427911], [-51.1630939, -29.742267], [-51.163572, -29.7417187], [-51.1641007, -29.7411427], [-51.1646003, -29.7405601], [-51.1650358, -29.7400321]]}}, {"type": "Feature", "properties": {"highway": "residential", "name": "Rua Raul Bopp", "osm_id": 301967010, "osm_type": "way"}, "geometry": {"type": "LineString", "coordinates": [[-51.1553876, -29.7522642], [-51.1557639, -29.752519], [-51.1563613, -29.752953], [-51.1566826, -29.7531826]]}}, {"type": "Feature", "properties": {"alt_name": "Avenida Atalíbio Taurino de Rezende", "highway": "secondary", "name": "Avenida Coronel Atalíbio Taurino de Rezende", "oneway": "no", "source": "Bing;IBGE", "osm_id": 301967011, "osm_type": "way"}, "geometry": {"type": "LineString", "coordinates": [[-51.1590014, -29.7416899], [-51.1576199, -29.7421733], [-51.1564544, -29.7426057]]}}, {"type": "Feature", "properties": {"highway": "residential", "name": "Rua Campo Bom", "osm_id": 301967012, "osm_type": "way"}, "geometry": {"type": "LineString", "coordinates": [[-51.1590014, -29.7416899], [-51.1591709, -29.741829], [-51.1603496, -29.7427968], [-51.1616108, -29.7438287]]}}, {"type": "Feature", "properties": {"highway": "residential", "name": "Avenida Tomaz Edison", "osm_id": 301967013, "osm_type": "way"}, "geometry": {"type": "LineString", "coordinates": [[-51.1560515, -29.7444468], [-51.1560122, -29.7439225]]}}, {"type": "Feature", "properties": {"highway": "residential", "name": "Avenida Campina", "postal_code": "93135-120", "osm_id": 301967014, "osm_type": "way"}, "geometry": {"type": "LineString", "coordinates": [[-51.1569277, -29.7462478], [-51.1570775, -29.7462526], [-51.1579279, -29.7460576], [-51.158092, -29.7460216], [-51.1588735, -29.7458479], [-51.1596851, -29.7456674], [-51.1604576, -29.7454957], [-51.1612942, -29.7453097], [-51.1620373, -29.7451405]]}}, {"type": "Feature", "properties": {"highway": "residential", "name": "Rua Lima e Silva", "osm_id": 304595144, "osm_type": "way"}, "geometry": {"type": "LineString", "coordinates": [[-51.1458061, -29.7361136], [-51.1457965, -29.735581], [-51.1457889, -29.7351578], [-51.1457757, -29.7344281]]}}, {"type": "Feature", "properties": {"alt_name": "Rua Gaspar Martins", "highway": "residential", "name": "Rua Gaspar Silveira Martins", "osm_id": 304595147, "osm_type": "way"}, "geometry": {"type": "LineString", "coordinates": [[-51.1437727, -29.7336807], [-51.1434929, -29.7329964], [-51.1432524, -29.7324113], [-51.1429994, -29.7317935], [-51.142786, -29.7311055], [-51.1427361, -29.7309599], [-51.1426275, -29.7307153]]}}, {"type": "Feature", "properties": {"highway": "residential", "name": "Rua Tiradentes", "osm_id": 304595150, "osm_type": "way"}, "geometry": {"type": "LineString", "coordinates": [[-51.1487521, -29.7388311], [-51.147919, -29.7385078], [-51.1465035, -29.7379915], [-51.1451401, -29.7374942], [-51.1445144, -29.7372659]]}}, {"type": "Feature", "properties": {"highway": "living_street", "lit": "yes", "name": "Avenida Senador Salgado Filho", "source": "Bing; survey", "osm_id": 304595152, "osm_type": "way"}, "geometry": {"type": "LineString", "coordinates": [[-51.1500992, -29.739398], [-51.1500433, -29.7387525], [-51.1499773, -29.7380687]]}}, {"type": "Feature", "properties": {"highway": "residential", "name": "Rua Antenor Stumpf", "osm_id": 334774189, "osm_type": "way"}, "geometry": {"type": "LineString", "coordinates": [[-51.1643579, -29.7734485], [-51.1634287, -29.7739793]]}}, {"type": "Feature", "properties": {"highway": "living_street", "name": "Rua Paulo Couto", "surface": "unpaved", "osm_id": 334774194, "osm_type": "way"}, "geometry": {"type": "LineString", "coordinates": [[-51.1655046, -29.7693436], [-51.1654973, -29.7693115], [-51.165094, -29.7689461], [-51.1648462, -29.7687831], [-51.164548, -29.7686543], [-51.1643686, -29.7685928], [-51.1643374, -29.7685879]]}}, {"type": "Feature", "properties": {"alt_name": "Rua João Veloso Ramos", "highway": "residential", "name": "Rua Major João Veloso Ramos", "osm_id": 334774199, "osm_type": "way"}, "geometry": {"type": "LineString", "coordinates": [[-51.1630545, -29.7705546], [-51.1628744, -29.770318], [-51.1626492, -29.7699857], [-51.1625216, -29.7697697], [-51.1622457, -29.7693129]]}}, {"type": "Feature", "properties": {"highway": "residential", "name": "Rua Maria do Parque", "osm_id": 334774200, "osm_type": "way"}, "geometry": {"type": "LineString", "coordinates": [[-51.161978, -29.7708544], [-51.1628744, -29.770318], [-51.1636473, -29.7699205], [-51.1636546, -29.7699036]]}}, {"type": "Feature", "properties": {"highway": "residential", "name": "Travessa Ayrton Senna da Silva", "surface": "unpaved", "osm_id": 334774201, "osm_type": "way"}, "geometry": {"type": "LineString", "coordinates": [[-51.1667052, -29.7699028], [-51.1661427, -29.7690807], [-51.166037, -29.7689783], [-51.165911, -29.7688936], [-51.1656752, -29.7687845], [-51.164947, -29.7684958], [-51.1646375, -29.7683543], [-51.1645387, -29.7683032], [-51.1643243, -29.7681299]]}}, {"type": "Feature", "properties": {"highway": "living_street", "name": "Travessa Paulo Couto", "surface": "unpaved", "osm_id": 334774204, "osm_type": "way"}, "geometry": {"type": "LineString", "coordinates": [[-51.1643374, -29.7685879], [-51.1643112, -29.7685914], [-51.1641109, -29.7687077], [-51.1638212, -29.7689756], [-51.163807, -29.7689943]]}}, {"type": "Feature", "properties": {"highway": "residential", "name": "Rua Existente", "surface": "unpaved", "osm_id": 334774206, "osm_type": "way"}, "geometry": {"type": "LineString", "coordinates": [[-51.1667494, -29.7667499], [-51.1669011, -29.7669272], [-51.167105, -29.7671655], [-51.1672625, -29.7673986], [-51.1679912, -29.7685785], [-51.1683735, -29.7690217], [-51.1686056, -29.7693867], [-51.1687011, -29.7697674], [-51.1687112, -29.7698444], [-51.1686711, -29.7699126], [-51.168247, -29.7701434], [-51.1679329, -29.7702987], [-51.1676355, -29.7704775]]}}, {"type": "Feature", "properties": {"highway": "residential", "name": "Travessa Principal", "surface": "unpaved", "osm_id": 334774207, "osm_type": "way"}, "geometry": {"type": "LineString", "coordinates": [[-51.1672625, -29.7673986], [-51.1669005, -29.7675044], [-51.1664582, -29.767635], [-51.1660999, -29.7677707], [-51.1656064, -29.7680487], [-51.164947, -29.7684958]]}}, {"type": "Feature", "properties": {"highway": "residential", "name": "Rua Cometa", "surface": "unpaved", "osm_id": 334774208, "osm_type": "way"}, "geometry": {"type": "LineString", "coordinates": [[-51.1669005, -29.7675044], [-51.1678158, -29.7692391], [-51.168247, -29.7701434]]}}, {"type": "Feature", "properties": {"highway": "residential", "name": "Travessa C", "surface": "unpaved", "osm_id": 334774209, "osm_type": "way"}, "geometry": {"type": "LineString", "coordinates": [[-51.1679329, -29.7702987], [-51.1673897, -29.7695158], [-51.1670159, -29.7689448], [-51.1666909, -29.7684312], [-51.1660999, -29.7677707]]}}, {"type": "Feature", "properties": {"highway": "residential", "name": "Travessa C", "surface": "unpaved", "osm_id": 334774210, "osm_type": "way"}, "geometry": {"type": "LineString", "coordinates": [[-51.1664582, -29.767635], [-51.1667086, -29.7679765], [-51.1669635, -29.7684566]]}}, {"type": "Feature", "properties": {"highway": "residential", "lanes": "2", "lit": "yes", "maxspeed:type": "BR:urban", "name": "Rua Ida Schuch", "sidewalk": "both", "source:name": "Citada na LM 1191/1962", "surface": "asphalt", "osm_id": 334774211, "osm_type": "way"}, "geometry": {"type": "LineString", "coordinates": [[-51.1683735, -29.7690217], [-51.1681722, -29.7691145], [-51.1678158, -29.7692391], [-51.1673897, -29.7695158], [-51.1670756, -29.7696918], [-51.1667052, -29.7699028], [-51.1662358, -29.7701617], [-51.1660726, -29.7702522], [-51.1658342, -29.7703845], [-51.1653311, -29.7706557], [-51.1648128, -29.7709447], [-51.1643207, -29.771208], [-51.1637527, -29.7715392]]}}, {"type": "Feature", "properties": {"highway": "residential", "name": "Rua Eloy José Moreira Luz", "surface": "unpaved", "osm_id": 334774215, "osm_type": "way"}, "geometry": {"type": "LineString", "coordinates": [[-51.1612443, -29.7675028], [-51.160776, -29.766754]]}}, {"type": "Feature", "properties": {"highway": "living_street", "name": "Travessa A", "surface": "unpaved", "osm_id": 334774216, "osm_type": "way"}, "geometry": {"type": "LineString", "coordinates": [[-51.1669011, -29.7669272], [-51.1654404, -29.767778], [-51.1645387, -29.7683032]]}}, {"type": "Feature", "properties": {"highway": "residential", "lanes": "2", "name": "Rua Carazinho", "surface": "asphalt", "osm_id": 334774220, "osm_type": "way"}, "geometry": {"type": "LineString", "coordinates": [[-51.1616482, -29.7822396], [-51.1616347, -29.7822866], [-51.1609701, -29.7828602]]}}, {"type": "Feature", "properties": {"alt_name": "Rua Gonzaga", "highway": "residential", "name": "Rua Gozaga", "osm_id": 334774221, "osm_type": "way"}, "geometry": {"type": "LineString", "coordinates": [[-51.1445506, -29.7814952], [-51.1454451, -29.7816814], [-51.1460593, -29.7818024], [-51.1469056, -29.7819666]]}}, {"type": "Feature", "properties": {"alt_name": "Rua Felipe Santos", "highway": "residential", "name": "Rua Felipe dos Santos", "osm_id": 334774224, "osm_type": "way"}, "geometry": {"type": "LineString", "coordinates": [[-51.1433785, -29.7866631], [-51.1435206, -29.786286], [-51.1436105, -29.7860276]]}}, {"type": "Feature", "properties": {"highway": "residential", "name": "Rua Jackson Figueiredo", "surface": "asphalt", "osm_id": 334774225, "osm_type": "way"}, "geometry": {"type": "LineString", "coordinates": [[-51.1433691, -29.7827394], [-51.1426422, -29.7824694]]}}, {"type": "Feature", "properties": {"highway": "residential", "name": "Rua Gervásio Sobrinho", "osm_id": 334774226, "osm_type": "way"}, "geometry": {"type": "LineString", "coordinates": [[-51.1278684, -29.7811678], [-51.127127, -29.7811941]]}}, {"type": "Feature", "properties": {"highway": "living_street", "name": "Beco Beco", "osm_id": 335656246, "osm_type": "way"}, "geometry": {"type": "LineString", "coordinates": [[-51.1565847, -29.7413918], [-51.1573475, -29.7420611]]}}, {"type": "Feature", "properties": {"highway": "residential", "name": "Rua João Batista M. Freitas", "osm_id": 335656247, "osm_type": "way"}, "geometry": {"type": "LineString", "coordinates": [[-51.1543914, -29.738481], [-51.1544945, -29.7386116], [-51.1551774, -29.7391675], [-51.1552726, -29.739211]]}}, {"type": "Feature", "properties": {"highway": "residential", "name": "Rua Tenente Portela", "osm_id": 335656254, "osm_type": "way"}, "geometry": {"type": "LineString", "coordinates": [[-51.1315801, -29.7443281], [-51.1318612, -29.744042], [-51.1321827, -29.7436891], [-51.1324686, -29.7433573], [-51.1327705, -29.7430061]]}}, {"type": "Feature", "properties": {"highway": "residential", "name": "Rua Giruá", "osm_id": 335656255, "osm_type": "way"}, "geometry": {"type": "LineString", "coordinates": [[-51.1349319, -29.7387056], [-51.134489, -29.739207], [-51.1339658, -29.7397821], [-51.1335121, -29.740266], [-51.1330111, -29.7408234], [-51.1325684, -29.7412898], [-51.1322355, -29.7416559], [-51.1319631, -29.74197], [-51.1316702, -29.742305], [-51.1313786, -29.7426385]]}}, {"type": "Feature", "properties": {"alt_name": "Rua 10; Rua Dez", "highway": "residential", "name": "Rua Coronel Bicaco", "osm_id": 335656256, "osm_type": "way"}, "geometry": {"type": "LineString", "coordinates": [[-51.1313786, -29.7426385], [-51.1314685, -29.7432355], [-51.1315801, -29.7443281], [-51.1315856, -29.7443823]]}}, {"type": "Feature", "properties": {"alt_name": "Rua 1; Rua Um; Rua B", "highway": "tertiary", "maxheight": "default", "name": "Rua Cora Coralina", "osm_id": 335656257, "osm_type": "way"}, "geometry": {"type": "LineString", "coordinates": [[-51.1428507, -29.7362476], [-51.1426767, -29.7364512], [-51.1425638, -29.7365833], [-51.1414388, -29.7378993], [-51.1412516, -29.7381183], [-51.1409456, -29.7384763], [-51.140778, -29.7386723], [-51.140649, -29.7388233], [-51.1399848, -29.7396003], [-51.1396575, -29.7399831], [-51.1390194, -29.7407296], [-51.1387612, -29.7410317], [-51.1384568, -29.7413878], [-51.1380525, -29.7418607], [-51.1375865, -29.7424059], [-51.1373404, -29.7426938], [-51.1371106, -29.7429626], [-51.136978, -29.7431177], [-51.1367635, -29.7433686], [-51.1364052, -29.7437877], [-51.1361411, -29.7440967], [-51.1358431, -29.7444453], [-51.1355561, -29.7447811], [-51.1352214, -29.7451725], [-51.1351794, -29.7452217], [-51.1349425, -29.7454988], [-51.134637, -29.7458562], [-51.1343434, -29.7461996], [-51.1342051, -29.7463614], [-51.1340137, -29.7465852], [-51.1335405, -29.7471388]]}}, {"type": "Feature", "properties": {"highway": "residential", "name": "Rua Maria Quitéria de Jesus", "osm_id": 335656259, "osm_type": "way"}, "geometry": {"type": "LineString", "coordinates": [[-51.1390256, -29.7424848], [-51.1385387, -29.7421516], [-51.1380525, -29.7418607]]}}, {"type": "Feature", "properties": {"highway": "residential", "name": "Rua Chiquinha Gonzaga", "osm_id": 335656260, "osm_type": "way"}, "geometry": {"type": "LineString", "coordinates": [[-51.1380687, -29.7436113], [-51.1375767, -29.7432793], [-51.1371106, -29.7429626]]}}, {"type": "Feature", "properties": {"highway": "residential", "name": "Rua Olga Benário Prestes", "osm_id": 335656261, "osm_type": "way"}, "geometry": {"type": "LineString", "coordinates": [[-51.1371068, -29.7447436], [-51.1366126, -29.7444096], [-51.1361411, -29.7440967]]}}, {"type": "Feature", "properties": {"alt_name": "Rua J", "highway": "residential", "name": "Rua José da Silva Pais", "osm_id": 335656262, "osm_type": "way"}, "geometry": {"type": "LineString", "coordinates": [[-51.1361453, -29.7458754], [-51.1356487, -29.7455396], [-51.1351794, -29.7452217]]}}, {"type": "Feature", "properties": {"alt_name": "Rua 22; Rua Vinte e Dois", "highway": "residential", "name": "Rua José Feliciano Fernandes Pinheiro", "surface": "unpaved", "osm_id": 335656264, "osm_type": "way"}, "geometry": {"type": "LineString", "coordinates": [[-51.1348618, -29.7473862], [-51.1361726, -29.7482323], [-51.1371936, -29.748892], [-51.1381617, -29.7495184]]}}, {"type": "Feature", "properties": {"highway": "residential", "surface": "unpaved", "osm_id": 335656267, "osm_type": "way"}, "geometry": {"type": "LineString", "coordinates": [[-51.132934, -29.7478674], [-51.1332081, -29.7484007], [-51.133502, -29.7489869], [-51.1337402, -29.7494006], [-51.1343366, -29.7504033], [-51.1345769, -29.7506513], [-51.1347356, -29.7507621], [-51.1348982, -29.7508553], [-51.1353208, -29.7510607], [-51.1357198, -29.7512514], [-51.1362509, -29.7515305], [-51.1371312, -29.7519864], [-51.137582, -29.7522748], [-51.1379063, -29.7526318], [-51.1382252, -29.7532553], [-51.1384475, -29.7536481], [-51.1386218, -29.7538177], [-51.1393456, -29.7540737], [-51.140144, -29.7542611]]}}, {"type": "Feature", "properties": {"highway": "residential", "name": "Rua Araricá", "osm_id": 335909076, "osm_type": "way"}, "geometry": {"type": "LineString", "coordinates": [[-51.1663377, -29.7417679], [-51.1658239, -29.7414371], [-51.1646003, -29.7405601]]}}, {"type": "Feature", "properties": {"alt_name": "Rua Porto Belo", "highway": "residential", "name": "Rua Porto Bela União", "surface": "unpaved", "osm_id": 335909077, "osm_type": "way"}, "geometry": {"type": "LineString", "coordinates": [[-51.1583394, -29.7521079], [-51.1583063, -29.7521365], [-51.1576168, -29.7530564]]}}, {"type": "Feature", "properties": {"highway": "residential", "name": "Rua Porto Amazonas", "osm_id": 335909078, "osm_type": "way"}, "geometry": {"type": "LineString", "coordinates": [[-51.1569163, -29.7500115], [-51.1570594, -29.7500252], [-51.157708, -29.7497951], [-51.1577484, -29.7497705], [-51.157789, -29.7497336], [-51.15837, -29.7490117], [-51.1589464, -29.7483823]]}}, {"type": "Feature", "properties": {"highway": "residential", "name": "Rua Aceguá", "osm_id": 336001141, "osm_type": "way"}, "geometry": {"type": "LineString", "coordinates": [[-51.1659158, -29.7451621], [-51.1659426, -29.7452085], [-51.1662009, -29.7461285], [-51.1665895, -29.7475436]]}}, {"type": "Feature", "properties": {"highway": "tertiary", "name": "Rua Leopoldo Albino Scherer", "oneway": "yes", "osm_id": 336001143, "osm_type": "way"}, "geometry": {"type": "LineString", "coordinates": [[-51.1559262, -29.7341728], [-51.1564265, -29.7337802], [-51.1569504, -29.733369], [-51.1575628, -29.7329183], [-51.1582586, -29.7323446], [-51.158824, -29.7318811], [-51.15905, -29.7317081], [-51.1598124, -29.7310938], [-51.1598875, -29.7310333], [-51.1602922, -29.7307003]]}}, {"type": "Feature", "properties": {"highway": "tertiary", "name": "Rua Leopoldo Albino Scherer", "oneway": "yes", "osm_id": 336001144, "osm_type": "way"}, "geometry": {"type": "LineString", "coordinates": [[-51.1548065, -29.7340857], [-51.1549454, -29.7340965], [-51.1557563, -29.734163], [-51.1559262, -29.7341728]]}}, {"type": "Feature", "properties": {"highway": "tertiary", "name": "Rua Leopoldo Albino Scherer", "oneway": "yes", "osm_id": 336001145, "osm_type": "way"}, "geometry": {"type": "LineString", "coordinates": [[-51.1560305, -29.7342906], [-51.1557472, -29.734273], [-51.1549364, -29.7341952], [-51.1547967, -29.7341846]]}}, {"type": "Feature", "properties": {"alt_name": "Rua 1; Rua Um; Rua B", "highway": "residential", "name": "Rua Isaura Maia", "osm_id": 336001146, "osm_type": "way"}, "geometry": {"type": "LineString", "coordinates": [[-51.1412308, -29.7389954], [-51.140466, -29.739892], [-51.1394869, -29.74104], [-51.1385387, -29.7421516], [-51.1375767, -29.7432793], [-51.1366126, -29.7444096], [-51.1356487, -29.7455396], [-51.1346962, -29.7466562], [-51.1340136, -29.7474564], [-51.1332081, -29.7484007]]}}, {"type": "Feature", "properties": {"highway": "residential", "osm_id": 336001147, "osm_type": "way"}, "geometry": {"type": "LineString", "coordinates": [[-51.1348676, -29.746756], [-51.1346962, -29.7466562], [-51.1342051, -29.7463614]]}}, {"type": "Feature", "properties": {"highway": "residential", "name": "Rua Bacopari", "source": "Bing", "surface": "unpaved", "osm_id": 336001149, "osm_type": "way"}, "geometry": {"type": "LineString", "coordinates": [[-51.141249, -29.7431909], [-51.1412452, -29.7417787]]}}, {"type": "Feature", "properties": {"alt_name": "Rua do Cedro", "highway": "residential", "name": "Rua Cedro Rosa", "source": "Bing", "surface": "unpaved", "osm_id": 336001150, "osm_type": "way"}, "geometry": {"type": "LineString", "coordinates": [[-51.1402537, -29.746253], [-51.1403639, -29.7462482], [-51.1406178, -29.746237], [-51.1411288, -29.7462145], [-51.1413699, -29.7462039], [-51.1419033, -29.7461804], [-51.1421093, -29.7461714], [-51.1426473, -29.7461477], [-51.1428594, -29.7461384], [-51.143386, -29.7461152], [-51.1436006, -29.7461058], [-51.1441401, -29.746082]]}}, {"type": "Feature", "properties": {"highway": "residential", "name": "Rua Santa Eulália", "osm_id": 360427070, "osm_type": "way"}, "geometry": {"type": "LineString", "coordinates": [[-51.1559643, -29.7544172], [-51.1575567, -29.754206], [-51.1577195, -29.75419]]}}, {"type": "Feature", "properties": {"highway": "living_street", "surface": "unpaved", "osm_id": 369598673, "osm_type": "way"}, "geometry": {"type": "LineString", "coordinates": [[-51.169224, -29.7710561], [-51.1689799, -29.7710945], [-51.168796, -29.7711662], [-51.1684252, -29.7712972], [-51.1681714, -29.7714203]]}}, {"type": "Feature", "properties": {"highway": "living_street", "name": "Beco 1", "osm_id": 369598674, "osm_type": "way"}, "geometry": {"type": "LineString", "coordinates": [[-51.1694447, -29.7724632], [-51.1691788, -29.7720617]]}}, {"type": "Feature", "properties": {"alt_name": "Rua Principal", "highway": "residential", "name": "Rua Maria Linck", "surface": "unpaved", "osm_id": 369598676, "osm_type": "way"}, "geometry": {"type": "LineString", "coordinates": [[-51.1679839, -29.7709219], [-51.1676355, -29.7704775], [-51.1670756, -29.7696918], [-51.1664538, -29.7687907], [-51.1656064, -29.7680487], [-51.1654404, -29.767778], [-51.1652854, -29.767583]]}}, {"type": "Feature", "properties": {"highway": "residential", "name": "Rua Divina", "osm_id": 369598677, "osm_type": "way"}, "geometry": {"type": "LineString", "coordinates": [[-51.167097, -29.7704649], [-51.1670946, -29.7704414], [-51.1667052, -29.7699028]]}}, {"type": "Feature", "properties": {"highway": "residential", "name": "Rua Cerâmica", "osm_id": 369598678, "osm_type": "way"}, "geometry": {"type": "LineString", "coordinates": [[-51.1657315, -29.7712214], [-51.1653311, -29.7706557], [-51.1647199, -29.7697719]]}}, {"type": "Feature", "properties": {"highway": "residential", "name": "Rua Baixa", "osm_id": 369598679, "osm_type": "way"}, "geometry": {"type": "LineString", "coordinates": [[-51.165216, -29.7715214], [-51.1648128, -29.7709447], [-51.1642179, -29.7700508]]}}, {"type": "Feature", "properties": {"highway": "residential", "maxspeed:type": "BR:urban", "name": "Rua Renascer", "osm_id": 369598680, "osm_type": "way"}, "geometry": {"type": "LineString", "coordinates": [[-51.164745, -29.7717916], [-51.1643207, -29.771208], [-51.1637334, -29.7703207]]}}, {"type": "Feature", "properties": {"highway": "living_street", "osm_id": 369598681, "osm_type": "way"}, "geometry": {"type": "LineString", "coordinates": [[-51.1580748, -29.773888], [-51.1576025, -29.7741333], [-51.1572666, -29.774332], [-51.1569344, -29.774508]]}}, {"type": "Feature", "properties": {"highway": "living_street", "osm_id": 369598682, "osm_type": "way"}, "geometry": {"type": "LineString", "coordinates": [[-51.1570808, -29.7747057], [-51.1569344, -29.774508], [-51.1567881, -29.7743104]]}}, {"type": "Feature", "properties": {"highway": "living_street", "osm_id": 369598683, "osm_type": "way"}, "geometry": {"type": "LineString", "coordinates": [[-51.1574187, -29.7745489], [-51.1572666, -29.774332], [-51.1571219, -29.7741396]]}}, {"type": "Feature", "properties": {"highway": "living_street", "osm_id": 369598684, "osm_type": "way"}, "geometry": {"type": "LineString", "coordinates": [[-51.1577561, -29.7743515], [-51.1576025, -29.7741333], [-51.1574687, -29.7739596]]}}, {"type": "Feature", "properties": {"highway": "living_street", "osm_id": 369598685, "osm_type": "way"}, "geometry": {"type": "LineString", "coordinates": [[-51.1616414, -29.7702742], [-51.1616537, -29.770261], [-51.1625216, -29.7697697]]}}, {"type": "Feature", "properties": {"highway": "residential", "name": "Rua Anita", "osm_id": 369598686, "osm_type": "way"}, "geometry": {"type": "LineString", "coordinates": [[-51.1631314, -29.7706623], [-51.1637334, -29.7703207], [-51.1642179, -29.7700508], [-51.1647199, -29.7697719], [-51.1652354, -29.7695059], [-51.1654002, -29.769417], [-51.1654855, -29.7693599], [-51.1655046, -29.7693436]]}}, {"type": "Feature", "properties": {"highway": "living_street", "name": "Travessa Galmendio Quadros", "osm_id": 369598687, "osm_type": "way"}, "geometry": {"type": "LineString", "coordinates": [[-51.1601408, -29.7705257], [-51.1603035, -29.7708108], [-51.1598616, -29.7710642], [-51.1598436, -29.7710658]]}}, {"type": "Feature", "properties": {"alt_name": "Rua Constantino Alves dos Santos", "highway": "residential", "name": "Travessa Constantino Alves dos Santos", "osm_id": 369598688, "osm_type": "way"}, "geometry": {"type": "LineString", "coordinates": [[-51.1591048, -29.770566], [-51.1590962, -29.7705689], [-51.1589718, -29.7706066], [-51.1588696, -29.7706323], [-51.1582339, -29.7709268], [-51.1574176, -29.7713191]]}}, {"type": "Feature", "properties": {"alt_name": "Rua Betes", "highway": "residential", "name": "Rua N", "osm_id": 369598689, "osm_type": "way"}, "geometry": {"type": "LineString", "coordinates": [[-51.1630773, -29.7664146], [-51.1625493, -29.7657115]]}}, {"type": "Feature", "properties": {"highway": "residential", "name": "Rua Volnei S. Muniz", "osm_id": 369598690, "osm_type": "way"}, "geometry": {"type": "LineString", "coordinates": [[-51.1622772, -29.7658704], [-51.1616574, -29.7650574]]}}, {"type": "Feature", "properties": {"highway": "residential", "name": "Rua João Carlos Garcia", "osm_id": 369598691, "osm_type": "way"}, "geometry": {"type": "LineString", "coordinates": [[-51.1618397, -29.7661285], [-51.1612154, -29.7652905]]}}, {"type": "Feature", "properties": {"highway": "residential", "name": "Rua Lotário de Souza", "osm_id": 369598692, "osm_type": "way"}, "geometry": {"type": "LineString", "coordinates": [[-51.1613896, -29.766393], [-51.1607947, -29.7655933]]}}, {"type": "Feature", "properties": {"alt_name": "Beco Ubiraquera", "highway": "residential", "name": "Rua Hélio A. da Luz", "osm_id": 369598693, "osm_type": "way"}, "geometry": {"type": "LineString", "coordinates": [[-51.1609835, -29.7666316], [-51.1603698, -29.7658587]]}}, {"type": "Feature", "properties": {"alt_name": "Beco Espianada", "highway": "residential", "name": "Rua Luciano F. dos Santos", "osm_id": 369598694, "osm_type": "way"}, "geometry": {"type": "LineString", "coordinates": [[-51.1605054, -29.7669126], [-51.1598738, -29.7660951]]}}, {"type": "Feature", "properties": {"highway": "residential", "name": "Rua I", "osm_id": 369598695, "osm_type": "way"}, "geometry": {"type": "LineString", "coordinates": [[-51.1600628, -29.7671726], [-51.159455, -29.7663598]]}}, {"type": "Feature", "properties": {"highway": "residential", "name": "Rua Aloir Bernardo da Silva", "osm_id": 369598696, "osm_type": "way"}, "geometry": {"type": "LineString", "coordinates": [[-51.1596035, -29.7674426], [-51.158959, -29.7666174]]}}, {"type": "Feature", "properties": {"highway": "residential", "name": "Rua Tenente Arthur Otaviano Tavares Alves", "osm_id": 369598697, "osm_type": "way"}, "geometry": {"type": "LineString", "coordinates": [[-51.1586227, -29.7689091], [-51.1584712, -29.7687662], [-51.1579817, -29.7679002]]}}, {"type": "Feature", "properties": {"highway": "residential", "osm_id": 369598699, "osm_type": "way"}, "geometry": {"type": "LineString", "coordinates": [[-51.1614146, -29.7635523], [-51.158659, -29.7651527], [-51.1586227, -29.7651932]]}}, {"type": "Feature", "properties": {"highway": "service", "osm_id": 369598700, "osm_type": "way"}, "geometry": {"type": "LineString", "coordinates": [[-51.159447, -29.7630566], [-51.1593875, -29.7634178], [-51.1592843, -29.7639353]]}}, {"type": "Feature", "properties": {"highway": "service", "osm_id": 369598701, "osm_type": "way"}, "geometry": {"type": "LineString", "coordinates": [[-51.1593875, -29.7634178], [-51.1585526, -29.7632973]]}}, {"type": "Feature", "properties": {"highway": "service", "osm_id": 369598702, "osm_type": "way"}, "geometry": {"type": "LineString", "coordinates": [[-51.1582851, -29.7631962], [-51.1575687, -29.7630828], [-51.1574587, -29.7631038], [-51.1572562, -29.7632074]]}}, {"type": "Feature", "properties": {"highway": "service", "osm_id": 369598703, "osm_type": "way"}, "geometry": {"type": "LineString", "coordinates": [[-51.1571543, -29.7637766], [-51.1572562, -29.7632074]]}}, {"type": "Feature", "properties": {"highway": "service", "osm_id": 369598704, "osm_type": "way"}, "geometry": {"type": "LineString", "coordinates": [[-51.1570111, -29.7637582], [-51.1570007, -29.7638616], [-51.1569629, -29.7641329]]}}, {"type": "Feature", "properties": {"highway": "service", "osm_id": 369598705, "osm_type": "way"}, "geometry": {"type": "LineString", "coordinates": [[-51.1578561, -29.7643866], [-51.1570403, -29.7642738]]}}, {"type": "Feature", "properties": {"highway": "service", "osm_id": 369598706, "osm_type": "way"}, "geometry": {"type": "LineString", "coordinates": [[-51.1568056, -29.7647813], [-51.1569183, -29.764403]]}}, {"type": "Feature", "properties": {"highway": "service", "osm_id": 369598707, "osm_type": "way"}, "geometry": {"type": "LineString", "coordinates": [[-51.1574834, -29.7624237], [-51.1573944, -29.7626264], [-51.1573264, -29.7628279]]}}, {"type": "Feature", "properties": {"highway": "service", "osm_id": 369598858, "osm_type": "way"}, "geometry": {"type": "LineString", "coordinates": [[-51.1574834, -29.7624237], [-51.1575192, -29.7622993], [-51.1575043, -29.7621483], [-51.1574748, -29.7611098]]}}, {"type": "Feature", "properties": {"highway": "service", "osm_id": 369598859, "osm_type": "way"}, "geometry": {"type": "LineString", "coordinates": [[-51.157417, -29.7592388], [-51.1574802, -29.7608444]]}}, {"type": "Feature", "properties": {"highway": "service", "osm_id": 369598860, "osm_type": "way"}, "geometry": {"type": "LineString", "coordinates": [[-51.1567128, -29.7593393], [-51.1567292, -29.7595005]]}}, {"type": "Feature", "properties": {"highway": "service", "osm_id": 369598861, "osm_type": "way"}, "geometry": {"type": "LineString", "coordinates": [[-51.1577338, -29.7591936], [-51.1575956, -29.7584216]]}}, {"type": "Feature", "properties": {"highway": "service", "osm_id": 369598862, "osm_type": "way"}, "geometry": {"type": "LineString", "coordinates": [[-51.157417, -29.7592388], [-51.1572594, -29.7584654]]}}, {"type": "Feature", "properties": {"highway": "service", "osm_id": 369598863, "osm_type": "way"}, "geometry": {"type": "LineString", "coordinates": [[-51.1570541, -29.7592904], [-51.156889, -29.7584637]]}}, {"type": "Feature", "properties": {"highway": "service", "osm_id": 369598864, "osm_type": "way"}, "geometry": {"type": "LineString", "coordinates": [[-51.1567128, -29.7593393], [-51.1565414, -29.7585205]]}}, {"type": "Feature", "properties": {"highway": "service", "osm_id": 369598865, "osm_type": "way"}, "geometry": {"type": "LineString", "coordinates": [[-51.1563444, -29.7593941], [-51.1561928, -29.7585857]]}}, {"type": "Feature", "properties": {"highway": "service", "osm_id": 369598866, "osm_type": "way"}, "geometry": {"type": "LineString", "coordinates": [[-51.1560018, -29.759445], [-51.1558387, -29.7586463]]}}, {"type": "Feature", "properties": {"highway": "service", "osm_id": 369598867, "osm_type": "way"}, "geometry": {"type": "LineString", "coordinates": [[-51.1556438, -29.7594982], [-51.1554793, -29.7587301]]}}, {"type": "Feature", "properties": {"highway": "service", "osm_id": 369598868, "osm_type": "way"}, "geometry": {"type": "LineString", "coordinates": [[-51.1552554, -29.7595829], [-51.1551358, -29.7588827]]}}, {"type": "Feature", "properties": {"highway": "service", "osm_id": 369598869, "osm_type": "way"}, "geometry": {"type": "LineString", "coordinates": [[-51.1547917, -29.7590046], [-51.154934, -29.7596456]]}}, {"type": "Feature", "properties": {"highway": "residential", "maxheight": "default", "name": "Rua Múcio Teixeira", "surface": "unpaved", "osm_id": 369602989, "osm_type": "way"}, "geometry": {"type": "LineString", "coordinates": [[-51.1425909, -29.7389317], [-51.1429379, -29.7385234], [-51.1433584, -29.7380286], [-51.1434659, -29.7379432]]}}, {"type": "Feature", "properties": {"alt_name": "Rua Sete; Rua 7", "highway": "residential", "name": "Rua Dandara de Palmares", "osm_id": 369602990, "osm_type": "way"}, "geometry": {"type": "LineString", "coordinates": [[-51.1412308, -29.7389954], [-51.140778, -29.7386723]]}}, {"type": "Feature", "properties": {"highway": "residential", "osm_id": 369602991, "osm_type": "way"}, "geometry": {"type": "LineString", "coordinates": [[-51.1384466, -29.7381893], [-51.1386682, -29.7383312]]}}, {"type": "Feature", "properties": {"alt_name": "Rua Vinte e Cinco", "highway": "residential", "name": "Rua Luciana de Abreu", "osm_id": 369602992, "osm_type": "way"}, "geometry": {"type": "LineString", "coordinates": [[-51.1337402, -29.7494006], [-51.1338584, -29.7493268], [-51.1339203, -29.7492742], [-51.1339817, -29.7492269], [-51.1343737, -29.7487567], [-51.1344004, -29.7487483], [-51.1344397, -29.7487567], [-51.1352643, -29.7493063], [-51.1362659, -29.7499662]]}}, {"type": "Feature", "properties": {"alt_name": "Rua Vinte e Seis", "highway": "residential", "name": "Rua Wenceslau Escobar", "osm_id": 369602993, "osm_type": "way"}, "geometry": {"type": "LineString", "coordinates": [[-51.1339817, -29.7492269], [-51.134723, -29.7497146], [-51.1348515, -29.7497945]]}}, {"type": "Feature", "properties": {"highway": "residential", "name": "Rua Campo Novo", "osm_id": 369602995, "osm_type": "way"}, "geometry": {"type": "LineString", "coordinates": [[-51.1333756, -29.7410594], [-51.1333272, -29.7413661], [-51.1332717, -29.7417609], [-51.1329336, -29.742101]]}}, {"type": "Feature", "properties": {"highway": "residential", "name": "Rua Santa Cecília", "osm_id": 369602998, "osm_type": "way"}, "geometry": {"type": "LineString", "coordinates": [[-51.1326291, -29.735414], [-51.1333573, -29.7359045]]}}, {"type": "Feature", "properties": {"highway": "residential", "name": "Rua Capanema", "osm_id": 369602999, "osm_type": "way"}, "geometry": {"type": "LineString", "coordinates": [[-51.1329907, -29.7369997], [-51.1329021, -29.7369418], [-51.1319897, -29.7366338], [-51.1316075, -29.7365194], [-51.1314476, -29.7364594], [-51.1313743, -29.736416], [-51.1313604, -29.7363489], [-51.1314004, -29.736284], [-51.1314709, -29.736205], [-51.1315475, -29.7361595]]}}, {"type": "Feature", "properties": {"access": "yes", "highway": "service", "name": "Rua Capadolindo", "service": "alley", "surface": "gravel", "osm_id": 369603000, "osm_type": "way"}, "geometry": {"type": "LineString", "coordinates": [[-51.1331009, -29.7368696], [-51.1328706, -29.7367192], [-51.1323799, -29.7364311], [-51.1322539, -29.7363146]]}}, {"type": "Feature", "properties": {"highway": "residential", "name": "Rua Arambaré", "surface": "unpaved", "osm_id": 385588720, "osm_type": "way"}, "geometry": {"type": "LineString", "coordinates": [[-51.1441401, -29.746082], [-51.144213, -29.7471644], [-51.1442215, -29.7472351], [-51.1442869, -29.7481758]]}}, {"type": "Feature", "properties": {"highway": "residential", "name": "Rua Elza Born", "source": "Yahoo", "osm_id": 385997791, "osm_type": "way"}, "geometry": {"type": "LineString", "coordinates": [[-51.1188289, -29.7725285], [-51.1189079, -29.7725725], [-51.1193989, -29.7729048], [-51.1199735, -29.7733065], [-51.1205767, -29.7736969], [-51.121168, -29.7740922], [-51.1217667, -29.7744863]]}}, {"type": "Feature", "properties": {"highway": "living_street", "name": "Beco 2", "osm_id": 386229625, "osm_type": "way"}, "geometry": {"type": "LineString", "coordinates": [[-51.1685435, -29.7718084], [-51.1689423, -29.7723797]]}}, {"type": "Feature", "properties": {"highway": "residential", "maxheight": "default", "name": "Mauá", "surface": "asphalt", "osm_id": 390018036, "osm_type": "way"}, "geometry": {"type": "LineString", "coordinates": [[-51.1434388, -29.779393], [-51.1434254, -29.7792009], [-51.1434737, -29.778932], [-51.1437017, -29.7782604], [-51.1438814, -29.7778018], [-51.1440423, -29.7773222], [-51.1440665, -29.7771266], [-51.1440557, -29.7761908]]}}, {"type": "Feature", "properties": {"access": "private", "highway": "service", "service": "driveway", "surface": "asphalt", "osm_id": 405922827, "osm_type": "way"}, "geometry": {"type": "LineString", "coordinates": [[-51.1479783, -29.7353488], [-51.1479783, -29.7352943], [-51.1479786, -29.734515], [-51.1479497, -29.7338675], [-51.1479436, -29.7330442], [-51.1479367, -29.7324629]]}}, {"type": "Feature", "properties": {"access": "private", "highway": "service", "service": "driveway", "surface": "asphalt", "osm_id": 405922828, "osm_type": "way"}, "geometry": {"type": "LineString", "coordinates": [[-51.1484142, -29.7330371], [-51.1479436, -29.7330442]]}}, {"type": "Feature", "properties": {"access": "private", "highway": "service", "service": "driveway", "surface": "asphalt", "osm_id": 405922829, "osm_type": "way"}, "geometry": {"type": "LineString", "coordinates": [[-51.1483994, -29.733872], [-51.1479497, -29.7338675]]}}, {"type": "Feature", "properties": {"access": "private", "highway": "service", "service": "driveway", "surface": "asphalt", "osm_id": 405922830, "osm_type": "way"}, "geometry": {"type": "LineString", "coordinates": [[-51.1484208, -29.7345149], [-51.1479786, -29.734515]]}}, {"type": "Feature", "properties": {"access": "private", "highway": "service", "service": "driveway", "surface": "asphalt", "osm_id": 405922831, "osm_type": "way"}, "geometry": {"type": "LineString", "coordinates": [[-51.1474217, -29.7353586], [-51.1474216, -29.7352886], [-51.1474203, -29.7346267], [-51.1474139, -29.7340424], [-51.1474073, -29.7335801], [-51.147404, -29.7333495]]}}, {"type": "Feature", "properties": {"access": "private", "highway": "service", "service": "driveway", "surface": "asphalt", "osm_id": 405922832, "osm_type": "way"}, "geometry": {"type": "LineString", "coordinates": [[-51.1478174, -29.7346243], [-51.1475748, -29.7346258], [-51.1474203, -29.7346267], [-51.147093, -29.7346297], [-51.1467951, -29.7346339]]}}, {"type": "Feature", "properties": {"alt_name": "Avenida Atalibio Rezende", "fixme": "Is this really oneway=yes? Looking from the aerial images, I'd say it is not -- at least this would explain a couple of \"mysterious\" sections. Must survey.", "highway": "secondary", "maxheight": "default", "name": "Avenida Coronel Atalíbio Taurino de Rezende", "oneway": "yes", "source": "Bing; IBGE", "osm_id": 405927034, "osm_type": "way"}, "geometry": {"type": "LineString", "coordinates": [[-51.1519965, -29.7442302], [-51.1514348, -29.74443]]}}, {"type": "Feature", "properties": {"alt_name": "Rua Antônio Francisco Lisboa", "highway": "residential", "name": "Avenida Coronel Atalíbio Taurino de Rezende", "surface": "unpaved", "osm_id": 405927039, "osm_type": "way"}, "geometry": {"type": "LineString", "coordinates": [[-51.1558826, -29.7430033], [-51.1554873, -29.7431196], [-51.1551028, -29.7432896], [-51.1546768, -29.743487], [-51.1534664, -29.7439305]]}}, {"type": "Feature", "properties": {"alt_name": "Avenida Coronel Atalíbio Taurino de Rezende", "highway": "residential", "name": "Rua Primavera", "osm_id": 405927042, "osm_type": "way"}, "geometry": {"type": "LineString", "coordinates": [[-51.1534664, -29.7439305], [-51.1531798, -29.744025], [-51.1522583, -29.7443728]]}}, {"type": "Feature", "properties": {"alt_name": "Rua Rincao Vianna", "highway": "unclassified", "name": "Dique", "note": "IBGE says \"Viana\"; IBGE street names excludes \"dos\" and says \"Vianna\"", "surface": "unpaved", "osm_id": 406268645, "osm_type": "way"}, "geometry": {"type": "LineString", "coordinates": [[-51.1697365, -29.765346], [-51.1699773, -29.76567], [-51.1701778, -29.7659397], [-51.1711755, -29.7672435], [-51.1733723, -29.7702004], [-51.1752874, -29.7726986], [-51.177498, -29.775571], [-51.1778016, -29.7759741], [-51.1780875, -29.7763529], [-51.1783101, -29.7768576], [-51.1785054, -29.7775199], [-51.1785781, -29.7782375], [-51.1784963, -29.7789786], [-51.178301, -29.7797947], [-51.1783237, -29.77998], [-51.1782738, -29.7802284], [-51.1778195, -29.7810248], [-51.1772018, -29.7817186], [-51.1764861, -29.7824471]]}}, {"type": "Feature", "properties": {"highway": "residential", "name": "Rua Irmã Teresa", "source": "Yahoo", "osm_id": 406268646, "osm_type": "way"}, "geometry": {"type": "LineString", "coordinates": [[-51.1304388, -29.7646971], [-51.1311871, -29.7646172], [-51.1319568, -29.7645269], [-51.1327331, -29.7644213]]}}, {"type": "Feature", "properties": {"highway": "residential", "source": "Bing", "osm_id": 410204872, "osm_type": "way"}, "geometry": {"type": "LineString", "coordinates": [[-51.1324057, -29.7381365], [-51.1324133, -29.7381129], [-51.1332305, -29.7372103]]}}, {"type": "Feature", "properties": {"highway": "residential", "name": "Rua Alfredo Rheinheimer", "osm_id": 410204877, "osm_type": "way"}, "geometry": {"type": "LineString", "coordinates": [[-51.1342139, -29.7359726], [-51.1331674, -29.7371658]]}}, {"type": "Feature", "properties": {"highway": "residential", "name": "Rua Octávio Antônio Machado", "osm_id": 410204878, "osm_type": "way"}, "geometry": {"type": "LineString", "coordinates": [[-51.1342139, -29.7359726], [-51.1346534, -29.7362361], [-51.1351437, -29.7365483], [-51.1356929, -29.7369074]]}}, {"type": "Feature", "properties": {"addr:housenumber": "205", "addr:street": "Rua Capitão Armindo Bier", "landuse": "industrial", "name": "Freios Controil", "website": "https://www.controil.com.br/", "osm_id": 414883218, "osm_type": "way"}, "geometry": {"type": "Polygon", "coordinates": [[[-51.1613121, -29.7768986], [-51.1606996, -29.7760589], [-51.158069, -29.7775043], [-51.1586815, -29.7783441], [-51.1592862, -29.7780089], [-51.1613121, -29.7768986]]]}}, {"type": "Feature", "properties": {"highway": "residential", "name": "Rua Thomaz Edison", "oneway": "yes", "surface": "unpaved", "osm_id": 438338680, "osm_type": "way"}, "geometry": {"type": "LineString", "coordinates": [[-51.1559994, -29.7428999], [-51.1560118, -29.7429726], [-51.1562126, -29.7440427]]}}, {"type": "Feature", "properties": {"highway": "residential", "osm_id": 438338681, "osm_type": "way"}, "geometry": {"type": "LineString", "coordinates": [[-51.1570902, -29.7434699], [-51.1563765, -29.7428418]]}}, {"type": "Feature", "properties": {"alt_name": "Avenida Atalíbio Taurino de Rezende", "highway": "secondary", "maxheight": "default", "name": "Avenida Coronel Atalíbio Taurino de Rezende", "oneway": "yes", "source": "Bing; IBGE", "osm_id": 438338682, "osm_type": "way"}, "geometry": {"type": "LineString", "coordinates": [[-51.1503048, -29.7448827], [-51.1502214, -29.7449065], [-51.1500112, -29.7449733], [-51.1498816, -29.7450344], [-51.1497232, -29.7451114], [-51.1479303, -29.7460051], [-51.1477822, -29.7461493]]}}, {"type": "Feature", "properties": {"highway": "secondary", "maxheight": "4.1", "name": "Avenida Coronel Atalíbio Taurino de Rezende", "oneway": "yes", "source": "Bing; IBGE", "surface": "asphalt", "osm_id": 438338684, "osm_type": "way"}, "geometry": {"type": "LineString", "coordinates": [[-51.1504634, -29.7446428], [-51.1510306, -29.7444745]]}}, {"type": "Feature", "properties": {"highway": "secondary", "junction": "roundabout", "oneway": "yes", "surface": "asphalt", "osm_id": 438338686, "osm_type": "way"}, "geometry": {"type": "LineString", "coordinates": [[-51.1502656, -29.7447399], [-51.1502885, -29.7446994], [-51.1503248, -29.7446672], [-51.1503675, -29.7446472], [-51.1504151, -29.7446388], [-51.1504634, -29.7446428], [-51.1505133, -29.7446597], [-51.1505515, -29.7446907], [-51.1505797, -29.7447333], [-51.150587, -29.7447556], [-51.1505839, -29.7448205], [-51.1505662, -29.7448565], [-51.1505381, -29.744887], [-51.1505016, -29.7449098], [-51.1504512, -29.7449246], [-51.150398, -29.7449248], [-51.1503475, -29.7449103], [-51.1503048, -29.7448827], [-51.1502798, -29.7448538], [-51.1502639, -29.7448203], [-51.1502581, -29.7447845], [-51.1502656, -29.7447399]]}}, {"type": "Feature", "properties": {"access": "customers", "highway": "service", "service": "driveway", "osm_id": 441906609, "osm_type": "way"}, "geometry": {"type": "LineString", "coordinates": [[-51.1363953, -29.7732771], [-51.1365241, -29.773347], [-51.1366783, -29.7735239], [-51.136905, -29.7738277], [-51.1369733, -29.7740412], [-51.1369465, -29.7742484]]}}, {"type": "Feature", "properties": {"access": "customers", "highway": "service", "service": "driveway", "osm_id": 441906611, "osm_type": "way"}, "geometry": {"type": "LineString", "coordinates": [[-51.1360749, -29.7732028], [-51.1362518, -29.7732253], [-51.1362996, -29.7732376], [-51.1363953, -29.7732771], [-51.1363806, -29.7742228], [-51.1364315, -29.774693], [-51.1365496, -29.7748141], [-51.1367245, -29.7749249], [-51.1369707, -29.7750073], [-51.1370592, -29.7748793]]}}, {"type": "Feature", "properties": {"access": "customers", "highway": "service", "name": "Rua Sinodal", "service": "driveway", "osm_id": 441906613, "osm_type": "way"}, "geometry": {"type": "LineString", "coordinates": [[-51.1393257, -29.7762862], [-51.1388362, -29.7767297], [-51.1387631, -29.7768094], [-51.1387402, -29.7768618], [-51.1387356, -29.7769194], [-51.1388066, -29.7769916], [-51.1389327, -29.7770137], [-51.1392277, -29.7769695]]}}, {"type": "Feature", "properties": {"alt_name": "Rua Jacy Porto", "highway": "tertiary", "name": "Rua Doutor Jacy Porto", "surface": "asphalt", "osm_id": 457770229, "osm_type": "way"}, "geometry": {"type": "LineString", "coordinates": [[-51.1559258, -29.772787], [-51.155946, -29.7728732], [-51.1560157, -29.7736066], [-51.1560854, -29.7742608], [-51.1562084, -29.7756502], [-51.1562821, -29.7764672], [-51.1563533, -29.7770538], [-51.156528, -29.7773757]]}}, {"type": "Feature", "properties": {"highway": "service", "service": "driveway", "osm_id": 487433980, "osm_type": "way"}, "geometry": {"type": "LineString", "coordinates": [[-51.1673727, -29.7500558], [-51.1670641, -29.7490238], [-51.1670411, -29.7489468]]}}, {"type": "Feature", "properties": {"alt_name": "Rua Porto Camargo", "highway": "residential", "name": "Rua Arminda Gernhardt", "osm_id": 487433981, "osm_type": "way"}, "geometry": {"type": "LineString", "coordinates": [[-51.1568333, -29.7512571], [-51.1557639, -29.752519]]}}, {"type": "Feature", "properties": {"alt_name": "Rua Tomaz Edison; Rua Aimore", "highway": "residential", "name": "Avenida Tomaz Edison", "oneway": "yes", "osm_id": 487433982, "osm_type": "way"}, "geometry": {"type": "LineString", "coordinates": [[-51.1571232, -29.7514143], [-51.1569163, -29.7500115], [-51.1569056, -29.7499554]]}}, {"type": "Feature", "properties": {"name": "Arroio Cerquinha", "waterway": "stream", "osm_id": 493951128, "osm_type": "way"}, "geometry": {"type": "LineString", "coordinates": [[-51.1689587, -29.7468928], [-51.1690427, -29.7472079], [-51.1700373, -29.7509386], [-51.169797, -29.7514033], [-51.1695783, -29.7516857], [-51.1694417, -29.7520775], [-51.1693596, -29.7525149], [-51.1693824, -29.7526881], [-51.1694052, -29.7528293], [-51.1694052, -29.7529159], [-51.1693277, -29.7530799], [-51.169264, -29.7531983], [-51.1692503, -29.7532849], [-51.1692366, -29.753499], [-51.1692457, -29.7536813], [-51.1692731, -29.7538407], [-51.169323, -29.7540162], [-51.1693831, -29.7542271]]}}, {"type": "Feature", "properties": {"alt_name": "Avenida Atalíbio Taurino de Rezende", "highway": "secondary", "name": "Avenida Coronel Atalíbio Taurino de Rezende", "oneway": "no", "source": "Bing; IBGE", "surface": "asphalt", "osm_id": 493951129, "osm_type": "way"}, "geometry": {"type": "LineString", "coordinates": [[-51.1639186, -29.7394747], [-51.1632711, -29.7399895]]}}, {"type": "Feature", "properties": {"boat": "yes", "draft": "1.5", "intermittent": "no", "motorboat": "yes", "name": "Rio dos Sinos", "name:en": "Sinos River", "ship": "yes", "source:draft": "Porto de Rio Grande", "waterway": "river", "wikipedia": "pt:Rio dos Sinos", "osm_id": 494016418, "osm_type": "way"}, "geometry": {"type": "LineString", "coordinates": [[-51.1519876, -29.7591369], [-51.1522856, -29.7590705], [-51.1539765, -29.7582508], [-51.1552412, -29.7577833], [-51.1575642, -29.7569245], [-51.1614266, -29.7563806], [-51.1629973, -29.7564029], [-51.1643448, -29.7569096], [-51.1657012, -29.757344]]}}, {"type": "Feature", "properties": {"intermittent": "no", "motorboat": "no", "name": "Rio dos Sinos", "name:en": "Sinos River", "waterway": "river", "wikipedia": "pt:Rio dos Sinos", "osm_id": 494016420, "osm_type": "way"}, "geometry": {"type": "LineString", "coordinates": [[-51.142289, -29.7564169], [-51.1442604, -29.7570959], [-51.1460743, -29.7581603], [-51.1462775, -29.7582732], [-51.1479085, -29.7593074], [-51.1483684, -29.759497], [-51.1494493, -29.7597028], [-51.1519876, -29.7591369]]}}, {"type": "Feature", "properties": {"motorboat": "no", "name": "Rio dos Sinos", "name:en": "Sinos River", "waterway": "river", "wikipedia": "pt:Rio dos Sinos", "osm_id": 494016422, "osm_type": "way"}, "geometry": {"type": "LineString", "coordinates": [[-51.1294826, -29.7434233], [-51.1294627, -29.7434932], [-51.1295233, -29.7435933], [-51.1294976, -29.744264], [-51.1299525, -29.7458438], [-51.129901, -29.7469766], [-51.1301413, -29.7475205], [-51.1308709, -29.7483626], [-51.1309815, -29.7484202], [-51.1316433, -29.748765], [-51.1320725, -29.7494357], [-51.1321326, -29.750628], [-51.1326475, -29.7513433], [-51.1330166, -29.7521407], [-51.13342, -29.7526772], [-51.1338063, -29.7527368], [-51.1343384, -29.752327], [-51.1347504, -29.7522897], [-51.1355229, -29.7529007], [-51.1364498, -29.7531243], [-51.1366558, -29.7537055], [-51.1366558, -29.7541377], [-51.1362524, -29.7545624], [-51.1357804, -29.7546146], [-51.135437, -29.7548083], [-51.1351366, -29.7551958], [-51.1345959, -29.7562986], [-51.13445, -29.7575802], [-51.1348791, -29.7585638], [-51.1351366, -29.7592344], [-51.1351109, -29.7600764], [-51.1352825, -29.7603744], [-51.1355915, -29.7603521], [-51.136055, -29.7600019], [-51.1364498, -29.7590854], [-51.1368275, -29.7585489], [-51.1375656, -29.7579528], [-51.1385269, -29.7575206], [-51.1386081, -29.7574629], [-51.1404152, -29.7561794], [-51.1418057, -29.7562539], [-51.1421097, -29.7563542]]}}, {"type": "Feature", "properties": {"fixme": "This stream defines the actual boundary between São Leopoldo and Novo Hamburgo.", "layer": "-1", "name": "Arroio Gauchinho", "source": "Bing; IBGE", "tunnel": "yes", "waterway": "stream", "osm_id": 494016433, "osm_type": "way"}, "geometry": {"type": "LineString", "coordinates": [[-51.1297397, -29.7421736], [-51.1296833, -29.7423203]]}}, {"type": "Feature", "properties": {"bridge": "yes", "highway": "primary", "lanes": "2", "layer": "1", "maxheight": "default", "name": "Avenida Mauá", "oneway": "no", "source": "survey;Bing", "surface": "asphalt", "osm_id": 494029931, "osm_type": "way"}, "geometry": {"type": "LineString", "coordinates": [[-51.14192, -29.757364], [-51.1417262, -29.7578615]]}}, {"type": "Feature", "properties": {"foot": "no", "highway": "secondary", "name": "Rua Henrique Scherer", "oneway": "yes", "source": "Yahoo;survey", "osm_id": 494029938, "osm_type": "way"}, "geometry": {"type": "LineString", "coordinates": [[-51.1264485, -29.7785161], [-51.1264204, -29.7784899], [-51.1263767, -29.7784492]]}}, {"type": "Feature", "properties": {"alt_name": "Rua Tharsilo Nunes", "highway": "secondary", "lanes": "2", "maxspeed": "40", "name": "Avenida Tharcillo Nunes", "oneway": "yes", "source": "Yahoo;survey", "surface": "asphalt", "osm_id": 494029939, "osm_type": "way"}, "geometry": {"type": "LineString", "coordinates": [[-51.1224067, -29.7756062], [-51.1222433, -29.7755802], [-51.1220968, -29.7755234], [-51.1219993, -29.7754582], [-51.1219362, -29.7754205], [-51.1218911, -29.7753922]]}}, {"type": "Feature", "properties": {"highway": "residential", "name": "Rua Brusque", "source": "Yahoo;Yahoo;Yahoo; Bing; IBGE; survey", "osm_id": 494029940, "osm_type": "way"}, "geometry": {"type": "LineString", "coordinates": [[-51.1192276, -29.7784478], [-51.1202802, -29.7772736], [-51.1209779, -29.7764679], [-51.1218911, -29.7753922]]}}, {"type": "Feature", "properties": {"layer": "-1", "name": "Arroio Kruze", "source": "survey; Bing; IBGE", "tunnel": "culvert", "waterway": "stream", "osm_id": 494029942, "osm_type": "way"}, "geometry": {"type": "LineString", "coordinates": [[-51.1260982, -29.7661744], [-51.1261667, -29.7660371]]}}, {"type": "Feature", "properties": {"name": "Arroio Kruze", "source": "survey; Bing; IBGE", "waterway": "stream", "osm_id": 494029944, "osm_type": "way"}, "geometry": {"type": "LineString", "coordinates": [[-51.1235448, -29.7735308], [-51.1235408, -29.7734232], [-51.1235285, -29.7732327], [-51.12349, -29.7730807], [-51.1235908, -29.7729211], [-51.1237065, -29.772867], [-51.1237807, -29.7727666], [-51.1238667, -29.7727073], [-51.1239083, -29.7726584], [-51.1239053, -29.7725631], [-51.1238193, -29.7724524], [-51.123846, -29.7723545], [-51.1238311, -29.772285], [-51.1238964, -29.7718781], [-51.1240714, -29.7716773], [-51.1241646, -29.7712714], [-51.1243924, -29.7708285], [-51.1245277, -29.7707172], [-51.1245396, -29.7706575], [-51.1245301, -29.7704638], [-51.1245349, -29.7701569], [-51.1245942, -29.7698664], [-51.1246654, -29.7697448], [-51.1247556, -29.7696727]]}}, {"type": "Feature", "properties": {"highway": "residential", "name": "Rua Brusque", "source": "Yahoo;Yahoo;Yahoo; Bing; IBGE; survey", "osm_id": 494029946, "osm_type": "way"}, "geometry": {"type": "LineString", "coordinates": [[-51.1250146, -29.7701868], [-51.1253317, -29.7695715], [-51.1253786, -29.7693977], [-51.1254934, -29.7692286], [-51.1258547, -29.7687631]]}}, {"type": "Feature", "properties": {"highway": "tertiary", "name": "Rua Felipe Uebel", "source": "Yahoo; Bing; survey", "osm_id": 494029954, "osm_type": "way"}, "geometry": {"type": "LineString", "coordinates": [[-51.123618, -29.7736052], [-51.1234217, -29.7735498]]}}, {"type": "Feature", "properties": {"highway": "tertiary", "name": "Rua Felipe Uebel", "source": "Yahoo; Bing; survey", "osm_id": 494029955, "osm_type": "way"}, "geometry": {"type": "LineString", "coordinates": [[-51.1241963, -29.773941], [-51.1237851, -29.773678], [-51.1237365, -29.7736568], [-51.123618, -29.7736052]]}}, {"type": "Feature", "properties": {"highway": "residential", "name": "Rua Brusque", "source": "Yahoo;Yahoo;Yahoo; Bing; IBGE; survey", "osm_id": 494029956, "osm_type": "way"}, "geometry": {"type": "LineString", "coordinates": [[-51.1218911, -29.7753922], [-51.1219424, -29.7753347], [-51.123145, -29.7739869], [-51.1232705, -29.7738457], [-51.1233752, -29.7736721], [-51.1234217, -29.7735498]]}}, {"type": "Feature", "properties": {"highway": "tertiary", "lanes": "2", "lit": "yes", "name": "Rua Pedro Américo", "oneway": "yes", "source": "survey; Bing", "surface": "asphalt", "osm_id": 494029959, "osm_type": "way"}, "geometry": {"type": "LineString", "coordinates": [[-51.1327232, -29.7627715], [-51.1328408, -29.762475]]}}, {"type": "Feature", "properties": {"bridge": "yes", "highway": "primary", "lanes": "2", "layer": "1", "maxheight": "default", "name": "Avenida Mauá", "oneway": "no", "source": "survey;Bing", "surface": "asphalt", "osm_id": 494536935, "osm_type": "way"}, "geometry": {"type": "LineString", "coordinates": [[-51.1422889, -29.7564169], [-51.14192, -29.757364]]}}, {"type": "Feature", "properties": {"motorboat": "no", "name": "Rio dos Sinos", "name:en": "Sinos River", "waterway": "river", "wikipedia": "pt:Rio dos Sinos", "osm_id": 494536939, "osm_type": "way"}, "geometry": {"type": "LineString", "coordinates": [[-51.1421097, -29.7563542], [-51.142289, -29.7564169]]}}, {"type": "Feature", "properties": {"highway": "tertiary", "maxheight": "default", "name": "Avenida Presidente João Goulart", "osm_id": 494536947, "osm_type": "way"}, "geometry": {"type": "LineString", "coordinates": [[-51.1477548, -29.7786917], [-51.147489, -29.7787528], [-51.1468117, -29.7788552], [-51.1459011, -29.7790007], [-51.1442676, -29.7792603], [-51.1434388, -29.779393]]}}, {"type": "Feature", "properties": {"highway": "residential", "name": "Rua Graciliano Luiz Silveira", "source:name": "IBGE", "osm_id": 494536976, "osm_type": "way"}, "geometry": {"type": "LineString", "coordinates": [[-51.1345903, -29.7834611], [-51.1345796, -29.7835299]]}}, {"type": "Feature", "properties": {"highway": "tertiary", "name": "Avenida Doutor Mário Sperb", "oneway": "no", "source": "Bing; survey", "osm_id": 494536984, "osm_type": "way"}, "geometry": {"type": "LineString", "coordinates": [[-51.1315892, -29.7735023], [-51.1315457, -29.7734722]]}}, {"type": "Feature", "properties": {"highway": "tertiary", "osm_id": 494536996, "osm_type": "way"}, "geometry": {"type": "LineString", "coordinates": [[-51.1477937, -29.7786722], [-51.1478651, -29.7786317]]}}, {"type": "Feature", "properties": {"highway": "tertiary", "lanes": "2", "name": "Avenida João Alberto", "oneway": "yes", "surface": "asphalt", "osm_id": 494537002, "osm_type": "way"}, "geometry": {"type": "LineString", "coordinates": [[-51.1478651, -29.7786317], [-51.1484291, -29.7783413], [-51.1488032, -29.7781417], [-51.1493177, -29.7778792], [-51.1507102, -29.7771688], [-51.1507975, -29.7771243], [-51.1509671, -29.7770312]]}}, {"type": "Feature", "properties": {"bridge": "yes", "highway": "secondary", "layer": "1", "surface": "unpaved", "osm_id": 494537040, "osm_type": "way"}, "geometry": {"type": "LineString", "coordinates": [[-51.1695013, -29.7649142], [-51.1695882, -29.7650247]]}}, {"type": "Feature", "properties": {"boat": "yes", "draft": "1.5", "motorboat": "yes", "name": "Rio dos Sinos", "name:en": "Sinos River", "ship": "yes", "source:draft": "Porto de Rio Grande", "waterway": "river", "wikipedia": "pt:Rio dos Sinos", "osm_id": 494537043, "osm_type": "way"}, "geometry": {"type": "LineString", "coordinates": [[-51.1657012, -29.757344], [-51.1661129, -29.7574759], [-51.166894, -29.7573642], [-51.1672373, -29.7569394], [-51.167512, -29.7562316], [-51.1680098, -29.7553001], [-51.1686278, -29.7547487], [-51.1693831, -29.7542271]]}}, {"type": "Feature", "properties": {"highway": "service", "surface": "dirt", "osm_id": 494537049, "osm_type": "way"}, "geometry": {"type": "LineString", "coordinates": [[-51.1691659, -29.764528], [-51.1683209, -29.76334], [-51.1680521, -29.7630302], [-51.1678379, -29.7628616], [-51.1675782, -29.7627021], [-51.1664438, -29.7621053], [-51.1661978, -29.7619504], [-51.1660246, -29.7617226], [-51.1659335, -29.7615358], [-51.165888, -29.7613353], [-51.1658652, -29.7610984], [-51.1657861, -29.7593728], [-51.1657535, -29.7586624]]}}, {"type": "Feature", "properties": {"name": "Arroio Cerquinha", "waterway": "stream", "osm_id": 494734876, "osm_type": "way"}, "geometry": {"type": "LineString", "coordinates": [[-51.1640728, -29.73934], [-51.1641816, -29.7393831], [-51.1665486, -29.7408971], [-51.1672593, -29.7413345], [-51.167384, -29.7415144], [-51.1674962, -29.7416762], [-51.1676921, -29.74215], [-51.1689587, -29.7468928]]}}, {"type": "Feature", "properties": {"highway": "motorway", "lanes": "2", "maxheight": "5.5", "maxspeed": "80", "name": "Rodovia BR-116", "oneway": "yes", "ref": "BR-116", "surface": "asphalt", "osm_id": 496810385, "osm_type": "way"}, "geometry": {"type": "LineString", "coordinates": [[-51.1520956, -29.7595735], [-51.1521689, -29.7604738], [-51.1521841, -29.7606601], [-51.1522418, -29.7611665], [-51.1523062, -29.7613947], [-51.15238, -29.7616194], [-51.152781, -29.762368], [-51.1532352, -29.7630908]]}}, {"type": "Feature", "properties": {"change": "no", "highway": "secondary", "lanes": "2", "maxheight": "5.5", "maxspeed": "60", "name": "Rodovia BR-116", "oneway": "yes", "ref": "BR-116", "source:maxspeed": "implicit", "surface": "asphalt", "osm_id": 496810387, "osm_type": "way"}, "geometry": {"type": "LineString", "coordinates": [[-51.1519657, -29.7608323], [-51.1519194, -29.7603678]]}}, {"type": "Feature", "properties": {"access": "no", "bus": "yes", "highway": "service", "oneway": "yes", "psv": "yes", "service": "driveway", "osm_id": 496810388, "osm_type": "way"}, "geometry": {"type": "LineString", "coordinates": [[-51.1494698, -29.760315], [-51.1491036, -29.7602386], [-51.1489424, -29.7601767], [-51.1486088, -29.7600582], [-51.1485404, -29.7600628], [-51.1484725, -29.7601081], [-51.1484224, -29.7602634], [-51.1483895, -29.7604504], [-51.1484518, -29.760497], [-51.1487834, -29.760561], [-51.1489669, -29.760617], [-51.1490969, -29.7606612], [-51.1495435, -29.7607742]]}}, {"type": "Feature", "properties": {"highway": "motorway", "lanes": "2", "lit": "yes", "maxheight": "5.5", "maxspeed": "80", "oneway": "yes", "ref": "BR-116", "surface": "asphalt", "osm_id": 497065213, "osm_type": "way"}, "geometry": {"type": "LineString", "coordinates": [[-51.1497628, -29.7344089], [-51.149742, -29.7339725], [-51.149582, -29.7324645]]}}, {"type": "Feature", "properties": {"highway": "service", "service": "driveway", "osm_id": 499391087, "osm_type": "way"}, "geometry": {"type": "LineString", "coordinates": [[-51.1304741, -29.7621234], [-51.1305198, -29.761913]]}}, {"type": "Feature", "properties": {"highway": "service", "osm_id": 499391088, "osm_type": "way"}, "geometry": {"type": "LineString", "coordinates": [[-51.1307252, -29.7603539], [-51.13076, -29.7605798], [-51.13076, -29.7610362], [-51.1308781, -29.7612992], [-51.1308592, -29.7614878], [-51.1307895, -29.7616508]]}}, {"type": "Feature", "properties": {"highway": "motorway", "lanes": "3", "maxheight": "5.5", "maxspeed": "80", "name": "Rodovia BR-116", "oneway": "yes", "ref": "BR-116", "surface": "asphalt", "osm_id": 529601940, "osm_type": "way"}, "geometry": {"type": "LineString", "coordinates": [[-51.1522382, -29.7615313], [-51.1521384, -29.7613089]]}}, {"type": "Feature", "properties": {"highway": "motorway", "lanes": "2", "maxheight": "5.5", "maxspeed": "80", "name": "Rodovia BR-116", "oneway": "yes", "ref": "BR-116", "surface": "asphalt", "osm_id": 529601942, "osm_type": "way"}, "geometry": {"type": "LineString", "coordinates": [[-51.1521384, -29.7613089], [-51.1521049, -29.7610921], [-51.1520014, -29.7600155], [-51.1519687, -29.7595679]]}}, {"type": "Feature", "properties": {"highway": "motorway", "lanes": "2", "maxheight": "5.5", "maxspeed": "80", "name": "Rodovia BR-116", "oneway": "yes", "ref": "BR-116", "surface": "asphalt", "osm_id": 529601945, "osm_type": "way"}, "geometry": {"type": "LineString", "coordinates": [[-51.1535735, -29.7636602], [-51.1537921, -29.7641294], [-51.1538753, -29.7643262], [-51.1539544, -29.7645613], [-51.1539893, -29.7646882], [-51.1540335, -29.7649385], [-51.1540537, -29.7651795], [-51.1540497, -29.7654845], [-51.1540161, -29.7657721], [-51.1539719, -29.7660107], [-51.1536795, -29.7672621], [-51.1535381, -29.7678593], [-51.153445, -29.7682272], [-51.1533938, -29.7684426], [-51.153359, -29.7686254], [-51.1533321, -29.7687732], [-51.1533174, -29.7689164], [-51.1533107, -29.7690584], [-51.1533134, -29.7691993], [-51.1533308, -29.7693716], [-51.1533549, -29.7695171], [-51.1533986, -29.7697068]]}}, {"type": "Feature", "properties": {"highway": "motorway", "lanes": "3", "maxheight": "default", "maxspeed": "80", "name": "Rodovia BR-116", "oneway": "yes", "ref": "BR-116", "surface": "asphalt", "osm_id": 530449514, "osm_type": "way"}, "geometry": {"type": "LineString", "coordinates": [[-51.1532352, -29.7630908], [-51.1535735, -29.7636602]]}}, {"type": "Feature", "properties": {"highway": "tertiary", "lanes": "2", "lit": "yes", "name": "Rua Pedro Américo", "oneway": "yes", "surface": "asphalt", "osm_id": 532063844, "osm_type": "way"}, "geometry": {"type": "LineString", "coordinates": [[-51.132869, -29.7680375], [-51.1328808, -29.7686808], [-51.1329069, -29.769372], [-51.1329053, -29.7700302], [-51.1329232, -29.7701084], [-51.1329289, -29.7701513]]}}, {"type": "Feature", "properties": {"highway": "tertiary", "lanes": "2", "lit": "yes", "name": "Rua Pedro Américo", "oneway": "yes", "surface": "asphalt", "osm_id": 532063845, "osm_type": "way"}, "geometry": {"type": "LineString", "coordinates": [[-51.1328575, -29.7701396], [-51.13283, -29.7700695], [-51.1328179, -29.770027], [-51.1328084, -29.7693812], [-51.1327928, -29.768697], [-51.1327731, -29.7680403]]}}, {"type": "Feature", "properties": {"highway": "tertiary", "junction": "roundabout", "oneway": "yes", "osm_id": 532063846, "osm_type": "way"}, "geometry": {"type": "LineString", "coordinates": [[-51.1328106, -29.7680605], [-51.1327895, -29.7680537], [-51.1327731, -29.7680403], [-51.1327657, -29.7680283], [-51.1327625, -29.768015], [-51.132764, -29.7679993], [-51.1327711, -29.7679848], [-51.1327865, -29.7679706], [-51.1328068, -29.7679625], [-51.1328292, -29.7679619], [-51.1328503, -29.7679687], [-51.1328666, -29.7679819], [-51.1328744, -29.7679948], [-51.1328775, -29.7680091], [-51.1328757, -29.7680238], [-51.132869, -29.7680375], [-51.1328537, -29.7680518], [-51.1328332, -29.7680599], [-51.1328106, -29.7680605]]}}, {"type": "Feature", "properties": {"highway": "residential", "surface": "unpaved", "osm_id": 532318094, "osm_type": "way"}, "geometry": {"type": "LineString", "coordinates": [[-51.1743552, -29.771843], [-51.1736027, -29.7723018]]}}, {"type": "Feature", "properties": {"highway": "residential", "surface": "unpaved", "osm_id": 532318096, "osm_type": "way"}, "geometry": {"type": "LineString", "coordinates": [[-51.1662358, -29.7701617], [-51.1659624, -29.7697304], [-51.1658232, -29.7695213], [-51.1656569, -29.7693362]]}}, {"type": "Feature", "properties": {"highway": "living_street", "name": "Travessa Paulo Couto", "surface": "unpaved", "osm_id": 532318097, "osm_type": "way"}, "geometry": {"type": "LineString", "coordinates": [[-51.163807, -29.7689943], [-51.1638127, -29.7690182], [-51.1641676, -29.7694538], [-51.1641944, -29.7694708]]}}, {"type": "Feature", "properties": {"highway": "living_street", "surface": "unpaved", "osm_id": 532318098, "osm_type": "way"}, "geometry": {"type": "LineString", "coordinates": [[-51.1641944, -29.7694708], [-51.164225, -29.7694611], [-51.165094, -29.7689461]]}}, {"type": "Feature", "properties": {"highway": "living_street", "osm_id": 532318099, "osm_type": "way"}, "geometry": {"type": "LineString", "coordinates": [[-51.1607529, -29.7708753], [-51.1605731, -29.7708053], [-51.1605003, -29.7707963], [-51.1604364, -29.7707926], [-51.1603566, -29.7708009], [-51.1603035, -29.7708108]]}}, {"type": "Feature", "properties": {"alt_name": "Travessa Quatro", "highway": "living_street", "name": "Travessa 4", "surface": "unpaved", "osm_id": 532318100, "osm_type": "way"}, "geometry": {"type": "LineString", "coordinates": [[-51.1676662, -29.7710868], [-51.1674993, -29.7707968]]}}, {"type": "Feature", "properties": {"alt_name": "Rua Rincao Vianna", "highway": "unclassified", "name": "Rua Rincão dos Viannas", "surface": "unpaved", "osm_id": 532318105, "osm_type": "way"}, "geometry": {"type": "LineString", "coordinates": [[-51.1693129, -29.7868307], [-51.1692268, -29.7865639], [-51.1690217, -29.7863919], [-51.1681931, -29.7856824], [-51.1680631, -29.7854887], [-51.16797, -29.7852996], [-51.1678325, -29.7849761], [-51.1677444, -29.7846723], [-51.1674775, -29.7836124], [-51.1670503, -29.782218], [-51.1665461, -29.7811111], [-51.1663571, -29.7806738], [-51.1663023, -29.7805367], [-51.1662838, -29.7804799]]}}, {"type": "Feature", "properties": {"highway": "residential", "name": "Rua Marcelo Anhaia", "osm_id": 532321769, "osm_type": "way"}, "geometry": {"type": "LineString", "coordinates": [[-51.1639864, -29.7658769], [-51.1634468, -29.7651841]]}}, {"type": "Feature", "properties": {"highway": "residential", "name": "Rua Instituto Lenon Joel", "osm_id": 532321771, "osm_type": "way"}, "geometry": {"type": "LineString", "coordinates": [[-51.1635364, -29.7661431], [-51.1629958, -29.7654491]]}}, {"type": "Feature", "properties": {"highway": "service", "name": "Rua Homero J. O. Silva", "osm_id": 532321773, "osm_type": "way"}, "geometry": {"type": "LineString", "coordinates": [[-51.162742, -29.7655983], [-51.1621269, -29.7648043]]}}, {"type": "Feature", "properties": {"highway": "residential", "name": "Avenida Tomaz Edison", "osm_id": 532321777, "osm_type": "way"}, "geometry": {"type": "LineString", "coordinates": [[-51.1583011, -29.7624908], [-51.1582983, -29.7625239], [-51.15829, -29.7626355], [-51.1582851, -29.7631962], [-51.1582859, -29.7632588], [-51.1583024, -29.7639295], [-51.1583343, -29.7644527], [-51.1583472, -29.7650297]]}}, {"type": "Feature", "properties": {"highway": "residential", "name": "Avenida Dom João Becker", "osm_id": 532321778, "osm_type": "way"}, "geometry": {"type": "LineString", "coordinates": [[-51.1585578, -29.762664], [-51.1598653, -29.7629369], [-51.160444, -29.7630955], [-51.1609803, -29.763305], [-51.1614146, -29.7635523], [-51.1638288, -29.7649618], [-51.1647041, -29.765454], [-51.1652188, -29.7657646], [-51.1657314, -29.7660787], [-51.1663532, -29.7664481]]}}, {"type": "Feature", "properties": {"highway": "service", "osm_id": 532321781, "osm_type": "way"}, "geometry": {"type": "LineString", "coordinates": [[-51.1572562, -29.7632074], [-51.1571865, -29.7631142], [-51.1571248, -29.7630805], [-51.1562478, -29.7629415]]}}, {"type": "Feature", "properties": {"highway": "residential", "name": "Rua Osvaldo Aranha", "surface": "paved", "osm_id": 532321782, "osm_type": "way"}, "geometry": {"type": "LineString", "coordinates": [[-51.1568056, -29.7647813], [-51.1583472, -29.7650297]]}}, {"type": "Feature", "properties": {"highway": "residential", "name": "Rua Dionísia Gonçalves Pinto", "osm_id": 541810026, "osm_type": "way"}, "geometry": {"type": "LineString", "coordinates": [[-51.1376063, -29.7408319], [-51.137917, -29.7404718], [-51.138853, -29.7394226], [-51.1391442, -29.7390522], [-51.1398037, -29.7382668]]}}, {"type": "Feature", "properties": {"highway": "residential", "name": "Rua Bertha Lutz", "osm_id": 541810027, "osm_type": "way"}, "geometry": {"type": "LineString", "coordinates": [[-51.1402376, -29.7385527], [-51.1395666, -29.7393341]]}}, {"type": "Feature", "properties": {"highway": "residential", "name": "Rua Iara Iavelberg", "osm_id": 541810028, "osm_type": "way"}, "geometry": {"type": "LineString", "coordinates": [[-51.1392502, -29.7397073], [-51.1383363, -29.7407502]]}}, {"type": "Feature", "properties": {"highway": "residential", "surface": "unpaved", "osm_id": 541810029, "osm_type": "way"}, "geometry": {"type": "LineString", "coordinates": [[-51.132934, -29.7478674], [-51.132836, -29.7478412], [-51.1327623, -29.747783], [-51.1324874, -29.747365], [-51.1317055, -29.7459537], [-51.1316586, -29.7457872], [-51.131621, -29.745637], [-51.1315517, -29.7448878], [-51.1315856, -29.7443823]]}}, {"type": "Feature", "properties": {"highway": "living_street", "osm_id": 541810030, "osm_type": "way"}, "geometry": {"type": "LineString", "coordinates": [[-51.1447307, -29.7560256], [-51.1447466, -29.7559221], [-51.1450898, -29.7555648]]}}, {"type": "Feature", "properties": {"highway": "living_street", "osm_id": 541810031, "osm_type": "way"}, "geometry": {"type": "LineString", "coordinates": [[-51.1447466, -29.7559221], [-51.1432874, -29.7552893]]}}, {"type": "Feature", "properties": {"highway": "residential", "name": "Rua Luiz Adão Daudt", "osm_id": 541810032, "osm_type": "way"}, "geometry": {"type": "LineString", "coordinates": [[-51.1454718, -29.7536451], [-51.1446554, -29.7544093], [-51.1443411, -29.7547543]]}}, {"type": "Feature", "properties": {"highway": "residential", "osm_id": 541810033, "osm_type": "way"}, "geometry": {"type": "LineString", "coordinates": [[-51.1440361, -29.7545778], [-51.1443411, -29.7547543], [-51.1451699, -29.7552866]]}}, {"type": "Feature", "properties": {"highway": "living_street", "osm_id": 541810034, "osm_type": "way"}, "geometry": {"type": "LineString", "coordinates": [[-51.1463846, -29.7537626], [-51.1456352, -29.7546714]]}}, {"type": "Feature", "properties": {"highway": "service", "service": "alley", "osm_id": 541810035, "osm_type": "way"}, "geometry": {"type": "LineString", "coordinates": [[-51.1444727, -29.7364358], [-51.1444084, -29.7364137], [-51.1443556, -29.7364098], [-51.1442148, -29.7364156], [-51.1437689, -29.7365572], [-51.1432343, -29.7367233]]}}, {"type": "Feature", "properties": {"highway": "service", "service": "alley", "osm_id": 541810036, "osm_type": "way"}, "geometry": {"type": "LineString", "coordinates": [[-51.1437689, -29.7365572], [-51.1435282, -29.7359265]]}}, {"type": "Feature", "properties": {"highway": "service", "service": "alley", "osm_id": 541810037, "osm_type": "way"}, "geometry": {"type": "LineString", "coordinates": [[-51.1442148, -29.7364156], [-51.1439627, -29.7358427]]}}, {"type": "Feature", "properties": {"access": "private", "highway": "service", "service": "driveway", "surface": "asphalt", "osm_id": 541810038, "osm_type": "way"}, "geometry": {"type": "LineString", "coordinates": [[-51.1470801, -29.7334391], [-51.1470915, -29.7340413], [-51.147093, -29.7346297], [-51.1470955, -29.7352464]]}}, {"type": "Feature", "properties": {"highway": "living_street", "osm_id": 541810039, "osm_type": "way"}, "geometry": {"type": "LineString", "coordinates": [[-51.1655669, -29.7492764], [-51.1659201, -29.7504528]]}}, {"type": "Feature", "properties": {"highway": "residential", "osm_id": 541810040, "osm_type": "way"}, "geometry": {"type": "LineString", "coordinates": [[-51.1688963, -29.7415044], [-51.1681753, -29.7420663]]}}, {"type": "Feature", "properties": {"highway": "residential", "osm_id": 541810041, "osm_type": "way"}, "geometry": {"type": "LineString", "coordinates": [[-51.1695587, -29.7420217], [-51.1689972, -29.7427509], [-51.1689365, -29.7428523], [-51.1689132, -29.742982], [-51.169128, -29.7436835], [-51.1691934, -29.7440484], [-51.1692027, -29.7442917]]}}, {"type": "Feature", "properties": {"highway": "residential", "osm_id": 541810048, "osm_type": "way"}, "geometry": {"type": "LineString", "coordinates": [[-51.1454461, -29.7443489], [-51.145336, -29.7450501]]}}, {"type": "Feature", "properties": {"highway": "service", "service": "alley", "surface": "unpaved", "osm_id": 541810058, "osm_type": "way"}, "geometry": {"type": "LineString", "coordinates": [[-51.1418148, -29.7381659], [-51.1418537, -29.738131], [-51.1422586, -29.7376676], [-51.1427169, -29.7371946], [-51.1427169, -29.7371015], [-51.1425638, -29.7365833]]}}, {"type": "Feature", "properties": {"highway": "service", "service": "alley", "surface": "unpaved", "osm_id": 541810059, "osm_type": "way"}, "geometry": {"type": "LineString", "coordinates": [[-51.1418148, -29.7381659], [-51.1414388, -29.7378993]]}}, {"type": "Feature", "properties": {"highway": "residential", "osm_id": 541810060, "osm_type": "way"}, "geometry": {"type": "LineString", "coordinates": [[-51.1362509, -29.7515305], [-51.1367463, -29.7506856]]}}, {"type": "Feature", "properties": {"highway": "residential", "osm_id": 541810061, "osm_type": "way"}, "geometry": {"type": "LineString", "coordinates": [[-51.1382252, -29.7532553], [-51.1385273, -29.7530026], [-51.138702, -29.7527174], [-51.1387584, -29.7525742], [-51.1387584, -29.7524392], [-51.1387342, -29.7523018], [-51.1385809, -29.752141]]}}, {"type": "Feature", "properties": {"name": "Arroio Cerquinha", "waterway": "stream", "osm_id": 558592894, "osm_type": "way"}, "geometry": {"type": "LineString", "coordinates": [[-51.1626171, -29.7380451], [-51.1631134, -29.7385326], [-51.1640728, -29.73934]]}}, {"type": "Feature", "properties": {"highway": "unclassified", "surface": "dirt", "osm_id": 561362726, "osm_type": "way"}, "geometry": {"type": "LineString", "coordinates": [[-51.1521824, -29.7573141], [-51.1523229, -29.7572602], [-51.1524003, -29.757237], [-51.1541485, -29.7566547], [-51.1544861, -29.7565385], [-51.156938, -29.7556869], [-51.1579925, -29.7553207], [-51.1584784, -29.7552507], [-51.1593063, -29.7552419], [-51.1623835, -29.7552587], [-51.1654489, -29.7552755], [-51.1659734, -29.7551613], [-51.1664763, -29.7549157], [-51.1668424, -29.7545652], [-51.1695788, -29.7506777], [-51.1694883, -29.7503174], [-51.1673728, -29.7418928], [-51.1671509, -29.7415183], [-51.1667073, -29.7411437], [-51.1664461, -29.740978], [-51.1662538, -29.7409433]]}}, {"type": "Feature", "properties": {"alt_name": "Rua Dois Irmaos", "highway": "residential", "osm_id": 561362727, "osm_type": "way"}, "geometry": {"type": "LineString", "coordinates": [[-51.1666467, -29.7407546], [-51.1666641, -29.740786], [-51.1672461, -29.7411773], [-51.1674795, -29.7413566], [-51.1676645, -29.7416011], [-51.1678879, -29.7421978]]}}, {"type": "Feature", "properties": {"layer": "-1", "name": "Arroio Kruze", "source": "survey; Bing; IBGE", "tunnel": "culvert", "waterway": "stream", "osm_id": 582693168, "osm_type": "way"}, "geometry": {"type": "LineString", "coordinates": [[-51.1225712, -29.7759533], [-51.1227804, -29.7757205]]}}, {"type": "Feature", "properties": {"name": "Arroio Kruze", "source": "survey; Bing; IBGE", "waterway": "stream", "osm_id": 582693169, "osm_type": "way"}, "geometry": {"type": "LineString", "coordinates": [[-51.1120597, -29.7821714], [-51.1121965, -29.7820713], [-51.1126471, -29.7819037], [-51.1131621, -29.7818106], [-51.1137414, -29.7815219], [-51.1146212, -29.7812705], [-51.1152864, -29.7809446], [-51.1157692, -29.7805442], [-51.1172551, -29.7802229], [-51.1175501, -29.7801996], [-51.1180329, -29.7802508], [-51.1183816, -29.7802555], [-51.1186713, -29.7800227], [-51.1187303, -29.7798225], [-51.1195886, -29.7792545], [-51.1197227, -29.7791427], [-51.1199266, -29.7789751], [-51.120168, -29.7788121], [-51.1206615, -29.7783372], [-51.1207795, -29.7781556], [-51.1209673, -29.7779135], [-51.1211014, -29.777704], [-51.1214286, -29.7773827], [-51.1215949, -29.7770847], [-51.1217451, -29.7768706], [-51.121906, -29.7767635], [-51.122067, -29.7767122], [-51.1222816, -29.7766098], [-51.1223459, -29.7764608], [-51.1224264, -29.7764143], [-51.1225659, -29.7763491], [-51.1225981, -29.776228], [-51.122523, -29.7761442], [-51.1225712, -29.7759533]]}}, {"type": "Feature", "properties": {"alt_name": "Rua Jacy Porto", "highway": "tertiary", "name": "Rua Doutor Jacy Porto", "oneway": "no", "surface": "asphalt", "osm_id": 613482591, "osm_type": "way"}, "geometry": {"type": "LineString", "coordinates": [[-51.1547309, -29.7694554], [-51.1550635, -29.7703192], [-51.155262, -29.770843], [-51.1554042, -29.7712272]]}}, {"type": "Feature", "properties": {"highway": "residential", "name": "Rua Frei Caneca", "source": "Yahoo", "osm_id": 613882115, "osm_type": "way"}, "geometry": {"type": "LineString", "coordinates": [[-51.1183883, -29.7635825], [-51.118649, -29.7635472], [-51.1192848, -29.7634941], [-51.1197939, -29.763448], [-51.1200578, -29.7634241], [-51.1208353, -29.7633505], [-51.1211872, -29.7633155], [-51.1216918, -29.7632653], [-51.1217936, -29.7632614]]}}, {"type": "Feature", "properties": {"highway": "residential", "name": "Avenida Tomaz Edison", "source": "Bing", "surface": "unpaved", "osm_id": 615298095, "osm_type": "way"}, "geometry": {"type": "LineString", "coordinates": [[-51.1581688, -29.7590909], [-51.1582736, -29.7590004], [-51.1583164, -29.7588123], [-51.1582079, -29.7578967], [-51.1580994, -29.7572915]]}}, {"type": "Feature", "properties": {"flood_prone": "yes", "highway": "residential", "maxheight": "below_default", "name": "Rua da Praia", "osm_id": 615298098, "osm_type": "way"}, "geometry": {"type": "LineString", "coordinates": [[-51.151643, -29.758795], [-51.1522095, -29.7586435], [-51.1529331, -29.7583968], [-51.1536212, -29.7580651], [-51.1542387, -29.7577718]]}}, {"type": "Feature", "properties": {"alt_name": "Rua Diestmann", "highway": "residential", "maxheight": "below_default", "name": "Rua Dienstmann", "osm_id": 615298099, "osm_type": "way"}, "geometry": {"type": "LineString", "coordinates": [[-51.1453359, -29.7512222], [-51.1450185, -29.7512291]]}}, {"type": "Feature", "properties": {"highway": "residential", "osm_id": 615298100, "osm_type": "way"}, "geometry": {"type": "LineString", "coordinates": [[-51.145635, -29.7504611], [-51.1456165, -29.7504318], [-51.1455662, -29.7495961]]}}, {"type": "Feature", "properties": {"highway": "residential", "osm_id": 615557380, "osm_type": "way"}, "geometry": {"type": "LineString", "coordinates": [[-51.1607663, -29.7523726], [-51.1608155, -29.7526843], [-51.1608736, -29.7530526]]}}, {"type": "Feature", "properties": {"highway": "residential", "name": "Rua Pindaí", "surface": "unpaved", "osm_id": 615557381, "osm_type": "way"}, "geometry": {"type": "LineString", "coordinates": [[-51.1676859, -29.752017], [-51.1673513, -29.752087], [-51.1667033, -29.7522227], [-51.1660838, -29.7523523], [-51.165465, -29.7524819], [-51.16484, -29.7526127], [-51.1642088, -29.7527448]]}}, {"type": "Feature", "properties": {"highway": "residential", "name": "Avenida Campina", "postal_code": "93135-120", "osm_id": 615557382, "osm_type": "way"}, "geometry": {"type": "LineString", "coordinates": [[-51.1632567, -29.7442075], [-51.1626032, -29.744872], [-51.1624959, -29.744943], [-51.1623859, -29.7449966], [-51.1620373, -29.7451405]]}}, {"type": "Feature", "properties": {"alt_name": "Rua Petunias", "highway": "residential", "name": "Rua das Petúnias", "osm_id": 615557383, "osm_type": "way"}, "geometry": {"type": "LineString", "coordinates": [[-51.1333318, -29.7423549], [-51.1342869, -29.742971], [-51.1351663, -29.7435383], [-51.1358588, -29.7439849]]}}, {"type": "Feature", "properties": {"alt_name": "Rua Mimosas", "highway": "residential", "name": "Rua das Mimosas", "osm_id": 615557384, "osm_type": "way"}, "geometry": {"type": "LineString", "coordinates": [[-51.1327705, -29.7430061], [-51.1337259, -29.7436148], [-51.1346134, -29.7441803], [-51.1346898, -29.744229], [-51.1355561, -29.7447811]]}}, {"type": "Feature", "properties": {"highway": "residential", "name": "Rua Tenente Portela", "osm_id": 615557385, "osm_type": "way"}, "geometry": {"type": "LineString", "coordinates": [[-51.1327705, -29.7430061], [-51.1330558, -29.7426753]]}}, {"type": "Feature", "properties": {"alt_name": "Rua Magnolias", "highway": "residential", "name": "Rua das Magnólias", "osm_id": 615557386, "osm_type": "way"}, "geometry": {"type": "LineString", "coordinates": [[-51.1330558, -29.7426753], [-51.1340086, -29.7432904], [-51.1348981, -29.7438645], [-51.1358431, -29.7444453]]}}, {"type": "Feature", "properties": {"highway": "residential", "name": "Rua Tenente Portela", "osm_id": 615557387, "osm_type": "way"}, "geometry": {"type": "LineString", "coordinates": [[-51.1330558, -29.7426753], [-51.1333318, -29.7423549]]}}, {"type": "Feature", "properties": {"highway": "residential", "name": "Rua Adriana Machado de Andrade", "surface": "unpaved", "osm_id": 615590881, "osm_type": "way"}, "geometry": {"type": "LineString", "coordinates": [[-51.1681382, -29.7409368], [-51.1688963, -29.7415044], [-51.1695587, -29.7420217], [-51.1701232, -29.7424528]]}}, {"type": "Feature", "properties": {"highway": "residential", "name": "Avenida Irmã Helenita", "oneway": "yes", "osm_id": 615590902, "osm_type": "way"}, "geometry": {"type": "LineString", "coordinates": [[-51.1357449, -29.7627673], [-51.135755, -29.7634262], [-51.1357632, -29.7641061], [-51.1357503, -29.7647972]]}}, {"type": "Feature", "properties": {"highway": "service", "osm_id": 615590903, "osm_type": "way"}, "geometry": {"type": "LineString", "coordinates": [[-51.1514811, -29.7612656], [-51.1508158, -29.7611488], [-51.150745, -29.7611734], [-51.1507414, -29.7612165], [-51.1507477, -29.7612676]]}}, {"type": "Feature", "properties": {"highway": "residential", "name": "Rua Lúcio Bittencourt", "osm_id": 654103125, "osm_type": "way"}, "geometry": {"type": "LineString", "coordinates": [[-51.1402195, -29.7759464], [-51.1411643, -29.7761093]]}}, {"type": "Feature", "properties": {"alt_name": "Beco Um", "highway": "living_street", "name": "Beco 1", "osm_id": 654105773, "osm_type": "way"}, "geometry": {"type": "LineString", "coordinates": [[-51.1598436, -29.7710658], [-51.1598265, -29.7710513], [-51.1596299, -29.7708143]]}}, {"type": "Feature", "properties": {"highway": "secondary", "surface": "unpaved", "osm_id": 655279565, "osm_type": "way"}, "geometry": {"type": "LineString", "coordinates": [[-51.1697365, -29.765346], [-51.1698798, -29.7653748], [-51.1698859, -29.7653731], [-51.1698884, -29.7653692], [-51.1698881, -29.7653644], [-51.1698411, -29.7653087], [-51.1697338, -29.7651893]]}}, {"type": "Feature", "properties": {"highway": "secondary", "name": "Avenida João Corrêa", "surface": "unpaved", "osm_id": 655279566, "osm_type": "way"}, "geometry": {"type": "LineString", "coordinates": [[-51.1688841, -29.7649284], [-51.1689515, -29.7647716], [-51.168973, -29.7647001], [-51.1689976, -29.7646517], [-51.1690322, -29.7646121], [-51.1690606, -29.7645834], [-51.1691499, -29.7645298], [-51.1691659, -29.764528]]}}, {"type": "Feature", "properties": {"highway": "secondary", "maxspeed": "50", "name": "Avenida João Corrêa", "surface": "unpaved", "osm_id": 655279567, "osm_type": "way"}, "geometry": {"type": "LineString", "coordinates": [[-51.169063, -29.7653937], [-51.1688251, -29.7655447]]}}, {"type": "Feature", "properties": {"highway": "secondary", "maxspeed": "50", "name": "Avenida João Corrêa", "surface": "unpaved", "osm_id": 655279568, "osm_type": "way"}, "geometry": {"type": "LineString", "coordinates": [[-51.1684692, -29.7652242], [-51.1688841, -29.7649284]]}}, {"type": "Feature", "properties": {"alt_name": "Travessa A", "highway": "secondary", "maxspeed": "50", "name": "Avenida João Corrêa", "osm_id": 655279569, "osm_type": "way"}, "geometry": {"type": "LineString", "coordinates": [[-51.1688251, -29.7655447], [-51.1683901, -29.7657923], [-51.1682384, -29.7658707], [-51.1676219, -29.7662347], [-51.1675291, -29.7662895], [-51.1669878, -29.7666092], [-51.1667494, -29.7667499], [-51.1652854, -29.767583], [-51.1645592, -29.7679962], [-51.1643243, -29.7681299], [-51.1637569, -29.7684527], [-51.1629985, -29.7688874], [-51.1622457, -29.7693129], [-51.1607704, -29.7701516], [-51.1601408, -29.7705257], [-51.1596299, -29.7708143], [-51.1592543, -29.7710325]]}}, {"type": "Feature", "properties": {"alt_name": "Avenida Tomaz Edison", "highway": "residential", "osm_id": 655279949, "osm_type": "way"}, "geometry": {"type": "LineString", "coordinates": [[-51.1586473, -29.7661867], [-51.1586536, -29.7656859], [-51.1586477, -29.7656066], [-51.1586256, -29.7653108], [-51.1586227, -29.7651932]]}}, {"type": "Feature", "properties": {"highway": "residential", "osm_id": 655279950, "osm_type": "way"}, "geometry": {"type": "LineString", "coordinates": [[-51.1586256, -29.7653108], [-51.1584355, -29.7651493]]}}, {"type": "Feature", "properties": {"highway": "residential", "name": "Avenida Tomaz Edison", "surface": "paved", "osm_id": 655279951, "osm_type": "way"}, "geometry": {"type": "LineString", "coordinates": [[-51.1584355, -29.7651493], [-51.1583472, -29.7650297]]}}, {"type": "Feature", "properties": {"highway": "service", "osm_id": 655280503, "osm_type": "way"}, "geometry": {"type": "LineString", "coordinates": [[-51.1585526, -29.7632973], [-51.1582859, -29.7632588]]}}, {"type": "Feature", "properties": {"alt_name": "Travessa Um", "highway": "residential", "name": "Travessa 1", "surface": "unpaved", "osm_id": 655280814, "osm_type": "way"}, "geometry": {"type": "LineString", "coordinates": [[-51.1545463, -29.7592826], [-51.1545504, -29.7589617]]}}, {"type": "Feature", "properties": {"highway": "residential", "osm_id": 655280816, "osm_type": "way"}, "geometry": {"type": "LineString", "coordinates": [[-51.1545952, -29.7597956], [-51.1547712, -29.7596495]]}}, {"type": "Feature", "properties": {"landuse": "industrial", "osm_id": 655281423, "osm_type": "way"}, "geometry": {"type": "Polygon", "coordinates": [[[-51.163121, -29.7570231], [-51.1630396, -29.7575576], [-51.1629659, -29.7580414], [-51.1628561, -29.7587617], [-51.1607979, -29.7587135], [-51.160838, -29.7581186], [-51.160915, -29.756975], [-51.1616117, -29.7569198], [-51.1623356, -29.7568966], [-51.1627191, -29.7569224], [-51.163121, -29.7570231]]]}}, {"type": "Feature", "properties": {"highway": "residential", "lit": "yes", "name": "Rua Lindolfo Collor", "oneway": "yes", "osm_id": 657539306, "osm_type": "way"}, "geometry": {"type": "LineString", "coordinates": [[-51.1419126, -29.7678244], [-51.1426315, -29.767956], [-51.142728, -29.7679746]]}}, {"type": "Feature", "properties": {"highway": "residential", "lit": "yes", "maxheight": "4.5", "name": "Rua Lindolfo Collor", "osm_id": 657539308, "osm_type": "way"}, "geometry": {"type": "LineString", "coordinates": [[-51.1402403, -29.7675427], [-51.1404622, -29.7675781], [-51.1411227, -29.7676836]]}}, {"type": "Feature", "properties": {"highway": "residential", "osm_id": 657564568, "osm_type": "way"}, "geometry": {"type": "LineString", "coordinates": [[-51.1556364, -29.7403063], [-51.1554206, -29.7403414]]}}, {"type": "Feature", "properties": {"highway": "residential", "osm_id": 657585398, "osm_type": "way"}, "geometry": {"type": "LineString", "coordinates": [[-51.1554607, -29.7392017], [-51.1552726, -29.739211]]}}, {"type": "Feature", "properties": {"highway": "residential", "osm_id": 657585399, "osm_type": "way"}, "geometry": {"type": "LineString", "coordinates": [[-51.1555217, -29.7395675], [-51.1553277, -29.7395888]]}}, {"type": "Feature", "properties": {"highway": "service", "osm_id": 657594230, "osm_type": "way"}, "geometry": {"type": "LineString", "coordinates": [[-51.1488716, -29.7769672], [-51.1488689, -29.7770393]]}}, {"type": "Feature", "properties": {"alt_name": "Avenida Frederico Wolfenbuttel", "highway": "tertiary", "name": "Rua Frederico Wolfenbuttel", "oneway": "yes", "osm_id": 657625466, "osm_type": "way"}, "geometry": {"type": "LineString", "coordinates": [[-51.1478913, -29.776022], [-51.1478142, -29.7760255]]}}, {"type": "Feature", "properties": {"highway": "service", "osm_id": 657643077, "osm_type": "way"}, "geometry": {"type": "LineString", "coordinates": [[-51.144509, -29.7592781], [-51.1443483, -29.7592521]]}}, {"type": "Feature", "properties": {"highway": "service", "oneway": "yes", "osm_id": 657643079, "osm_type": "way"}, "geometry": {"type": "LineString", "coordinates": [[-51.1441965, -29.7598521], [-51.1442032, -29.7598067], [-51.1442536, -29.7596142], [-51.1443252, -29.7593403], [-51.1443483, -29.7592521], [-51.1444325, -29.7589311]]}}, {"type": "Feature", "properties": {"highway": "service", "oneway": "yes", "osm_id": 657643081, "osm_type": "way"}, "geometry": {"type": "LineString", "coordinates": [[-51.1445787, -29.758988], [-51.144509, -29.7592781], [-51.1443695, -29.759837], [-51.1443561, -29.7598824]]}}, {"type": "Feature", "properties": {"highway": "primary", "lanes": "2", "maxheight": "default", "name": "Avenida Mauá", "oneway": "yes", "source": "survey", "surface": "asphalt", "osm_id": 657663471, "osm_type": "way"}, "geometry": {"type": "LineString", "coordinates": [[-51.1422477, -29.7341439], [-51.1422616, -29.7342594], [-51.1424492, -29.7347778], [-51.1426915, -29.7353478], [-51.1428736, -29.7357934], [-51.1430365, -29.7362292], [-51.1431567, -29.7365295], [-51.1432343, -29.7367233], [-51.1436238, -29.7376266], [-51.1437122, -29.7377947], [-51.143728, -29.7378248]]}}, {"type": "Feature", "properties": {"alt_name": "Rua 1º de Março;Rua 1 de Março;Avenida Primeiro de Março", "highway": "residential", "lanes": "2", "name": "Rua Primeiro de Março", "surface": "asphalt", "osm_id": 657682708, "osm_type": "way"}, "geometry": {"type": "LineString", "coordinates": [[-51.1448041, -29.7736648], [-51.1448202, -29.7735972]]}}, {"type": "Feature", "properties": {"highway": "service", "oneway": "yes", "osm_id": 657705331, "osm_type": "way"}, "geometry": {"type": "LineString", "coordinates": [[-51.1587684, -29.7656958], [-51.1586536, -29.7656859]]}}, {"type": "Feature", "properties": {"access": "private", "highway": "service", "osm_id": 657705332, "osm_type": "way"}, "geometry": {"type": "LineString", "coordinates": [[-51.1606379, -29.7654123], [-51.159014, -29.7663869], [-51.1589856, -29.7663978], [-51.1589667, -29.7663825], [-51.158833, -29.766137]]}}, {"type": "Feature", "properties": {"access": "private", "highway": "service", "osm_id": 657705333, "osm_type": "way"}, "geometry": {"type": "LineString", "coordinates": [[-51.1595858, -29.7652272], [-51.1590198, -29.7655672]]}}, {"type": "Feature", "properties": {"access": "private", "highway": "service", "osm_id": 657705334, "osm_type": "way"}, "geometry": {"type": "LineString", "coordinates": [[-51.1602156, -29.7648704], [-51.1595858, -29.7652272]]}}, {"type": "Feature", "properties": {"access": "private", "highway": "service", "osm_id": 657705335, "osm_type": "way"}, "geometry": {"type": "LineString", "coordinates": [[-51.1589326, -29.7656277], [-51.1590198, -29.7655672], [-51.1589583, -29.765234], [-51.1589748, -29.7651991], [-51.1590005, -29.7651753], [-51.1599552, -29.7645989], [-51.1599854, -29.7646009], [-51.1600143, -29.7646194], [-51.1602156, -29.7648704], [-51.1606379, -29.7654123], [-51.1607096, -29.7655043]]}}, {"type": "Feature", "properties": {"highway": "residential", "osm_id": 658008947, "osm_type": "way"}, "geometry": {"type": "LineString", "coordinates": [[-51.1681768, -29.750376], [-51.167737, -29.7489345]]}}, {"type": "Feature", "properties": {"highway": "residential", "name": "Rua Luis C. Barbosa Lessa", "osm_id": 658008962, "osm_type": "way"}, "geometry": {"type": "LineString", "coordinates": [[-51.1242821, -29.7763586], [-51.1236602, -29.7758881]]}}, {"type": "Feature", "properties": {"highway": "residential", "name": "Rua Josias M. de Lima", "osm_id": 658008963, "osm_type": "way"}, "geometry": {"type": "LineString", "coordinates": [[-51.122982, -29.7759936], [-51.1230931, -29.7758964], [-51.1231359, -29.775859], [-51.1236602, -29.7758881], [-51.1239646, -29.7755761]]}}, {"type": "Feature", "properties": {"highway": "service", "osm_id": 658010622, "osm_type": "way"}, "geometry": {"type": "LineString", "coordinates": [[-51.1483955, -29.7692458], [-51.1484626, -29.7692261], [-51.148826, -29.7690002]]}}, {"type": "Feature", "properties": {"highway": "service", "oneway": "yes", "osm_id": 658012778, "osm_type": "way"}, "geometry": {"type": "LineString", "coordinates": [[-51.1577283, -29.7806087], [-51.1572294, -29.7801589]]}}, {"type": "Feature", "properties": {"highway": "service", "osm_id": 658012779, "osm_type": "way"}, "geometry": {"type": "LineString", "coordinates": [[-51.1578543, -29.780493], [-51.1578121, -29.7805318], [-51.1577283, -29.7806087]]}}, {"type": "Feature", "properties": {"highway": "service", "osm_id": 658012780, "osm_type": "way"}, "geometry": {"type": "LineString", "coordinates": [[-51.1577283, -29.7806087], [-51.1579174, -29.7807584], [-51.1579496, -29.7808026], [-51.1579388, -29.7808701], [-51.1573501, -29.7813776]]}}, {"type": "Feature", "properties": {"highway": "service", "osm_id": 658012781, "osm_type": "way"}, "geometry": {"type": "LineString", "coordinates": [[-51.1568419, -29.7804263], [-51.156777, -29.7803774], [-51.1567341, -29.7803451]]}}, {"type": "Feature", "properties": {"highway": "service", "oneway": "no", "osm_id": 658012782, "osm_type": "way"}, "geometry": {"type": "LineString", "coordinates": [[-51.1572294, -29.7801589], [-51.1571932, -29.7801496], [-51.1571436, -29.7801589], [-51.1568419, -29.7804263], [-51.1563, -29.7808974], [-51.1562169, -29.7809734], [-51.1561337, -29.7810493]]}}, {"type": "Feature", "properties": {"highway": "service", "osm_id": 658015002, "osm_type": "way"}, "geometry": {"type": "LineString", "coordinates": [[-51.1479825, -29.7780369], [-51.1478886, -29.7780707]]}}, {"type": "Feature", "properties": {"highway": "residential", "name": "Avenida Tomaz Edison", "oneway": "yes", "osm_id": 658015217, "osm_type": "way"}, "geometry": {"type": "LineString", "coordinates": [[-51.1560122, -29.7439225], [-51.1558826, -29.7430033], [-51.1558755, -29.7429151]]}}, {"type": "Feature", "properties": {"highway": "service", "osm_id": 658026821, "osm_type": "way"}, "geometry": {"type": "LineString", "coordinates": [[-51.1391835, -29.7674752], [-51.1391715, -29.7673677], [-51.1391124, -29.7670969], [-51.139103, -29.7669769], [-51.1391004, -29.7667709]]}}, {"type": "Feature", "properties": {"highway": "residential", "osm_id": 658029205, "osm_type": "way"}, "geometry": {"type": "LineString", "coordinates": [[-51.1265543, -29.768502], [-51.1266361, -29.7686382], [-51.1267018, -29.7687464], [-51.1267461, -29.7688291], [-51.1267595, -29.7688943], [-51.1267582, -29.7689606], [-51.1267407, -29.7690095], [-51.1266951, -29.7690771], [-51.1265734, -29.7692534]]}}, {"type": "Feature", "properties": {"foot": "no", "highway": "tertiary", "name": "Rua Felipe Schiel", "oneway": "yes", "source": "Yahoo", "osm_id": 658030312, "osm_type": "way"}, "geometry": {"type": "LineString", "coordinates": [[-51.1174594, -29.7659901], [-51.1174803, -29.7661383]]}}, {"type": "Feature", "properties": {"highway": "service", "service": "driveway", "osm_id": 658036566, "osm_type": "way"}, "geometry": {"type": "LineString", "coordinates": [[-51.1510456, -29.7605891], [-51.1509523, -29.7604743], [-51.1509368, -29.7603712], [-51.1509503, -29.7602724], [-51.1510013, -29.7600617], [-51.1510523, -29.7598696]]}}, {"type": "Feature", "properties": {"highway": "service", "service": "parking_aisle", "osm_id": 658041666, "osm_type": "way"}, "geometry": {"type": "LineString", "coordinates": [[-51.1483318, -29.7782086], [-51.1480589, -29.7783652]]}}, {"type": "Feature", "properties": {"highway": "service", "service": "parking_aisle", "osm_id": 658041668, "osm_type": "way"}, "geometry": {"type": "LineString", "coordinates": [[-51.1482292, -29.7780954], [-51.1481199, -29.7781655]]}}, {"type": "Feature", "properties": {"highway": "residential", "lanes": "2", "name": "Rua José Bonifácio", "surface": "asphalt", "osm_id": 659914491, "osm_type": "way"}, "geometry": {"type": "LineString", "coordinates": [[-51.1447263, -29.760057], [-51.1447511, -29.7599621]]}}, {"type": "Feature", "properties": {"alt_name": "Travessa 1", "highway": "residential", "name": "Rua São Domingos", "source": "Bing", "osm_id": 681285275, "osm_type": "way"}, "geometry": {"type": "LineString", "coordinates": [[-51.1538746, -29.7587037], [-51.1539853, -29.7588567], [-51.1541503, -29.7590667], [-51.1543581, -29.759171], [-51.1544646, -29.7592207], [-51.1545463, -29.7592826], [-51.1545685, -29.7593491], [-51.1546384, -29.7595855]]}}, {"type": "Feature", "properties": {"alt_name": "Rua Edmundo Felix Nunes;Rua Manoel Viana;Rua Seis", "highway": "residential", "name": "Rua Roberto Luiz Haas", "osm_id": 681285276, "osm_type": "way"}, "geometry": {"type": "LineString", "coordinates": [[-51.1679761, -29.7469711], [-51.1673357, -29.7473818], [-51.1665895, -29.7475436]]}}, {"type": "Feature", "properties": {"alt_name": "Rua Pesqueiro", "highway": "residential", "name": "Rua do Pesqueiro", "osm_id": 681285277, "osm_type": "way"}, "geometry": {"type": "LineString", "coordinates": [[-51.1596321, -29.7507846], [-51.1599277, -29.7517707]]}}, {"type": "Feature", "properties": {"highway": "residential", "name": "Rua Thomaz Edison", "osm_id": 681285278, "osm_type": "way"}, "geometry": {"type": "LineString", "coordinates": [[-51.1565432, -29.7468713], [-51.156723, -29.7478738]]}}, {"type": "Feature", "properties": {"highway": "residential", "name": "Rua Aloysio Cliford Molter", "surface": "unpaved", "osm_id": 681288489, "osm_type": "way"}, "geometry": {"type": "LineString", "coordinates": [[-51.1681382, -29.7409368], [-51.169015, -29.7409595], [-51.1707374, -29.7410212]]}}, {"type": "Feature", "properties": {"alt_name": "Rua Picada Café", "highway": "residential", "name": "Rua Genuíno Sampaio", "osm_id": 681288490, "osm_type": "way"}, "geometry": {"type": "LineString", "coordinates": [[-51.1668023, -29.7430114], [-51.1665219, -29.7428276]]}}, {"type": "Feature", "properties": {"highway": "residential", "name": "Rua Adriana Machado de Assis", "osm_id": 681288836, "osm_type": "way"}, "geometry": {"type": "LineString", "coordinates": [[-51.1669586, -29.740226], [-51.1668858, -29.7402726], [-51.1668282, -29.7403049], [-51.1667834, -29.7403272], [-51.1667392, -29.7403616], [-51.1667217, -29.7403901], [-51.1667072, -29.7404242], [-51.1666432, -29.7407218], [-51.1666467, -29.7407546]]}}, {"type": "Feature", "properties": {"highway": "residential", "osm_id": 681288837, "osm_type": "way"}, "geometry": {"type": "LineString", "coordinates": [[-51.1678879, -29.7421978], [-51.1690834, -29.746288], [-51.1690924, -29.7463114], [-51.1690995, -29.7463263], [-51.1691114, -29.7463404], [-51.169196, -29.7464402]]}}, {"type": "Feature", "properties": {"highway": "secondary", "lanes": "2", "lit": "yes", "maxheight": "default", "maxspeed": "50", "name": "Avenida João Corrêa", "oneway": "yes", "surface": "asphalt", "osm_id": 682191442, "osm_type": "way"}, "geometry": {"type": "LineString", "coordinates": [[-51.1542535, -29.772354], [-51.1549214, -29.7724564], [-51.1558762, -29.7725996]]}}, {"type": "Feature", "properties": {"highway": "secondary", "maxspeed": "60", "name": "Avenida Getúlio Vargas", "oneway": "yes", "source:maxspeed": "implicit", "osm_id": 682191443, "osm_type": "way"}, "geometry": {"type": "LineString", "coordinates": [[-51.1542535, -29.772354], [-51.1543112, -29.7725554]]}}, {"type": "Feature", "properties": {"highway": "secondary", "lanes": "2", "lit": "yes", "maxspeed": "50", "name": "Avenida João Corrêa", "oneway": "yes", "source": "survey", "surface": "asphalt", "osm_id": 682191444, "osm_type": "way"}, "geometry": {"type": "LineString", "coordinates": [[-51.1528421, -29.7723214], [-51.1520755, -29.7721934], [-51.1519974, -29.7721797], [-51.1514667, -29.7720863], [-51.1514384, -29.7720821], [-51.14986, -29.7718465], [-51.1492592, -29.771751], [-51.1490043, -29.7717157], [-51.1485878, -29.7716581], [-51.1485464, -29.7716524], [-51.1484934, -29.7716451]]}}, {"type": "Feature", "properties": {"highway": "secondary", "maxheight": "default", "maxspeed": "60", "name": "Avenida Getúlio Vargas", "oneway": "yes", "source:maxspeed": "implicit", "surface": "asphalt", "osm_id": 682191445, "osm_type": "way"}, "geometry": {"type": "LineString", "coordinates": [[-51.1579243, -29.7799836], [-51.1582816, -29.7803177], [-51.159529, -29.7815138], [-51.1602549, -29.7821831], [-51.1608629, -29.7827591], [-51.1609701, -29.7828602], [-51.1610298, -29.7829165], [-51.1614686, -29.7832981], [-51.1618988, -29.7837062], [-51.1621834, -29.7839744], [-51.1624282, -29.784221], [-51.1626766, -29.7845076], [-51.1628167, -29.7846928], [-51.1629177, -29.784845], [-51.1630039, -29.7849987], [-51.1630703, -29.7851602], [-51.1631852, -29.7854812], [-51.1632713, -29.7858322], [-51.1632929, -29.7859372], [-51.1633909, -29.7864497]]}}, {"type": "Feature", "properties": {"alt_name": "Rua D", "highway": "residential", "name": "Rua F", "surface": "unpaved", "osm_id": 698131483, "osm_type": "way"}, "geometry": {"type": "LineString", "coordinates": [[-51.1728731, -29.7705532], [-51.1732216, -29.771034]]}}, {"type": "Feature", "properties": {"highway": "residential", "name": "Rua Capitão Armínio Bier", "osm_id": 698131484, "osm_type": "way"}, "geometry": {"type": "LineString", "coordinates": [[-51.1728731, -29.7705532], [-51.1732717, -29.7703378]]}}, {"type": "Feature", "properties": {"highway": "residential", "name": "Rua G", "surface": "unpaved", "osm_id": 698131485, "osm_type": "way"}, "geometry": {"type": "LineString", "coordinates": [[-51.1724557, -29.7707942], [-51.171889, -29.7700252]]}}, {"type": "Feature", "properties": {"alt_name": "Rua América", "highway": "residential", "name": "Rua Pastor Ehlers", "surface": "sett", "width": "9", "osm_id": 698364391, "osm_type": "way"}, "geometry": {"type": "LineString", "coordinates": [[-51.1414513, -29.776235], [-51.141462, -29.7767379]]}}, {"type": "Feature", "properties": {"alt_name": "Rua Imperatriz Leopoldina", "cycleway": "lane", "highway": "secondary", "lanes": "2", "lit": "yes", "maxspeed": "60", "name": "Avenida Imperatriz Dona Leopoldina", "oneway": "yes", "surface": "asphalt", "osm_id": 698420617, "osm_type": "way"}, "geometry": {"type": "LineString", "coordinates": [[-51.1214581, -29.7613643], [-51.1214177, -29.7613602], [-51.1212948, -29.7613478], [-51.1197884, -29.761196], [-51.1182037, -29.7610362]]}}, {"type": "Feature", "properties": {"highway": "residential", "name": "Rua Francisco Câmara", "osm_id": 698420619, "osm_type": "way"}, "geometry": {"type": "LineString", "coordinates": [[-51.1233657, -29.7633845], [-51.1218667, -29.7635994]]}}, {"type": "Feature", "properties": {"alt_name": "Rua Vinte e Seis; Rua 26; Rua 22; Rua Vinte e Dois", "highway": "residential", "name": "Rua Eduardo M. de Oliveira", "osm_id": 698798166, "osm_type": "way"}, "geometry": {"type": "LineString", "coordinates": [[-51.1335405, -29.7471388], [-51.1340136, -29.7474564]]}}, {"type": "Feature", "properties": {"alt_name": "Rua Peônias; Rua T", "highway": "residential", "name": "Rua das Peônias", "osm_id": 698798177, "osm_type": "way"}, "geometry": {"type": "LineString", "coordinates": [[-51.1335267, -29.7456616], [-51.1343434, -29.7461996]]}}, {"type": "Feature", "properties": {"alt_name": "Rua Alamandas; Rua Alamadas; Rua 25; Rua Vinte e Cinco; Rua Dalias", "highway": "residential", "name": "Rua das Alamandas", "osm_id": 698798178, "osm_type": "way"}, "geometry": {"type": "LineString", "coordinates": [[-51.133225, -29.7460429], [-51.1340137, -29.7465852]]}}, {"type": "Feature", "properties": {"alt_name": "Rua 22; Rua Vinte e Dois", "highway": "residential", "name": "Rua Eduardo M. de Oliveira", "osm_id": 698798179, "osm_type": "way"}, "geometry": {"type": "LineString", "coordinates": [[-51.1340136, -29.7474564], [-51.1345155, -29.7477939]]}}, {"type": "Feature", "properties": {"alt_name": "Rua 1; Rua Um; Beco Um", "highway": "residential", "name": "Rua Cora Coralina", "osm_id": 698798180, "osm_type": "way"}, "geometry": {"type": "LineString", "coordinates": [[-51.1335405, -29.7471388], [-51.132934, -29.7478674]]}}, {"type": "Feature", "properties": {"alt_name": "Rua Manacas", "highway": "residential", "name": "Rua Sarandi do Banhado", "source": "Bing", "surface": "unpaved", "osm_id": 698798181, "osm_type": "way"}, "geometry": {"type": "LineString", "coordinates": [[-51.1406178, -29.746237], [-51.1405989, -29.7453805]]}}, {"type": "Feature", "properties": {"alt_name": "Rua Cedro Rosa", "highway": "residential", "name": "Rua Olga Benário Prestes", "source": "Bing", "surface": "unpaved", "osm_id": 698798182, "osm_type": "way"}, "geometry": {"type": "LineString", "coordinates": [[-51.139427, -29.7462372], [-51.1395771, -29.7463077], [-51.1396188, -29.7463155], [-51.1402537, -29.746253]]}}, {"type": "Feature", "properties": {"alt_name": "Rua 1; Rua Um", "highway": "residential", "name": "Rua das Dálias", "osm_id": 698799723, "osm_type": "way"}, "geometry": {"type": "LineString", "coordinates": [[-51.1314685, -29.7432355], [-51.1321827, -29.7436891]]}}, {"type": "Feature", "properties": {"alt_name": "Rua 2; Rua Dois", "highway": "residential", "name": "Rua das Açucenas", "osm_id": 698799724, "osm_type": "way"}, "geometry": {"type": "LineString", "coordinates": [[-51.1313786, -29.7426385], [-51.1324686, -29.7433573]]}}, {"type": "Feature", "properties": {"alt_name": "Rua Constelacao", "highway": "residential", "name": "Rua da Constelação", "source:name": "IBGE", "osm_id": 698800804, "osm_type": "way"}, "geometry": {"type": "LineString", "coordinates": [[-51.1331472, -29.7853583], [-51.1334449, -29.785086], [-51.1336219, -29.7849789], [-51.1338989, -29.7848285], [-51.134241, -29.7847525], [-51.1343375, -29.7847443], [-51.1345672, -29.7847249], [-51.1351118, -29.784728]]}}, {"type": "Feature", "properties": {"name": "Arroio Kruze", "source": "survey; Bing; IBGE", "waterway": "stream", "osm_id": 698989439, "osm_type": "way"}, "geometry": {"type": "LineString", "coordinates": [[-51.1329919, -29.7622821], [-51.1331383, -29.7621013], [-51.1335277, -29.7619823]]}}, {"type": "Feature", "properties": {"name": "Arroio Cerquinha", "waterway": "stream", "osm_id": 699504251, "osm_type": "way"}, "geometry": {"type": "LineString", "coordinates": [[-51.1610419, -29.7327709], [-51.1606805, -29.7331724], [-51.1603114, -29.7335916], [-51.1600586, -29.7342362], [-51.1600176, -29.7345597], [-51.1601087, -29.7350017], [-51.1601836, -29.7351855], [-51.1602636, -29.7353821], [-51.1605597, -29.7357898], [-51.1626171, -29.7380451]]}}, {"type": "Feature", "properties": {"highway": "residential", "name": "Rua Pau-Brasil", "osm_id": 699504256, "osm_type": "way"}, "geometry": {"type": "LineString", "coordinates": [[-51.1582553, -29.7345933], [-51.1572799, -29.7353717]]}}, {"type": "Feature", "properties": {"alt_name": "Rua Ary Eugenio Sturmer", "highway": "residential", "name": "Travessa do Remanso", "osm_id": 699504257, "osm_type": "way"}, "geometry": {"type": "LineString", "coordinates": [[-51.1591727, -29.7354736], [-51.158292, -29.736217]]}}, {"type": "Feature", "properties": {"alt_name": "Avenida Tomaz Edison", "highway": "residential", "name": "Rua Bahia", "osm_id": 699504261, "osm_type": "way"}, "geometry": {"type": "LineString", "coordinates": [[-51.1548206, -29.7339442], [-51.1533923, -29.7340565]]}}, {"type": "Feature", "properties": {"alt_name": "Avenida Arnaldo Pereira; Rua São Leopoldo", "highway": "tertiary", "lanes": "2", "maxspeed": "60", "name": "Avenida Arnaldo Pereira da Silva", "oneway": "no", "source:maxspeed": "sign", "surface": "asphalt", "osm_id": 699512881, "osm_type": "way"}, "geometry": {"type": "LineString", "coordinates": [[-51.1485569, -29.7317751], [-51.1485677, -29.7331936], [-51.1485895, -29.733879]]}}, {"type": "Feature", "properties": {"alt_name": "Avenida Arnaldo Pereira", "highway": "tertiary", "lanes": "2", "maxspeed": "60", "name": "Avenida Arnaldo Pereira da Silva", "oneway": "no", "source:maxspeed": "sign", "surface": "asphalt", "osm_id": 699512882, "osm_type": "way"}, "geometry": {"type": "LineString", "coordinates": [[-51.1485895, -29.733879], [-51.1485821, -29.7353472]]}}, {"type": "Feature", "properties": {"highway": "residential", "name": "Rua Gaspar Silveira Martins", "osm_id": 699512883, "osm_type": "way"}, "geometry": {"type": "LineString", "coordinates": [[-51.1442631, -29.7348782], [-51.1440906, -29.7344572], [-51.1440108, -29.7342986], [-51.1437727, -29.7336807]]}}, {"type": "Feature", "properties": {"highway": "residential", "name": "Rua Guilherme Müller", "osm_id": 699518625, "osm_type": "way"}, "geometry": {"type": "LineString", "coordinates": [[-51.1560689, -29.7392822], [-51.1575562, -29.7405032]]}}, {"type": "Feature", "properties": {"alt_name": "Rua Reinaldo Koling", "highway": "residential", "name": "Rua Guilherme Müller", "osm_id": 699518626, "osm_type": "way"}, "geometry": {"type": "LineString", "coordinates": [[-51.1575562, -29.7405032], [-51.1587935, -29.7415191]]}}, {"type": "Feature", "properties": {"highway": "residential", "name": "Rua Guilherme Müller", "osm_id": 699518627, "osm_type": "way"}, "geometry": {"type": "LineString", "coordinates": [[-51.1587935, -29.7415191], [-51.1590014, -29.7416899]]}}, {"type": "Feature", "properties": {"alt_name": "Rua Reinaldo Koling", "highway": "residential", "name": "Rua Guaporé", "osm_id": 699518628, "osm_type": "way"}, "geometry": {"type": "LineString", "coordinates": [[-51.1581187, -29.7399888], [-51.1596785, -29.7412182]]}}, {"type": "Feature", "properties": {"alt_name": "Rua Pio Onze; Rua Pio 11", "highway": "residential", "name": "Rua Ary Eugênio Sturmer", "osm_id": 699518629, "osm_type": "way"}, "geometry": {"type": "LineString", "coordinates": [[-51.1598567, -29.734131], [-51.158706, -29.7350265]]}}, {"type": "Feature", "properties": {"alt_name": "Beco 1", "highway": "service", "name": "Beco Um", "osm_id": 699529257, "osm_type": "way"}, "geometry": {"type": "LineString", "coordinates": [[-51.1452647, -29.7408158], [-51.1444298, -29.7409352]]}}, {"type": "Feature", "properties": {"alt_name": "Rua Paraná", "highway": "residential", "name": "Rua Belo Horizonte", "osm_id": 699529258, "osm_type": "way"}, "geometry": {"type": "LineString", "coordinates": [[-51.1517442, -29.7421289], [-51.152538, -29.7420979]]}}, {"type": "Feature", "properties": {"highway": "residential", "name": "Rua Belo Horizonte", "osm_id": 699529259, "osm_type": "way"}, "geometry": {"type": "LineString", "coordinates": [[-51.1509057, -29.7421975], [-51.1517442, -29.7421289]]}}, {"type": "Feature", "properties": {"alt_name": "Rua Belo Horizonte", "highway": "residential", "name": "Rua Paraná", "osm_id": 699529260, "osm_type": "way"}, "geometry": {"type": "LineString", "coordinates": [[-51.1523519, -29.7400833], [-51.1524563, -29.7411685]]}}, {"type": "Feature", "properties": {"highway": "residential", "name": "Rua Paraná", "oneway": "yes", "osm_id": 699529261, "osm_type": "way"}, "geometry": {"type": "LineString", "coordinates": [[-51.152538, -29.7420979], [-51.1526846, -29.7433771], [-51.1528124, -29.7436022], [-51.1528526, -29.7436673]]}}, {"type": "Feature", "properties": {"highway": "tertiary", "name": "Avenida Arnaldo Pereira da Silva", "oneway": "yes", "osm_id": 699678978, "osm_type": "way"}, "geometry": {"type": "LineString", "coordinates": [[-51.1475027, -29.7460747], [-51.1474963, -29.7460282], [-51.1474983, -29.7459782], [-51.1475312, -29.745793]]}}, {"type": "Feature", "properties": {"alt_name": "Rua Dienstmann", "highway": "residential", "name": "Rua Ipê Roxo", "osm_id": 699678980, "osm_type": "way"}, "geometry": {"type": "LineString", "coordinates": [[-51.1421492, -29.7497706], [-51.1422492, -29.7510658], [-51.142259, -29.7513104]]}}, {"type": "Feature", "properties": {"alt_name": "Travessa da Estacao", "highway": "primary", "lanes": "2", "maxheight": "default", "name": "Avenida Mauá", "oneway": "yes", "source": "survey", "surface": "asphalt", "osm_id": 699678981, "osm_type": "way"}, "geometry": {"type": "LineString", "coordinates": [[-51.1452438, -29.7481416], [-51.1452744, -29.7483811], [-51.1452772, -29.7484156], [-51.1453149, -29.7488866], [-51.1454311, -29.749603], [-51.1454663, -29.7504183], [-51.1454616, -29.7507693], [-51.1453359, -29.7512222]]}}, {"type": "Feature", "properties": {"alt_name": "Rua Marechal Rondon", "highway": "primary", "lanes": "2", "maxheight": "default", "name": "Avenida Mauá", "oneway": "yes", "source": "survey", "surface": "asphalt", "osm_id": 699678982, "osm_type": "way"}, "geometry": {"type": "LineString", "coordinates": [[-51.1434615, -29.7536131], [-51.1439512, -29.7531141], [-51.1441903, -29.752803], [-51.1442762, -29.7526874], [-51.1443439, -29.7526182], [-51.1444544, -29.7524596], [-51.1445944, -29.7522187], [-51.1447362, -29.7519649], [-51.1450185, -29.7512291]]}}, {"type": "Feature", "properties": {"bridge": "yes", "highway": "motorway", "lanes": "2", "layer": "1", "maxheight": "5.5", "maxspeed": "80", "name": "Rodovia BR-116", "oneway": "yes", "ref": "BR-116", "surface": "asphalt", "osm_id": 699701063, "osm_type": "way"}, "geometry": {"type": "LineString", "coordinates": [[-51.152032, -29.7585993], [-51.1520956, -29.7595735]]}}, {"type": "Feature", "properties": {"bridge": "yes", "highway": "motorway", "lanes": "2", "layer": "1", "maxheight": "5.5", "maxspeed": "80", "name": "Rodovia BR-116", "oneway": "yes", "ref": "BR-116", "surface": "asphalt", "osm_id": 699701064, "osm_type": "way"}, "geometry": {"type": "LineString", "coordinates": [[-51.1519146, -29.7590104], [-51.1518871, -29.7586593]]}}, {"type": "Feature", "properties": {"alt_name": "Rua Doutor Hillebrand", "bridge": "yes", "highway": "tertiary", "lanes": "2", "layer": "1", "maxheight": "default", "name": "Ponte Henrique Luiz Roessler", "oneway": "no", "source": "Bing; survey", "surface": "asphalt", "osm_id": 699701065, "osm_type": "way"}, "geometry": {"type": "LineString", "coordinates": [[-51.1460341, -29.758237], [-51.1464693, -29.7571745], [-51.1465898, -29.7569521]]}}, {"type": "Feature", "properties": {"waterway": "stream", "osm_id": 699767672, "osm_type": "way"}, "geometry": {"type": "LineString", "coordinates": [[-51.1557316, -29.772681], [-51.1543897, -29.7724906]]}}, {"type": "Feature", "properties": {"highway": "residential", "name": "Rua Arno Schuch", "osm_id": 699767673, "osm_type": "way"}, "geometry": {"type": "LineString", "coordinates": [[-51.1641719, -29.7721133], [-51.1636081, -29.7724272], [-51.1632438, -29.7726281], [-51.1604966, -29.7741814], [-51.1603314, -29.7742613], [-51.1584742, -29.7752563], [-51.1562821, -29.7764672]]}}, {"type": "Feature", "properties": {"alt_name": "Rua Santo Agostinho; Rua Jacy Porto", "highway": "tertiary", "name": "Rua Doutor Jacy Porto", "oneway": "no", "surface": "asphalt", "osm_id": 699767674, "osm_type": "way"}, "geometry": {"type": "LineString", "coordinates": [[-51.1542133, -29.7679397], [-51.1542106, -29.7680398], [-51.1542421, -29.7681588], [-51.1542857, -29.7683239], [-51.1547309, -29.7694554]]}}, {"type": "Feature", "properties": {"alt_name": "Avenida São Domingos", "highway": "residential", "name": "Rua São Domingos", "osm_id": 699767675, "osm_type": "way"}, "geometry": {"type": "LineString", "coordinates": [[-51.1520836, -29.7695695], [-51.1523558, -29.7684259], [-51.15238, -29.7683227], [-51.1523852, -29.7683028], [-51.1526627, -29.7671349], [-51.1526924, -29.7670293], [-51.1530116, -29.7657429]]}}, {"type": "Feature", "properties": {"highway": "residential", "name": "Rua São Domingos", "osm_id": 699767676, "osm_type": "way"}, "geometry": {"type": "LineString", "coordinates": [[-51.1530116, -29.7657429], [-51.1533737, -29.7642447]]}}, {"type": "Feature", "properties": {"highway": "residential", "name": "Avenida Tomaz Edison", "surface": "unpaved", "osm_id": 699767677, "osm_type": "way"}, "geometry": {"type": "LineString", "coordinates": [[-51.1586227, -29.7689091], [-51.1585981, -29.7683254], [-51.1585795, -29.7680535], [-51.1585262, -29.7676033], [-51.1584404, -29.7664496], [-51.1584308, -29.7652913], [-51.1584355, -29.7651493]]}}, {"type": "Feature", "properties": {"highway": "residential", "lanes": "2", "name": "Rua Castro Alves", "oneway": "no", "source": "Bing; survey", "surface": "sett", "osm_id": 699795196, "osm_type": "way"}, "geometry": {"type": "LineString", "coordinates": [[-51.1336612, -29.7749887], [-51.1333617, -29.7753377], [-51.1326818, -29.77613]]}}, {"type": "Feature", "properties": {"access": "customers", "highway": "service", "name": "Rua Sinodal", "service": "driveway", "osm_id": 699795197, "osm_type": "way"}, "geometry": {"type": "LineString", "coordinates": [[-51.1387223, -29.7727498], [-51.1387474, -29.7731678], [-51.138847, -29.7742599], [-51.1388442, -29.7744712], [-51.138865, -29.7747545], [-51.1388852, -29.7750292], [-51.1390038, -29.7754528]]}}, {"type": "Feature", "properties": {"alt_name": "Rua Doutor Mário Sperb", "highway": "residential", "name": "Rua David Canabarro", "osm_id": 699795198, "osm_type": "way"}, "geometry": {"type": "LineString", "coordinates": [[-51.1394222, -29.7800576], [-51.1394505, -29.7791331]]}}, {"type": "Feature", "properties": {"alt_name": "Rua Pastor M Dohms", "highway": "tertiary", "name": "Rua Emílio H. Dexheimer", "source": "Yahoo", "osm_id": 699795199, "osm_type": "way"}, "geometry": {"type": "LineString", "coordinates": [[-51.1361216, -29.7797163], [-51.1353098, -29.7796798]]}}, {"type": "Feature", "properties": {"alt_name": "Rua Jacob Jaeger", "highway": "residential", "name": "Rua Anchieta", "osm_id": 699797048, "osm_type": "way"}, "geometry": {"type": "LineString", "coordinates": [[-51.1531699, -29.7799983], [-51.1538874, -29.7798365], [-51.1545847, -29.7796782], [-51.1546987, -29.7796211]]}}, {"type": "Feature", "properties": {"alt_name": "Rua Jacob Jaeger", "highway": "residential", "name": "Rua Concórdia", "osm_id": 699797049, "osm_type": "way"}, "geometry": {"type": "LineString", "coordinates": [[-51.1551788, -29.780053], [-51.1548976, -29.7798], [-51.1546987, -29.7796211], [-51.1545204, -29.7794826]]}}, {"type": "Feature", "properties": {"alt_name": "Avenida Mauá", "highway": "residential", "lane_markings": "no", "lit": "yes", "maxheight": "default", "name": "Rua Marquês do Herval", "oneway": "yes", "surface": "sett", "osm_id": 699798298, "osm_type": "way"}, "geometry": {"type": "LineString", "coordinates": [[-51.1436413, -29.773099], [-51.1433825, -29.7723191]]}}, {"type": "Feature", "properties": {"highway": "residential", "name": "Travessa Otaviano de Paula", "osm_id": 699798299, "osm_type": "way"}, "geometry": {"type": "LineString", "coordinates": [[-51.1517342, -29.7674246], [-51.150945, -29.7672715]]}}, {"type": "Feature", "properties": {"alt_name": "Rua Padre Lipinksy; Rua Padre Sedlac", "highway": "residential", "name": "Rua Padre Lipinksi", "osm_id": 699802318, "osm_type": "way"}, "geometry": {"type": "LineString", "coordinates": [[-51.1470276, -29.7870437], [-51.1463115, -29.7867294], [-51.1456396, -29.786407]]}}, {"type": "Feature", "properties": {"alt_name": "Rua Regina Mundi", "highway": "residential", "name": "Rua Padre Sedlac", "osm_id": 699802319, "osm_type": "way"}, "geometry": {"type": "LineString", "coordinates": [[-51.1476204, -29.7858891], [-51.1468841, -29.7856505], [-51.1465762, -29.78555], [-51.1460996, -29.7853944], [-51.1460003, -29.7853746]]}}, {"type": "Feature", "properties": {"alt_name": "Rua Padre Sediac", "highway": "residential", "name": "Rua Regina Mundi", "osm_id": 699802320, "osm_type": "way"}, "geometry": {"type": "LineString", "coordinates": [[-51.1463651, -29.784057], [-51.1464576, -29.7840757], [-51.1466239, -29.7841129], [-51.1473629, -29.7842526], [-51.1481729, -29.7843678]]}}, {"type": "Feature", "properties": {"alt_name": "Rua Norberto Vasconcelos", "highway": "tertiary", "name": "Rua Germano Lang", "osm_id": 699806294, "osm_type": "way"}, "geometry": {"type": "LineString", "coordinates": [[-51.1319652, -29.7808896], [-51.1319021, -29.7809531], [-51.1315325, -29.7811308], [-51.1312049, -29.7812452], [-51.1311477, -29.7812652]]}}, {"type": "Feature", "properties": {"highway": "tertiary", "name": "Rua Germano Lang", "osm_id": 699806295, "osm_type": "way"}, "geometry": {"type": "LineString", "coordinates": [[-51.1361257, -29.7804106], [-51.1352928, -29.7804702], [-51.1339586, -29.7805284], [-51.1329809, -29.7805511]]}}, {"type": "Feature", "properties": {"highway": "service", "service": "parking_aisle", "osm_id": 745735050, "osm_type": "way"}, "geometry": {"type": "LineString", "coordinates": [[-51.139276, -29.7738114], [-51.1391553, -29.7741991]]}}, {"type": "Feature", "properties": {"access": "customers", "highway": "service", "oneway": "yes", "service": "driveway", "osm_id": 745735054, "osm_type": "way"}, "geometry": {"type": "LineString", "coordinates": [[-51.138847, -29.7742599], [-51.1390898, -29.7743859], [-51.1393377, -29.7745145], [-51.1393109, -29.7745867], [-51.1392505, -29.77466], [-51.1391768, -29.7747229], [-51.1391236, -29.7747308], [-51.1390199, -29.7747462], [-51.138865, -29.7747545]]}}, {"type": "Feature", "properties": {"highway": "residential", "name": "Rua São Caetano", "oneway": "yes", "osm_id": 749087483, "osm_type": "way"}, "geometry": {"type": "LineString", "coordinates": [[-51.1517644, -29.7708779], [-51.1509141, -29.7707313], [-51.1501332, -29.7705983]]}}, {"type": "Feature", "properties": {"highway": "residential", "name": "Rua São Domingos", "oneway": "no", "osm_id": 749087484, "osm_type": "way"}, "geometry": {"type": "LineString", "coordinates": [[-51.1517644, -29.7708779], [-51.1520836, -29.7695695]]}}, {"type": "Feature", "properties": {"highway": "residential", "lit": "yes", "name": "Rua São Pedro", "oneway": "yes", "osm_id": 749087916, "osm_type": "way"}, "geometry": {"type": "LineString", "coordinates": [[-51.1501332, -29.7705983], [-51.1498667, -29.7717266], [-51.1498639, -29.7717768], [-51.14986, -29.7718465]]}}, {"type": "Feature", "properties": {"highway": "residential", "name": "Rua São Caetano", "oneway": "yes", "osm_id": 749087917, "osm_type": "way"}, "geometry": {"type": "LineString", "coordinates": [[-51.1501332, -29.7705983], [-51.1493343, -29.7704216], [-51.1484934, -29.770261], [-51.148413, -29.7702458]]}}, {"type": "Feature", "properties": {"access": "private", "highway": "service", "service": "driveway", "osm_id": 753073968, "osm_type": "way"}, "geometry": {"type": "LineString", "coordinates": [[-51.1369707, -29.7750073], [-51.1369559, -29.7752572], [-51.1369684, -29.7754714]]}}, {"type": "Feature", "properties": {"highway": "residential", "osm_id": 772693060, "osm_type": "way"}, "geometry": {"type": "LineString", "coordinates": [[-51.1409428, -29.7315148], [-51.1403784, -29.7319125], [-51.1399868, -29.7322549], [-51.1390588, -29.7333402], [-51.1385706, -29.7339015], [-51.1373127, -29.7353013], [-51.1368701, -29.735816], [-51.1358991, -29.7369083], [-51.1352245, -29.7377165]]}}, {"type": "Feature", "properties": {"highway": "residential", "osm_id": 772693061, "osm_type": "way"}, "geometry": {"type": "LineString", "coordinates": [[-51.1353855, -29.7378434], [-51.1356752, -29.7375814], [-51.1357422, -29.737543], [-51.1358632, -29.7375422]]}}, {"type": "Feature", "properties": {"highway": "residential", "osm_id": 772693062, "osm_type": "way"}, "geometry": {"type": "LineString", "coordinates": [[-51.1355008, -29.7379678], [-51.1353855, -29.7378434], [-51.1352245, -29.7377165]]}}, {"type": "Feature", "properties": {"highway": "residential", "name": "Rua Jorge Amado", "osm_id": 780576660, "osm_type": "way"}, "geometry": {"type": "LineString", "coordinates": [[-51.1239646, -29.7755761], [-51.1240546, -29.7756361], [-51.1245534, -29.7759684], [-51.1245923, -29.7760313], [-51.1242821, -29.7763586], [-51.1239703, -29.7767208]]}}, {"type": "Feature", "properties": {"highway": "residential", "surface": "unpaved", "osm_id": 792771769, "osm_type": "way"}, "geometry": {"type": "LineString", "coordinates": [[-51.1491318, -29.7437088], [-51.1491157, -29.7434992], [-51.1490862, -29.7433036], [-51.1490057, -29.7431219], [-51.1489735, -29.7430753], [-51.1488099, -29.7430125], [-51.1486235, -29.7429612]]}}, {"type": "Feature", "properties": {"highway": "residential", "surface": "unpaved", "osm_id": 792771770, "osm_type": "way"}, "geometry": {"type": "LineString", "coordinates": [[-51.1498198, -29.7429425], [-51.1498453, -29.7431999], [-51.1498158, -29.7434839]]}}, {"type": "Feature", "properties": {"highway": "residential", "surface": "unpaved", "osm_id": 792771771, "osm_type": "way"}, "geometry": {"type": "LineString", "coordinates": [[-51.1498158, -29.7434839], [-51.1497794, -29.7435138], [-51.1491157, -29.7434992]]}}, {"type": "Feature", "properties": {"highway": "residential", "surface": "unpaved", "osm_id": 792771772, "osm_type": "way"}, "geometry": {"type": "LineString", "coordinates": [[-51.1498198, -29.7429425], [-51.1497783, -29.7429205], [-51.1493906, -29.7430206], [-51.1489735, -29.7430753]]}}, {"type": "Feature", "properties": {"highway": "residential", "name": "Rua Alexandre Fleming", "source": "Bing", "osm_id": 799489118, "osm_type": "way"}, "geometry": {"type": "LineString", "coordinates": [[-51.1465741, -29.7337349], [-51.1462815, -29.7337149], [-51.1462089, -29.7336995], [-51.1461559, -29.7336744]]}}, {"type": "Feature", "properties": {"alt_name": "Avenida Whilhelm Rotermund; Avenida Wilhelm Rottermund", "highway": "residential", "name": "Avenida Wilhelm Rotermund", "osm_id": 799489119, "osm_type": "way"}, "geometry": {"type": "LineString", "coordinates": [[-51.1361257, -29.7804106], [-51.1361092, -29.7805355], [-51.1360785, -29.7808886], [-51.13578, -29.7814077], [-51.1352534, -29.7822851], [-51.1349076, -29.7828626], [-51.1348477, -29.7829511], [-51.1345903, -29.7834611]]}}, {"type": "Feature", "properties": {"access": "private", "highway": "service", "osm_id": 804096935, "osm_type": "way"}, "geometry": {"type": "LineString", "coordinates": [[-51.1377002, -29.7642761], [-51.1376815, -29.7641585], [-51.1376667, -29.7641306], [-51.1376372, -29.7641108], [-51.1375983, -29.7641061], [-51.1375205, -29.7641131], [-51.1374407, -29.7641306], [-51.1373609, -29.7641463], [-51.1372858, -29.7641533], [-51.1370645, -29.7641527], [-51.1369988, -29.7641736], [-51.1369425, -29.7642202], [-51.1369224, -29.7642691], [-51.1369076, -29.7643308], [-51.1369023, -29.7644274], [-51.1369278, -29.7648058], [-51.1369465, -29.7649024], [-51.1369666, -29.7649676], [-51.1370183, -29.7650724], [-51.13709, -29.7651766], [-51.1371685, -29.7652726], [-51.1372308, -29.7653425], [-51.1372885, -29.7653989], [-51.1373294, -29.7654176], [-51.1373784, -29.7654193]]}}, {"type": "Feature", "properties": {"access": "private", "highway": "service", "service": "driveway", "osm_id": 804096936, "osm_type": "way"}, "geometry": {"type": "LineString", "coordinates": [[-51.138243, -29.7648855], [-51.1382769, -29.7649001], [-51.1382946, -29.7649285], [-51.1382964, -29.7649481], [-51.1382893, -29.7649761], [-51.138274, -29.765002], [-51.1382491, -29.7650165], [-51.1382219, -29.7650177], [-51.1382058, -29.7650183]]}}, {"type": "Feature", "properties": {"alt_name": "Rua Jacy Porto", "highway": "tertiary", "name": "Rua Doutor Jacy Porto", "surface": "asphalt", "osm_id": 835904603, "osm_type": "way"}, "geometry": {"type": "LineString", "coordinates": [[-51.1558762, -29.7725996], [-51.1559258, -29.772787]]}}, {"type": "Feature", "properties": {"alt_name": "Rua Jacy Porto", "highway": "tertiary", "name": "Rua Doutor Jacy Porto", "surface": "asphalt", "osm_id": 835904604, "osm_type": "way"}, "geometry": {"type": "LineString", "coordinates": [[-51.1554042, -29.7712272], [-51.1555892, -29.771758], [-51.1558762, -29.7725996]]}}, {"type": "Feature", "properties": {"highway": "residential", "osm_id": 890859053, "osm_type": "way"}, "geometry": {"type": "LineString", "coordinates": [[-51.1638343, -29.7805209], [-51.1660875, -29.780091]]}}, {"type": "Feature", "properties": {"highway": "service", "surface": "paved", "osm_id": 901413953, "osm_type": "way"}, "geometry": {"type": "LineString", "coordinates": [[-51.1445787, -29.758988], [-51.1446911, -29.7590292], [-51.1448958, -29.7589919], [-51.1450807, -29.7589977], [-51.1452755, -29.7590665], [-51.1454471, -29.759184], [-51.1455164, -29.759376]]}}, {"type": "Feature", "properties": {"highway": "residential", "lanes": "2", "name": "Rua Flores da Cunha", "oneway": "yes", "osm_id": 904500941, "osm_type": "way"}, "geometry": {"type": "LineString", "coordinates": [[-51.1421125, -29.7638046], [-51.1421326, -29.7637289], [-51.1421956, -29.7634856]]}}, {"type": "Feature", "properties": {"highway": "service", "service": "parking_aisle", "osm_id": 904931054, "osm_type": "way"}, "geometry": {"type": "LineString", "coordinates": [[-51.161533, -29.7789251], [-51.16193, -29.7787598], [-51.1619662, -29.7787644], [-51.1619863, -29.7787889], [-51.162048, -29.7789576]]}}, {"type": "Feature", "properties": {"highway": "service", "service": "parking_aisle", "osm_id": 904931055, "osm_type": "way"}, "geometry": {"type": "LineString", "coordinates": [[-51.1621462, -29.7789354], [-51.162048, -29.7789576]]}}, {"type": "Feature", "properties": {"highway": "service", "service": "parking_aisle", "osm_id": 904931056, "osm_type": "way"}, "geometry": {"type": "LineString", "coordinates": [[-51.162048, -29.7789576], [-51.161714, -29.7790356], [-51.1616202, -29.7790671]]}}, {"type": "Feature", "properties": {"highway": "service", "maxheight": "5.5", "oneway": "yes", "osm_id": 904992474, "osm_type": "way"}, "geometry": {"type": "LineString", "coordinates": [[-51.1583536, -29.7808161], [-51.1581426, -29.7807293], [-51.1578543, -29.780493], [-51.1576277, -29.7802753], [-51.1575824, -29.780097]]}}, {"type": "Feature", "properties": {"highway": "service", "service": "parking_aisle", "osm_id": 905290917, "osm_type": "way"}, "geometry": {"type": "LineString", "coordinates": [[-51.1590039, -29.7781241], [-51.1588468, -29.7778821], [-51.1588481, -29.77786], [-51.1588588, -29.7778355], [-51.1589272, -29.7777738]]}}, {"type": "Feature", "properties": {"highway": "service", "osm_id": 905290918, "osm_type": "way"}, "geometry": {"type": "LineString", "coordinates": [[-51.1591279, -29.7780442], [-51.1590039, -29.7781241], [-51.1588481, -29.7782162]]}}, {"type": "Feature", "properties": {"highway": "service", "osm_id": 905290919, "osm_type": "way"}, "geometry": {"type": "LineString", "coordinates": [[-51.1592146, -29.7781743], [-51.1591279, -29.7780442], [-51.1590868, -29.7779548], [-51.1590526, -29.7778716], [-51.159052, -29.7778466], [-51.159066, -29.7778245], [-51.1591338, -29.7777808], [-51.1592813, -29.7777168]]}}, {"type": "Feature", "properties": {"highway": "service", "osm_id": 905290920, "osm_type": "way"}, "geometry": {"type": "LineString", "coordinates": [[-51.1592813, -29.7777168], [-51.1595562, -29.777761], [-51.1596313, -29.7777529], [-51.1597037, -29.7777296], [-51.1611642, -29.7769008], [-51.1611843, -29.7768659], [-51.1611763, -29.7768321], [-51.1606962, -29.7761686], [-51.160664, -29.7761558], [-51.1606197, -29.7761593], [-51.1590198, -29.7770731], [-51.1589997, -29.7771045], [-51.1590037, -29.7771418], [-51.1592974, -29.7776429]]}}, {"type": "Feature", "properties": {"highway": "service", "osm_id": 905290921, "osm_type": "way"}, "geometry": {"type": "LineString", "coordinates": [[-51.1594194, -29.7780559], [-51.1593832, -29.7780055], [-51.1593008, -29.7778652], [-51.159286, -29.7778105], [-51.1592813, -29.7777168], [-51.1592974, -29.7776429], [-51.1595361, -29.7775026]]}}, {"type": "Feature", "properties": {"highway": "residential", "osm_id": 905309534, "osm_type": "way"}, "geometry": {"type": "LineString", "coordinates": [[-51.1669819, -29.7415965], [-51.1665192, -29.7411575], [-51.1662538, -29.7409433]]}}, {"type": "Feature", "properties": {"highway": "residential", "osm_id": 905309535, "osm_type": "way"}, "geometry": {"type": "LineString", "coordinates": [[-51.1605699, -29.7440796], [-51.1605097, -29.7436121], [-51.160436, -29.7434968], [-51.1602214, -29.743314]]}}, {"type": "Feature", "properties": {"highway": "residential", "osm_id": 905315726, "osm_type": "way"}, "geometry": {"type": "LineString", "coordinates": [[-51.1684196, -29.751049], [-51.1682557, -29.7503588]]}}, {"type": "Feature", "properties": {"highway": "residential", "osm_id": 905315727, "osm_type": "way"}, "geometry": {"type": "LineString", "coordinates": [[-51.1667072, -29.7404242], [-51.1665545, -29.7403003], [-51.1665393, -29.7402818], [-51.1665337, -29.7402593], [-51.1665573, -29.7400296]]}}, {"type": "Feature", "properties": {"highway": "residential", "osm_id": 905315728, "osm_type": "way"}, "geometry": {"type": "LineString", "coordinates": [[-51.1673337, -29.7404356], [-51.1672286, -29.7405795], [-51.167188, -29.7406038], [-51.1671371, -29.7406035], [-51.1670327, -29.7405776], [-51.1669095, -29.7405403], [-51.1667072, -29.7404242]]}}, {"type": "Feature", "properties": {"highway": "residential", "osm_id": 905336602, "osm_type": "way"}, "geometry": {"type": "LineString", "coordinates": [[-51.1682971, -29.7483122], [-51.1682366, -29.7480114], [-51.1682171, -29.7477166], [-51.1679761, -29.7469711]]}}, {"type": "Feature", "properties": {"highway": "residential", "osm_id": 905336603, "osm_type": "way"}, "geometry": {"type": "LineString", "coordinates": [[-51.1594972, -29.7465394], [-51.1591295, -29.7466843]]}}, {"type": "Feature", "properties": {"highway": "residential", "osm_id": 905348696, "osm_type": "way"}, "geometry": {"type": "LineString", "coordinates": [[-51.161603, -29.7576526], [-51.1609668, -29.757653]]}}, {"type": "Feature", "properties": {"highway": "residential", "osm_id": 905348697, "osm_type": "way"}, "geometry": {"type": "LineString", "coordinates": [[-51.161603, -29.7576526], [-51.1616126, -29.757083], [-51.1615946, -29.75706], [-51.1615573, -29.7570405], [-51.1612251, -29.7570226]]}}, {"type": "Feature", "properties": {"highway": "service", "osm_id": 905348698, "osm_type": "way"}, "geometry": {"type": "LineString", "coordinates": [[-51.1627319, -29.7579812], [-51.1627319, -29.7576226], [-51.1627212, -29.7575388], [-51.1626139, -29.7575015], [-51.1623632, -29.7575248], [-51.1619125, -29.7576133], [-51.161603, -29.7576526]]}}, {"type": "Feature", "properties": {"highway": "residential", "surface": "dirt", "osm_id": 905350817, "osm_type": "way"}, "geometry": {"type": "LineString", "coordinates": [[-51.1659768, -29.7589824], [-51.165905, -29.7589708], [-51.1658581, -29.7589423], [-51.1658245, -29.7588893], [-51.1657535, -29.7586624], [-51.1657277, -29.7585799], [-51.1657025, -29.7584993], [-51.1655872, -29.7580324], [-51.1655811, -29.7579953], [-51.1655489, -29.7577982], [-51.1655247, -29.7577668]]}}, {"type": "Feature", "properties": {"highway": "residential", "osm_id": 905359522, "osm_type": "way"}, "geometry": {"type": "LineString", "coordinates": [[-51.1579279, -29.7460576], [-51.1581353, -29.7461736]]}}, {"type": "Feature", "properties": {"highway": "residential", "osm_id": 905364894, "osm_type": "way"}, "geometry": {"type": "LineString", "coordinates": [[-51.1576062, -29.7545419], [-51.1575567, -29.754206]]}}, {"type": "Feature", "properties": {"highway": "residential", "osm_id": 905364895, "osm_type": "way"}, "geometry": {"type": "LineString", "coordinates": [[-51.1577672, -29.7545221], [-51.1577195, -29.75419]]}}, {"type": "Feature", "properties": {"highway": "service", "service": "parking_aisle", "osm_id": 905365912, "osm_type": "way"}, "geometry": {"type": "LineString", "coordinates": [[-51.1588481, -29.7782162], [-51.1584833, -29.777725]]}}, {"type": "Feature", "properties": {"highway": "service", "osm_id": 905365913, "osm_type": "way"}, "geometry": {"type": "LineString", "coordinates": [[-51.1588481, -29.7782162], [-51.1587274, -29.7782755], [-51.1587053, -29.7782808], [-51.1586818, -29.7782744], [-51.1585893, -29.7781324]]}}, {"type": "Feature", "properties": {"highway": "service", "service": "parking_aisle", "osm_id": 905385670, "osm_type": "way"}, "geometry": {"type": "LineString", "coordinates": [[-51.164521, -29.7789265], [-51.1640959, -29.7791613]]}}, {"type": "Feature", "properties": {"highway": "service", "service": "parking_aisle", "osm_id": 905385671, "osm_type": "way"}, "geometry": {"type": "LineString", "coordinates": [[-51.164423, -29.778787], [-51.1644821, -29.7788692], [-51.164521, -29.7789265], [-51.1645934, -29.7790252], [-51.1645994, -29.7790438], [-51.1645921, -29.7790647], [-51.1641857, -29.7792987]]}}, {"type": "Feature", "properties": {"highway": "service", "osm_id": 905409197, "osm_type": "way"}, "geometry": {"type": "LineString", "coordinates": [[-51.1670641, -29.7490238], [-51.1663041, -29.7491847]]}}, {"type": "Feature", "properties": {"highway": "tertiary", "name": "Avenida Tomaz Edison", "oneway": "yes", "osm_id": 905410494, "osm_type": "way"}, "geometry": {"type": "LineString", "coordinates": [[-51.1607917, -29.7749748], [-51.161057, -29.7756332], [-51.161284, -29.7762285], [-51.1615375, -29.7768761], [-51.162092, -29.7782936], [-51.162385, -29.7790635], [-51.1626616, -29.7797732]]}}, {"type": "Feature", "properties": {"highway": "tertiary", "name": "Avenida Tomaz Edison", "oneway": "yes", "osm_id": 905410495, "osm_type": "way"}, "geometry": {"type": "LineString", "coordinates": [[-51.1625041, -29.7798605], [-51.1622164, -29.7791169], [-51.1621462, -29.7789354], [-51.1619381, -29.7783795], [-51.1613837, -29.7769617], [-51.160642, -29.7750592]]}}, {"type": "Feature", "properties": {"highway": "residential", "osm_id": 905413206, "osm_type": "way"}, "geometry": {"type": "LineString", "coordinates": [[-51.1674339, -29.7477061], [-51.1673357, -29.7473818]]}}, {"type": "Feature", "properties": {"highway": "primary", "lanes": "2", "maxheight": "default", "name": "Avenida Mauá", "oneway": "yes", "source": "survey", "surface": "asphalt", "osm_id": 907478404, "osm_type": "way"}, "geometry": {"type": "LineString", "coordinates": [[-51.1410821, -29.7313524], [-51.1412351, -29.7317308], [-51.1414952, -29.7323928], [-51.1416842, -29.7328739], [-51.1421329, -29.7338931], [-51.1421848, -29.7340054]]}}, {"type": "Feature", "properties": {"highway": "primary", "lanes": "2", "maxheight": "default", "name": "Avenida Mauá", "oneway": "yes", "source": "survey", "surface": "asphalt", "osm_id": 907478405, "osm_type": "way"}, "geometry": {"type": "LineString", "coordinates": [[-51.1419714, -29.7340755], [-51.1419266, -29.7339569], [-51.1415961, -29.733119], [-51.1414514, -29.7327401], [-51.1412729, -29.7322747], [-51.141104, -29.7318787], [-51.1409428, -29.7315148]]}}, {"type": "Feature", "properties": {"highway": "residential", "lanes": "2", "name": "Rua Leopoldo Wasun", "oneway": "no", "source": "survey; Bing; IBGE", "surface": "asphalt", "osm_id": 908211190, "osm_type": "way"}, "geometry": {"type": "LineString", "coordinates": [[-51.1331992, -29.7387053], [-51.1329694, -29.7389586]]}}, {"type": "Feature", "properties": {"access": "yes", "highway": "service", "service": "alley", "surface": "dirt", "osm_id": 908211454, "osm_type": "way"}, "geometry": {"type": "LineString", "coordinates": [[-51.1340374, -29.7387777], [-51.1337262, -29.7390863]]}}, {"type": "Feature", "properties": {"alt_name": "Avenida Mauá", "highway": "residential", "name": "Rua Hugo Erni Feltes", "source": "Bing; IBGE; survey", "surface": "asphalt", "osm_id": 908211455, "osm_type": "way"}, "geometry": {"type": "LineString", "coordinates": [[-51.1378196, -29.7344985], [-51.1367365, -29.7356899], [-51.1356929, -29.7369074], [-51.1340374, -29.7387777]]}}, {"type": "Feature", "properties": {"alt_name": "Avenida Mauá", "highway": "residential", "name": "Rua Hugo Erni Feltes", "source": "Bing; IBGE; survey", "surface": "dirt", "osm_id": 908211456, "osm_type": "way"}, "geometry": {"type": "LineString", "coordinates": [[-51.1383003, -29.7339423], [-51.1378196, -29.7344985]]}}, {"type": "Feature", "properties": {"highway": "primary", "lanes": "2", "lit": "yes", "maxspeed": "50", "name": "Avenida João Corrêa", "oneway": "yes", "surface": "asphalt", "osm_id": 908436801, "osm_type": "way"}, "geometry": {"type": "LineString", "coordinates": [[-51.1393243, -29.7695683], [-51.1399667, -29.7697115], [-51.1404897, -29.7698244], [-51.1405648, -29.7698407], [-51.1407848, -29.7698884]]}}, {"type": "Feature", "properties": {"highway": "secondary", "lanes": "2", "lit": "yes", "maxspeed": "50", "name": "Avenida João Corrêa", "oneway": "yes", "surface": "asphalt", "osm_id": 908436802, "osm_type": "way"}, "geometry": {"type": "LineString", "coordinates": [[-51.1429413, -29.7703948], [-51.1430284, -29.7704251], [-51.1436749, -29.7706323], [-51.14375, -29.7706579], [-51.1441939, -29.7708069], [-51.1446183, -29.7709129], [-51.1454532, -29.7710549], [-51.1464416, -29.7711876]]}}, {"type": "Feature", "properties": {"highway": "primary", "lanes": "2", "lit": "yes", "maxheight": "default", "name": "Rua São Joaquim", "oneway": "yes", "surface": "asphalt", "osm_id": 908436803, "osm_type": "way"}, "geometry": {"type": "LineString", "coordinates": [[-51.1429413, -29.7703948], [-51.1429064, -29.770524]]}}, {"type": "Feature", "properties": {"highway": "primary", "lanes": "2", "lit": "yes", "maxheight": "default", "maxspeed": "60", "name": "Avenida João Corrêa", "oneway": "yes", "source": "survey", "surface": "asphalt", "osm_id": 908436804, "osm_type": "way"}, "geometry": {"type": "LineString", "coordinates": [[-51.1413842, -29.7701492], [-51.1412635, -29.7701259], [-51.1405326, -29.7699699], [-51.1404589, -29.7699525], [-51.1397669, -29.7698081], [-51.1394396, -29.7697336]]}}, {"type": "Feature", "properties": {"highway": "primary", "lanes": "2", "lit": "yes", "maxheight": "default", "maxspeed": "50", "name": "Avenida João Corrêa", "oneway": "yes", "source": "survey", "surface": "asphalt", "osm_id": 908437693, "osm_type": "way"}, "geometry": {"type": "LineString", "coordinates": [[-51.1429064, -29.770524], [-51.1428313, -29.7705008], [-51.1421259, -29.7703145]]}}, {"type": "Feature", "properties": {"access": "no", "bus": "yes", "highway": "service", "oneway": "yes", "psv": "yes", "osm_id": 916069219, "osm_type": "way"}, "geometry": {"type": "LineString", "coordinates": [[-51.1410999, -29.7859252], [-51.1410403, -29.7860712]]}}, {"type": "Feature", "properties": {"access": "no", "bus": "yes", "highway": "service", "oneway": "yes", "psv": "yes", "osm_id": 916069220, "osm_type": "way"}, "geometry": {"type": "LineString", "coordinates": [[-51.1411236, -29.7860994], [-51.1410999, -29.7859252]]}}, {"type": "Feature", "properties": {"access": "no", "bus": "yes", "highway": "service", "oneway": "yes", "psv": "yes", "osm_id": 916069221, "osm_type": "way"}, "geometry": {"type": "LineString", "coordinates": [[-51.1411598, -29.7861113], [-51.1412823, -29.7860322]]}}, {"type": "Feature", "properties": {"alt_name": "Rua Doutor Mário Sperb", "highway": "tertiary", "lanes": "2", "name": "Avenida Doutor Mário Sperb", "surface": "asphalt", "osm_id": 922784226, "osm_type": "way"}, "geometry": {"type": "LineString", "coordinates": [[-51.1394505, -29.7791331], [-51.139791, -29.7794128], [-51.1401842, -29.7796982], [-51.1404736, -29.779897]]}}, {"type": "Feature", "properties": {"highway": "residential", "name": "Friedrich Albrescht", "osm_id": 922787955, "osm_type": "way"}, "geometry": {"type": "LineString", "coordinates": [[-51.1559559, -29.753399], [-51.1564958, -29.7533019], [-51.1566826, -29.7531826]]}}, {"type": "Feature", "properties": {"highway": "residential", "name": "Gaspar Silveira Martins", "osm_id": 922788178, "osm_type": "way"}, "geometry": {"type": "LineString", "coordinates": [[-51.144392, -29.73561], [-51.1442381, -29.7357077], [-51.1444727, -29.7364358]]}}, {"type": "Feature", "properties": {"highway": "residential", "surface": "unpaved", "osm_id": 926101632, "osm_type": "way"}, "geometry": {"type": "LineString", "coordinates": [[-51.1412516, -29.7381183], [-51.1403185, -29.7374977]]}}, {"type": "Feature", "properties": {"highway": "service", "osm_id": 926980329, "osm_type": "way"}, "geometry": {"type": "LineString", "coordinates": [[-51.1494923, -29.7331478], [-51.1485677, -29.7331936]]}}, {"type": "Feature", "properties": {"access": "private", "highway": "service", "service": "driveway", "surface": "asphalt", "osm_id": 926980330, "osm_type": "way"}, "geometry": {"type": "LineString", "coordinates": [[-51.1474139, -29.7340424], [-51.1470915, -29.7340413]]}}, {"type": "Feature", "properties": {"access": "private", "highway": "service", "service": "driveway", "surface": "asphalt", "osm_id": 926980331, "osm_type": "way"}, "geometry": {"type": "LineString", "coordinates": [[-51.1475748, -29.7346258], [-51.1475625, -29.7340384], [-51.1475533, -29.7335801], [-51.1475493, -29.7333845], [-51.1475332, -29.733353], [-51.1474695, -29.7333512], [-51.1474387, -29.7333504], [-51.147404, -29.7333495]]}}, {"type": "Feature", "properties": {"highway": "residential", "surface": "unpaved", "osm_id": 927067082, "osm_type": "way"}, "geometry": {"type": "LineString", "coordinates": [[-51.1409456, -29.7384763], [-51.1400439, -29.7378624]]}}, {"type": "Feature", "properties": {"highway": "residential", "surface": "unpaved", "osm_id": 927067083, "osm_type": "way"}, "geometry": {"type": "LineString", "coordinates": [[-51.1412308, -29.7389954], [-51.1413226, -29.7389159], [-51.1414701, -29.7387179], [-51.1418148, -29.7381659]]}}, {"type": "Feature", "properties": {"access": "private", "highway": "service", "service": "driveway", "surface": "asphalt", "osm_id": 927067084, "osm_type": "way"}, "geometry": {"type": "LineString", "coordinates": [[-51.1475842, -29.7351662], [-51.1475748, -29.7346258]]}}, {"type": "Feature", "properties": {"access": "private", "highway": "service", "service": "driveway", "surface": "asphalt", "osm_id": 927067085, "osm_type": "way"}, "geometry": {"type": "LineString", "coordinates": [[-51.147404, -29.7333495], [-51.1471684, -29.7333449], [-51.1471208, -29.7333571], [-51.1470846, -29.7334107], [-51.1470801, -29.7334391]]}}, {"type": "Feature", "properties": {"highway": "residential", "osm_id": 927104495, "osm_type": "way"}, "geometry": {"type": "LineString", "coordinates": [[-51.1427575, -29.7360314], [-51.1424236, -29.7362073], [-51.1421996, -29.7363528], [-51.1420199, -29.73646], [-51.141918, -29.7365333], [-51.141863, -29.7365869], [-51.1418268, -29.7366696], [-51.1417691, -29.7367651], [-51.1415385, -29.7369363], [-51.1414808, -29.7369293], [-51.1410572, -29.7366636]]}}, {"type": "Feature", "properties": {"highway": "service", "osm_id": 927166122, "osm_type": "way"}, "geometry": {"type": "LineString", "coordinates": [[-51.1434791, -29.7384536], [-51.1435326, -29.7384454]]}}, {"type": "Feature", "properties": {"highway": "service", "osm_id": 927166123, "osm_type": "way"}, "geometry": {"type": "LineString", "coordinates": [[-51.143593, -29.7388998], [-51.14353, -29.7388984]]}}, {"type": "Feature", "properties": {"highway": "service", "service": "parking_aisle", "osm_id": 927166124, "osm_type": "way"}, "geometry": {"type": "LineString", "coordinates": [[-51.1432725, -29.7385957], [-51.143294, -29.7388997]]}}, {"type": "Feature", "properties": {"highway": "service", "service": "parking_aisle", "osm_id": 927166125, "osm_type": "way"}, "geometry": {"type": "LineString", "coordinates": [[-51.143408, -29.7384664], [-51.1434482, -29.7388997]]}}, {"type": "Feature", "properties": {"highway": "service", "osm_id": 927166126, "osm_type": "way"}, "geometry": {"type": "LineString", "coordinates": [[-51.14353, -29.7388984], [-51.1434482, -29.7388997], [-51.143294, -29.7388997], [-51.1430512, -29.7388996], [-51.143204, -29.7386897], [-51.1432725, -29.7385957], [-51.143408, -29.7384664], [-51.1434791, -29.7384536]]}}, {"type": "Feature", "properties": {"highway": "tertiary", "maxheight": "default", "name": "Rua Alexandre Fleming", "oneway": "yes", "source": "Bing", "osm_id": 927468305, "osm_type": "way"}, "geometry": {"type": "LineString", "coordinates": [[-51.1424274, -29.7340947], [-51.1422477, -29.7341439]]}}, {"type": "Feature", "properties": {"highway": "residential", "maxheight": "default", "name": "Rua dos Adventistas", "oneway": "yes", "surface": "asphalt", "osm_id": 927528754, "osm_type": "way"}, "geometry": {"type": "LineString", "coordinates": [[-51.1448469, -29.7449807], [-51.1450227, -29.7450199]]}}, {"type": "Feature", "properties": {"highway": "residential", "maxheight": "default", "name": "Rua dos Adventistas", "oneway": "yes", "surface": "asphalt", "osm_id": 927528755, "osm_type": "way"}, "geometry": {"type": "LineString", "coordinates": [[-51.1450227, -29.7450199], [-51.1448566, -29.7450505]]}}, {"type": "Feature", "properties": {"highway": "service", "osm_id": 927528756, "osm_type": "way"}, "geometry": {"type": "LineString", "coordinates": [[-51.1557475, -29.7519199], [-51.1554524, -29.75219]]}}, {"type": "Feature", "properties": {"highway": "service", "osm_id": 927528757, "osm_type": "way"}, "geometry": {"type": "LineString", "coordinates": [[-51.1563996, -29.7511534], [-51.1557475, -29.7519199], [-51.1554249, -29.751676]]}}, {"type": "Feature", "properties": {"highway": "residential", "osm_id": 927633029, "osm_type": "way"}, "geometry": {"type": "LineString", "coordinates": [[-51.136978, -29.7431177], [-51.136559, -29.7428576], [-51.1360392, -29.7425352]]}}, {"type": "Feature", "properties": {"highway": "residential", "maxheight": "default", "osm_id": 927636859, "osm_type": "way"}, "geometry": {"type": "LineString", "coordinates": [[-51.1431095, -29.7539761], [-51.1427026, -29.7544051], [-51.1422446, -29.7548528], [-51.1421487, -29.7548708], [-51.1420407, -29.7548516], [-51.1418417, -29.7547512], [-51.1412618, -29.7545733], [-51.1406767, -29.7544251], [-51.140144, -29.7542611]]}}, {"type": "Feature", "properties": {"highway": "residential", "osm_id": 927636860, "osm_type": "way"}, "geometry": {"type": "LineString", "coordinates": [[-51.142259, -29.7513104], [-51.1419288, -29.7513297], [-51.14188, -29.7513114], [-51.1418526, -29.7512779], [-51.1417909, -29.751026]]}}, {"type": "Feature", "properties": {"highway": "residential", "surface": "unpaved", "osm_id": 927636861, "osm_type": "way"}, "geometry": {"type": "LineString", "coordinates": [[-51.1405779, -29.7487828], [-51.1403617, -29.7488127], [-51.1402043, -29.7488628], [-51.1400832, -29.7489675], [-51.1397914, -29.7493966]]}}, {"type": "Feature", "properties": {"alt_name": "Rua Marechal Rondon", "highway": "primary", "maxheight": "default", "name": "Avenida Mauá", "note": "Funcionando em pista única por conta do alagamento da pista do outro lado", "oneway": "yes", "source": "survey", "surface": "asphalt", "osm_id": 927646868, "osm_type": "way"}, "geometry": {"type": "LineString", "coordinates": [[-51.1430861, -29.7546292], [-51.143011, -29.7547934], [-51.1428568, -29.7550554], [-51.1427398, -29.755201]]}}, {"type": "Feature", "properties": {"alt_name": "Rua Leopoldo Wasun", "highway": "tertiary", "name": "Avenida Leopoldo Wasun", "oneway": "yes", "osm_id": 927695476, "osm_type": "way"}, "geometry": {"type": "LineString", "coordinates": [[-51.1402496, -29.736162], [-51.140137, -29.7361881]]}}, {"type": "Feature", "properties": {"alt_name": "Rua Leopoldo Wasun", "highway": "tertiary", "name": "Avenida Leopoldo Wasun", "oneway": "yes", "source": "Bing", "osm_id": 927695477, "osm_type": "way"}, "geometry": {"type": "LineString", "coordinates": [[-51.140137, -29.7361881], [-51.1401792, -29.7361183]]}}, {"type": "Feature", "properties": {"highway": "service", "osm_id": 928038154, "osm_type": "way"}, "geometry": {"type": "LineString", "coordinates": [[-51.1569629, -29.7641329], [-51.1570403, -29.7642738], [-51.1569183, -29.764403]]}}, {"type": "Feature", "properties": {"highway": "service", "surface": "unpaved", "osm_id": 928075428, "osm_type": "way"}, "geometry": {"type": "LineString", "coordinates": [[-51.1331621, -29.7468582], [-51.1330674, -29.7469964], [-51.132887, -29.747252], [-51.1328414, -29.7472823], [-51.1324874, -29.747365]]}}, {"type": "Feature", "properties": {"highway": "residential", "osm_id": 928075429, "osm_type": "way"}, "geometry": {"type": "LineString", "coordinates": [[-51.1359642, -29.7503156], [-51.1349634, -29.7496622]]}}, {"type": "Feature", "properties": {"highway": "residential", "osm_id": 928075430, "osm_type": "way"}, "geometry": {"type": "LineString", "coordinates": [[-51.1357198, -29.7512514], [-51.1361942, -29.7506438], [-51.1372469, -29.7494468]]}}, {"type": "Feature", "properties": {"access": "customers", "highway": "service", "name": "Rua Sinodal", "service": "driveway", "osm_id": 930489587, "osm_type": "way"}, "geometry": {"type": "LineString", "coordinates": [[-51.1393257, -29.7762862], [-51.1390038, -29.7754528]]}}, {"type": "Feature", "properties": {"access": "customers", "highway": "service", "name": "Rua Sinodal", "service": "driveway", "osm_id": 930489588, "osm_type": "way"}, "geometry": {"type": "LineString", "coordinates": [[-51.1392277, -29.7769695], [-51.1393257, -29.7762862]]}}, {"type": "Feature", "properties": {"highway": "service", "oneway": "yes", "service": "driveway", "osm_id": 930489589, "osm_type": "way"}, "geometry": {"type": "LineString", "coordinates": [[-51.1490969, -29.7606612], [-51.1490694, -29.7607752]]}}, {"type": "Feature", "properties": {"highway": "residential", "lanes": "2", "lit": "yes", "name": "Rua Felipe Matte", "oneway": "yes", "source": "survey", "surface": "asphalt", "osm_id": 930493819, "osm_type": "way"}, "geometry": {"type": "LineString", "coordinates": [[-51.1378545, -29.7707429], [-51.1381535, -29.7694426]]}}, {"type": "Feature", "properties": {"highway": "residential", "name": "Rua Florêncio Câmara", "osm_id": 930493820, "osm_type": "way"}, "geometry": {"type": "LineString", "coordinates": [[-51.1479838, -29.7727905], [-51.1480522, -29.7728068], [-51.1485216, -29.7728732], [-51.1492512, -29.7724658]]}}, {"type": "Feature", "properties": {"highway": "residential", "name": "Rua Florêncio Câmara", "oneway": "yes", "osm_id": 930493821, "osm_type": "way"}, "geometry": {"type": "LineString", "coordinates": [[-51.1471134, -29.7726217], [-51.1479838, -29.7727905]]}}, {"type": "Feature", "properties": {"highway": "residential", "name": "Rua Luiz Lourenço Stabel", "oneway": "yes", "osm_id": 930493822, "osm_type": "way"}, "geometry": {"type": "LineString", "coordinates": [[-51.1549214, -29.7724564], [-51.1544171, -29.7710316]]}}, {"type": "Feature", "properties": {"highway": "tertiary", "lanes": "2", "name": "Avenida João Alberto", "oneway": "yes", "surface": "asphalt", "osm_id": 930525328, "osm_type": "way"}, "geometry": {"type": "LineString", "coordinates": [[-51.1509671, -29.7770312], [-51.1510657, -29.7769666]]}}, {"type": "Feature", "properties": {"highway": "service", "osm_id": 930531311, "osm_type": "way"}, "geometry": {"type": "LineString", "coordinates": [[-51.1554712, -29.766892], [-51.1552947, -29.7668638], [-51.1546397, -29.7667488], [-51.1544938, -29.7667358]]}}, {"type": "Feature", "properties": {"highway": "service", "osm_id": 930531312, "osm_type": "way"}, "geometry": {"type": "LineString", "coordinates": [[-51.1559218, -29.7675753], [-51.155156, -29.7674612], [-51.1545029, -29.7673425], [-51.1543742, -29.767318]]}}, {"type": "Feature", "properties": {"highway": "service", "service": "parking_aisle", "osm_id": 930531313, "osm_type": "way"}, "geometry": {"type": "LineString", "coordinates": [[-51.1495293, -29.7759392], [-51.1495697, -29.775795], [-51.1495817, -29.7757874], [-51.1496039, -29.7757892]]}}, {"type": "Feature", "properties": {"highway": "service", "service": "parking_aisle", "osm_id": 930531314, "osm_type": "way"}, "geometry": {"type": "LineString", "coordinates": [[-51.1495006, -29.7760837], [-51.1495293, -29.7759392]]}}, {"type": "Feature", "properties": {"highway": "service", "service": "parking_aisle", "osm_id": 930531315, "osm_type": "way"}, "geometry": {"type": "LineString", "coordinates": [[-51.1496039, -29.7757892], [-51.1497152, -29.7758206], [-51.1497688, -29.7758206], [-51.1502047, -29.775774], [-51.1502315, -29.7757822], [-51.150257, -29.7758706], [-51.1502422, -29.7758928], [-51.1498144, -29.7759649], [-51.1497313, -29.7759673], [-51.1495293, -29.7759392]]}}, {"type": "Feature", "properties": {"highway": "service", "osm_id": 930531316, "osm_type": "way"}, "geometry": {"type": "LineString", "coordinates": [[-51.1500183, -29.7770114], [-51.1500143, -29.7769381], [-51.1500155, -29.7768717], [-51.1500167, -29.7768042], [-51.1500196, -29.7766471], [-51.1499995, -29.7765586], [-51.1499392, -29.7764922], [-51.1498232, -29.7764539], [-51.1497313, -29.7763945], [-51.1495006, -29.7760837], [-51.1491855, -29.775937], [-51.1490956, -29.7759137], [-51.1486423, -29.7759056]]}}, {"type": "Feature", "properties": {"highway": "residential", "name": "Rua Jacob Wieckert", "oneway": "yes", "osm_id": 930862365, "osm_type": "way"}, "geometry": {"type": "LineString", "coordinates": [[-51.14986, -29.7718465], [-51.1499257, -29.7719873], [-51.1505923, -29.7729477]]}}, {"type": "Feature", "properties": {"highway": "residential", "maxheight": "default", "name": "Rua Osvaldo Aranha", "osm_id": 930949943, "osm_type": "way"}, "geometry": {"type": "LineString", "coordinates": [[-51.1403865, -29.7621584], [-51.1402936, -29.762141], [-51.1392653, -29.7619489]]}}, {"type": "Feature", "properties": {"highway": "service", "osm_id": 930955762, "osm_type": "way"}, "geometry": {"type": "LineString", "coordinates": [[-51.1477555, -29.7746899], [-51.1478276, -29.7746874]]}}, {"type": "Feature", "properties": {"highway": "service", "service": "parking_aisle", "osm_id": 930961833, "osm_type": "way"}, "geometry": {"type": "LineString", "coordinates": [[-51.1390898, -29.7743859], [-51.1391553, -29.7741991]]}}, {"type": "Feature", "properties": {"highway": "service", "oneway": "yes", "service": "driveway", "osm_id": 930961834, "osm_type": "way"}, "geometry": {"type": "LineString", "coordinates": [[-51.1428883, -29.7589423], [-51.1431485, -29.7590401], [-51.1432531, -29.7591099], [-51.14329, -29.7591536], [-51.143298, -29.7592228], [-51.1432075, -29.759557], [-51.1431853, -29.7596478]]}}, {"type": "Feature", "properties": {"highway": "service", "osm_id": 930961835, "osm_type": "way"}, "geometry": {"type": "LineString", "coordinates": [[-51.136681, -29.7624774], [-51.136445, -29.7624541], [-51.1364302, -29.762432]]}}, {"type": "Feature", "properties": {"highway": "service", "osm_id": 930961836, "osm_type": "way"}, "geometry": {"type": "LineString", "coordinates": [[-51.1364556, -29.7621759], [-51.1366723, -29.7621951], [-51.136681, -29.7622062], [-51.136681, -29.7624774], [-51.1366864, -29.762588], [-51.1367065, -29.7627382], [-51.1366964, -29.76279]]}}, {"type": "Feature", "properties": {"highway": "residential", "osm_id": 930961837, "osm_type": "way"}, "geometry": {"type": "LineString", "coordinates": [[-51.1371209, -29.7637333], [-51.1367963, -29.7638547], [-51.1365192, -29.7640979]]}}, {"type": "Feature", "properties": {"highway": "residential", "osm_id": 930961838, "osm_type": "way"}, "geometry": {"type": "LineString", "coordinates": [[-51.1347538, -29.765169], [-51.1344454, -29.7651713]]}}, {"type": "Feature", "properties": {"highway": "residential", "osm_id": 930961839, "osm_type": "way"}, "geometry": {"type": "LineString", "coordinates": [[-51.1356255, -29.7651783], [-51.1347538, -29.765169], [-51.1349014, -29.7660701], [-51.1349255, -29.7661632], [-51.1349429, -29.7662319], [-51.1364785, -29.7660235]]}}, {"type": "Feature", "properties": {"highway": "residential", "osm_id": 930961840, "osm_type": "way"}, "geometry": {"type": "LineString", "coordinates": [[-51.1364222, -29.765169], [-51.1357436, -29.7651769], [-51.1356255, -29.7651783]]}}, {"type": "Feature", "properties": {"highway": "residential", "osm_id": 930961841, "osm_type": "way"}, "geometry": {"type": "LineString", "coordinates": [[-51.1365255, -29.7636207], [-51.1365192, -29.7640979], [-51.1365111, -29.764601], [-51.1365053, -29.7649641], [-51.1364222, -29.765169], [-51.1362425, -29.765339], [-51.1358348, -29.7655369]]}}, {"type": "Feature", "properties": {"highway": "residential", "osm_id": 930961842, "osm_type": "way"}, "geometry": {"type": "LineString", "coordinates": [[-51.1372885, -29.763765], [-51.1371209, -29.7637333], [-51.1365255, -29.7636207], [-51.135934, -29.7635089]]}}, {"type": "Feature", "properties": {"highway": "residential", "lanes": "2", "name": "Rua São Paulo", "oneway": "yes", "surface": "asphalt", "osm_id": 930964931, "osm_type": "way"}, "geometry": {"type": "LineString", "coordinates": [[-51.1417893, -29.769105], [-51.1416845, -29.7690451], [-51.1416369, -29.7688881], [-51.1418871, -29.7679208], [-51.1419126, -29.7678244]]}}, {"type": "Feature", "properties": {"access": "private", "highway": "service", "oneway": "yes", "service": "driveway", "osm_id": 930964932, "osm_type": "way"}, "geometry": {"type": "LineString", "coordinates": [[-51.1390099, -29.7653012], [-51.1391004, -29.7667709]]}}, {"type": "Feature", "properties": {"highway": "residential", "maxheight": "default", "oneway": "yes", "source": "Bing", "osm_id": 930964933, "osm_type": "way"}, "geometry": {"type": "LineString", "coordinates": [[-51.1522731, -29.7603788], [-51.1523054, -29.7604262], [-51.1523321, -29.7604479], [-51.1523618, -29.7604599], [-51.1524068, -29.7604615], [-51.1526924, -29.7604505]]}}, {"type": "Feature", "properties": {"alt_name": "Travessa A", "highway": "secondary", "maxspeed": "50", "name": "Avenida João Corrêa", "oneway": "yes", "osm_id": 930964934, "osm_type": "way"}, "geometry": {"type": "LineString", "coordinates": [[-51.1592543, -29.7710325], [-51.1569229, -29.7723792], [-51.1561986, -29.7727507], [-51.1560441, -29.7727931], [-51.1559258, -29.772787]]}}, {"type": "Feature", "properties": {"highway": "secondary", "maxspeed": "50", "name": "Avenida João Corrêa", "oneway": "yes", "osm_id": 930964935, "osm_type": "way"}, "geometry": {"type": "LineString", "coordinates": [[-51.1558762, -29.7725996], [-51.1560872, -29.772522], [-51.1564412, -29.7723264], [-51.1576663, -29.7715848], [-51.1591101, -29.7706898]]}}, {"type": "Feature", "properties": {"highway": "residential", "name": "Rua Presidente Roosevelt", "oneway": "yes", "source:name": "survey", "osm_id": 930974480, "osm_type": "way"}, "geometry": {"type": "LineString", "coordinates": [[-51.153477, -29.7671725], [-51.1526924, -29.7670293]]}}, {"type": "Feature", "properties": {"highway": "residential", "name": "Rua Presidente Roosevelt", "oneway": "yes", "source:name": "survey", "osm_id": 930974481, "osm_type": "way"}, "geometry": {"type": "LineString", "coordinates": [[-51.1526924, -29.7670293], [-51.1518576, -29.7668908]]}}, {"type": "Feature", "properties": {"highway": "residential", "name": "Rua São Caetano", "osm_id": 930974482, "osm_type": "way"}, "geometry": {"type": "LineString", "coordinates": [[-51.1544171, -29.7710316], [-51.155262, -29.770843]]}}, {"type": "Feature", "properties": {"highway": "residential", "maxheight": "default", "name": "Avenida João Alberto", "oneway": "yes", "osm_id": 930974483, "osm_type": "way"}, "geometry": {"type": "LineString", "coordinates": [[-51.1549965, -29.7748544], [-51.1554802, -29.774578]]}}, {"type": "Feature", "properties": {"alt_name": "Rua 21 de Agosto", "highway": "residential", "name": "Rua Vinte e Um de Agosto", "oneway": "yes", "osm_id": 930974484, "osm_type": "way"}, "geometry": {"type": "LineString", "coordinates": [[-51.1513432, -29.7725682], [-51.1520755, -29.7721934]]}}, {"type": "Feature", "properties": {"alt_name": "Rua 21 de Agosto", "highway": "residential", "name": "Rua Vinte e Um de Agosto", "oneway": "yes", "osm_id": 930974485, "osm_type": "way"}, "geometry": {"type": "LineString", "coordinates": [[-51.1505923, -29.7729477], [-51.1512754, -29.7726024], [-51.1513432, -29.7725682]]}}, {"type": "Feature", "properties": {"highway": "residential", "osm_id": 930981737, "osm_type": "way"}, "geometry": {"type": "LineString", "coordinates": [[-51.1548257, -29.7618227], [-51.1547829, -29.7619339]]}}, {"type": "Feature", "properties": {"highway": "residential", "osm_id": 930981738, "osm_type": "way"}, "geometry": {"type": "LineString", "coordinates": [[-51.1555841, -29.7619398], [-51.1555492, -29.762047]]}}, {"type": "Feature", "properties": {"highway": "residential", "osm_id": 930981739, "osm_type": "way"}, "geometry": {"type": "LineString", "coordinates": [[-51.156481, -29.7620726], [-51.1564536, -29.7621831]]}}, {"type": "Feature", "properties": {"highway": "residential", "name": "Avenida Dom João Becker", "oneway": "yes", "osm_id": 930981740, "osm_type": "way"}, "geometry": {"type": "LineString", "coordinates": [[-51.1540233, -29.7616981], [-51.1548257, -29.7618227], [-51.1555841, -29.7619398], [-51.156481, -29.7620726], [-51.1575192, -29.7622993], [-51.1579885, -29.7624137], [-51.1583011, -29.7624908], [-51.1584688, -29.7625294], [-51.1585468, -29.7625987], [-51.1585578, -29.762664]]}}, {"type": "Feature", "properties": {"highway": "tertiary", "lanes": "2", "name": "Rua Bento Gonçalves", "oneway": "yes", "surface": "asphalt", "osm_id": 930992716, "osm_type": "way"}, "geometry": {"type": "LineString", "coordinates": [[-51.1464416, -29.7711876], [-51.1464161, -29.771311]]}}, {"type": "Feature", "properties": {"alt_name": "Rua 1º de Março;Rua 1 de Março;Avenida Primeiro de Março", "highway": "tertiary", "lanes": "2", "name": "Rua Primeiro de Março", "oneway": "yes", "surface": "asphalt", "osm_id": 930992717, "osm_type": "way"}, "geometry": {"type": "LineString", "coordinates": [[-51.1454129, -29.7711783], [-51.1454317, -29.7711241], [-51.1454532, -29.7710549]]}}, {"type": "Feature", "properties": {"highway": "service", "service": "parking_aisle", "osm_id": 930996001, "osm_type": "way"}, "geometry": {"type": "LineString", "coordinates": [[-51.1494049, -29.7621575], [-51.1490111, -29.7620746]]}}, {"type": "Feature", "properties": {"highway": "service", "osm_id": 930996002, "osm_type": "way"}, "geometry": {"type": "LineString", "coordinates": [[-51.1493665, -29.7623051], [-51.149375, -29.7622723], [-51.1494049, -29.7621575], [-51.1495355, -29.7616555]]}}, {"type": "Feature", "properties": {"highway": "residential", "maxheight": "below_default", "osm_id": 931298578, "osm_type": "way"}, "geometry": {"type": "LineString", "coordinates": [[-51.1444173, -29.7415228], [-51.1439401, -29.7415745]]}}, {"type": "Feature", "properties": {"highway": "residential", "name": "Rua Paraná", "osm_id": 931342262, "osm_type": "way"}, "geometry": {"type": "LineString", "coordinates": [[-51.1524563, -29.7411685], [-51.152538, -29.7420979]]}}, {"type": "Feature", "properties": {"highway": "primary", "name": "Avenida Mauá", "oneway": "yes", "source": "survey", "surface": "asphalt", "osm_id": 931345588, "osm_type": "way"}, "geometry": {"type": "LineString", "coordinates": [[-51.1427398, -29.755201], [-51.1427809, -29.7550324]]}}, {"type": "Feature", "properties": {"highway": "residential", "osm_id": 932875008, "osm_type": "way"}, "geometry": {"type": "LineString", "coordinates": [[-51.1497941, -29.7452172], [-51.1489883, -29.7456323], [-51.1477551, -29.7461859]]}}, {"type": "Feature", "properties": {"highway": "residential", "osm_id": 935414378, "osm_type": "way"}, "geometry": {"type": "LineString", "coordinates": [[-51.1327489, -29.7372588], [-51.1329907, -29.7369997]]}}, {"type": "Feature", "properties": {"highway": "residential", "osm_id": 935792352, "osm_type": "way"}, "geometry": {"type": "LineString", "coordinates": [[-51.1675867, -29.774873], [-51.1679462, -29.7746798], [-51.167981, -29.7746799], [-51.1680079, -29.7747008], [-51.1681682, -29.7749067]]}}, {"type": "Feature", "properties": {"highway": "residential", "osm_id": 935792353, "osm_type": "way"}, "geometry": {"type": "LineString", "coordinates": [[-51.1681722, -29.7691145], [-51.1679912, -29.7685785]]}}, {"type": "Feature", "properties": {"highway": "residential", "osm_id": 935792354, "osm_type": "way"}, "geometry": {"type": "LineString", "coordinates": [[-51.1690968, -29.7678303], [-51.1689785, -29.7678701], [-51.1688554, -29.7678978], [-51.1687742, -29.7679033], [-51.1686656, -29.7679015], [-51.1685783, -29.7678822], [-51.1684316, -29.7678512]]}}, {"type": "Feature", "properties": {"highway": "residential", "osm_id": 935792355, "osm_type": "way"}, "geometry": {"type": "LineString", "coordinates": [[-51.1693865, -29.7680876], [-51.1692739, -29.7680072], [-51.1690968, -29.7678303], [-51.1689708, -29.767658]]}}, {"type": "Feature", "properties": {"highway": "residential", "osm_id": 935792356, "osm_type": "way"}, "geometry": {"type": "LineString", "coordinates": [[-51.1723944, -29.769735], [-51.1727151, -29.7695939]]}}, {"type": "Feature", "properties": {"highway": "residential", "osm_id": 935792357, "osm_type": "way"}, "geometry": {"type": "LineString", "coordinates": [[-51.1743552, -29.771843], [-51.1743841, -29.7718098], [-51.1743888, -29.7717766], [-51.1741193, -29.7714344], [-51.1738484, -29.7710793], [-51.1736284, -29.7707871], [-51.1732717, -29.7703378], [-51.1727151, -29.7695939], [-51.1722444, -29.768956], [-51.1717133, -29.768261], [-51.1709636, -29.7673017]]}}, {"type": "Feature", "properties": {"highway": "residential", "osm_id": 935798471, "osm_type": "way"}, "geometry": {"type": "LineString", "coordinates": [[-51.1330554, -29.7363611], [-51.1333785, -29.7359453], [-51.1333805, -29.7359191], [-51.1333573, -29.7359045]]}}, {"type": "Feature", "properties": {"highway": "residential", "osm_id": 935798473, "osm_type": "way"}, "geometry": {"type": "LineString", "coordinates": [[-51.1327653, -29.7397406], [-51.1327288, -29.7399057], [-51.1326885, -29.7400745], [-51.1326811, -29.7401659], [-51.1326865, -29.7402271], [-51.1326865, -29.7402515], [-51.1326718, -29.7402937], [-51.1326203, -29.7403556]]}}, {"type": "Feature", "properties": {"highway": "residential", "osm_id": 935798474, "osm_type": "way"}, "geometry": {"type": "LineString", "coordinates": [[-51.1320578, -29.7398267], [-51.132085, -29.7392815]]}}, {"type": "Feature", "properties": {"highway": "service", "osm_id": 936206726, "osm_type": "way"}, "geometry": {"type": "LineString", "coordinates": [[-51.1688946, -29.7666395], [-51.1690325, -29.7667336]]}}, {"type": "Feature", "properties": {"highway": "service", "osm_id": 936206727, "osm_type": "way"}, "geometry": {"type": "LineString", "coordinates": [[-51.1689466, -29.7665916], [-51.1688946, -29.7666395], [-51.1687294, -29.7667918], [-51.1686409, -29.7669572], [-51.1686516, -29.7671108], [-51.168716, -29.7671737], [-51.1688796, -29.7672109], [-51.1690298, -29.767169], [-51.1691451, -29.767034], [-51.1691585, -29.7668803], [-51.1690325, -29.7667336]]}}, {"type": "Feature", "properties": {"highway": "service", "osm_id": 936206728, "osm_type": "way"}, "geometry": {"type": "LineString", "coordinates": [[-51.1679354, -29.7664705], [-51.1682037, -29.7664659]]}}, {"type": "Feature", "properties": {"highway": "service", "osm_id": 936206729, "osm_type": "way"}, "geometry": {"type": "LineString", "coordinates": [[-51.1676219, -29.7662347], [-51.1677906, -29.766396], [-51.1679354, -29.7664705], [-51.168099, -29.7666754], [-51.1682358, -29.7666801], [-51.1683136, -29.7665986], [-51.1683029, -29.7665148], [-51.1682037, -29.7664659]]}}, {"type": "Feature", "properties": {"highway": "service", "osm_id": 936206730, "osm_type": "way"}, "geometry": {"type": "LineString", "coordinates": [[-51.1691218, -29.7664466], [-51.1690593, -29.7665008], [-51.1689466, -29.7665916], [-51.1683458, -29.7660258], [-51.1682384, -29.7658707]]}}, {"type": "Feature", "properties": {"highway": "service", "osm_id": 936206731, "osm_type": "way"}, "geometry": {"type": "LineString", "coordinates": [[-51.1667218, -29.7662349], [-51.1667177, -29.7661376], [-51.1666802, -29.7660561], [-51.1663958, -29.7657301], [-51.1662751, -29.7655928], [-51.1662135, -29.765474], [-51.1661705, -29.7652575]]}}, {"type": "Feature", "properties": {"highway": "residential", "osm_id": 936206732, "osm_type": "way"}, "geometry": {"type": "LineString", "coordinates": [[-51.1573474, -29.7686719], [-51.1571337, -29.7683639]]}}, {"type": "Feature", "properties": {"highway": "service", "osm_id": 936206733, "osm_type": "way"}, "geometry": {"type": "LineString", "coordinates": [[-51.1579523, -29.7639839], [-51.1578561, -29.7643866], [-51.1577725, -29.7647988]]}}, {"type": "Feature", "properties": {"access": "private", "highway": "service", "oneway": "yes", "osm_id": 936234213, "osm_type": "way"}, "geometry": {"type": "LineString", "coordinates": [[-51.15876, -29.7656122], [-51.158831, -29.7656112], [-51.1589326, -29.7656277]]}}, {"type": "Feature", "properties": {"access": "private", "highway": "service", "oneway": "yes", "osm_id": 936234215, "osm_type": "way"}, "geometry": {"type": "LineString", "coordinates": [[-51.1589326, -29.7656277], [-51.1588562, -29.7656807], [-51.1587684, -29.7656958]]}}, {"type": "Feature", "properties": {"highway": "tertiary", "name": "Avenida Tomaz Edison", "osm_id": 936283140, "osm_type": "way"}, "geometry": {"type": "LineString", "coordinates": [[-51.160642, -29.7750592], [-51.1603314, -29.7742613], [-51.1600657, -29.7735556], [-51.1598299, -29.7729518]]}}, {"type": "Feature", "properties": {"highway": "residential", "maxheight": "default", "name": "Rua Brasil", "oneway": "yes", "osm_id": 936313765, "osm_type": "way"}, "geometry": {"type": "LineString", "coordinates": [[-51.1532352, -29.7630908], [-51.1536446, -29.7631608]]}}, {"type": "Feature", "properties": {"access": "private", "highway": "service", "service": "driveway", "osm_id": 936313766, "osm_type": "way"}, "geometry": {"type": "LineString", "coordinates": [[-51.1384418, -29.7653553], [-51.1382461, -29.7653658], [-51.1375878, -29.7654029], [-51.1373784, -29.7654193]]}}, {"type": "Feature", "properties": {"access": "private", "highway": "service", "oneway": "yes", "service": "driveway", "osm_id": 936313767, "osm_type": "way"}, "geometry": {"type": "LineString", "coordinates": [[-51.1384418, -29.7653553], [-51.1390099, -29.7653012]]}}, {"type": "Feature", "properties": {"highway": "residential", "name": "Rua São Miguel", "oneway": "yes", "source": "Yahoo; survey", "osm_id": 936314735, "osm_type": "way"}, "geometry": {"type": "LineString", "coordinates": [[-51.1402684, -29.7688291], [-51.1395201, -29.7686615]]}}, {"type": "Feature", "properties": {"alt_name": "Rua Doutor Mário Sperb", "highway": "tertiary", "lanes": "2", "name": "Avenida Doutor Mário Sperb", "surface": "asphalt", "osm_id": 936314736, "osm_type": "way"}, "geometry": {"type": "LineString", "coordinates": [[-51.138517, -29.7774665], [-51.1390749, -29.7782301], [-51.1393592, -29.7788378], [-51.1394505, -29.7791331]]}}, {"type": "Feature", "properties": {"highway": "residential", "name": "Avenida João Alberto", "oneway": "yes", "osm_id": 936315789, "osm_type": "way"}, "geometry": {"type": "LineString", "coordinates": [[-51.1554802, -29.774578], [-51.1560854, -29.7742608]]}}, {"type": "Feature", "properties": {"highway": "primary", "maxheight": "default", "name": "Avenida Mauá", "oneway": "yes", "osm_id": 936315790, "osm_type": "way"}, "geometry": {"type": "LineString", "coordinates": [[-51.1425403, -29.7716276], [-51.1421544, -29.7708936], [-51.1420602, -29.770715]]}}, {"type": "Feature", "properties": {"highway": "service", "osm_id": 936318154, "osm_type": "way"}, "geometry": {"type": "LineString", "coordinates": [[-51.1552947, -29.7668638], [-51.155156, -29.7674612]]}}, {"type": "Feature", "properties": {"alt_name": "Rua Rincao Vianna", "highway": "secondary", "name": "Rua Rincão dos Viannas", "note": "IBGE says \"Viana\"; IBGE street names excludes \"dos\" and says \"Vianna\"", "surface": "unpaved", "osm_id": 936716595, "osm_type": "way"}, "geometry": {"type": "LineString", "coordinates": [[-51.1695934, -29.7653207], [-51.1697365, -29.765346]]}}, {"type": "Feature", "properties": {"highway": "secondary", "maxspeed": "50", "name": "Avenida João Corrêa", "surface": "unpaved", "osm_id": 936716596, "osm_type": "way"}, "geometry": {"type": "LineString", "coordinates": [[-51.1695934, -29.7653207], [-51.1694013, -29.7653328], [-51.1692107, -29.7653505], [-51.169063, -29.7653937]]}}, {"type": "Feature", "properties": {"highway": "residential", "name": "Rua Affonso Link", "osm_id": 937006747, "osm_type": "way"}, "geometry": {"type": "LineString", "coordinates": [[-51.1717766, -29.768933], [-51.1723944, -29.769735]]}}, {"type": "Feature", "properties": {"alt_name": "Rua Manoel Monteiro do Nascimento", "highway": "tertiary", "name": "Rua Manuel Monteiro do Nascimento", "osm_id": 937006748, "osm_type": "way"}, "geometry": {"type": "LineString", "coordinates": [[-51.1554042, -29.7712272], [-51.1560586, -29.7709268], [-51.1581167, -29.7699475], [-51.1585837, -29.76967], [-51.1587049, -29.7695917]]}}, {"type": "Feature", "properties": {"highway": "residential", "osm_id": 937017235, "osm_type": "way"}, "geometry": {"type": "LineString", "coordinates": [[-51.1579885, -29.7624137], [-51.1579406, -29.7625335]]}}, {"type": "Feature", "properties": {"highway": "residential", "name": "Avenida João Alberto", "oneway": "yes", "osm_id": 937017236, "osm_type": "way"}, "geometry": {"type": "LineString", "coordinates": [[-51.1596137, -29.7723693], [-51.159611, -29.772342], [-51.1596092, -29.7723241], [-51.1596166, -29.772297], [-51.1596336, -29.772281], [-51.1596568, -29.7722673], [-51.1596819, -29.7722596], [-51.1597031, -29.7722591], [-51.1597331, -29.7722694], [-51.1597552, -29.7722801], [-51.159776, -29.7722971]]}}, {"type": "Feature", "properties": {"highway": "residential", "name": "Avenida João Alberto", "osm_id": 937017237, "osm_type": "way"}, "geometry": {"type": "LineString", "coordinates": [[-51.159776, -29.7722971], [-51.1621218, -29.7710451], [-51.1630545, -29.7705546]]}}, {"type": "Feature", "properties": {"highway": "residential", "name": "Avenida João Alberto", "oneway": "yes", "osm_id": 937017238, "osm_type": "way"}, "geometry": {"type": "LineString", "coordinates": [[-51.159776, -29.7722971], [-51.1597712, -29.7723489], [-51.1597674, -29.7723697], [-51.1597564, -29.772386], [-51.1597332, -29.7723988], [-51.1597078, -29.7724099], [-51.1596836, -29.7724105], [-51.1596629, -29.7724052], [-51.1596367, -29.772393], [-51.1596137, -29.7723693]]}}, {"type": "Feature", "properties": {"highway": "service", "osm_id": 944120330, "osm_type": "way"}, "geometry": {"type": "LineString", "coordinates": [[-51.1256615, -29.7791408], [-51.1250065, -29.7787425], [-51.1240733, -29.7780811]]}}, {"type": "Feature", "properties": {"highway": "service", "osm_id": 944141477, "osm_type": "way"}, "geometry": {"type": "LineString", "coordinates": [[-51.1251649, -29.7781324], [-51.125358, -29.7782953], [-51.125358, -29.7783442], [-51.1250065, -29.7787425]]}}, {"type": "Feature", "properties": {"highway": "residential", "osm_id": 944171579, "osm_type": "way"}, "geometry": {"type": "LineString", "coordinates": [[-51.135934, -29.782353], [-51.1359175, -29.7829187]]}}, {"type": "Feature", "properties": {"highway": "residential", "osm_id": 944171580, "osm_type": "way"}, "geometry": {"type": "LineString", "coordinates": [[-51.1365509, -29.7823856], [-51.1365285, -29.7829525]]}}, {"type": "Feature", "properties": {"highway": "residential", "osm_id": 944171581, "osm_type": "way"}, "geometry": {"type": "LineString", "coordinates": [[-51.1349076, -29.7828626], [-51.135132, -29.7829431], [-51.1351991, -29.782942], [-51.1352675, -29.7829327], [-51.1353278, -29.7829117], [-51.1354029, -29.7829047], [-51.1359175, -29.7829187], [-51.1365285, -29.7829525], [-51.1367145, -29.7829652]]}}, {"type": "Feature", "properties": {"access": "private", "highway": "residential", "osm_id": 944171582, "osm_type": "way"}, "geometry": {"type": "LineString", "coordinates": [[-51.1376198, -29.7819514], [-51.1370458, -29.7818583], [-51.1369224, -29.7817861], [-51.1360413, -29.7812472]]}}, {"type": "Feature", "properties": {"access": "private", "highway": "residential", "osm_id": 944171583, "osm_type": "way"}, "geometry": {"type": "LineString", "coordinates": [[-51.137089, -29.7817125], [-51.1370847, -29.7817291], [-51.1370458, -29.7818583]]}}, {"type": "Feature", "properties": {"highway": "service", "osm_id": 944171584, "osm_type": "way"}, "geometry": {"type": "LineString", "coordinates": [[-51.1294402, -29.776857], [-51.1295074, -29.7769008], [-51.1302692, -29.7773269]]}}, {"type": "Feature", "properties": {"highway": "residential", "osm_id": 944181583, "osm_type": "way"}, "geometry": {"type": "LineString", "coordinates": [[-51.1319325, -29.781254], [-51.1314265, -29.7812763], [-51.1312049, -29.7812452]]}}, {"type": "Feature", "properties": {"highway": "service", "osm_id": 944198653, "osm_type": "way"}, "geometry": {"type": "LineString", "coordinates": [[-51.1280944, -29.7767917], [-51.1279316, -29.7767565], [-51.1277063, -29.7767227], [-51.1275749, -29.7766785], [-51.1274255, -29.7765293]]}}, {"type": "Feature", "properties": {"highway": "service", "osm_id": 944198654, "osm_type": "way"}, "geometry": {"type": "LineString", "coordinates": [[-51.1355841, -29.7787964], [-51.1355786, -29.7788424], [-51.1355719, -29.7792847]]}}, {"type": "Feature", "properties": {"highway": "tertiary", "name": "Rua Germano Lang", "oneway": "yes", "osm_id": 944511314, "osm_type": "way"}, "geometry": {"type": "LineString", "coordinates": [[-51.1319652, -29.7808896], [-51.1321865, -29.7806378], [-51.132402, -29.7805711], [-51.1326574, -29.7805416], [-51.1329809, -29.7805511]]}}, {"type": "Feature", "properties": {"highway": "tertiary", "name": "Rua Germano Lang", "oneway": "yes", "osm_id": 944511315, "osm_type": "way"}, "geometry": {"type": "LineString", "coordinates": [[-51.1329809, -29.7805511], [-51.1326161, -29.780621], [-51.1323224, -29.7807153], [-51.1319652, -29.7808896]]}}, {"type": "Feature", "properties": {"alt_name": "Rua Norberto Vasconcelos", "highway": "residential", "name": "Rua Norberto Vsconcelos", "osm_id": 944516606, "osm_type": "way"}, "geometry": {"type": "LineString", "coordinates": [[-51.1321865, -29.7806378], [-51.1322576, -29.7805168], [-51.132338, -29.7803906], [-51.1327152, -29.779822], [-51.1332464, -29.7789912]]}}, {"type": "Feature", "properties": {"highway": "residential", "name": "Rua Olavo Bilac", "oneway": "yes", "source": "Yahoo; Bing", "osm_id": 944523657, "osm_type": "way"}, "geometry": {"type": "LineString", "coordinates": [[-51.1310852, -29.7809068], [-51.1310725, -29.7808037], [-51.1310698, -29.7806775], [-51.1310839, -29.7805364], [-51.1311498, -29.7804699], [-51.1311941, -29.7804308], [-51.1313741, -29.7803133]]}}, {"type": "Feature", "properties": {"highway": "residential", "name": "Rua Olavo Bilac", "source": "Yahoo; Bing", "osm_id": 944523658, "osm_type": "way"}, "geometry": {"type": "LineString", "coordinates": [[-51.1310839, -29.7805364], [-51.1302227, -29.7808032], [-51.1294998, -29.7810259]]}}, {"type": "Feature", "properties": {"highway": "service", "osm_id": 944540946, "osm_type": "way"}, "geometry": {"type": "LineString", "coordinates": [[-51.1344638, -29.7706209], [-51.1343944, -29.7705648], [-51.1343689, -29.7705112], [-51.1343615, -29.7702716]]}}, {"type": "Feature", "properties": {"highway": "service", "osm_id": 944540947, "osm_type": "way"}, "geometry": {"type": "LineString", "coordinates": [[-51.1295611, -29.7767285], [-51.1293907, -29.7761139], [-51.1293344, -29.7759766], [-51.129294, -29.7759239], [-51.1292452, -29.7758981]]}}, {"type": "Feature", "properties": {"highway": "service", "osm_id": 944540948, "osm_type": "way"}, "geometry": {"type": "LineString", "coordinates": [[-51.1296582, -29.7754875], [-51.1296724, -29.7755633], [-51.1298963, -29.7763933]]}}, {"type": "Feature", "properties": {"highway": "service", "osm_id": 944540949, "osm_type": "way"}, "geometry": {"type": "LineString", "coordinates": [[-51.1299817, -29.7751813], [-51.1300085, -29.7752348], [-51.1300546, -29.7753689], [-51.1302236, -29.7760697]]}}, {"type": "Feature", "properties": {"highway": "residential", "osm_id": 944542841, "osm_type": "way"}, "geometry": {"type": "LineString", "coordinates": [[-51.1249061, -29.7756716], [-51.1248149, -29.7756565], [-51.1247733, -29.7756437], [-51.1247291, -29.7755983], [-51.1245145, -29.7753259], [-51.1242315, -29.774951], [-51.1241953, -29.774915], [-51.1241403, -29.7749045], [-51.1240652, -29.7749196], [-51.1240076, -29.7749778], [-51.12397, -29.7750709], [-51.1239995, -29.7752805], [-51.1240546, -29.7756361]]}}, {"type": "Feature", "properties": {"highway": "residential", "osm_id": 944546783, "osm_type": "way"}, "geometry": {"type": "LineString", "coordinates": [[-51.1173785, -29.7691513], [-51.1182471, -29.7691714]]}}, {"type": "Feature", "properties": {"access": "private", "highway": "service", "osm_id": 944580184, "osm_type": "way"}, "geometry": {"type": "LineString", "coordinates": [[-51.1240237, -29.7668596], [-51.1237205, -29.7668163]]}}, {"type": "Feature", "properties": {"access": "private", "highway": "service", "service": "parking_aisle", "osm_id": 944580185, "osm_type": "way"}, "geometry": {"type": "LineString", "coordinates": [[-51.1240853, -29.7661193], [-51.1244836, -29.7661492]]}}, {"type": "Feature", "properties": {"access": "private", "highway": "service", "oneway": "yes", "osm_id": 944580187, "osm_type": "way"}, "geometry": {"type": "LineString", "coordinates": [[-51.1219436, -29.7662517], [-51.122127, -29.7659569]]}}, {"type": "Feature", "properties": {"access": "private", "highway": "service", "oneway": "yes", "osm_id": 944580188, "osm_type": "way"}, "geometry": {"type": "LineString", "coordinates": [[-51.122202, -29.7659309], [-51.1220643, -29.7662447]]}}, {"type": "Feature", "properties": {"access": "private", "highway": "service", "osm_id": 944580189, "osm_type": "way"}, "geometry": {"type": "LineString", "coordinates": [[-51.122818, -29.767481], [-51.1218309, -29.7673553]]}}, {"type": "Feature", "properties": {"access": "private", "highway": "service", "osm_id": 944580190, "osm_type": "way"}, "geometry": {"type": "LineString", "coordinates": [[-51.1226866, -29.7682517], [-51.121674, -29.7681457], [-51.1215931, -29.7681385]]}}, {"type": "Feature", "properties": {"access": "private", "highway": "service", "osm_id": 944580191, "osm_type": "way"}, "geometry": {"type": "LineString", "coordinates": [[-51.1208157, -29.7680189], [-51.1215931, -29.7681385]]}}, {"type": "Feature", "properties": {"access": "private", "highway": "service", "osm_id": 944580192, "osm_type": "way"}, "geometry": {"type": "LineString", "coordinates": [[-51.1209713, -29.7669153], [-51.1208922, -29.7674764], [-51.1208157, -29.7680189], [-51.1207084, -29.7686382], [-51.1214765, -29.7687679]]}}, {"type": "Feature", "properties": {"access": "private", "highway": "service", "osm_id": 944580193, "osm_type": "way"}, "geometry": {"type": "LineString", "coordinates": [[-51.1230565, -29.7662229], [-51.1229521, -29.7666615], [-51.122818, -29.767481], [-51.1226866, -29.7682517], [-51.1226034, -29.7685148], [-51.1224103, -29.7687266], [-51.122075, -29.7688896], [-51.1214876, -29.7691364]]}}, {"type": "Feature", "properties": {"access": "private", "highway": "service", "osm_id": 944580194, "osm_type": "way"}, "geometry": {"type": "LineString", "coordinates": [[-51.120683, -29.7670154], [-51.1209713, -29.7669153], [-51.1218932, -29.7665887], [-51.1219795, -29.7665616], [-51.1230565, -29.7662229], [-51.123282, -29.7661539]]}}, {"type": "Feature", "properties": {"highway": "service", "osm_id": 944608588, "osm_type": "way"}, "geometry": {"type": "LineString", "coordinates": [[-51.1314054, -29.7783445], [-51.1314034, -29.7783873]]}}, {"type": "Feature", "properties": {"highway": "service", "service": "parking_aisle", "osm_id": 944608589, "osm_type": "way"}, "geometry": {"type": "LineString", "coordinates": [[-51.1314054, -29.7783445], [-51.1313618, -29.7782945], [-51.1313206, -29.778236], [-51.1313072, -29.7781766], [-51.1313193, -29.7780066]]}}, {"type": "Feature", "properties": {"highway": "service", "osm_id": 944608590, "osm_type": "way"}, "geometry": {"type": "LineString", "coordinates": [[-51.131444, -29.777647], [-51.1314306, -29.7779612], [-51.1314054, -29.7783445]]}}, {"type": "Feature", "properties": {"alt_name": "Rua Tharsilo Nunes", "highway": "secondary", "lanes": "1", "maxspeed": "40", "name": "Avenida Tharcillo Nunes", "oneway": "yes", "surface": "asphalt", "osm_id": 944608591, "osm_type": "way"}, "geometry": {"type": "LineString", "coordinates": [[-51.1262817, -29.7783083], [-51.1263694, -29.7783328], [-51.1264556, -29.7783735]]}}, {"type": "Feature", "properties": {"alt_name": "Rua Tharsilo Nunes", "highway": "secondary", "lanes": "1", "maxspeed": "40", "name": "Avenida Tharcillo Nunes", "oneway": "yes", "source": "Yahoo;survey", "surface": "asphalt", "osm_id": 944608592, "osm_type": "way"}, "geometry": {"type": "LineString", "coordinates": [[-51.1263767, -29.7784492], [-51.126327, -29.7783874], [-51.126324, -29.7783818], [-51.1262817, -29.7783083]]}}, {"type": "Feature", "properties": {"foot": "no", "highway": "secondary", "name": "Rua Henrique Scherer", "oneway": "yes", "osm_id": 944608593, "osm_type": "way"}, "geometry": {"type": "LineString", "coordinates": [[-51.1264556, -29.7783735], [-51.1264999, -29.7784129], [-51.1265168, -29.778428]]}}, {"type": "Feature", "properties": {"foot": "no", "highway": "secondary", "name": "Rua Henrique Scherer", "oneway": "yes", "osm_id": 944608594, "osm_type": "way"}, "geometry": {"type": "LineString", "coordinates": [[-51.1265168, -29.778428], [-51.126571, -29.7784783]]}}, {"type": "Feature", "properties": {"foot": "no", "highway": "secondary", "name": "Rua Henrique Scherer", "oneway": "yes", "source": "Yahoo;survey", "osm_id": 944608595, "osm_type": "way"}, "geometry": {"type": "LineString", "coordinates": [[-51.1264904, -29.7785572], [-51.1264485, -29.7785161]]}}, {"type": "Feature", "properties": {"alt_name": "Rua Três de Maio", "highway": "residential", "name": "Rua 3 de Maio", "source": "Yahoo", "osm_id": 944609924, "osm_type": "way"}, "geometry": {"type": "LineString", "coordinates": [[-51.1186268, -29.7650247], [-51.1185972, -29.7649283], [-51.1185263, -29.7646423], [-51.1185037, -29.7645514], [-51.1183883, -29.7635825]]}}, {"type": "Feature", "properties": {"alt_name": "Rua Três de Maio", "highway": "residential", "name": "Rua 3 de Maio", "source": "Yahoo", "osm_id": 944609925, "osm_type": "way"}, "geometry": {"type": "LineString", "coordinates": [[-51.1186268, -29.7650247], [-51.1190502, -29.7650607]]}}, {"type": "Feature", "properties": {"highway": "service", "osm_id": 944616531, "osm_type": "way"}, "geometry": {"type": "LineString", "coordinates": [[-51.1365111, -29.764601], [-51.1359286, -29.7646102]]}}, {"type": "Feature", "properties": {"highway": "service", "osm_id": 944616532, "osm_type": "way"}, "geometry": {"type": "LineString", "coordinates": [[-51.1365192, -29.7640979], [-51.1358817, -29.7640945]]}}, {"type": "Feature", "properties": {"highway": "service", "osm_id": 944616534, "osm_type": "way"}, "geometry": {"type": "LineString", "coordinates": [[-51.1304232, -29.7745446], [-51.1303731, -29.7744976], [-51.1298615, -29.774142]]}}, {"type": "Feature", "properties": {"highway": "service", "osm_id": 944616535, "osm_type": "way"}, "geometry": {"type": "LineString", "coordinates": [[-51.1346683, -29.7677458], [-51.1343595, -29.7669013], [-51.1342201, -29.7667546], [-51.1340833, -29.7664682], [-51.1338472, -29.7664007], [-51.1335254, -29.7663611]]}}, {"type": "Feature", "properties": {"highway": "service", "osm_id": 944616536, "osm_type": "way"}, "geometry": {"type": "LineString", "coordinates": [[-51.1207795, -29.7609546], [-51.121324, -29.7610059]]}}, {"type": "Feature", "properties": {"highway": "service", "osm_id": 944616537, "osm_type": "way"}, "geometry": {"type": "LineString", "coordinates": [[-51.1211228, -29.7607404], [-51.1212999, -29.760759]]}}, {"type": "Feature", "properties": {"highway": "service", "osm_id": 944616538, "osm_type": "way"}, "geometry": {"type": "LineString", "coordinates": [[-51.1208144, -29.7607171], [-51.1211228, -29.7607404], [-51.1211389, -29.7604703]]}}, {"type": "Feature", "properties": {"highway": "service", "osm_id": 944616539, "osm_type": "way"}, "geometry": {"type": "LineString", "coordinates": [[-51.1205674, -29.7611463], [-51.1205918, -29.7609535], [-51.1207795, -29.7609546], [-51.1208144, -29.7607171], [-51.1208493, -29.7604703]]}}, {"type": "Feature", "properties": {"highway": "service", "osm_id": 944616540, "osm_type": "way"}, "geometry": {"type": "LineString", "coordinates": [[-51.1201841, -29.7606682], [-51.1198542, -29.7606543], [-51.1198193, -29.7606286], [-51.119822, -29.760326]]}}, {"type": "Feature", "properties": {"highway": "service", "osm_id": 944616541, "osm_type": "way"}, "geometry": {"type": "LineString", "coordinates": [[-51.1204496, -29.7609127], [-51.1202002, -29.7608894], [-51.1201841, -29.7606682], [-51.1202189, -29.7601979]]}}, {"type": "Feature", "properties": {"highway": "service", "osm_id": 944616542, "osm_type": "way"}, "geometry": {"type": "LineString", "coordinates": [[-51.1204369, -29.7611333], [-51.1204412, -29.7610583], [-51.1204496, -29.7609127], [-51.1205274, -29.7602095]]}}, {"type": "Feature", "properties": {"highway": "service", "osm_id": 944616543, "osm_type": "way"}, "geometry": {"type": "LineString", "coordinates": [[-51.1173034, -29.7605867], [-51.1177882, -29.7606658]]}}, {"type": "Feature", "properties": {"highway": "service", "osm_id": 944616544, "osm_type": "way"}, "geometry": {"type": "LineString", "coordinates": [[-51.1178049, -29.7605378], [-51.1173549, -29.7604625]]}}, {"type": "Feature", "properties": {"highway": "service", "osm_id": 944616545, "osm_type": "way"}, "geometry": {"type": "LineString", "coordinates": [[-51.1174133, -29.7603213], [-51.1173549, -29.7604625], [-51.1173034, -29.7605867], [-51.1172417, -29.7606054], [-51.1166784, -29.7604843], [-51.1165845, -29.7604959], [-51.1165068, -29.7605937]]}}, {"type": "Feature", "properties": {"highway": "service", "osm_id": 944616546, "osm_type": "way"}, "geometry": {"type": "LineString", "coordinates": [[-51.1178345, -29.7602677], [-51.1174535, -29.760201]]}}, {"type": "Feature", "properties": {"highway": "service", "osm_id": 944616547, "osm_type": "way"}, "geometry": {"type": "LineString", "coordinates": [[-51.1178559, -29.7601536], [-51.1174955, -29.7600751]]}}, {"type": "Feature", "properties": {"highway": "service", "osm_id": 944616548, "osm_type": "way"}, "geometry": {"type": "LineString", "coordinates": [[-51.116783, -29.7601746], [-51.1174133, -29.7603213], [-51.1178237, -29.7603888], [-51.1183816, -29.7604447]]}}, {"type": "Feature", "properties": {"highway": "service", "osm_id": 944616549, "osm_type": "way"}, "geometry": {"type": "LineString", "coordinates": [[-51.1183561, -29.7609256], [-51.1183535, -29.7608149], [-51.1183266, -29.76078], [-51.1178076, -29.7607171], [-51.1177882, -29.7606658], [-51.1178049, -29.7605378], [-51.1178237, -29.7603888], [-51.1178345, -29.7602677], [-51.1178559, -29.7601536], [-51.1178881, -29.7600023], [-51.1175434, -29.7599441], [-51.1174955, -29.7600751], [-51.1174535, -29.760201], [-51.1174133, -29.7603213]]}}, {"type": "Feature", "properties": {"highway": "residential", "osm_id": 944690698, "osm_type": "way"}, "geometry": {"type": "LineString", "coordinates": [[-51.1327232, -29.7627715], [-51.132839, -29.762769]]}}, {"type": "Feature", "properties": {"highway": "secondary", "oneway": "yes", "osm_id": 944690699, "osm_type": "way"}, "geometry": {"type": "LineString", "coordinates": [[-51.1345808, -29.7702735], [-51.1345979, -29.7702182], [-51.1346538, -29.7700325]]}}, {"type": "Feature", "properties": {"highway": "residential", "oneway": "yes", "osm_id": 944691255, "osm_type": "way"}, "geometry": {"type": "LineString", "coordinates": [[-51.1357503, -29.7647972], [-51.1357479, -29.7649356], [-51.1357436, -29.7651769]]}}, {"type": "Feature", "properties": {"highway": "residential", "oneway": "yes", "osm_id": 944691256, "osm_type": "way"}, "geometry": {"type": "LineString", "coordinates": [[-51.1356255, -29.7651783], [-51.1356271, -29.7649368], [-51.135628, -29.764797]]}}, {"type": "Feature", "properties": {"highway": "residential", "osm_id": 944691719, "osm_type": "way"}, "geometry": {"type": "LineString", "coordinates": [[-51.1357479, -29.7649356], [-51.1356271, -29.7649368]]}}, {"type": "Feature", "properties": {"access": "private", "highway": "service", "osm_id": 944695538, "osm_type": "way"}, "geometry": {"type": "LineString", "coordinates": [[-51.1353441, -29.7677706], [-51.1355464, -29.767779], [-51.1358455, -29.7678163], [-51.1358924, -29.7678489], [-51.1359072, -29.7679001], [-51.135934, -29.7681725], [-51.1359514, -29.7684729]]}}, {"type": "Feature", "properties": {"highway": "tertiary", "lit": "yes", "name": "Rua Felipe Uebel", "source": "Yahoo; Bing; survey", "osm_id": 944695981, "osm_type": "way"}, "geometry": {"type": "LineString", "coordinates": [[-51.1269802, -29.7770482], [-51.1256832, -29.7762067], [-51.1249061, -29.7756716], [-51.1247985, -29.7755975], [-51.1243224, -29.7749704]]}}, {"type": "Feature", "properties": {"highway": "service", "osm_id": 944697175, "osm_type": "way"}, "geometry": {"type": "LineString", "coordinates": [[-51.1303171, -29.7673768], [-51.1300881, -29.7673949], [-51.1299084, -29.7674449], [-51.129836, -29.7675066], [-51.1296162, -29.7677155]]}}, {"type": "Feature", "properties": {"highway": "service", "osm_id": 944917842, "osm_type": "way"}, "geometry": {"type": "LineString", "coordinates": [[-51.1197939, -29.763448], [-51.1197804, -29.7633773]]}}, {"type": "Feature", "properties": {"highway": "residential", "lit": "yes", "name": "Rua Pedro Peres", "oneway": "yes", "osm_id": 944936773, "osm_type": "way"}, "geometry": {"type": "LineString", "coordinates": [[-51.1329289, -29.7701513], [-51.1329427, -29.7702394]]}}, {"type": "Feature", "properties": {"highway": "residential", "lit": "yes", "name": "Rua Pedro Peres", "osm_id": 944936774, "osm_type": "way"}, "geometry": {"type": "LineString", "coordinates": [[-51.1329427, -29.7702394], [-51.133577, -29.7714774]]}}, {"type": "Feature", "properties": {"access": "private", "highway": "service", "service": "driveway", "osm_id": 945664245, "osm_type": "way"}, "geometry": {"type": "LineString", "coordinates": [[-51.1521305, -29.7838673], [-51.1521332, -29.7837719], [-51.1520997, -29.7837067], [-51.1519025, -29.7835891], [-51.151759, -29.7835519], [-51.1516182, -29.7835507]]}}, {"type": "Feature", "properties": {"access": "private", "highway": "service", "service": "driveway", "osm_id": 945664246, "osm_type": "way"}, "geometry": {"type": "LineString", "coordinates": [[-51.1516182, -29.7835507], [-51.1514559, -29.7835472], [-51.151244, -29.7835798], [-51.1507666, -29.7838045], [-51.1505189, -29.7838934]]}}, {"type": "Feature", "properties": {"highway": "service", "osm_id": 945692378, "osm_type": "way"}, "geometry": {"type": "LineString", "coordinates": [[-51.1496723, -29.7783628], [-51.1493543, -29.7779291], [-51.1493177, -29.7778792]]}}, {"type": "Feature", "properties": {"highway": "service", "osm_id": 945692381, "osm_type": "way"}, "geometry": {"type": "LineString", "coordinates": [[-51.1488502, -29.7774456], [-51.1488653, -29.7771183], [-51.1488689, -29.7770393]]}}, {"type": "Feature", "properties": {"highway": "service", "osm_id": 945692384, "osm_type": "way"}, "geometry": {"type": "LineString", "coordinates": [[-51.149455, -29.7768077], [-51.1497957, -29.7767902], [-51.1498332, -29.7767518], [-51.1498493, -29.7766308]]}}, {"type": "Feature", "properties": {"highway": "service", "osm_id": 945692385, "osm_type": "way"}, "geometry": {"type": "LineString", "coordinates": [[-51.149455, -29.7770251], [-51.1494538, -29.7769523], [-51.1494543, -29.7768694], [-51.149455, -29.7768077], [-51.149215, -29.776824]]}}, {"type": "Feature", "properties": {"highway": "service", "osm_id": 945692386, "osm_type": "way"}, "geometry": {"type": "LineString", "coordinates": [[-51.1561982, -29.778042], [-51.1560558, -29.7781102]]}}, {"type": "Feature", "properties": {"highway": "service", "osm_id": 945692387, "osm_type": "way"}, "geometry": {"type": "LineString", "coordinates": [[-51.1559366, -29.7778984], [-51.1560519, -29.7778355], [-51.1561016, -29.7779057], [-51.1561982, -29.778042], [-51.1562844, -29.7781674], [-51.1563322, -29.7782371], [-51.1562021, -29.7783093]]}}, {"type": "Feature", "properties": {"foot": "no", "highway": "service", "osm_id": 945710161, "osm_type": "way"}, "geometry": {"type": "LineString", "coordinates": [[-51.1466187, -29.7830838], [-51.1467057, -29.7831049]]}}, {"type": "Feature", "properties": {"highway": "service", "osm_id": 945710171, "osm_type": "way"}, "geometry": {"type": "LineString", "coordinates": [[-51.1422157, -29.7803091], [-51.1420925, -29.7809194]]}}, {"type": "Feature", "properties": {"highway": "service", "service": "parking_aisle", "osm_id": 945710172, "osm_type": "way"}, "geometry": {"type": "LineString", "coordinates": [[-51.1429292, -29.7788703], [-51.1428851, -29.7790997]]}}, {"type": "Feature", "properties": {"highway": "service", "osm_id": 945710173, "osm_type": "way"}, "geometry": {"type": "LineString", "coordinates": [[-51.1424801, -29.7787871], [-51.1424182, -29.7792254]]}}, {"type": "Feature", "properties": {"highway": "service", "osm_id": 945710174, "osm_type": "way"}, "geometry": {"type": "LineString", "coordinates": [[-51.143104, -29.7789032], [-51.1429833, -29.7788805], [-51.1429292, -29.7788703], [-51.1424801, -29.7787871], [-51.1423405, -29.7787633], [-51.1422452, -29.7787446], [-51.1421809, -29.7787749], [-51.1421393, -29.7792568], [-51.1421245, -29.7792929], [-51.1420669, -29.7793034], [-51.1419958, -29.7792987]]}}, {"type": "Feature", "properties": {"highway": "service", "service": "parking_aisle", "osm_id": 945710175, "osm_type": "way"}, "geometry": {"type": "LineString", "coordinates": [[-51.1427227, -29.7793546], [-51.142779, -29.7791113], [-51.1428851, -29.7790997]]}}, {"type": "Feature", "properties": {"highway": "service", "service": "parking_aisle", "osm_id": 945710176, "osm_type": "way"}, "geometry": {"type": "LineString", "coordinates": [[-51.1428851, -29.7790997], [-51.1428367, -29.7793511], [-51.1427227, -29.7793546]]}}, {"type": "Feature", "properties": {"highway": "service", "osm_id": 945710177, "osm_type": "way"}, "geometry": {"type": "LineString", "coordinates": [[-51.1397736, -29.7836558], [-51.1397763, -29.7835986], [-51.1398071, -29.7829455]]}}, {"type": "Feature", "properties": {"access": "private", "highway": "residential", "osm_id": 945710180, "osm_type": "way"}, "geometry": {"type": "LineString", "coordinates": [[-51.1382836, -29.7823902], [-51.1382222, -29.7834925]]}}, {"type": "Feature", "properties": {"access": "private", "highway": "residential", "osm_id": 945710181, "osm_type": "way"}, "geometry": {"type": "LineString", "coordinates": [[-51.1376989, -29.7822971], [-51.1376667, -29.7829955], [-51.1374334, -29.7829932]]}}, {"type": "Feature", "properties": {"access": "private", "highway": "residential", "osm_id": 945710182, "osm_type": "way"}, "geometry": {"type": "LineString", "coordinates": [[-51.1371159, -29.7829699], [-51.1371517, -29.7822808]]}}, {"type": "Feature", "properties": {"access": "private", "highway": "residential", "osm_id": 945710183, "osm_type": "way"}, "geometry": {"type": "LineString", "coordinates": [[-51.1368942, -29.7829536], [-51.1371159, -29.7829699], [-51.1374334, -29.7829932]]}}, {"type": "Feature", "properties": {"access": "private", "highway": "residential", "osm_id": 945710184, "osm_type": "way"}, "geometry": {"type": "LineString", "coordinates": [[-51.1374334, -29.7829932], [-51.1374269, -29.7834483], [-51.1374265, -29.783475]]}}, {"type": "Feature", "properties": {"highway": "residential", "osm_id": 945710185, "osm_type": "way"}, "geometry": {"type": "LineString", "coordinates": [[-51.1370868, -29.7839596], [-51.1367591, -29.7839453]]}}, {"type": "Feature", "properties": {"highway": "residential", "osm_id": 945710186, "osm_type": "way"}, "geometry": {"type": "LineString", "coordinates": [[-51.1370699, -29.7842084], [-51.1370868, -29.7839596], [-51.1370994, -29.783773]]}}, {"type": "Feature", "properties": {"highway": "residential", "osm_id": 945710187, "osm_type": "way"}, "geometry": {"type": "LineString", "coordinates": [[-51.13674, -29.7845506], [-51.1367591, -29.7839453], [-51.1367715, -29.7836945], [-51.1367735, -29.78364]]}}, {"type": "Feature", "properties": {"highway": "residential", "osm_id": 945710188, "osm_type": "way"}, "geometry": {"type": "LineString", "coordinates": [[-51.1370662, -29.7845622], [-51.13674, -29.7845506], [-51.1367306, -29.784717]]}}, {"type": "Feature", "properties": {"highway": "residential", "osm_id": 945710189, "osm_type": "way"}, "geometry": {"type": "LineString", "coordinates": [[-51.1373977, -29.78422], [-51.1370699, -29.7842084], [-51.1370662, -29.7845622], [-51.1370645, -29.784717]]}}, {"type": "Feature", "properties": {"highway": "residential", "osm_id": 945710190, "osm_type": "way"}, "geometry": {"type": "LineString", "coordinates": [[-51.137353, -29.785349], [-51.1363672, -29.7853129]]}}, {"type": "Feature", "properties": {"highway": "service", "service": "parking_aisle", "osm_id": 945710192, "osm_type": "way"}, "geometry": {"type": "LineString", "coordinates": [[-51.1451635, -29.7838766], [-51.1449341, -29.7837998]]}}, {"type": "Feature", "properties": {"highway": "service", "osm_id": 945710193, "osm_type": "way"}, "geometry": {"type": "LineString", "coordinates": [[-51.1456047, -29.7839849], [-51.1454035, -29.7839523], [-51.1451635, -29.7838766]]}}, {"type": "Feature", "properties": {"alt_name": "Rua Emilia Prass", "highway": "residential", "name": "Avenida Emília Prass", "oneway": "yes", "surface": "asphalt", "osm_id": 945710194, "osm_type": "way"}, "geometry": {"type": "LineString", "coordinates": [[-51.1426851, -29.7843445], [-51.1428125, -29.7844505]]}}, {"type": "Feature", "properties": {"alt_name": "Rua Emilia Prass", "highway": "residential", "name": "Avenida Emília Prass", "oneway": "yes", "surface": "asphalt", "osm_id": 945710195, "osm_type": "way"}, "geometry": {"type": "LineString", "coordinates": [[-51.1428125, -29.7844505], [-51.1426543, -29.7844295]]}}, {"type": "Feature", "properties": {"access": "private", "highway": "service", "osm_id": 945710200, "osm_type": "way"}, "geometry": {"type": "LineString", "coordinates": [[-51.1465944, -29.7853479], [-51.1467178, -29.7849661]]}}, {"type": "Feature", "properties": {"highway": "service", "osm_id": 945716775, "osm_type": "way"}, "geometry": {"type": "LineString", "coordinates": [[-51.1461672, -29.7847983], [-51.1462587, -29.7848228]]}}, {"type": "Feature", "properties": {"highway": "residential", "osm_id": 945721447, "osm_type": "way"}, "geometry": {"type": "LineString", "coordinates": [[-51.1441536, -29.7870879], [-51.1439833, -29.7872381], [-51.1436539, -29.7866193]]}}, {"type": "Feature", "properties": {"highway": "residential", "osm_id": 945721448, "osm_type": "way"}, "geometry": {"type": "LineString", "coordinates": [[-51.143939, -29.7867678], [-51.1438282, -29.78655]]}}, {"type": "Feature", "properties": {"highway": "residential", "osm_id": 945721449, "osm_type": "way"}, "geometry": {"type": "LineString", "coordinates": [[-51.1446069, -29.7869552], [-51.144104, -29.7864443], [-51.1438282, -29.78655], [-51.1436539, -29.7866193], [-51.1434911, -29.786684], [-51.1433785, -29.7866631]]}}, {"type": "Feature", "properties": {"highway": "service", "osm_id": 945721450, "osm_type": "way"}, "geometry": {"type": "LineString", "coordinates": [[-51.148238, -29.7768676], [-51.148242, -29.776957]]}}, {"type": "Feature", "properties": {"highway": "service", "service": "parking_aisle", "osm_id": 945743463, "osm_type": "way"}, "geometry": {"type": "LineString", "coordinates": [[-51.1446619, -29.7801007], [-51.1446807, -29.7800413], [-51.1443747, -29.7799735]]}}, {"type": "Feature", "properties": {"highway": "service", "service": "parking_aisle", "osm_id": 945743464, "osm_type": "way"}, "geometry": {"type": "LineString", "coordinates": [[-51.1444634, -29.7801426], [-51.144336, -29.7801147]]}}, {"type": "Feature", "properties": {"highway": "service", "osm_id": 945743465, "osm_type": "way"}, "geometry": {"type": "LineString", "coordinates": [[-51.1444143, -29.7798292], [-51.1443747, -29.7799735], [-51.144336, -29.7801147], [-51.1443011, -29.7802415], [-51.1444446, -29.7802765]]}}, {"type": "Feature", "properties": {"highway": "service", "osm_id": 945752465, "osm_type": "way"}, "geometry": {"type": "LineString", "coordinates": [[-51.1558494, -29.7783594], [-51.1556496, -29.7784385], [-51.155443, -29.7781242], [-51.1556388, -29.7780229]]}}, {"type": "Feature", "properties": {"highway": "service", "osm_id": 945755786, "osm_type": "way"}, "geometry": {"type": "LineString", "coordinates": [[-51.1564901, -29.7820326], [-51.1562786, -29.7821202], [-51.1564797, -29.7826836]]}}, {"type": "Feature", "properties": {"highway": "service", "osm_id": 945755787, "osm_type": "way"}, "geometry": {"type": "LineString", "coordinates": [[-51.1454183, -29.7837917], [-51.1455183, -29.7834076], [-51.1455384, -29.7833305]]}}, {"type": "Feature", "properties": {"alt_name": "Rua Tharsilo Nunes", "highway": "secondary", "lanes": "2", "maxspeed": "40", "name": "Avenida Tharcillo Nunes", "oneway": "yes", "surface": "asphalt", "osm_id": 946672157, "osm_type": "way"}, "geometry": {"type": "LineString", "coordinates": [[-51.1219424, -29.7753347], [-51.1220064, -29.7753544], [-51.122087, -29.77538], [-51.1222062, -29.7754358], [-51.1223251, -29.7755156], [-51.1224067, -29.7756062]]}}, {"type": "Feature", "properties": {"alt_name": "Rua Tharsilo Nunes", "highway": "secondary", "lanes": "2", "maxspeed": "40", "name": "Avenida Tharcillo Nunes", "source": "Yahoo;survey", "surface": "asphalt", "osm_id": 946672158, "osm_type": "way"}, "geometry": {"type": "LineString", "coordinates": [[-51.1262817, -29.7783083], [-51.1239703, -29.7767208], [-51.122982, -29.7759936], [-51.1227902, -29.7758644], [-51.1224067, -29.7756062]]}}, {"type": "Feature", "properties": {"alt_name": "Rua Tarcilio Nunes; Avenida Tharcilo Nunes; Avenida Tarcilio Nunes", "highway": "secondary", "lanes": "2", "maxspeed": "40", "name": "Avenida Tharcillo Nunes", "oneway": "yes", "surface": "asphalt", "osm_id": 946672159, "osm_type": "way"}, "geometry": {"type": "LineString", "coordinates": [[-51.1217827, -29.775327], [-51.1219424, -29.7753347]]}}, {"type": "Feature", "properties": {"alt_name": "Rua Tarcilio Nunes; Avenida Tharcilo Nunes; Avenida Tarcilio Nunes", "highway": "secondary", "lanes": "2", "maxspeed": "40", "name": "Avenida Tharcillo Nunes", "oneway": "yes", "source": "Yahoo;survey", "surface": "asphalt", "osm_id": 946672160, "osm_type": "way"}, "geometry": {"type": "LineString", "coordinates": [[-51.1218911, -29.7753922], [-51.1217827, -29.775327]]}}, {"type": "Feature", "properties": {"highway": "residential", "name": "Rua Vieira Filho", "osm_id": 955071482, "osm_type": "way"}, "geometry": {"type": "LineString", "coordinates": [[-51.1271862, -29.7722886], [-51.1268699, -29.7726251], [-51.1265447, -29.7730123], [-51.1262334, -29.7733949], [-51.1259041, -29.7737975]]}}, {"type": "Feature", "properties": {"highway": "tertiary", "lit": "yes", "name": "Rua Brasil", "oneway": "yes", "source": "survey;Bing", "surface": "asphalt", "osm_id": 968245741, "osm_type": "way"}, "geometry": {"type": "LineString", "coordinates": [[-51.1487457, -29.7621969], [-51.1493665, -29.7623051], [-51.1495677, -29.7623424], [-51.1504303, -29.7625153], [-51.1512387, -29.7626683]]}}, {"type": "Feature", "properties": {"highway": "tertiary", "lit": "yes", "name": "Rua Brasil", "oneway": "no", "source": "survey;Bing", "surface": "asphalt", "osm_id": 968245742, "osm_type": "way"}, "geometry": {"type": "LineString", "coordinates": [[-51.1475627, -29.7619582], [-51.1477022, -29.7619838]]}}, {"type": "Feature", "properties": {"highway": "residential", "name": "Rua Brasil", "oneway": "yes", "osm_id": 971603085, "osm_type": "way"}, "geometry": {"type": "LineString", "coordinates": [[-51.1560722, -29.7636263], [-51.1570111, -29.7637582], [-51.1571543, -29.7637766], [-51.1583024, -29.7639295]]}}, {"type": "Feature", "properties": {"highway": "service", "osm_id": 971703429, "osm_type": "way"}, "geometry": {"type": "LineString", "coordinates": [[-51.1610271, -29.7571002], [-51.1609668, -29.757653]]}}, {"type": "Feature", "properties": {"highway": "service", "osm_id": 971711640, "osm_type": "way"}, "geometry": {"type": "LineString", "coordinates": [[-51.1581039, -29.7446061], [-51.1580297, -29.7444685], [-51.1579978, -29.7444223], [-51.1579297, -29.7443539], [-51.1578275, -29.7442671]]}}, {"type": "Feature", "properties": {"alt_name": "Rua Francisco Cezar Nascimento", "highway": "residential", "name": "Rua Francisco Cezar do Nascimento", "osm_id": 971769440, "osm_type": "way"}, "geometry": {"type": "LineString", "coordinates": [[-51.1617708, -29.7704935], [-51.1616403, -29.7702947], [-51.1616414, -29.7702742]]}}, {"type": "Feature", "properties": {"highway": "residential", "name": "Rua Oscar Rodrigues", "osm_id": 971769441, "osm_type": "way"}, "geometry": {"type": "LineString", "coordinates": [[-51.1629706, -29.7753084], [-51.161284, -29.7762285]]}}, {"type": "Feature", "properties": {"highway": "service", "osm_id": 972746888, "osm_type": "way"}, "geometry": {"type": "LineString", "coordinates": [[-51.1333617, -29.7753377], [-51.1331405, -29.7753131], [-51.1330144, -29.7753131], [-51.1329541, -29.7753003], [-51.1329326, -29.7752735], [-51.1329433, -29.7752153], [-51.1330131, -29.7751664], [-51.1330707, -29.7751629]]}}, {"type": "Feature", "properties": {"highway": "residential", "osm_id": 972746889, "osm_type": "way"}, "geometry": {"type": "LineString", "coordinates": [[-51.1276902, -29.7724527], [-51.1279276, -29.7726474]]}}, {"type": "Feature", "properties": {"highway": "service", "osm_id": 972746890, "osm_type": "way"}, "geometry": {"type": "LineString", "coordinates": [[-51.1281509, -29.7734054], [-51.1282012, -29.7734436], [-51.1287256, -29.77378]]}}, {"type": "Feature", "properties": {"highway": "service", "osm_id": 972746891, "osm_type": "way"}, "geometry": {"type": "LineString", "coordinates": [[-51.1185263, -29.7646423], [-51.1188725, -29.7644915]]}}, {"type": "Feature", "properties": {"access": "private", "highway": "service", "osm_id": 972747254, "osm_type": "way"}, "geometry": {"type": "LineString", "coordinates": [[-51.157908, -29.7775527], [-51.1571704, -29.777988]]}}, {"type": "Feature", "properties": {"highway": "service", "osm_id": 972747255, "osm_type": "way"}, "geometry": {"type": "LineString", "coordinates": [[-51.1620736, -29.7809352], [-51.1621231, -29.7810074], [-51.1621352, -29.7810412], [-51.1621392, -29.7810831], [-51.1621352, -29.7815219]]}}, {"type": "Feature", "properties": {"highway": "service", "osm_id": 972767670, "osm_type": "way"}, "geometry": {"type": "LineString", "coordinates": [[-51.1692681, -29.7742887], [-51.1692068, -29.7742095], [-51.1686328, -29.7734343]]}}, {"type": "Feature", "properties": {"highway": "residential", "osm_id": 972767671, "osm_type": "way"}, "geometry": {"type": "LineString", "coordinates": [[-51.1689672, -29.7688599], [-51.1688715, -29.7688372], [-51.1688058, -29.7687581], [-51.168779, -29.7686242], [-51.1687428, -29.7685392], [-51.1686543, -29.7684764], [-51.1685094, -29.7684379]]}}, {"type": "Feature", "properties": {"highway": "residential", "osm_id": 972767672, "osm_type": "way"}, "geometry": {"type": "LineString", "coordinates": [[-51.1683512, -29.7696114], [-51.1683404, -29.7694833], [-51.1682922, -29.7693623], [-51.1681722, -29.7691145]]}}, {"type": "Feature", "properties": {"highway": "residential", "osm_id": 972771015, "osm_type": "way"}, "geometry": {"type": "LineString", "coordinates": [[-51.159694, -29.7703346], [-51.1594959, -29.7700526]]}}, {"type": "Feature", "properties": {"highway": "service", "osm_id": 972779864, "osm_type": "way"}, "geometry": {"type": "LineString", "coordinates": [[-51.1645759, -29.7787014], [-51.1645183, -29.7786195], [-51.1641294, -29.7781289]]}}, {"type": "Feature", "properties": {"highway": "service", "osm_id": 972779865, "osm_type": "way"}, "geometry": {"type": "LineString", "coordinates": [[-51.1582816, -29.7803177], [-51.158372, -29.7802485], [-51.1586697, -29.780025]]}}, {"type": "Feature", "properties": {"highway": "service", "osm_id": 972779866, "osm_type": "way"}, "geometry": {"type": "LineString", "coordinates": [[-51.159529, -29.7815138], [-51.1596541, -29.7814044], [-51.1598043, -29.7812414], [-51.1598204, -29.7812088], [-51.1598285, -29.7811634], [-51.1598338, -29.7811273], [-51.1598781, -29.7809679], [-51.1598754, -29.7809225], [-51.1598633, -29.7808852], [-51.1595817, -29.7806338]]}}, {"type": "Feature", "properties": {"highway": "service", "osm_id": 972802623, "osm_type": "way"}, "geometry": {"type": "LineString", "coordinates": [[-51.1577873, -29.7780881], [-51.1577756, -29.7782153], [-51.1577675, -29.7782397], [-51.1577484, -29.7782575], [-51.1574715, -29.7784251], [-51.1573847, -29.7784935]]}}, {"type": "Feature", "properties": {"highway": "service", "osm_id": 972802624, "osm_type": "way"}, "geometry": {"type": "LineString", "coordinates": [[-51.156805, -29.7789558], [-51.1569324, -29.7788546], [-51.1569593, -29.7788333], [-51.157226, -29.7786203], [-51.1573065, -29.7785561], [-51.1573847, -29.7784935]]}}, {"type": "Feature", "properties": {"highway": "service", "service": "parking_aisle", "osm_id": 972802625, "osm_type": "way"}, "geometry": {"type": "LineString", "coordinates": [[-51.1372919, -29.7767181], [-51.1373636, -29.7770842], [-51.1374075, -29.7771086]]}}, {"type": "Feature", "properties": {"highway": "service", "service": "parking_aisle", "osm_id": 972802626, "osm_type": "way"}, "geometry": {"type": "LineString", "coordinates": [[-51.1373609, -29.7765307], [-51.1372905, -29.7766866], [-51.1372919, -29.7767181]]}}, {"type": "Feature", "properties": {"highway": "service", "service": "parking_aisle", "osm_id": 972802627, "osm_type": "way"}, "geometry": {"type": "LineString", "coordinates": [[-51.1374075, -29.7771086], [-51.1374722, -29.7771025], [-51.1375011, -29.7770714], [-51.1374736, -29.7768467], [-51.1374572, -29.7768096], [-51.137436, -29.7767926], [-51.1372919, -29.7767181]]}}, {"type": "Feature", "properties": {"access": "private", "highway": "service", "osm_id": 972802628, "osm_type": "way"}, "geometry": {"type": "LineString", "coordinates": [[-51.1414358, -29.7797426], [-51.1414146, -29.7796344], [-51.1414104, -29.779613], [-51.1414112, -29.7795955], [-51.1414255, -29.7795834], [-51.1416907, -29.7795455], [-51.1417304, -29.7795332], [-51.1417564, -29.7794995], [-51.1417128, -29.7792207]]}}, {"type": "Feature", "properties": {"highway": "service", "surface": "paving_stones", "osm_id": 972802629, "osm_type": "way"}, "geometry": {"type": "LineString", "coordinates": [[-51.1380139, -29.7800541], [-51.1379698, -29.7800571], [-51.1377814, -29.7800809], [-51.1377378, -29.7800716], [-51.1376801, -29.7800448], [-51.137666, -29.7800047], [-51.1376741, -29.7799697], [-51.1376915, -29.7799465], [-51.1378384, -29.7799139], [-51.1379416, -29.7798976], [-51.1380925, -29.779883], [-51.1381233, -29.7798929], [-51.1381515, -29.7799022], [-51.1381736, -29.7799436], [-51.1381703, -29.7799971], [-51.1381582, -29.7800245], [-51.1381301, -29.7800448], [-51.1380139, -29.7800541]]}}, {"type": "Feature", "properties": {"highway": "service", "osm_id": 972802630, "osm_type": "way"}, "geometry": {"type": "LineString", "coordinates": [[-51.1387215, -29.7797928], [-51.1390118, -29.7797695]]}}, {"type": "Feature", "properties": {"highway": "service", "surface": "unpaved", "osm_id": 972803188, "osm_type": "way"}, "geometry": {"type": "LineString", "coordinates": [[-51.140132, -29.7505343], [-51.1400943, -29.7506366], [-51.1400511, -29.7507362], [-51.1399752, -29.7508344]]}}, {"type": "Feature", "properties": {"highway": "service", "osm_id": 972808322, "osm_type": "way"}, "geometry": {"type": "LineString", "coordinates": [[-51.1568874, -29.783084], [-51.1577672, -29.7826324], [-51.1581883, -29.7823251], [-51.1582875, -29.7822017]]}}, {"type": "Feature", "properties": {"highway": "residential", "osm_id": 972808323, "osm_type": "way"}, "geometry": {"type": "LineString", "coordinates": [[-51.1548976, -29.7798], [-51.1546992, -29.7798961]]}}, {"type": "Feature", "properties": {"highway": "service", "osm_id": 972809761, "osm_type": "way"}, "geometry": {"type": "LineString", "coordinates": [[-51.1519504, -29.7546688], [-51.1521909, -29.7546514], [-51.1525007, -29.7546246], [-51.1527313, -29.7545966], [-51.1528869, -29.7545536], [-51.1530854, -29.7545012], [-51.1532477, -29.7544884], [-51.1537305, -29.7545128], [-51.1547363, -29.7546514]]}}, {"type": "Feature", "properties": {"highway": "service", "maxheight": "default", "osm_id": 972814117, "osm_type": "way"}, "geometry": {"type": "LineString", "coordinates": [[-51.1523229, -29.7572602], [-51.1522284, -29.7571976], [-51.1521795, -29.7571365], [-51.1521547, -29.7570282], [-51.1521399, -29.7569066], [-51.152152, -29.7567994]]}}, {"type": "Feature", "properties": {"highway": "service", "osm_id": 972815777, "osm_type": "way"}, "geometry": {"type": "LineString", "coordinates": [[-51.1498232, -29.7764539], [-51.1489749, -29.7764492]]}}, {"type": "Feature", "properties": {"highway": "service", "osm_id": 972820097, "osm_type": "way"}, "geometry": {"type": "LineString", "coordinates": [[-51.1248305, -29.7657332], [-51.1248028, -29.7658431], [-51.1247438, -29.7661027], [-51.1247438, -29.7662377], [-51.1248377, -29.7663215], [-51.1252078, -29.7664379]]}}, {"type": "Feature", "properties": {"highway": "service", "osm_id": 972820098, "osm_type": "way"}, "geometry": {"type": "LineString", "coordinates": [[-51.1292705, -29.7706012], [-51.129494, -29.7707848], [-51.1295745, -29.7708512], [-51.1296147, -29.7708919], [-51.1296241, -29.7709233], [-51.129604, -29.7709757], [-51.1295597, -29.7710211], [-51.1295222, -29.7710264], [-51.1294511, -29.7710002], [-51.1291587, -29.7708162]]}}, {"type": "Feature", "properties": {"highway": "service", "osm_id": 972820099, "osm_type": "way"}, "geometry": {"type": "LineString", "coordinates": [[-51.1274732, -29.764646], [-51.12822, -29.7644682]]}}, {"type": "Feature", "properties": {"highway": "service", "osm_id": 972820100, "osm_type": "way"}, "geometry": {"type": "LineString", "coordinates": [[-51.1276812, -29.7631999], [-51.1277211, -29.763453]]}}, {"type": "Feature", "properties": {"highway": "residential", "osm_id": 972820101, "osm_type": "way"}, "geometry": {"type": "LineString", "coordinates": [[-51.1282866, -29.7631171], [-51.1282924, -29.7631771], [-51.1283728, -29.7636241]]}}, {"type": "Feature", "properties": {"highway": "service", "osm_id": 972820102, "osm_type": "way"}, "geometry": {"type": "LineString", "coordinates": [[-51.1232344, -29.7610705], [-51.123215, -29.7609791], [-51.123173, -29.7609545], [-51.123054, -29.7609337], [-51.1229588, -29.7609418], [-51.1229467, -29.7609674], [-51.1229494, -29.7609965], [-51.1229816, -29.7610152], [-51.1231184, -29.7610536], [-51.1232344, -29.7610705]]}}, {"type": "Feature", "properties": {"highway": "service", "osm_id": 972820103, "osm_type": "way"}, "geometry": {"type": "LineString", "coordinates": [[-51.1343011, -29.7709516], [-51.1345916, -29.7711829]]}}, {"type": "Feature", "properties": {"highway": "service", "osm_id": 972820104, "osm_type": "way"}, "geometry": {"type": "LineString", "coordinates": [[-51.1313271, -29.773855], [-51.1316934, -29.7740629]]}}, {"type": "Feature", "properties": {"highway": "service", "osm_id": 972820105, "osm_type": "way"}, "geometry": {"type": "LineString", "coordinates": [[-51.1304761, -29.7758477], [-51.1305937, -29.7759149], [-51.1307707, -29.7759999], [-51.1308338, -29.7760115], [-51.1309156, -29.776001], [-51.1309733, -29.7759288], [-51.130992, -29.7758381], [-51.1309826, -29.7757682], [-51.1309505, -29.7756902], [-51.1309142, -29.7756262], [-51.1308029, -29.775524]]}}, {"type": "Feature", "properties": {"highway": "service", "osm_id": 972820106, "osm_type": "way"}, "geometry": {"type": "LineString", "coordinates": [[-51.1321645, -29.7730428], [-51.1324163, -29.7732527]]}}, {"type": "Feature", "properties": {"highway": "service", "osm_id": 972820107, "osm_type": "way"}, "geometry": {"type": "LineString", "coordinates": [[-51.1320367, -29.7721084], [-51.1324699, -29.7724378], [-51.1325296, -29.7724975]]}}, {"type": "Feature", "properties": {"highway": "service", "osm_id": 972820108, "osm_type": "way"}, "geometry": {"type": "LineString", "coordinates": [[-51.117117, -29.7655194], [-51.1169775, -29.7655544], [-51.1168246, -29.7656032], [-51.1167723, -29.7656289], [-51.1167359, -29.7656612]]}}, {"type": "Feature", "properties": {"highway": "service", "osm_id": 972828365, "osm_type": "way"}, "geometry": {"type": "LineString", "coordinates": [[-51.1465762, -29.78555], [-51.1468251, -29.7849277], [-51.1468539, -29.7849003], [-51.1468969, -29.7848951], [-51.1473984, -29.7850458]]}}, {"type": "Feature", "properties": {"highway": "service", "osm_id": 972828366, "osm_type": "way"}, "geometry": {"type": "LineString", "coordinates": [[-51.1423405, -29.7787633], [-51.1429936, -29.7773987], [-51.143027, -29.7773728], [-51.143075, -29.7773717], [-51.1435126, -29.7775666], [-51.143593, -29.7776004]]}}, {"type": "Feature", "properties": {"highway": "service", "osm_id": 973033038, "osm_type": "way"}, "geometry": {"type": "LineString", "coordinates": [[-51.1619541, -29.7434596], [-51.1622103, -29.7436203], [-51.1622277, -29.7436761], [-51.1622062, -29.7437367], [-51.1620118, -29.7438345], [-51.1619353, -29.7438531], [-51.1618683, -29.7438438], [-51.1616854, -29.7437485]]}}, {"type": "Feature", "properties": {"highway": "residential", "osm_id": 973033039, "osm_type": "way"}, "geometry": {"type": "LineString", "coordinates": [[-51.1651833, -29.7401392], [-51.1662564, -29.7408081], [-51.1662832, -29.7408664], [-51.1662798, -29.7409106], [-51.1662538, -29.7409433]]}}, {"type": "Feature", "properties": {"highway": "residential", "osm_id": 973033040, "osm_type": "way"}, "geometry": {"type": "LineString", "coordinates": [[-51.1713713, -29.7430357], [-51.1708269, -29.7423068], [-51.1707357, -29.7422416], [-51.1706418, -29.7422416], [-51.1702797, -29.7424442], [-51.1702106, -29.7424698], [-51.170167, -29.7424715], [-51.1701232, -29.7424528]]}}, {"type": "Feature", "properties": {"highway": "secondary", "name": "Avenida Henrique Bier", "oneway": "no", "surface": "asphalt", "osm_id": 973048299, "osm_type": "way"}, "geometry": {"type": "LineString", "coordinates": [[-51.1651624, -29.7398822], [-51.1655299, -29.7394276], [-51.1660162, -29.738826], [-51.166402, -29.7383466]]}}, {"type": "Feature", "properties": {"bridge": "yes", "highway": "secondary", "layer": "1", "name": "Avenida Henrique Bier", "oneway": "no", "surface": "asphalt", "osm_id": 973048300, "osm_type": "way"}, "geometry": {"type": "LineString", "coordinates": [[-51.1650358, -29.7400321], [-51.1651624, -29.7398822]]}}, {"type": "Feature", "properties": {"alt_name": "Avenida Atalíbio Taurino de Rezende", "bridge": "yes", "highway": "secondary", "layer": "1", "name": "Avenida Coronel Atalíbio Taurino de Rezende", "oneway": "no", "source": "Bing; IBGE", "surface": "asphalt", "osm_id": 973048302, "osm_type": "way"}, "geometry": {"type": "LineString", "coordinates": [[-51.1642168, -29.7392314], [-51.1639186, -29.7394747]]}}, {"type": "Feature", "properties": {"highway": "service", "osm_id": 973048303, "osm_type": "way"}, "geometry": {"type": "LineString", "coordinates": [[-51.1609429, -29.7583002], [-51.1609668, -29.757653]]}}, {"type": "Feature", "properties": {"highway": "service", "osm_id": 973048304, "osm_type": "way"}, "geometry": {"type": "LineString", "coordinates": [[-51.1623632, -29.7575248], [-51.1623725, -29.7579917], [-51.1623484, -29.7580569], [-51.1622947, -29.7580894], [-51.1620078, -29.7580755], [-51.1619072, -29.7580394], [-51.1617543, -29.7578799], [-51.1616738, -29.7577879], [-51.161603, -29.7576526]]}}, {"type": "Feature", "properties": {"highway": "service", "osm_id": 973076376, "osm_type": "way"}, "geometry": {"type": "LineString", "coordinates": [[-51.1371266, -29.7718701], [-51.1371598, -29.7717464], [-51.1371557, -29.7711864]]}}, {"type": "Feature", "properties": {"highway": "service", "osm_id": 973076377, "osm_type": "way"}, "geometry": {"type": "LineString", "coordinates": [[-51.1531229, -29.7712551], [-51.1529412, -29.771219], [-51.152909, -29.7712225], [-51.1528849, -29.7712417], [-51.1528567, -29.771357], [-51.1528587, -29.7713762], [-51.1528715, -29.7713942], [-51.1530683, -29.7714322]]}}, {"type": "Feature", "properties": {"highway": "service", "osm_id": 973076378, "osm_type": "way"}, "geometry": {"type": "LineString", "coordinates": [[-51.1531224, -29.7711359], [-51.1531209, -29.7711806], [-51.1531229, -29.7712551], [-51.1530954, -29.7713762], [-51.1530683, -29.7714322], [-51.1530539, -29.7714885]]}}, {"type": "Feature", "properties": {"highway": "service", "osm_id": 973076379, "osm_type": "way"}, "geometry": {"type": "LineString", "coordinates": [[-51.1511891, -29.7686882], [-51.1507586, -29.7686161], [-51.1506377, -29.7685911]]}}, {"type": "Feature", "properties": {"highway": "service", "osm_id": 973076380, "osm_type": "way"}, "geometry": {"type": "LineString", "coordinates": [[-51.1548556, -29.7682982], [-51.1545311, -29.7682459], [-51.1544821, -29.7682243], [-51.1543661, -29.7681731], [-51.1542421, -29.7681588]]}}, {"type": "Feature", "properties": {"highway": "service", "osm_id": 973076381, "osm_type": "way"}, "geometry": {"type": "LineString", "coordinates": [[-51.1509503, -29.7602724], [-51.1502797, -29.7603044]]}}, {"type": "Feature", "properties": {"highway": "service", "osm_id": 973076382, "osm_type": "way"}, "geometry": {"type": "LineString", "coordinates": [[-51.148822, -29.7642272], [-51.1483258, -29.7641539], [-51.1482312, -29.7641388]]}}, {"type": "Feature", "properties": {"highway": "living_street", "osm_id": 973284709, "osm_type": "way"}, "geometry": {"type": "LineString", "coordinates": [[-51.1391326, -29.7836287], [-51.1391345, -29.7835723]]}}, {"type": "Feature", "properties": {"highway": "service", "osm_id": 973427235, "osm_type": "way"}, "geometry": {"type": "LineString", "coordinates": [[-51.1552566, -29.7603027], [-51.1545539, -29.7602282], [-51.1545043, -29.7602154], [-51.1544077, -29.7601981]]}}, {"type": "Feature", "properties": {"highway": "service", "osm_id": 973427236, "osm_type": "way"}, "geometry": {"type": "LineString", "coordinates": [[-51.1438755, -29.7601929], [-51.1434797, -29.7601199]]}}, {"type": "Feature", "properties": {"highway": "service", "osm_id": 973427237, "osm_type": "way"}, "geometry": {"type": "LineString", "coordinates": [[-51.1435045, -29.7600407], [-51.1433356, -29.7600163], [-51.1430524, -29.7599255]]}}, {"type": "Feature", "properties": {"highway": "service", "osm_id": 973427238, "osm_type": "way"}, "geometry": {"type": "LineString", "coordinates": [[-51.1434797, -29.7601199], [-51.1433007, -29.7600861], [-51.1431679, -29.7600652], [-51.14302, -29.7600495]]}}, {"type": "Feature", "properties": {"highway": "service", "osm_id": 973427239, "osm_type": "way"}, "geometry": {"type": "LineString", "coordinates": [[-51.1435909, -29.7598415], [-51.1435045, -29.7600407], [-51.1434797, -29.7601199]]}}, {"type": "Feature", "properties": {"highway": "service", "osm_id": 973427240, "osm_type": "way"}, "geometry": {"type": "LineString", "coordinates": [[-51.1390682, -29.7633394], [-51.1390388, -29.7634686], [-51.1390232, -29.7635729], [-51.139038, -29.7635956], [-51.1390749, -29.7636073], [-51.1396502, -29.7636829], [-51.1397736, -29.7636923], [-51.1398098, -29.7636818], [-51.1398567, -29.7636236]]}}, {"type": "Feature", "properties": {"highway": "service", "osm_id": 973427241, "osm_type": "way"}, "geometry": {"type": "LineString", "coordinates": [[-51.1560586, -29.7669863], [-51.1561042, -29.7670317], [-51.156119, -29.7670747], [-51.156013, -29.7675253], [-51.1559808, -29.7675614], [-51.1559218, -29.7675753]]}}, {"type": "Feature", "properties": {"highway": "service", "osm_id": 973427242, "osm_type": "way"}, "geometry": {"type": "LineString", "coordinates": [[-51.1473763, -29.7696754], [-51.1474625, -29.7692287]]}}, {"type": "Feature", "properties": {"highway": "service", "osm_id": 973427243, "osm_type": "way"}, "geometry": {"type": "LineString", "coordinates": [[-51.147637, -29.7692508], [-51.1474625, -29.7692287], [-51.1473723, -29.7692173], [-51.1473455, -29.7691993], [-51.1473119, -29.7691574]]}}, {"type": "Feature", "properties": {"highway": "service", "osm_id": 973427244, "osm_type": "way"}, "geometry": {"type": "LineString", "coordinates": [[-51.1475238, -29.7697336], [-51.147637, -29.7692508], [-51.1476633, -29.7691388], [-51.1476452, -29.7691161], [-51.1476197, -29.7691062], [-51.1474226, -29.7690736], [-51.147387, -29.7690945], [-51.1473119, -29.7691574], [-51.1472784, -29.7691719], [-51.1470947, -29.7691615], [-51.146985, -29.7691451]]}}, {"type": "Feature", "properties": {"highway": "service", "osm_id": 973427245, "osm_type": "way"}, "geometry": {"type": "LineString", "coordinates": [[-51.1490043, -29.7717157], [-51.1489347, -29.7718383], [-51.1488716, -29.7718884], [-51.1487415, -29.7719117], [-51.148417, -29.7718461]]}}, {"type": "Feature", "properties": {"access": "customers", "highway": "service", "osm_id": 973427246, "osm_type": "way"}, "geometry": {"type": "LineString", "coordinates": [[-51.1389863, -29.7730018], [-51.1390125, -29.7728499], [-51.1389991, -29.7728231], [-51.138975, -29.7728022], [-51.1387223, -29.7727498]]}}, {"type": "Feature", "properties": {"highway": "service", "osm_id": 973427247, "osm_type": "way"}, "geometry": {"type": "LineString", "coordinates": [[-51.1381851, -29.762907], [-51.138126, -29.7628785], [-51.1380885, -29.7628698], [-51.1378524, -29.7628552], [-51.1378182, -29.7628459], [-51.1377975, -29.7628203], [-51.1378028, -29.7627399], [-51.1378364, -29.7627085], [-51.1378759, -29.7626992], [-51.1380094, -29.7627097], [-51.1382005, -29.762758], [-51.1382172, -29.7627673], [-51.1382273, -29.7627941]]}}, {"type": "Feature", "properties": {"highway": "service", "osm_id": 973427248, "osm_type": "way"}, "geometry": {"type": "LineString", "coordinates": [[-51.1382273, -29.7627941], [-51.1381851, -29.762907]]}}, {"type": "Feature", "properties": {"highway": "service", "osm_id": 973427249, "osm_type": "way"}, "geometry": {"type": "LineString", "coordinates": [[-51.1490822, -29.770871], [-51.1491251, -29.7706818], [-51.1491449, -29.7706649], [-51.149171, -29.77066], [-51.149229, -29.7706602], [-51.1493279, -29.7706617]]}}, {"type": "Feature", "properties": {"highway": "service", "osm_id": 973427250, "osm_type": "way"}, "geometry": {"type": "LineString", "coordinates": [[-51.1529084, -29.7721647], [-51.1529647, -29.7718971], [-51.1529781, -29.7718715], [-51.153013, -29.7718494], [-51.1530854, -29.7717842], [-51.1530934, -29.7717568], [-51.1531042, -29.7716195]]}}, {"type": "Feature", "properties": {"highway": "service", "osm_id": 973427251, "osm_type": "way"}, "geometry": {"type": "LineString", "coordinates": [[-51.1515552, -29.7734308], [-51.1512863, -29.7731217], [-51.1512588, -29.7731077], [-51.1512347, -29.7731118], [-51.150894, -29.7732952], [-51.1508571, -29.7733167]]}}, {"type": "Feature", "properties": {"highway": "residential", "osm_id": 973427252, "osm_type": "way"}, "geometry": {"type": "LineString", "coordinates": [[-51.1375728, -29.7727382], [-51.1381059, -29.7727626], [-51.1381508, -29.772748], [-51.1381924, -29.7727184], [-51.1382239, -29.7726613], [-51.1383507, -29.7721724]]}}, {"type": "Feature", "properties": {"highway": "service", "osm_id": 973427253, "osm_type": "way"}, "geometry": {"type": "LineString", "coordinates": [[-51.1452292, -29.7746123], [-51.1453217, -29.774596], [-51.1453935, -29.774564], [-51.1455068, -29.7744866], [-51.14559, -29.7744144]]}}, {"type": "Feature", "properties": {"highway": "service", "osm_id": 973427254, "osm_type": "way"}, "geometry": {"type": "LineString", "coordinates": [[-51.1432705, -29.7754987], [-51.1430868, -29.7754661], [-51.1430439, -29.7754714], [-51.143007, -29.775504], [-51.1428749, -29.7758229], [-51.1428447, -29.7758637], [-51.1427689, -29.7759172], [-51.1426744, -29.7759347], [-51.1423364, -29.7759044]]}}, {"type": "Feature", "properties": {"highway": "service", "osm_id": 973427255, "osm_type": "way"}, "geometry": {"type": "LineString", "coordinates": [[-51.1430767, -29.774007], [-51.1432135, -29.7750896], [-51.1432705, -29.7754987], [-51.143473, -29.7755267], [-51.1435687, -29.7755437]]}}, {"type": "Feature", "properties": {"highway": "residential", "osm_id": 973427256, "osm_type": "way"}, "geometry": {"type": "LineString", "coordinates": [[-51.1411755, -29.7753352], [-51.1412461, -29.7760418], [-51.141226, -29.776093], [-51.1411643, -29.7761093]]}}, {"type": "Feature", "properties": {"highway": "service", "osm_id": 973433859, "osm_type": "way"}, "geometry": {"type": "LineString", "coordinates": [[-51.1430442, -29.759957], [-51.1429889, -29.7599505], [-51.1425356, -29.7598731]]}}, {"type": "Feature", "properties": {"highway": "service", "osm_id": 973500055, "osm_type": "way"}, "geometry": {"type": "LineString", "coordinates": [[-51.1488029, -29.7382789], [-51.1489246, -29.7383203], [-51.1489521, -29.7383424], [-51.1489568, -29.7383861], [-51.1489655, -29.7385479], [-51.1489896, -29.7385957], [-51.1490272, -29.7386236], [-51.1492646, -29.7386352]]}}, {"type": "Feature", "properties": {"highway": "tertiary", "name": "Rua Alberto Zimmermann", "oneway": "yes", "osm_id": 973891576, "osm_type": "way"}, "geometry": {"type": "LineString", "coordinates": [[-51.1258578, -29.7791743], [-51.1258979, -29.7792792], [-51.1258569, -29.7793941]]}}, {"type": "Feature", "properties": {"highway": "tertiary", "name": "Rua Alberto Zimmermann", "oneway": "yes", "osm_id": 973891577, "osm_type": "way"}, "geometry": {"type": "LineString", "coordinates": [[-51.1258569, -29.7793941], [-51.1258502, -29.7793231], [-51.1257961, -29.7792342]]}}, {"type": "Feature", "properties": {"highway": "service", "maxheight": "default", "osm_id": 973910418, "osm_type": "way"}, "geometry": {"type": "LineString", "coordinates": [[-51.1428085, -29.7395168], [-51.1428729, -29.7395942], [-51.1429091, -29.7396128], [-51.1429399, -29.7396146], [-51.1429956, -29.7396], [-51.1430499, -29.7395529], [-51.1431176, -29.7395104], [-51.1431739, -29.7394964], [-51.1433765, -29.7394917], [-51.1434522, -29.7394853], [-51.143536, -29.739462], [-51.1436579, -29.7394188]]}}, {"type": "Feature", "properties": {"highway": "residential", "maxheight": "default", "osm_id": 974029623, "osm_type": "way"}, "geometry": {"type": "LineString", "coordinates": [[-51.1494644, -29.7360344], [-51.1496387, -29.7361328], [-51.149708, -29.7361683]]}}, {"type": "Feature", "properties": {"highway": "service", "osm_id": 974029624, "osm_type": "way"}, "geometry": {"type": "LineString", "coordinates": [[-51.143204, -29.7386897], [-51.1429379, -29.7385234]]}}, {"type": "Feature", "properties": {"highway": "service", "osm_id": 974029626, "osm_type": "way"}, "geometry": {"type": "LineString", "coordinates": [[-51.1524955, -29.7332413], [-51.1526368, -29.7333973], [-51.152675, -29.7334509], [-51.1526871, -29.7334957], [-51.1527246, -29.7337298]]}}, {"type": "Feature", "properties": {"highway": "service", "osm_id": 975990654, "osm_type": "way"}, "geometry": {"type": "LineString", "coordinates": [[-51.1232762, -29.7614168], [-51.123274, -29.761301], [-51.1232344, -29.7610705]]}}, {"type": "Feature", "properties": {"highway": "residential", "osm_id": 975990655, "osm_type": "way"}, "geometry": {"type": "LineString", "coordinates": [[-51.1291703, -29.7672812], [-51.1293036, -29.7671807], [-51.129376, -29.7670969], [-51.1293599, -29.7670468], [-51.1292942, -29.7669374], [-51.1291909, -29.7668501], [-51.1291534, -29.7668023], [-51.1291467, -29.7667523], [-51.1291475, -29.7666627]]}}, {"type": "Feature", "properties": {"highway": "service", "osm_id": 975990656, "osm_type": "way"}, "geometry": {"type": "LineString", "coordinates": [[-51.1316907, -29.769906], [-51.1316397, -29.7699594]]}}, {"type": "Feature", "properties": {"highway": "residential", "osm_id": 975990657, "osm_type": "way"}, "geometry": {"type": "LineString", "coordinates": [[-51.1230931, -29.7758964], [-51.1234148, -29.7761174]]}}, {"type": "Feature", "properties": {"highway": "service", "osm_id": 975992918, "osm_type": "way"}, "geometry": {"type": "LineString", "coordinates": [[-51.1301716, -29.7677394], [-51.1301525, -29.7679164], [-51.1300319, -29.7681151]]}}, {"type": "Feature", "properties": {"highway": "service", "osm_id": 975992919, "osm_type": "way"}, "geometry": {"type": "LineString", "coordinates": [[-51.1204412, -29.7610583], [-51.1201559, -29.7610303], [-51.1200084, -29.7610152], [-51.1199279, -29.7610024], [-51.1198448, -29.7610059], [-51.1198106, -29.7610262], [-51.1197958, -29.7610693]]}}, {"type": "Feature", "properties": {"highway": "service", "osm_id": 975992920, "osm_type": "way"}, "geometry": {"type": "LineString", "coordinates": [[-51.1240806, -29.7614971], [-51.124143, -29.7614389], [-51.124194, -29.7613935], [-51.1242436, -29.7613866], [-51.1243066, -29.76139], [-51.1243764, -29.7614238], [-51.1244193, -29.7614739], [-51.1244779, -29.7615367]]}}, {"type": "Feature", "properties": {"highway": "residential", "osm_id": 975992921, "osm_type": "way"}, "geometry": {"type": "LineString", "coordinates": [[-51.1265168, -29.767027], [-51.1264229, -29.7670154], [-51.1262029, -29.7669595], [-51.1261386, -29.7669152], [-51.1261278, -29.7668291], [-51.1261305, -29.7666824], [-51.1261922, -29.7665212], [-51.1262358, -29.7664071], [-51.1263142, -29.766247]]}}, {"type": "Feature", "properties": {"highway": "service", "osm_id": 975992923, "osm_type": "way"}, "geometry": {"type": "LineString", "coordinates": [[-51.1350034, -29.7706847], [-51.1349027, -29.7707231], [-51.1347941, -29.7707185], [-51.1346948, -29.770701], [-51.1345958, -29.7706731]]}}, {"type": "Feature", "properties": {"highway": "residential", "maxheight": "default", "osm_id": 976000815, "osm_type": "way"}, "geometry": {"type": "LineString", "coordinates": [[-51.1432232, -29.7538014], [-51.1429132, -29.7535881]]}}, {"type": "Feature", "properties": {"highway": "service", "osm_id": 976171973, "osm_type": "way"}, "geometry": {"type": "LineString", "coordinates": [[-51.1212966, -29.7637819], [-51.1212234, -29.7635007], [-51.1211872, -29.7633155]]}}, {"type": "Feature", "properties": {"highway": "service", "osm_id": 976171974, "osm_type": "way"}, "geometry": {"type": "LineString", "coordinates": [[-51.1295932, -29.7704348], [-51.1295094, -29.7703646], [-51.1293317, -29.7702406], [-51.1290722, -29.7700607], [-51.1289026, -29.7699426], [-51.1288416, -29.7698774], [-51.1288013, -29.7698169], [-51.1287068, -29.7696737], [-51.1286666, -29.7696323], [-51.1286263, -29.769623], [-51.1285821, -29.76963], [-51.1283889, -29.769722], [-51.1282968, -29.7697753]]}}, {"type": "Feature", "properties": {"highway": "service", "osm_id": 976172597, "osm_type": "way"}, "geometry": {"type": "LineString", "coordinates": [[-51.1243764, -29.7614238], [-51.1245622, -29.7613847]]}}, {"type": "Feature", "properties": {"highway": "service", "osm_id": 976172598, "osm_type": "way"}, "geometry": {"type": "LineString", "coordinates": [[-51.1348976, -29.7703761], [-51.1349738, -29.7704332], [-51.1351588, -29.7705636], [-51.1352339, -29.7706439], [-51.1352447, -29.7707266], [-51.1352539, -29.7708365]]}}, {"type": "Feature", "properties": {"highway": "service", "osm_id": 976213311, "osm_type": "way"}, "geometry": {"type": "LineString", "coordinates": [[-51.1314788, -29.7691457], [-51.1314286, -29.76913], [-51.1313883, -29.7691108], [-51.1313702, -29.7690805], [-51.1313736, -29.7690526], [-51.1313836, -29.7690287], [-51.1314279, -29.7690171], [-51.1315466, -29.7690008]]}}, {"type": "Feature", "properties": {"highway": "service", "osm_id": 976213312, "osm_type": "way"}, "geometry": {"type": "LineString", "coordinates": [[-51.131527, -29.7688947], [-51.1315379, -29.7689571], [-51.1315466, -29.7690008], [-51.1316311, -29.7689828], [-51.1317202, -29.7689804], [-51.1317511, -29.7689932], [-51.1317732, -29.7690136], [-51.1317886, -29.7690479], [-51.1317819, -29.7690968], [-51.1317605, -29.7691207], [-51.1314788, -29.7691457]]}}, {"type": "Feature", "properties": {"highway": "residential", "osm_id": 976213313, "osm_type": "way"}, "geometry": {"type": "LineString", "coordinates": [[-51.1349429, -29.7662319], [-51.1346854, -29.7662598]]}}, {"type": "Feature", "properties": {"highway": "service", "osm_id": 976213314, "osm_type": "way"}, "geometry": {"type": "LineString", "coordinates": [[-51.1285234, -29.7675814], [-51.1284734, -29.7674787], [-51.1284077, -29.7673634], [-51.1283903, -29.7672622], [-51.1283997, -29.7671795]]}}, {"type": "Feature", "properties": {"highway": "service", "osm_id": 976213315, "osm_type": "way"}, "geometry": {"type": "LineString", "coordinates": [[-51.1307564, -29.7742263], [-51.1306769, -29.77417], [-51.1304154, -29.7740012]]}}, {"type": "Feature", "properties": {"highway": "service", "osm_id": 976213316, "osm_type": "way"}, "geometry": {"type": "LineString", "coordinates": [[-51.1196238, -29.7610522], [-51.1195028, -29.7601467]]}}, {"type": "Feature", "properties": {"highway": "service", "osm_id": 976559907, "osm_type": "way"}, "geometry": {"type": "LineString", "coordinates": [[-51.1426767, -29.7364512], [-51.1426985, -29.7365007], [-51.1426992, -29.7365316], [-51.1426543, -29.7365677], [-51.1426127, -29.7366003], [-51.1426033, -29.7366259], [-51.1426114, -29.736651], [-51.1426912, -29.736913], [-51.1427093, -29.7369368], [-51.1427428, -29.7369409], [-51.1429252, -29.7368827]]}}, {"type": "Feature", "properties": {"access": "private", "highway": "service", "service": "driveway", "surface": "asphalt", "osm_id": 976559910, "osm_type": "way"}, "geometry": {"type": "LineString", "coordinates": [[-51.1475625, -29.7340384], [-51.1474139, -29.7340424]]}}, {"type": "Feature", "properties": {"access": "private", "highway": "service", "osm_id": 976559911, "osm_type": "way"}, "geometry": {"type": "LineString", "coordinates": [[-51.1475533, -29.7335801], [-51.1474073, -29.7335801]]}}, {"type": "Feature", "properties": {"highway": "residential", "osm_id": 976561727, "osm_type": "way"}, "geometry": {"type": "LineString", "coordinates": [[-51.1564368, -29.7407697], [-51.1566433, -29.7409455], [-51.1567332, -29.7409968], [-51.1567828, -29.7410119], [-51.1568619, -29.7409665], [-51.1569732, -29.7408629], [-51.1569867, -29.7408035], [-51.1569518, -29.7407476], [-51.156631, -29.7404862], [-51.1559929, -29.7399662], [-51.1559486, -29.7399593], [-51.1558749, -29.7399988], [-51.1557041, -29.7401404], [-51.1557046, -29.7401735], [-51.1557287, -29.7402038], [-51.1560337, -29.7404447], [-51.1561297, -29.7405205], [-51.1562316, -29.7405974]]}}, {"type": "Feature", "properties": {"highway": "residential", "osm_id": 976628844, "osm_type": "way"}, "geometry": {"type": "LineString", "coordinates": [[-51.1566826, -29.7404424], [-51.1566608, -29.7404606], [-51.156631, -29.7404862]]}}, {"type": "Feature", "properties": {"highway": "residential", "osm_id": 976628845, "osm_type": "way"}, "geometry": {"type": "LineString", "coordinates": [[-51.1560337, -29.7404447], [-51.156017, -29.740467], [-51.1559635, -29.7405133]]}}, {"type": "Feature", "properties": {"highway": "residential", "osm_id": 976628846, "osm_type": "way"}, "geometry": {"type": "LineString", "coordinates": [[-51.1561297, -29.7405205], [-51.1561123, -29.7405438], [-51.1560664, -29.7405976]]}}, {"type": "Feature", "properties": {"highway": "service", "osm_id": 978002125, "osm_type": "way"}, "geometry": {"type": "LineString", "coordinates": [[-51.1425403, -29.7814777], [-51.1421995, -29.7814026]]}}, {"type": "Feature", "properties": {"highway": "service", "osm_id": 978874575, "osm_type": "way"}, "geometry": {"type": "LineString", "coordinates": [[-51.1448391, -29.7483852], [-51.1448958, -29.7482798], [-51.1449136, -29.7482365], [-51.1449161, -29.748202], [-51.1448291, -29.747489], [-51.1448156, -29.7474531], [-51.1448012, -29.7474348], [-51.1446772, -29.7472555]]}}, {"type": "Feature", "properties": {"highway": "service", "osm_id": 978874576, "osm_type": "way"}, "geometry": {"type": "LineString", "coordinates": [[-51.144516, -29.7460655], [-51.1441401, -29.746082]]}}, {"type": "Feature", "properties": {"access": "customers", "highway": "service", "name": "Rua Sinodal", "osm_id": 1006480105, "osm_type": "way"}, "geometry": {"type": "LineString", "coordinates": [[-51.1386913, -29.7722329], [-51.1387223, -29.7727498]]}}, {"type": "Feature", "properties": {"highway": "service", "source": "Bing", "surface": "unpaved", "osm_id": 1007762311, "osm_type": "way"}, "geometry": {"type": "LineString", "coordinates": [[-51.1394709, -29.7502868], [-51.139681, -29.7504285], [-51.1397204, -29.7504534], [-51.1397694, -29.7504719], [-51.1399907, -29.7505337], [-51.1400562, -29.7505409], [-51.140132, -29.7505343], [-51.1407218, -29.7503041]]}}, {"type": "Feature", "properties": {"highway": "residential", "name": "Rua Anacavitas", "source": "Bing", "surface": "unpaved", "osm_id": 1007762312, "osm_type": "way"}, "geometry": {"type": "LineString", "coordinates": [[-51.1405516, -29.7432458], [-51.140333, -29.7433126]]}}, {"type": "Feature", "properties": {"waterway": "drain", "osm_id": 1007762313, "osm_type": "way"}, "geometry": {"type": "LineString", "coordinates": [[-51.1364618, -29.7517839], [-51.136354, -29.7518282], [-51.1345169, -29.7508535], [-51.1341143, -29.7504892], [-51.1337457, -29.7499575], [-51.1325266, -29.7477717], [-51.1317044, -29.7463342], [-51.1315116, -29.7458517], [-51.1314095, -29.7448277], [-51.1313642, -29.7440597], [-51.1313075, -29.7432473], [-51.131126, -29.7425876]]}}, {"type": "Feature", "properties": {"waterway": "stream", "osm_id": 1007762314, "osm_type": "way"}, "geometry": {"type": "LineString", "coordinates": [[-51.1450781, -29.7428824], [-51.1446837, -29.7430307]]}}, {"type": "Feature", "properties": {"layer": "-1", "tunnel": "culvert", "waterway": "stream", "osm_id": 1007762315, "osm_type": "way"}, "geometry": {"type": "LineString", "coordinates": [[-51.1446837, -29.7430307], [-51.1440032, -29.7430898]]}}, {"type": "Feature", "properties": {"waterway": "stream", "osm_id": 1007762316, "osm_type": "way"}, "geometry": {"type": "LineString", "coordinates": [[-51.1440032, -29.7430898], [-51.143578, -29.7431193]]}}, {"type": "Feature", "properties": {"layer": "-1", "tunnel": "culvert", "waterway": "stream", "osm_id": 1007762317, "osm_type": "way"}, "geometry": {"type": "LineString", "coordinates": [[-51.143578, -29.7431193], [-51.1434532, -29.7431292]]}}, {"type": "Feature", "properties": {"waterway": "stream", "osm_id": 1007762318, "osm_type": "way"}, "geometry": {"type": "LineString", "coordinates": [[-51.1434532, -29.7431292], [-51.1428352, -29.7431735]]}}, {"type": "Feature", "properties": {"layer": "-1", "tunnel": "culvert", "waterway": "stream", "osm_id": 1007762319, "osm_type": "way"}, "geometry": {"type": "LineString", "coordinates": [[-51.1428352, -29.7431735], [-51.1427161, -29.7431833]]}}, {"type": "Feature", "properties": {"waterway": "stream", "osm_id": 1007762320, "osm_type": "way"}, "geometry": {"type": "LineString", "coordinates": [[-51.1419506, -29.7432424], [-51.1406238, -29.7433507]]}}, {"type": "Feature", "properties": {"layer": "-1", "tunnel": "culvert", "waterway": "stream", "osm_id": 1007762321, "osm_type": "way"}, "geometry": {"type": "LineString", "coordinates": [[-51.1406238, -29.7433507], [-51.1404596, -29.7433753]]}}, {"type": "Feature", "properties": {"waterway": "stream", "osm_id": 1007762322, "osm_type": "way"}, "geometry": {"type": "LineString", "coordinates": [[-51.1427161, -29.7431833], [-51.1420924, -29.7432326]]}}, {"type": "Feature", "properties": {"layer": "-1", "tunnel": "culvert", "waterway": "stream", "osm_id": 1007762323, "osm_type": "way"}, "geometry": {"type": "LineString", "coordinates": [[-51.1420924, -29.7432326], [-51.1419506, -29.7432424]]}}, {"type": "Feature", "properties": {"waterway": "stream", "osm_id": 1007762324, "osm_type": "way"}, "geometry": {"type": "LineString", "coordinates": [[-51.1404596, -29.7433753], [-51.1405047, -29.7443846], [-51.1401758, -29.7445766], [-51.1400397, -29.7447982]]}}, {"type": "Feature", "properties": {"layer": "-1", "tunnel": "culvert", "waterway": "stream", "osm_id": 1007762325, "osm_type": "way"}, "geometry": {"type": "LineString", "coordinates": [[-51.1400397, -29.7447982], [-51.14, -29.744936]]}}, {"type": "Feature", "properties": {"waterway": "stream", "osm_id": 1007762326, "osm_type": "way"}, "geometry": {"type": "LineString", "coordinates": [[-51.14, -29.744936], [-51.1398129, -29.7454037], [-51.139949, -29.7461717]]}}, {"type": "Feature", "properties": {"layer": "-1", "tunnel": "culvert", "waterway": "stream", "osm_id": 1007762327, "osm_type": "way"}, "geometry": {"type": "LineString", "coordinates": [[-51.139949, -29.7461717], [-51.1399773, -29.7463785]]}}, {"type": "Feature", "properties": {"alt_name": "Rua 1; Rua Um", "highway": "residential", "name": "Avenida Manoel José Bras", "source": "Bing", "surface": "unpaved", "osm_id": 1007762328, "osm_type": "way"}, "geometry": {"type": "LineString", "coordinates": [[-51.133502, -29.7489869], [-51.1342868, -29.7480631], [-51.1345155, -29.7477939]]}}, {"type": "Feature", "properties": {"bridge": "yes", "check_date": "2024-07-28", "highway": "secondary", "lanes": "2", "layer": "1", "maxspeed": "60", "motor_vehicle": "designated", "oneway": "yes", "opening_date": "2024-09-30", "source:maxspeed": "implicit", "surface": "asphalt", "osm_id": 1017708328, "osm_type": "way"}, "geometry": {"type": "LineString", "coordinates": [[-51.1520921, -29.7576165], [-51.1521216, -29.7580776]]}}, {"type": "Feature", "properties": {"bridge": "yes", "change": "no", "check_date": "2024-07-28", "highway": "secondary", "lanes": "2", "layer": "1", "maxspeed": "60", "motor_vehicle": "designated", "oneway": "yes", "opening_date": "2024-09-30", "source:maxspeed": "implicit", "surface": "asphalt", "osm_id": 1017708329, "osm_type": "way"}, "geometry": {"type": "LineString", "coordinates": [[-51.1517443, -29.7581725], [-51.1517037, -29.7576364]]}}, {"type": "Feature", "properties": {"highway": "residential", "lit": "yes", "name": "Rua Rio dos Sinos", "postal_code": "93115-560", "surface": "asphalt", "osm_id": 1017969542, "osm_type": "way"}, "geometry": {"type": "LineString", "coordinates": [[-51.1508758, -29.7338555], [-51.1500624, -29.7338716]]}}, {"type": "Feature", "properties": {"highway": "secondary", "maxheight": "default", "maxspeed": "50", "oneway": "yes", "source:maxspeed": "implicit", "surface": "asphalt", "osm_id": 1036841033, "osm_type": "way"}, "geometry": {"type": "LineString", "coordinates": [[-51.1502865, -29.7608429], [-51.1498978, -29.7608747], [-51.1495744, -29.7609034], [-51.1491922, -29.7609395]]}}, {"type": "Feature", "properties": {"access": "private", "highway": "service", "oneway": "yes", "osm_id": 1056956980, "osm_type": "way"}, "geometry": {"type": "LineString", "coordinates": [[-51.1214119, -29.7691341], [-51.1214765, -29.7687679], [-51.1215931, -29.7681385], [-51.1217542, -29.7673449], [-51.12182, -29.766916], [-51.1218932, -29.7665887], [-51.1219436, -29.7662517]]}}, {"type": "Feature", "properties": {"access": "private", "highway": "service", "oneway": "yes", "osm_id": 1056956981, "osm_type": "way"}, "geometry": {"type": "LineString", "coordinates": [[-51.1220643, -29.7662447], [-51.1219795, -29.7665616], [-51.1218967, -29.7669269], [-51.1218309, -29.7673553], [-51.121674, -29.7681457], [-51.1215533, -29.7687814], [-51.1214876, -29.7691364], [-51.1214119, -29.7691341]]}}, {"type": "Feature", "properties": {"highway": "residential", "name": "Rua Voz do Povo", "osm_id": 1085660117, "osm_type": "way"}, "geometry": {"type": "LineString", "coordinates": [[-51.1346825, -29.7354077], [-51.1339599, -29.7349286], [-51.1333191, -29.7344441]]}}, {"type": "Feature", "properties": {"highway": "service", "osm_id": 1102448667, "osm_type": "way"}, "geometry": {"type": "LineString", "coordinates": [[-51.1568874, -29.783084], [-51.1569193, -29.7831702]]}}, {"type": "Feature", "properties": {"intermittent": "no", "waterway": "drain", "osm_id": 1105937354, "osm_type": "way"}, "geometry": {"type": "LineString", "coordinates": [[-51.162043, -29.7555777], [-51.1620288, -29.7560986]]}}, {"type": "Feature", "properties": {"intermittent": "no", "layer": "-1", "tunnel": "culvert", "waterway": "drain", "osm_id": 1105937356, "osm_type": "way"}, "geometry": {"type": "LineString", "coordinates": [[-51.1620554, -29.75515], [-51.162043, -29.7555777]]}}, {"type": "Feature", "properties": {"waterway": "drain", "osm_id": 1105937359, "osm_type": "way"}, "geometry": {"type": "LineString", "coordinates": [[-51.1671896, -29.7432751], [-51.167425, -29.743423], [-51.1674364, -29.7434302], [-51.1675273, -29.7435286], [-51.1676696, -29.7441787], [-51.167732, -29.7445427], [-51.1678842, -29.7451429], [-51.1682011, -29.7465015], [-51.1684881, -29.7474289], [-51.1687152, -29.7482046], [-51.1687851, -29.7486163], [-51.1690996, -29.7497582], [-51.1692868, -29.7505274], [-51.1692443, -29.750705], [-51.1688625, -29.7512272], [-51.1686264, -29.7515616], [-51.1685002, -29.7518341], [-51.1679624, -29.7525583], [-51.1667366, -29.7543118], [-51.1664329, -29.7546358], [-51.1662207, -29.7548042], [-51.1658768, -29.7549598], [-51.1655767, -29.7550297], [-51.165245, -29.7550364], [-51.163801, -29.7550654], [-51.1633215, -29.7550442], [-51.1626481, -29.7549857], [-51.1625145, -29.7548426], [-51.1622939, -29.7547438], [-51.1621128, -29.7547448], [-51.1620815, -29.7548648], [-51.1620687, -29.7550321]]}}, {"type": "Feature", "properties": {"waterway": "drain", "osm_id": 1105937360, "osm_type": "way"}, "geometry": {"type": "LineString", "coordinates": [[-51.1616853, -29.750427], [-51.1619798, -29.7512633], [-51.1617253, -29.7515103], [-51.1617178, -29.7519458], [-51.1616279, -29.7525633], [-51.1615209, -29.7528314], [-51.1613359, -29.7531461], [-51.161271, -29.7533693], [-51.1613933, -29.7538568], [-51.161598, -29.7540648], [-51.1617352, -29.7542035], [-51.1619673, -29.7547321], [-51.1621128, -29.7547448]]}}, {"type": "Feature", "properties": {"waterway": "drain", "osm_id": 1105937361, "osm_type": "way"}, "geometry": {"type": "LineString", "coordinates": [[-51.1629029, -29.7506938], [-51.1627633, -29.7508135], [-51.1625096, -29.7509479], [-51.1622918, -29.7512346], [-51.1619798, -29.7512633]]}}, {"type": "Feature", "properties": {"waterway": "drain", "osm_id": 1105937362, "osm_type": "way"}, "geometry": {"type": "LineString", "coordinates": [[-51.1522624, -29.7569037], [-51.152274, -29.7569722], [-51.1523808, -29.7569904], [-51.1545407, -29.7562373], [-51.1561725, -29.7556785], [-51.1574024, -29.7552142], [-51.1583634, -29.7549938], [-51.1595811, -29.7549754], [-51.1607838, -29.7549964], [-51.1610528, -29.7549833], [-51.1612643, -29.7548443], [-51.1614335, -29.7547367], [-51.1616843, -29.7547288], [-51.1619673, -29.7547321]]}}, {"type": "Feature", "properties": {"waterway": "stream", "osm_id": 1105937363, "osm_type": "way"}, "geometry": {"type": "LineString", "coordinates": [[-51.1399773, -29.7463785], [-51.139966, -29.7466394], [-51.1399093, -29.74692], [-51.1399773, -29.7471563], [-51.1399603, -29.7473533], [-51.140034, -29.747752], [-51.1397108, -29.7484019], [-51.1394897, -29.7485299], [-51.1388206, -29.749288], [-51.1387129, -29.74948], [-51.1384634, -29.7496818], [-51.1383159, -29.7498837], [-51.137369, -29.7506221], [-51.1366375, -29.7515525]]}}, {"type": "Feature", "properties": {"layer": "-1", "tunnel": "culvert", "waterway": "stream", "osm_id": 1105937364, "osm_type": "way"}, "geometry": {"type": "LineString", "coordinates": [[-51.1366375, -29.7515525], [-51.1364618, -29.7517839]]}}, {"type": "Feature", "properties": {"waterway": "drain", "osm_id": 1105937365, "osm_type": "way"}, "geometry": {"type": "LineString", "coordinates": [[-51.131126, -29.7425876], [-51.1310867, -29.7425344], [-51.1309433, -29.7424416], [-51.1307197, -29.7420656], [-51.1304611, -29.7417861], [-51.1304216, -29.7417483], [-51.1303922, -29.7417202], [-51.1303092, -29.7417092], [-51.1300506, -29.7418264], [-51.13, -29.7418227], [-51.1299229, -29.7417465]]}}, {"type": "Feature", "properties": {"waterway": "drain", "osm_id": 1105937366, "osm_type": "way"}, "geometry": {"type": "LineString", "coordinates": [[-51.134687, -29.7386981], [-51.131126, -29.7425876]]}}, {"type": "Feature", "properties": {"waterway": "drain", "osm_id": 1105937367, "osm_type": "way"}, "geometry": {"type": "LineString", "coordinates": [[-51.1421929, -29.7551671], [-51.1420991, -29.7551078], [-51.141918, -29.7550018], [-51.1417356, -29.7549017], [-51.1414909, -29.7548365], [-51.140514, -29.7545946], [-51.139942, -29.7544586], [-51.1387811, -29.7541128], [-51.1384441, -29.753937], [-51.1382415, -29.7537138], [-51.1376301, -29.7526061], [-51.1368769, -29.7520984], [-51.136354, -29.7518282]]}}, {"type": "Feature", "properties": {"waterway": "drain", "osm_id": 1105937391, "osm_type": "way"}, "geometry": {"type": "LineString", "coordinates": [[-51.1673579, -29.7405614], [-51.1673167, -29.7406852], [-51.1673242, -29.7409946], [-51.167628, -29.7411835], [-51.1679244, -29.7415386], [-51.1680557, -29.741861], [-51.1682283, -29.7424799], [-51.1684083, -29.7430694], [-51.168866, -29.7445742], [-51.1693349, -29.7460986], [-51.1695375, -29.7464829], [-51.1694795, -29.7465396]]}}, {"type": "Feature", "properties": {"highway": "service", "osm_id": 1105937413, "osm_type": "way"}, "geometry": {"type": "LineString", "coordinates": [[-51.1657277, -29.7585799], [-51.165791, -29.7585791], [-51.1659129, -29.7584944], [-51.1659692, -29.758446], [-51.1660217, -29.7584163], [-51.1662918, -29.7583365], [-51.1665244, -29.7583414]]}}, {"type": "Feature", "properties": {"waterway": "drain", "osm_id": 1105937426, "osm_type": "way"}, "geometry": {"type": "LineString", "coordinates": [[-51.1766672, -29.7793343], [-51.176798, -29.7790822], [-51.1769419, -29.7789483], [-51.1772035, -29.7788529], [-51.177282, -29.7786213], [-51.1773762, -29.7784601], [-51.1775697, -29.7783783], [-51.1778837, -29.7783556], [-51.1781924, -29.778233], [-51.1783232, -29.7781013], [-51.1782994, -29.7775387], [-51.1781655, -29.7771186], [-51.1779213, -29.7764717], [-51.1774719, -29.7758772], [-51.1772386, -29.7755021], [-51.1766487, -29.7747051], [-51.176383, -29.7743788], [-51.1759055, -29.7737674], [-51.1753675, -29.773141], [-51.1752897, -29.7728841], [-51.1748641, -29.7723102], [-51.1741338, -29.77132], [-51.1738616, -29.7709712], [-51.1736499, -29.7707081], [-51.1731054, -29.7699922], [-51.1722822, -29.7688932], [-51.1710144, -29.7671834], [-51.1702566, -29.7669371], [-51.1696052, -29.7667441], [-51.1691762, -29.7663195], [-51.1686208, -29.7658076]]}}, {"type": "Feature", "properties": {"layer": "-1", "tunnel": "culvert", "waterway": "drain", "osm_id": 1105937427, "osm_type": "way"}, "geometry": {"type": "LineString", "coordinates": [[-51.1686208, -29.7658076], [-51.168479, -29.7656208]]}}, {"type": "Feature", "properties": {"highway": "service", "osm_id": 1105937428, "osm_type": "way"}, "geometry": {"type": "LineString", "coordinates": [[-51.1699773, -29.76567], [-51.1697825, -29.765791], [-51.1693578, -29.7659831]]}}, {"type": "Feature", "properties": {"highway": "residential", "name": "Avenida Dom João Becker", "oneway": "yes", "osm_id": 1151077993, "osm_type": "way"}, "geometry": {"type": "LineString", "coordinates": [[-51.1585578, -29.762664], [-51.1585336, -29.7627137], [-51.1584936, -29.7627611], [-51.15842, -29.7627741], [-51.158348, -29.7627482], [-51.1583137, -29.7627091], [-51.15829, -29.7626355]]}}, {"type": "Feature", "properties": {"highway": "service", "surface": "unpaved", "osm_id": 1151077994, "osm_type": "way"}, "geometry": {"type": "LineString", "coordinates": [[-51.1548257, -29.7618227], [-51.1548725, -29.7616996], [-51.154895, -29.7613941], [-51.1548775, -29.7611537], [-51.15492, -29.7610063]]}}, {"type": "Feature", "properties": {"highway": "service", "surface": "unpaved", "osm_id": 1151077995, "osm_type": "way"}, "geometry": {"type": "LineString", "coordinates": [[-51.1583011, -29.7624908], [-51.1583315, -29.7621676], [-51.1582816, -29.7617061], [-51.1582816, -29.7612836], [-51.1582417, -29.7608352], [-51.1582592, -29.7605514], [-51.1582117, -29.7598603], [-51.1581688, -29.7590909]]}}, {"type": "Feature", "properties": {"bridge": "yes", "check_date": "2024-07-28", "highway": "secondary", "lanes": "2", "layer": "1", "maxspeed": "60", "motor_vehicle": "designated", "oneway": "yes", "opening_date": "2024-09-30", "source:maxspeed": "implicit", "surface": "asphalt", "osm_id": 1151077996, "osm_type": "way"}, "geometry": {"type": "LineString", "coordinates": [[-51.1521625, -29.7585669], [-51.1522366, -29.7594876]]}}, {"type": "Feature", "properties": {"bridge": "yes", "change": "no", "check_date": "2024-07-28", "highway": "secondary", "lanes": "2", "layer": "1", "maxspeed": "60", "motor_vehicle": "designated", "oneway": "yes", "opening_date": "2024-09-30", "source:maxspeed": "implicit", "surface": "asphalt", "osm_id": 1151077997, "osm_type": "way"}, "geometry": {"type": "LineString", "coordinates": [[-51.1518686, -29.7595868], [-51.151784, -29.7586812]]}}, {"type": "Feature", "properties": {"change": "no", "check_date": "2024-07-28", "embankment": "yes", "highway": "secondary", "lanes": "2", "maxspeed": "60", "motor_vehicle": "designated", "oneway": "yes", "opening_date": "2024-09-30", "source:maxspeed": "implicit", "surface": "asphalt", "osm_id": 1151077998, "osm_type": "way"}, "geometry": {"type": "LineString", "coordinates": [[-51.151784, -29.7586812], [-51.1517443, -29.7581725]]}}, {"type": "Feature", "properties": {"check_date": "2024-07-28", "embankment": "yes", "highway": "secondary", "lanes": "2", "maxspeed": "60", "motor_vehicle": "designated", "oneway": "yes", "opening_date": "2024-09-30", "source:maxspeed": "implicit", "surface": "asphalt", "osm_id": 1151077999, "osm_type": "way"}, "geometry": {"type": "LineString", "coordinates": [[-51.1521216, -29.7580776], [-51.1521625, -29.7585669]]}}, {"type": "Feature", "properties": {"change": "no", "check_date": "2024-07-28", "embankment": "yes", "highway": "secondary", "lanes": "2", "maxspeed": "60", "motor_vehicle": "designated", "oneway": "yes", "opening_date": "2024-09-30", "source:maxspeed": "implicit", "surface": "asphalt", "osm_id": 1151078000, "osm_type": "way"}, "geometry": {"type": "LineString", "coordinates": [[-51.1517037, -29.7576364], [-51.1516371, -29.7567829]]}}, {"type": "Feature", "properties": {"check_date": "2024-07-28", "embankment": "yes", "highway": "secondary", "lanes": "2", "maxspeed": "60", "motor_vehicle": "designated", "oneway": "yes", "opening_date": "2024-09-30", "source:maxspeed": "implicit", "surface": "asphalt", "osm_id": 1151078001, "osm_type": "way"}, "geometry": {"type": "LineString", "coordinates": [[-51.1520501, -29.7569142], [-51.1520921, -29.7576165]]}}, {"type": "Feature", "properties": {"highway": "residential", "osm_id": 1166040502, "osm_type": "way"}, "geometry": {"type": "LineString", "coordinates": [[-51.1371329, -29.781544], [-51.137089, -29.7817125]]}}, {"type": "Feature", "properties": {"highway": "service", "osm_id": 1169719374, "osm_type": "way"}, "geometry": {"type": "LineString", "coordinates": [[-51.1515445, -29.7614017], [-51.1515519, -29.76137], [-51.1515378, -29.7613025], [-51.1514811, -29.7612656]]}}, {"type": "Feature", "properties": {"highway": "residential", "name": "Rua São João", "oneway": "yes", "osm_id": 1169719375, "osm_type": "way"}, "geometry": {"type": "LineString", "coordinates": [[-51.1512387, -29.7626683], [-51.1515445, -29.7614017]]}}, {"type": "Feature", "properties": {"highway": "tertiary", "lit": "yes", "name": "Rua Brasil", "oneway": "yes", "source": "survey;Bing", "surface": "asphalt", "osm_id": 1169719376, "osm_type": "way"}, "geometry": {"type": "LineString", "coordinates": [[-51.1512387, -29.7626683], [-51.1520313, -29.7628383], [-51.1528936, -29.7629919]]}}, {"type": "Feature", "properties": {"highway": "tertiary", "lit": "yes", "name": "Rua Brasil", "oneway": "yes", "source": "survey;Bing", "surface": "asphalt", "osm_id": 1169719377, "osm_type": "way"}, "geometry": {"type": "LineString", "coordinates": [[-51.1478256, -29.7620059], [-51.1487457, -29.7621969]]}}, {"type": "Feature", "properties": {"highway": "tertiary", "lanes": "2", "lit": "yes", "maxspeed": "40", "name": "Rua Bento Gonçalves", "oneway": "yes", "surface": "asphalt", "osm_id": 1169719378, "osm_type": "way"}, "geometry": {"type": "LineString", "coordinates": [[-51.1490694, -29.7607752], [-51.1490562, -29.7609141], [-51.1490301, -29.7610245], [-51.1489541, -29.761285], [-51.1489287, -29.7614757], [-51.1487457, -29.7621969]]}}, {"type": "Feature", "properties": {"highway": "secondary", "lit": "yes", "maxspeed": "50", "name": "Avenida Dom João Becker", "oneway": "yes", "source:maxspeed": "implicit", "osm_id": 1169719379, "osm_type": "way"}, "geometry": {"type": "LineString", "coordinates": [[-51.1490694, -29.7607752], [-51.1494675, -29.7608518], [-51.1495292, -29.7608499]]}}, {"type": "Feature", "properties": {"highway": "secondary", "junction": "roundabout", "oneway": "yes", "osm_id": 1169719380, "osm_type": "way"}, "geometry": {"type": "LineString", "coordinates": [[-51.1476999, -29.7459807], [-51.1477148, -29.7459878], [-51.147744, -29.7460067], [-51.1477773, -29.7460434], [-51.1477922, -29.7460849], [-51.1477822, -29.7461493], [-51.1477551, -29.7461859], [-51.1476954, -29.7462195], [-51.1476459, -29.746226]]}}, {"type": "Feature", "properties": {"highway": "primary", "junction": "roundabout", "maxheight": "default", "oneway": "yes", "osm_id": 1169719381, "osm_type": "way"}, "geometry": {"type": "LineString", "coordinates": [[-51.1421848, -29.7340054], [-51.1422184, -29.7340305], [-51.1422416, -29.7340633], [-51.1422524, -29.7341031], [-51.1422477, -29.7341439]]}}, {"type": "Feature", "properties": {"cycleway:left": "track", "cycleway:right": "no", "highway": "primary", "maxheight": "default", "name": "Avenida Mauá", "oneway": "yes", "surface": "asphalt", "osm_id": 1169728064, "osm_type": "way"}, "geometry": {"type": "LineString", "coordinates": [[-51.1405073, -29.7635462], [-51.1404602, -29.7636684], [-51.1402483, -29.7648627]]}}, {"type": "Feature", "properties": {"highway": "secondary", "lanes": "2", "maxheight": "default", "maxspeed": "50", "name": "Avenida Dom João Becker", "oneway": "yes", "source:maxspeed": "sign", "surface": "asphalt", "osm_id": 1169728065, "osm_type": "way"}, "geometry": {"type": "LineString", "coordinates": [[-51.1515445, -29.7614017], [-51.1507477, -29.7612676]]}}, {"type": "Feature", "properties": {"highway": "tertiary", "lit": "yes", "name": "Rua Brasil", "oneway": "yes", "source": "survey;Bing", "surface": "asphalt", "osm_id": 1174253909, "osm_type": "way"}, "geometry": {"type": "LineString", "coordinates": [[-51.1477022, -29.7619838], [-51.1478256, -29.7620059]]}}, {"type": "Feature", "properties": {"highway": "service", "surface": "concrete", "osm_id": 1179894392, "osm_type": "way"}, "geometry": {"type": "LineString", "coordinates": [[-51.1381508, -29.7802179], [-51.1380382, -29.7800763], [-51.1380139, -29.7800541]]}}, {"type": "Feature", "properties": {"highway": "service", "osm_id": 1194200230, "osm_type": "way"}, "geometry": {"type": "LineString", "coordinates": [[-51.1376741, -29.7799697], [-51.1376503, -29.7799488], [-51.1376198, -29.7799357], [-51.1375742, -29.7799273], [-51.1373925, -29.7799377], [-51.1373442, -29.7799232], [-51.137318, -29.7798894], [-51.1373153, -29.7798289], [-51.13731, -29.7795478], [-51.1373261, -29.7795094], [-51.1373556, -29.7794908], [-51.1375567, -29.7794628], [-51.1376265, -29.7794605], [-51.1376667, -29.7794628]]}}, {"type": "Feature", "properties": {"highway": "residential", "name": "Rua Fernando Muck", "oneway": "yes", "osm_id": 1201836048, "osm_type": "way"}, "geometry": {"type": "LineString", "coordinates": [[-51.1562126, -29.7440427], [-51.1572461, -29.7447923]]}}, {"type": "Feature", "properties": {"natural": "water", "water": "pond", "osm_id": 1207647912, "osm_type": "way"}, "geometry": {"type": "Polygon", "coordinates": [[[-51.137607, -29.7569985], [-51.1376437, -29.7571028], [-51.1371028, -29.7575057], [-51.1369926, -29.7573231], [-51.137046, -29.7568767], [-51.1372497, -29.7565144], [-51.1375569, -29.7563752], [-51.137844, -29.7564912], [-51.1380444, -29.7565984], [-51.1378874, -29.7567028], [-51.1376671, -29.7567318], [-51.1375702, -29.7568709], [-51.137607, -29.7569985]]]}}, {"type": "Feature", "properties": {"highway": "residential", "name": "Rua David A. Gusmão", "surface": "unpaved", "osm_id": 1210688491, "osm_type": "way"}, "geometry": {"type": "LineString", "coordinates": [[-51.1693865, -29.7680876], [-51.1694992, -29.7681679], [-51.169752, -29.7683788]]}}, {"type": "Feature", "properties": {"highway": "residential", "osm_id": 1223376025, "osm_type": "way"}, "geometry": {"type": "LineString", "coordinates": [[-51.1374265, -29.783475], [-51.1374253, -29.7835589]]}}, {"type": "Feature", "properties": {"highway": "residential", "osm_id": 1223916797, "osm_type": "way"}, "geometry": {"type": "LineString", "coordinates": [[-51.1406902, -29.7499092], [-51.1403067, -29.7499235], [-51.1402743, -29.7499143], [-51.1402543, -29.7498949], [-51.1401723, -29.7496133]]}}, {"type": "Feature", "properties": {"highway": "residential", "osm_id": 1223916798, "osm_type": "way"}, "geometry": {"type": "LineString", "coordinates": [[-51.1415613, -29.7514338], [-51.1415001, -29.7510495], [-51.1415059, -29.7510317], [-51.1415224, -29.7510204], [-51.1417623, -29.7510074], [-51.1417798, -29.7510139], [-51.1417909, -29.751026]]}}, {"type": "Feature", "properties": {"highway": "service", "osm_id": 1223916799, "osm_type": "way"}, "geometry": {"type": "LineString", "coordinates": [[-51.1397204, -29.7504534], [-51.139417, -29.7507942]]}}, {"type": "Feature", "properties": {"highway": "service", "osm_id": 1223916800, "osm_type": "way"}, "geometry": {"type": "LineString", "coordinates": [[-51.1408533, -29.7505976], [-51.1407218, -29.7503041]]}}, {"type": "Feature", "properties": {"intermittent": "yes", "layer": "-1", "tunnel": "culvert", "waterway": "stream", "osm_id": 1226355862, "osm_type": "way"}, "geometry": {"type": "LineString", "coordinates": [[-51.1682466, -29.7736508], [-51.1682412, -29.7735483], [-51.1683029, -29.7734645], [-51.1683753, -29.7734017], [-51.1689171, -29.7731293], [-51.1691907, -29.7729617], [-51.1693195, -29.7728941], [-51.1736499, -29.7707081]]}}, {"type": "Feature", "properties": {"natural": "water", "water": "pond", "osm_id": 1226365299, "osm_type": "way"}, "geometry": {"type": "Polygon", "coordinates": [[[-51.1691792, -29.7624273], [-51.1693555, -29.7625304], [-51.1693823, -29.7627366], [-51.1693248, -29.7630858], [-51.169367, -29.763455], [-51.1692597, -29.7636479], [-51.1694168, -29.7638907], [-51.1695394, -29.7640803], [-51.1692865, -29.7639739], [-51.1690413, -29.7638209], [-51.1687233, -29.7635249], [-51.1684129, -29.7630892], [-51.1679455, -29.7626401], [-51.1674206, -29.762424], [-51.1669072, -29.7622044], [-51.1664666, -29.7619616], [-51.1662903, -29.7617155], [-51.1664857, -29.7616157], [-51.1668267, -29.7616922], [-51.1671614, -29.7617711], [-51.1677403, -29.7620438], [-51.1682294, -29.7620633], [-51.1684582, -29.7620983], [-51.1686332, -29.7623087], [-51.168916, -29.7623126], [-51.1691792, -29.7624273]]]}}, {"type": "Feature", "properties": {"name": "Arroio da Manteiga", "waterway": "stream", "osm_id": 1226365304, "osm_type": "way"}, "geometry": {"type": "LineString", "coordinates": [[-51.1786445, -29.7412173], [-51.1786074, -29.7412819], [-51.1784905, -29.7415373], [-51.1782641, -29.7420964], [-51.1779847, -29.7425412], [-51.1779019, -29.7429501], [-51.1779019, -29.7430354], [-51.177706, -29.7433915], [-51.1774256, -29.7436639], [-51.1770775, -29.7440457], [-51.1767843, -29.7441729], [-51.1764912, -29.744332], [-51.176253, -29.7446661], [-51.1764204, -29.7449548], [-51.1764633, -29.7453595], [-51.17664, -29.7455408], [-51.1765597, -29.7457501], [-51.1763027, -29.7462662], [-51.1761259, -29.7466149], [-51.1757725, -29.7469217], [-51.1755476, -29.7473262], [-51.1751299, -29.747661], [-51.174861, -29.7479238], [-51.174641, -29.748028], [-51.1742911, -29.7480714], [-51.1742311, -29.7481495], [-51.1741111, -29.7485749], [-51.1738311, -29.7489309], [-51.1734911, -29.7493302], [-51.1736411, -29.7497122], [-51.1736011, -29.7498685], [-51.1738411, -29.750563], [-51.1738711, -29.7511968], [-51.1737211, -29.7519087], [-51.1734611, -29.7527334], [-51.1732811, -29.7536884], [-51.1731511, -29.7545391], [-51.1730411, -29.7550166], [-51.1729543, -29.7554867], [-51.1727835, -29.7559389], [-51.172442, -29.7561316], [-51.1720322, -29.7561686], [-51.1716394, -29.7560871], [-51.1714174, -29.7560426], [-51.1709023, -29.7555758]]}}, {"type": "Feature", "properties": {"natural": "water", "water": "pond", "osm_id": 1226365307, "osm_type": "way"}, "geometry": {"type": "Polygon", "coordinates": [[[-51.1729109, -29.7555944], [-51.172807, -29.7553723], [-51.1728114, -29.7548813], [-51.1729351, -29.7545937], [-51.172997, -29.7541334], [-51.1730765, -29.7536578], [-51.17324, -29.7528945], [-51.1733725, -29.7523843], [-51.173673, -29.7514522], [-51.1737304, -29.751107], [-51.1736641, -29.7504703], [-51.1735051, -29.7500906], [-51.1732577, -29.7496456], [-51.1732267, -29.749427], [-51.173318, -29.7493909], [-51.1734858, -29.7492221], [-51.1736979, -29.7490073], [-51.1738746, -29.7486774], [-51.1740249, -29.7484434], [-51.1740558, -29.7482478], [-51.1741397, -29.7478719], [-51.1743209, -29.7475727], [-51.1745683, -29.7472466], [-51.1747627, -29.7470855], [-51.1748201, -29.7473234], [-51.1746522, -29.7476226], [-51.1745506, -29.7478872], [-51.1746743, -29.7479448], [-51.1748422, -29.7477146], [-51.1751515, -29.7475267], [-51.1754872, -29.7472351], [-51.175664, -29.7469436], [-51.1758893, -29.7466252], [-51.1760925, -29.7464334], [-51.1761941, -29.7462071], [-51.176415, -29.7462531], [-51.1763929, -29.7464526], [-51.176499, -29.7468017], [-51.176658, -29.747028], [-51.176552, -29.7472236], [-51.1762427, -29.747354], [-51.175929, -29.747519], [-51.1757081, -29.7475458], [-51.1754563, -29.7476264], [-51.1751824, -29.7478949], [-51.1749703, -29.7480177], [-51.1748024, -29.7481979], [-51.1745108, -29.7481903], [-51.1742678, -29.748221], [-51.1741927, -29.748593], [-51.1738525, -29.7490418], [-51.1736051, -29.749318], [-51.17372, -29.7497131], [-51.1739144, -29.7501887], [-51.1740558, -29.750557], [-51.1740823, -29.7510172], [-51.1740646, -29.7515542], [-51.1739011, -29.7520682], [-51.1736758, -29.7529888], [-51.1733931, -29.7539861], [-51.1733931, -29.7545154], [-51.1733401, -29.7549145], [-51.173265, -29.7555572], [-51.1729109, -29.7555944]]]}}, {"type": "Feature", "properties": {"natural": "water", "water": "river", "osm_id": 1226365308, "osm_type": "way"}, "geometry": {"type": "Polygon", "coordinates": [[[-51.1691516, -29.7538879], [-51.1693147, -29.7538514], [-51.1693508, -29.7534701], [-51.169508, -29.753036], [-51.1694475, -29.752567], [-51.1696128, -29.7517234], [-51.1700684, -29.7510723], [-51.1700642, -29.7508268], [-51.169988, -29.7505918], [-51.1697936, -29.7499443], [-51.16957, -29.7490908], [-51.1694215, -29.7485243], [-51.1691809, -29.7476505], [-51.1691383, -29.7474001], [-51.1691228, -29.747191], [-51.1691268, -29.7471162], [-51.1690406, -29.7470448], [-51.1689263, -29.7467019], [-51.1687679, -29.7460631], [-51.1686965, -29.7460688], [-51.1690277, -29.7473084], [-51.1691099, -29.7477424], [-51.1694813, -29.7491274], [-51.1697312, -29.7500265], [-51.1699349, -29.7507562], [-51.1699726, -29.7508709], [-51.1698084, -29.7512432], [-51.1694816, -29.7517146], [-51.1693646, -29.7522651], [-51.1693033, -29.7526479], [-51.1693475, -29.7528829], [-51.169242, -29.7530883], [-51.1692097, -29.7534725], [-51.1691516, -29.7538879]]]}}, {"type": "Feature", "properties": {"waterway": "drain", "osm_id": 1226371964, "osm_type": "way"}, "geometry": {"type": "LineString", "coordinates": [[-51.171492, -29.7458792], [-51.1708966, -29.7460399], [-51.1704648, -29.7462099], [-51.1699525, -29.7463962], [-51.1697808, -29.7464218], [-51.1695375, -29.7464829]]}}, {"type": "Feature", "properties": {"layer": "-1", "tunnel": "culvert", "waterway": "drain", "osm_id": 1226371965, "osm_type": "way"}, "geometry": {"type": "LineString", "coordinates": [[-51.1694795, -29.7465396], [-51.1692363, -29.746919]]}}, {"type": "Feature", "properties": {"waterway": "drain", "osm_id": 1226371966, "osm_type": "way"}, "geometry": {"type": "LineString", "coordinates": [[-51.1692363, -29.746919], [-51.169056, -29.7471614], [-51.1690427, -29.7472079]]}}, {"type": "Feature", "properties": {"natural": "water", "water": "pond", "osm_id": 1226371986, "osm_type": "way"}, "geometry": {"type": "Polygon", "coordinates": [[[-51.1718729, -29.7465965], [-51.1716342, -29.7466244], [-51.1715725, -29.7466198], [-51.1714679, -29.7464824], [-51.1715108, -29.7463287], [-51.1717817, -29.7461726], [-51.1719346, -29.7460585], [-51.172058, -29.745977], [-51.1721921, -29.7459397], [-51.1723289, -29.7459724], [-51.1724255, -29.7459351], [-51.1725247, -29.7458117], [-51.1726481, -29.7456836], [-51.1727554, -29.7455811], [-51.172868, -29.7456067], [-51.17286, -29.7456976], [-51.1726964, -29.7458513], [-51.1725944, -29.7459956], [-51.17275, -29.7460445], [-51.1729512, -29.7460166], [-51.173214, -29.7460003], [-51.1735225, -29.7460678], [-51.1736056, -29.7461726], [-51.1737478, -29.7463939], [-51.1736459, -29.7464008], [-51.1735681, -29.7463729], [-51.1735037, -29.7462145], [-51.1732891, -29.7461889], [-51.1731818, -29.7461261], [-51.172927, -29.746147], [-51.1728063, -29.7462425], [-51.1725274, -29.7463566], [-51.1724335, -29.746303], [-51.1722726, -29.7464218], [-51.1720526, -29.7464195], [-51.1719158, -29.7464521], [-51.1718729, -29.7465965]]]}}, {"type": "Feature", "properties": {"waterway": "stream", "osm_id": 1226371988, "osm_type": "way"}, "geometry": {"type": "LineString", "coordinates": [[-51.1895721, -29.7433763], [-51.1895058, -29.7433944], [-51.1892657, -29.7434468], [-51.1889881, -29.7434316], [-51.1888191, -29.7433874], [-51.1886367, -29.7433978], [-51.1883645, -29.7432546], [-51.1881754, -29.7431906], [-51.1879997, -29.7432197], [-51.1878401, -29.7432127], [-51.1876161, -29.743137], [-51.187301, -29.7430706], [-51.1869858, -29.7429763], [-51.186849, -29.7428459], [-51.1865191, -29.7424605], [-51.1862737, -29.7420832], [-51.1861034, -29.7417793], [-51.1858459, -29.7417478], [-51.1853537, -29.7417129], [-51.1849219, -29.7417222], [-51.1844364, -29.7418235], [-51.1839388, -29.742018], [-51.1837846, -29.7420797], [-51.1835124, -29.7423906], [-51.1831704, -29.742641], [-51.1826956, -29.7432826], [-51.1825454, -29.7434363], [-51.1820519, -29.7442025], [-51.1818695, -29.7443073], [-51.1815745, -29.7444284], [-51.1814082, -29.7444936], [-51.1812231, -29.7447264], [-51.181148, -29.7449477], [-51.1811802, -29.7452411], [-51.1809844, -29.7455671], [-51.1806464, -29.7459118], [-51.1801931, -29.7461307], [-51.1798283, -29.7462634], [-51.1795843, -29.7463682], [-51.1795011, -29.746508], [-51.1793697, -29.7465499], [-51.1790291, -29.746685], [-51.1785597, -29.7472066], [-51.1780715, -29.7477119], [-51.1771917, -29.7488088], [-51.1769021, -29.7491581], [-51.1766177, -29.7494841], [-51.1765078, -29.7497123], [-51.1763871, -29.7499265], [-51.1760652, -29.7502153], [-51.1760867, -29.7503364], [-51.176253, -29.7505367], [-51.176371, -29.7510024], [-51.1762315, -29.7513796], [-51.1761269, -29.7518151], [-51.1759821, -29.7521178], [-51.1756441, -29.7524904], [-51.1754832, -29.7529142], [-51.1753196, -29.7533962], [-51.1751962, -29.753678], [-51.1750674, -29.7539109], [-51.1747617, -29.7541181], [-51.1745417, -29.7542951], [-51.1743218, -29.7545373], [-51.1741716, -29.7547026], [-51.1737666, -29.754833], [-51.173442, -29.7548376], [-51.1730411, -29.7550166]]}}, {"type": "Feature", "properties": {"intermittent": "yes", "waterway": "stream", "osm_id": 1226385050, "osm_type": "way"}, "geometry": {"type": "LineString", "coordinates": [[-51.1656958, -29.7541251], [-51.1657843, -29.7541717], [-51.1657923, -29.7542765], [-51.1657012, -29.7544092], [-51.1655805, -29.7546141], [-51.1654919, -29.7547422], [-51.1653203, -29.7549401], [-51.165245, -29.7550364]]}}, {"type": "Feature", "properties": {"natural": "water", "water": "drain", "osm_id": 1226385052, "osm_type": "way"}, "geometry": {"type": "Polygon", "coordinates": [[[-51.161991, -29.7546893], [-51.1619102, -29.7546951], [-51.16182, -29.7544895], [-51.1616735, -29.7541981], [-51.1616282, -29.7541274], [-51.1614834, -29.7539842], [-51.1613947, -29.7538926], [-51.1613368, -29.7537584], [-51.1612668, -29.7534917], [-51.161244, -29.7533532], [-51.1612671, -29.7532383], [-51.161533, -29.7527229], [-51.1616215, -29.75236], [-51.1616865, -29.7518673], [-51.1616973, -29.7516795], [-51.1617409, -29.7516928], [-51.1617623, -29.7518768], [-51.161714, -29.7521925], [-51.1615957, -29.75281], [-51.1615243, -29.7529259], [-51.1614139, -29.7530856], [-51.1613473, -29.7532228], [-51.1613109, -29.7533727], [-51.1613814, -29.7536876], [-51.1614311, -29.7538363], [-51.1615263, -29.7539528], [-51.161701, -29.7540796], [-51.1618158, -29.7543147], [-51.161991, -29.7546893]]]}}, {"type": "Feature", "properties": {"waterway": "drain", "osm_id": 1226385053, "osm_type": "way"}, "geometry": {"type": "LineString", "coordinates": [[-51.1587006, -29.7522948], [-51.1593363, -29.7522226], [-51.1602447, -29.7521194], [-51.1610738, -29.7520253], [-51.1615223, -29.7518989], [-51.1617178, -29.7519458]]}}, {"type": "Feature", "properties": {"natural": "water", "water": "drain", "osm_id": 1226385055, "osm_type": "way"}, "geometry": {"type": "Polygon", "coordinates": [[[-51.1621137, -29.7550169], [-51.1619809, -29.7550204], [-51.1619756, -29.7549471], [-51.1619689, -29.754826], [-51.1617851, -29.7547666], [-51.1615545, -29.7547666], [-51.1614794, -29.7547771], [-51.1613747, -29.7548144], [-51.161242, -29.7549203], [-51.1611468, -29.7549972], [-51.1611334, -29.7550041], [-51.1610475, -29.7550251], [-51.1605634, -29.7550158], [-51.1592102, -29.7550041], [-51.1583345, -29.7550216], [-51.1579697, -29.7550996], [-51.1575325, -29.755223], [-51.1570296, -29.7553825], [-51.1563443, -29.7556375], [-51.1557354, -29.7558436], [-51.1548167, -29.7561742], [-51.1540067, -29.7564525], [-51.1532436, -29.7567133], [-51.152392, -29.7570125], [-51.1523008, -29.7570125], [-51.1522405, -29.756995], [-51.1522324, -29.7569648], [-51.1522941, -29.7569333], [-51.1523505, -29.7569473], [-51.1524966, -29.7568786], [-51.1528024, -29.7567843], [-51.1540563, -29.7563524], [-51.1550622, -29.7559926], [-51.1552915, -29.7559251], [-51.1563094, -29.7555548], [-51.1570095, -29.7552906], [-51.1573635, -29.7551636], [-51.1577162, -29.7550589], [-51.1579496, -29.7549983], [-51.1581266, -29.7549168], [-51.1582768, -29.7548819], [-51.1585581, -29.7548375], [-51.1603876, -29.7549074], [-51.161042, -29.754909], [-51.1613865, -29.7547018], [-51.1619102, -29.7546951], [-51.161991, -29.7546893], [-51.162305, -29.7546774], [-51.1624975, -29.7547466], [-51.1626625, -29.7549161], [-51.1635986, -29.7549556], [-51.1647211, -29.7549546], [-51.1650842, -29.754989], [-51.1652747, -29.755003], [-51.1655335, -29.7549843], [-51.1657052, -29.7549506], [-51.1659667, -29.7548761], [-51.1662443, -29.75472], [-51.1664924, -29.7545116], [-51.1668599, -29.7540634], [-51.1672112, -29.7535371], [-51.1676176, -29.7529666], [-51.1678898, -29.7525521], [-51.1678107, -29.7524811], [-51.1676699, -29.752339], [-51.1677343, -29.7523041], [-51.1678295, -29.7524205], [-51.1678885, -29.7524718], [-51.1679381, -29.7524904], [-51.167981, -29.7524695], [-51.1680374, -29.7523693], [-51.1681473, -29.7522273], [-51.1682466, -29.7521097], [-51.1683083, -29.7520526], [-51.1683176, -29.7519723], [-51.1684692, -29.7517499], [-51.1686744, -29.7514251], [-51.1690123, -29.7509721], [-51.1691827, -29.7507334], [-51.1692148, -29.7506519], [-51.169235, -29.7505576], [-51.1692148, -29.7504528], [-51.1691518, -29.750213], [-51.1690365, -29.7497659], [-51.1687844, -29.7488623], [-51.168606, -29.7481113], [-51.1684451, -29.7475629], [-51.1682546, -29.7468317], [-51.168087, -29.746324], [-51.1679985, -29.7458676], [-51.1679126, -29.7455113], [-51.1677879, -29.7449512], [-51.1676176, -29.744199], [-51.1675559, -29.7438997], [-51.167509, -29.7435958], [-51.1673386, -29.7434072], [-51.1671026, -29.7432593], [-51.1671066, -29.7432325], [-51.1671388, -29.7432267], [-51.1672045, -29.7432593], [-51.1673681, -29.7433687], [-51.167425, -29.743423], [-51.1674781, -29.7434491], [-51.1675479, -29.7435248], [-51.1676753, -29.7440977], [-51.1677772, -29.7446275], [-51.1679797, -29.7454647], [-51.1682828, -29.7466919], [-51.1686838, -29.7480263], [-51.168787, -29.7484641], [-51.1691464, -29.7498171], [-51.169294, -29.7504284], [-51.1693168, -29.7504843], [-51.1693087, -29.75061], [-51.1692309, -29.7508103], [-51.1691397, -29.7509558], [-51.1688742, -29.7512737], [-51.1687079, -29.7515019], [-51.1686569, -29.7516067], [-51.1685604, -29.7518139], [-51.1684732, -29.7519257], [-51.1681674, -29.7523239], [-51.1680494, -29.7524799], [-51.1679757, -29.752601], [-51.1675867, -29.7531296], [-51.1673883, -29.7534277], [-51.1672448, -29.7536431], [-51.1669779, -29.754025], [-51.1668853, -29.7541426], [-51.1667392, -29.7543614], [-51.1666332, -29.7544744], [-51.1661719, -29.7548633], [-51.1660405, -29.7549424], [-51.165787, -29.7550239], [-51.1655912, -29.7550519], [-51.1653484, -29.7550774], [-51.1651379, -29.7550996], [-51.1648066, -29.7550821], [-51.1641589, -29.7550821], [-51.163487, -29.7550775], [-51.1630753, -29.7550635], [-51.1626823, -29.7550309], [-51.1625764, -29.755003], [-51.1625321, -29.7549354], [-51.1624879, -29.7548656], [-51.1623363, -29.7547771], [-51.1622599, -29.7547631], [-51.162217, -29.7547655], [-51.1621888, -29.7547922], [-51.1621526, -29.7548237], [-51.162115, -29.7548691], [-51.1621043, -29.7549378], [-51.1621137, -29.7550169]]]}}, {"type": "Feature", "properties": {"natural": "water", "water": "river", "osm_id": 1226385056, "osm_type": "way"}, "geometry": {"type": "Polygon", "coordinates": [[[-51.1618974, -29.7561041], [-51.1619407, -29.756038], [-51.1619554, -29.755648], [-51.1619595, -29.7555118], [-51.1619903, -29.7554163], [-51.1620829, -29.7554163], [-51.1620909, -29.7555863], [-51.1620802, -29.75596], [-51.1621407, -29.7561047], [-51.1620288, -29.7560986], [-51.1618974, -29.7561041]]]}}, {"type": "Feature", "properties": {"highway": "service", "osm_id": 1226403897, "osm_type": "way"}, "geometry": {"type": "LineString", "coordinates": [[-51.1299727, -29.7376541], [-51.129932, -29.7375423], [-51.1299319, -29.7374946], [-51.1299398, -29.7374471], [-51.1299734, -29.737372], [-51.1299792, -29.7373492], [-51.1299795, -29.737331], [-51.129942, -29.7372449], [-51.1299373, -29.7372128], [-51.1299434, -29.7371799]]}}, {"type": "Feature", "properties": {"highway": "service", "osm_id": 1226403898, "osm_type": "way"}, "geometry": {"type": "LineString", "coordinates": [[-51.1297787, -29.7377034], [-51.1299727, -29.7376541], [-51.1300258, -29.7376379], [-51.1301842, -29.7375961]]}}, {"type": "Feature", "properties": {"natural": "water", "water": "river", "osm_id": 1226403908, "osm_type": "way"}, "geometry": {"type": "Polygon", "coordinates": [[[-51.1302571, -29.7416978], [-51.130241, -29.7416384], [-51.1302356, -29.7415534], [-51.1303738, -29.7413776], [-51.1306138, -29.7411156], [-51.1308593, -29.7408268], [-51.1309169, -29.7405834], [-51.1311127, -29.7402841], [-51.1313273, -29.7401071], [-51.1315969, -29.7399802], [-51.1317176, -29.7400408], [-51.1318329, -29.7402026], [-51.1320797, -29.7405566], [-51.1321051, -29.7406614], [-51.1321521, -29.7407685], [-51.1321709, -29.7408058], [-51.1322393, -29.7408559], [-51.1323385, -29.7408745], [-51.1324391, -29.740821], [-51.1327019, -29.7404728], [-51.132879, -29.7402713], [-51.1333363, -29.7398556], [-51.1335281, -29.7396181], [-51.1336608, -29.7393852], [-51.1339465, -29.739101], [-51.1345044, -29.7384932], [-51.134955, -29.7379121], [-51.1351401, -29.7376978], [-51.1356296, -29.73714], [-51.1359715, -29.7367558], [-51.1365294, -29.7361258], [-51.1369962, -29.7355866], [-51.1374535, -29.7350626], [-51.1376077, -29.7348908], [-51.1380892, -29.7343871], [-51.138816, -29.733551], [-51.1393216, -29.7329466], [-51.1396596, -29.7325495], [-51.1399707, -29.7321943], [-51.1402798, -29.7319189], [-51.1407278, -29.7316138], [-51.1408082, -29.731566], [-51.1407841, -29.7315195], [-51.1407526, -29.7315195], [-51.1403355, -29.7318123], [-51.140072, -29.7320156], [-51.1398688, -29.7322397], [-51.1396066, -29.7325134], [-51.1395033, -29.7326421], [-51.1392794, -29.7329152], [-51.1383218, -29.7340093], [-51.1374481, -29.7350084], [-51.1368057, -29.7357322], [-51.1359997, -29.7366486], [-51.1350824, -29.7376687], [-51.1344145, -29.738478], [-51.133799, -29.7391558], [-51.1336528, -29.7393048], [-51.1334503, -29.739568], [-51.1333463, -29.7397322], [-51.1330372, -29.7400437], [-51.1326925, -29.7403738], [-51.1324431, -29.7406975], [-51.1324216, -29.7407476], [-51.1323975, -29.7407732], [-51.132364, -29.7407988], [-51.1323264, -29.7408081], [-51.1322849, -29.7407965], [-51.1322567, -29.7407732], [-51.1322258, -29.7406987], [-51.1319657, -29.7402317], [-51.1318168, -29.7400233], [-51.1317363, -29.7399476], [-51.1316492, -29.7399301], [-51.1315459, -29.7399336], [-51.131448, -29.7399639], [-51.1311731, -29.7401281], [-51.1310577, -29.7402434], [-51.1308566, -29.7404495], [-51.1307882, -29.7405578], [-51.1306527, -29.7406998], [-51.1305065, -29.7408477], [-51.130359, -29.7410177], [-51.1301874, -29.741211], [-51.1301471, -29.7413275], [-51.1300465, -29.7414474], [-51.1299849, -29.7415138], [-51.1299379, -29.7416023], [-51.1300935, -29.7416163], [-51.1300774, -29.7416838], [-51.1301713, -29.7416966], [-51.1302571, -29.7416978]]]}}, {"type": "Feature", "properties": {"intermittent": "yes", "waterway": "stream", "osm_id": 1226403918, "osm_type": "way"}, "geometry": {"type": "LineString", "coordinates": [[-51.1328763, -29.7622062], [-51.1329919, -29.7622821]]}}, {"type": "Feature", "properties": {"intermittent": "yes", "layer": "-1", "tunnel": "culvert", "waterway": "stream", "osm_id": 1226403919, "osm_type": "way"}, "geometry": {"type": "LineString", "coordinates": [[-51.1326416, -29.7621503], [-51.1328763, -29.7622062]]}}, {"type": "Feature", "properties": {"intermittent": "yes", "layer": "-1", "tunnel": "culvert", "waterway": "stream", "osm_id": 1226403920, "osm_type": "way"}, "geometry": {"type": "LineString", "coordinates": [[-51.1310068, -29.76156], [-51.1309853, -29.7617114]]}}, {"type": "Feature", "properties": {"intermittent": "yes", "waterway": "stream", "osm_id": 1226403921, "osm_type": "way"}, "geometry": {"type": "LineString", "coordinates": [[-51.1315835, -29.7607358], [-51.131554, -29.7609057], [-51.1314467, -29.7610012], [-51.1312696, -29.7610804], [-51.1310577, -29.7611851], [-51.1310014, -29.7612876], [-51.1309961, -29.761432], [-51.1310068, -29.76156]]}}, {"type": "Feature", "properties": {"intermittent": "yes", "waterway": "stream", "osm_id": 1226403922, "osm_type": "way"}, "geometry": {"type": "LineString", "coordinates": [[-51.1309853, -29.7617114], [-51.1308821, -29.7617486], [-51.1308257, -29.7618406], [-51.1307842, -29.7619046], [-51.1307801, -29.7619465], [-51.1308619, -29.7619919], [-51.1311395, -29.7620048], [-51.1315231, -29.7620443], [-51.1319241, -29.7620804], [-51.1323787, -29.7620897], [-51.132549, -29.7621316], [-51.1326416, -29.7621503]]}}, {"type": "Feature", "properties": {"intermittent": "yes", "waterway": "river", "osm_id": 1226403929, "osm_type": "way"}, "geometry": {"type": "LineString", "coordinates": [[-51.1462775, -29.7582732], [-51.1468345, -29.7581744], [-51.1477089, -29.7580254], [-51.1483955, -29.7580254], [-51.1493558, -29.7581139], [-51.150265, -29.7581162], [-51.151008, -29.7580557], [-51.1516222, -29.7578717], [-51.1523411, -29.7576296], [-51.1532503, -29.7573897], [-51.1538538, -29.7573618], [-51.1544895, -29.7574153], [-51.1548033, -29.7575714], [-51.1552412, -29.7577833]]}}, {"type": "Feature", "properties": {"natural": "water", "water": "pond", "osm_id": 1226403930, "osm_type": "way"}, "geometry": {"type": "Polygon", "coordinates": [[[-51.1421406, -29.7583456], [-51.1421782, -29.7583107], [-51.1421755, -29.758242], [-51.1421312, -29.7581756], [-51.1421004, -29.7580894], [-51.1419864, -29.7580708], [-51.1419529, -29.7581127], [-51.1420132, -29.7582245], [-51.1419931, -29.758313], [-51.1419918, -29.7584119], [-51.1420038, -29.7585307], [-51.1420508, -29.7585784], [-51.1421379, -29.7585714], [-51.1422037, -29.7585505], [-51.1422238, -29.758483], [-51.14215, -29.7584376], [-51.1421339, -29.7583852], [-51.1421406, -29.7583456]]]}}, {"type": "Feature", "properties": {"highway": "service", "osm_id": 1226403933, "osm_type": "way"}, "geometry": {"type": "LineString", "coordinates": [[-51.1486188, -29.7576284], [-51.1485356, -29.7576997]]}}, {"type": "Feature", "properties": {"highway": "service", "osm_id": 1226403934, "osm_type": "way"}, "geometry": {"type": "LineString", "coordinates": [[-51.1498868, -29.7577931], [-51.1498825, -29.7577138]]}}, {"type": "Feature", "properties": {"highway": "service", "osm_id": 1226403935, "osm_type": "way"}, "geometry": {"type": "LineString", "coordinates": [[-51.1422446, -29.7548528], [-51.1423713, -29.7550426], [-51.142429, -29.7551276], [-51.1424263, -29.7551706], [-51.1423874, -29.7552347], [-51.1423123, -29.7552696], [-51.1422399, -29.7552743], [-51.1421688, -29.7552638], [-51.1420535, -29.75523], [-51.141977, -29.7552219], [-51.14191, -29.7552568]]}}, {"type": "Feature", "properties": {"embankment": "dyke", "highway": "service", "surface": "dirt", "osm_id": 1226403936, "osm_type": "way"}, "geometry": {"type": "LineString", "coordinates": [[-51.14191, -29.7552568], [-51.1414352, -29.7550833], [-51.1410972, -29.7549843], [-51.1391339, -29.7544523], [-51.1386243, -29.7543172], [-51.1383466, -29.754188], [-51.1381079, -29.7540238], [-51.1379349, -29.7538142], [-51.1375326, -29.75309], [-51.1373757, -29.7528292], [-51.1371316, -29.7525754], [-51.1368607, -29.752374], [-51.1359608, -29.7519152], [-51.1344735, -29.7511503], [-51.1343287, -29.7510525], [-51.133984, -29.7507625], [-51.1336662, -29.7503597], [-51.1331324, -29.7494364], [-51.1323747, -29.7481008], [-51.1315593, -29.7466512], [-51.1312965, -29.7461342], [-51.1312589, -29.7459735], [-51.1311275, -29.7453447], [-51.1310658, -29.7443166], [-51.1309934, -29.7432348], [-51.1309169, -29.7430206], [-51.1307842, -29.7427726], [-51.1307023, -29.7426596], [-51.1304408, -29.7424244], [-51.1301029, -29.7422474], [-51.1298521, -29.7421624], [-51.1296482, -29.742103], [-51.1294042, -29.7420553], [-51.1292768, -29.7420448], [-51.1291064, -29.7420483], [-51.1290241, -29.7420715]]}}, {"type": "Feature", "properties": {"embankment": "yes", "highway": "service", "osm_id": 1226403937, "osm_type": "way"}, "geometry": {"type": "LineString", "coordinates": [[-51.1488587, -29.7577227], [-51.1488944, -29.7577448], [-51.1490205, -29.7577833], [-51.1492525, -29.7577803], [-51.149618, -29.7577908], [-51.1498868, -29.7577931], [-51.150318, -29.7577768], [-51.1506533, -29.7577332], [-51.1511347, -29.7576447], [-51.151403, -29.757576], [-51.1515263, -29.7575516]]}}, {"type": "Feature", "properties": {"highway": "service", "maxheight": "below_default", "osm_id": 1226403938, "osm_type": "way"}, "geometry": {"type": "LineString", "coordinates": [[-51.1462719, -29.7571703], [-51.1463792, -29.7571592], [-51.1465327, -29.7571976], [-51.1465897, -29.7572378]]}}, {"type": "Feature", "properties": {"embankment": "yes", "highway": "service", "maxheight": "default", "osm_id": 1226403939, "osm_type": "way"}, "geometry": {"type": "LineString", "coordinates": [[-51.1465897, -29.7572378], [-51.1476257, -29.7574526], [-51.1482722, -29.7575842], [-51.1484425, -29.75764], [-51.1485356, -29.7576997], [-51.1485625, -29.7577169], [-51.1487033, -29.7578077]]}}, {"type": "Feature", "properties": {"embankment": "dyke", "highway": "service", "maxheight": "default", "surface": "dirt", "osm_id": 1226403940, "osm_type": "way"}, "geometry": {"type": "LineString", "coordinates": [[-51.1426405, -29.7554527], [-51.1427595, -29.7556072], [-51.143304, -29.7558407], [-51.1445948, -29.7563704], [-51.1454183, -29.7568099], [-51.1457817, -29.7570364], [-51.1459266, -29.7570969], [-51.1461452, -29.757158], [-51.1462719, -29.7571703]]}}, {"type": "Feature", "properties": {"highway": "service", "service": "parking_aisle", "surface": "concrete", "osm_id": 1228547115, "osm_type": "way"}, "geometry": {"type": "LineString", "coordinates": [[-51.1576143, -29.7795447], [-51.1577335, -29.7795851], [-51.1578792, -29.7797222]]}}, {"type": "Feature", "properties": {"highway": "service", "service": "parking_aisle", "surface": "concrete", "osm_id": 1228547116, "osm_type": "way"}, "geometry": {"type": "LineString", "coordinates": [[-51.1577335, -29.7795851], [-51.1578029, -29.779537], [-51.1578947, -29.7794735], [-51.1580651, -29.7796442]]}}, {"type": "Feature", "properties": {"highway": "service", "service": "parking_aisle", "surface": "concrete", "osm_id": 1228547117, "osm_type": "way"}, "geometry": {"type": "LineString", "coordinates": [[-51.1578029, -29.779537], [-51.1579768, -29.7797007]]}}, {"type": "Feature", "properties": {"highway": "service", "service": "driveway", "surface": "concrete", "osm_id": 1228547118, "osm_type": "way"}, "geometry": {"type": "LineString", "coordinates": [[-51.1575242, -29.7796091], [-51.1576143, -29.7795447]]}}, {"type": "Feature", "properties": {"highway": "service", "osm_id": 1228547121, "osm_type": "way"}, "geometry": {"type": "LineString", "coordinates": [[-51.1577283, -29.7806087], [-51.1576509, -29.7806654]]}}, {"type": "Feature", "properties": {"highway": "service", "osm_id": 1228547122, "osm_type": "way"}, "geometry": {"type": "LineString", "coordinates": [[-51.1573501, -29.7813776], [-51.1572986, -29.7813298]]}}, {"type": "Feature", "properties": {"addr:city": "São Leopoldo", "addr:housenumber": "2135", "addr:postcode": "93025-115", "addr:street": "Avenida Getúlio Vargas", "addr:suburb": "Vicentina", "industrial": "scrap_yard", "landuse": "industrial", "name": "CDV - Import Multi Peças", "osm_id": 1228547127, "osm_type": "way"}, "geometry": {"type": "Polygon", "coordinates": [[[-51.1570716, -29.7782111], [-51.1570219, -29.7782512], [-51.1567109, -29.7784918], [-51.1565953, -29.7785742], [-51.1565616, -29.7785982], [-51.1568548, -29.7788759], [-51.1572973, -29.7785057], [-51.1570716, -29.7782111]]]}}, {"type": "Feature", "properties": {"highway": "service", "osm_id": 1228547130, "osm_type": "way"}, "geometry": {"type": "LineString", "coordinates": [[-51.1561016, -29.7779057], [-51.156242, -29.7778914], [-51.1563997, -29.7781058], [-51.1562844, -29.7781674]]}}, {"type": "Feature", "properties": {"addr:city": "São Leopoldo", "addr:postcode": "93025-115", "addr:street": "Avenida Getúlio Vargas", "addr:suburb": "Vicentina", "industrial": "scrap_yard", "landuse": "industrial", "name": "CDV - Viaduto Car", "osm_id": 1228547133, "osm_type": "way"}, "geometry": {"type": "Polygon", "coordinates": [[[-51.1565953, -29.7785742], [-51.1563903, -29.7783738], [-51.1564105, -29.7783643], [-51.1566716, -29.7782181], [-51.1567216, -29.778186], [-51.1566881, -29.7781439], [-51.1569318, -29.7780338], [-51.1570716, -29.7782111], [-51.1565953, -29.7785742]]]}}, {"type": "Feature", "properties": {"highway": "service", "oneway": "yes", "osm_id": 1228547135, "osm_type": "way"}, "geometry": {"type": "LineString", "coordinates": [[-51.1570738, -29.7791983], [-51.157188, -29.7790959], [-51.1569324, -29.7788546]]}}, {"type": "Feature", "properties": {"highway": "service", "service": "parking_aisle", "osm_id": 1228547137, "osm_type": "way"}, "geometry": {"type": "LineString", "coordinates": [[-51.157226, -29.7786203], [-51.1574615, -29.7788595]]}}, {"type": "Feature", "properties": {"highway": "service", "oneway": "yes", "surface": "paving_stones", "osm_id": 1228547139, "osm_type": "way"}, "geometry": {"type": "LineString", "coordinates": [[-51.1548148, -29.7753926], [-51.1546591, -29.7754261], [-51.1545892, -29.7752033], [-51.1544803, -29.7751317]]}}, {"type": "Feature", "properties": {"highway": "residential", "lanes": "2", "name": "Rua Ivo Afonso", "oneway": "yes", "surface": "asphalt", "osm_id": 1228547147, "osm_type": "way"}, "geometry": {"type": "LineString", "coordinates": [[-51.1520755, -29.7721934], [-51.1526986, -29.773035], [-51.1527181, -29.7730614], [-51.1527649, -29.7731246]]}}, {"type": "Feature", "properties": {"highway": "tertiary", "name": "Rua Azambuja Fortuna", "oneway": "yes", "osm_id": 1228547148, "osm_type": "way"}, "geometry": {"type": "LineString", "coordinates": [[-51.1538149, -29.7725763], [-51.1537164, -29.7726136], [-51.1534489, -29.7727617], [-51.1531554, -29.7729241], [-51.1528348, -29.7730887], [-51.1527966, -29.7731083], [-51.1527649, -29.7731246]]}}, {"type": "Feature", "properties": {"addr:city": "São Leopoldo", "addr:housenumber": "2820", "addr:street": "Avenida Getúlio Vargas", "addr:suburb": "Cristo Rei", "industrial": "manufacturing", "landuse": "industrial", "name": "Vale Correa Pré-Moldados", "phone": "+55 51 3592 8066", "website": "http://www.valecorrea.com.br/", "osm_id": 1228549314, "osm_type": "way"}, "geometry": {"type": "Polygon", "coordinates": [[[-51.1604447, -29.7830395], [-51.1604889, -29.7830552], [-51.160503, -29.7831128], [-51.1605935, -29.7832262], [-51.1606297, -29.7832036], [-51.1607201, -29.7833135], [-51.1605732, -29.7834071], [-51.1595712, -29.7840051], [-51.1593312, -29.7837021], [-51.1600685, -29.7832621], [-51.1604447, -29.7830395]]]}}, {"type": "Feature", "properties": {"highway": "secondary", "lanes": "2", "maxheight": "default", "maxspeed": "60", "name": "Avenida Getúlio Vargas", "oneway": "yes", "source": "Bing; survey", "source:maxspeed": "implicit", "surface": "asphalt", "osm_id": 1245620657, "osm_type": "way"}, "geometry": {"type": "LineString", "coordinates": [[-51.1531752, -29.7697022], [-51.1531055, -29.7693902], [-51.1530867, -29.769162], [-51.1531068, -29.7688733], [-51.1531752, -29.7684612], [-51.153477, -29.7671725], [-51.1537133, -29.7661828], [-51.1537841, -29.7658861]]}}, {"type": "Feature", "properties": {"highway": "secondary", "lanes": "2", "maxheight": "default", "maxspeed": "50", "name": "Avenida Getúlio Vargas", "oneway": "yes", "source": "Bing; survey", "source:maxspeed": "sign", "surface": "asphalt", "osm_id": 1245620658, "osm_type": "way"}, "geometry": {"type": "LineString", "coordinates": [[-51.1525154, -29.7623517], [-51.1522606, -29.761943], [-51.15216, -29.7618115], [-51.1520165, -29.7616799], [-51.1518207, -29.7615193], [-51.151688, -29.7614518], [-51.1515445, -29.7614017]]}}, {"type": "Feature", "properties": {"highway": "service", "service": "parking_aisle", "osm_id": 1251727717, "osm_type": "way"}, "geometry": {"type": "LineString", "coordinates": [[-51.1385706, -29.7747648], [-51.138865, -29.7747545]]}}, {"type": "Feature", "properties": {"highway": "residential", "name": "Rua Emílio Müller", "oneway": "yes", "osm_id": 1253168827, "osm_type": "way"}, "geometry": {"type": "LineString", "coordinates": [[-51.146011, -29.7335943], [-51.1459963, -29.7335004], [-51.1459896, -29.7334136], [-51.1460178, -29.7332785]]}}, {"type": "Feature", "properties": {"highway": "residential", "name": "Rua Emílio Müller", "oneway": "yes", "osm_id": 1253168828, "osm_type": "way"}, "geometry": {"type": "LineString", "coordinates": [[-51.1460178, -29.7332785], [-51.1460593, -29.7333979], [-51.1460714, -29.7334561], [-51.1460861, -29.7335206]]}}, {"type": "Feature", "properties": {"highway": "tertiary", "name": "Rua Alexandre Fleming", "oneway": "yes", "osm_id": 1253168829, "osm_type": "way"}, "geometry": {"type": "LineString", "coordinates": [[-51.1461162, -29.733519], [-51.1461454, -29.7335255], [-51.1461708, -29.7335396], [-51.14619, -29.7335598], [-51.1462011, -29.7335842], [-51.1462029, -29.7336103], [-51.1461954, -29.7336357], [-51.1461791, -29.7336578], [-51.1461559, -29.7336744], [-51.1461278, -29.733684], [-51.1460977, -29.7336856]]}}, {"type": "Feature", "properties": {"highway": "tertiary", "name": "Rua Alexandre Fleming", "oneway": "yes", "osm_id": 1253168830, "osm_type": "way"}, "geometry": {"type": "LineString", "coordinates": [[-51.1460977, -29.7336856], [-51.1460197, -29.7337118], [-51.145947, -29.733718], [-51.1457857, -29.7337053], [-51.1456463, -29.7336791]]}}, {"type": "Feature", "properties": {"highway": "tertiary", "name": "Rua Alexandre Fleming", "oneway": "yes", "osm_id": 1253168831, "osm_type": "way"}, "geometry": {"type": "LineString", "coordinates": [[-51.1456463, -29.7336791], [-51.14583, -29.7336811], [-51.1458937, -29.7336803], [-51.1459356, -29.7336747], [-51.1459728, -29.7336576], [-51.1460128, -29.7336204]]}}, {"type": "Feature", "properties": {"highway": "tertiary", "name": "Rua Alexandre Fleming", "oneway": "yes", "osm_id": 1253168832, "osm_type": "way"}, "geometry": {"type": "LineString", "coordinates": [[-51.1460977, -29.7336856], [-51.1460685, -29.7336791], [-51.1460431, -29.733665], [-51.1460239, -29.7336448], [-51.1460128, -29.7336204], [-51.146011, -29.7335943], [-51.1460185, -29.7335689], [-51.1460347, -29.7335468], [-51.146058, -29.7335302], [-51.1460861, -29.7335206]]}}, {"type": "Feature", "properties": {"highway": "residential", "name": "Rua São João", "oneway": "yes", "osm_id": 1253193484, "osm_type": "way"}, "geometry": {"type": "LineString", "coordinates": [[-51.150949, -29.7638605], [-51.1512387, -29.7626683]]}}, {"type": "Feature", "properties": {"highway": "residential", "lit": "yes", "name": "Rua São Pedro", "oneway": "yes", "osm_id": 1253193772, "osm_type": "way"}, "geometry": {"type": "LineString", "coordinates": [[-51.1507693, -29.7680375], [-51.1507451, -29.7681319], [-51.1506377, -29.7685911], [-51.1504716, -29.7693017], [-51.1501332, -29.7705983]]}}, {"type": "Feature", "properties": {"highway": "residential", "osm_id": 1271855919, "osm_type": "way"}, "geometry": {"type": "LineString", "coordinates": [[-51.1382222, -29.7834925], [-51.1382163, -29.7835994]]}}, {"type": "Feature", "properties": {"alt_name": "Rua Imperatriz Leopoldina", "cycleway": "lane", "highway": "secondary", "lanes": "2", "lit": "yes", "maxspeed": "60", "name": "Avenida Imperatriz Dona Leopoldina", "oneway": "yes", "surface": "asphalt", "osm_id": 1280952273, "osm_type": "way"}, "geometry": {"type": "LineString", "coordinates": [[-51.1182419, -29.7609142], [-51.1183561, -29.7609256], [-51.1196238, -29.7610522], [-51.1197958, -29.7610693], [-51.1204369, -29.7611333], [-51.1205674, -29.7611463], [-51.1213138, -29.7612209], [-51.1214011, -29.7612296], [-51.1215156, -29.761241], [-51.1228901, -29.7613782], [-51.123005, -29.7613897], [-51.1232762, -29.7614168], [-51.1240806, -29.7614971], [-51.1244779, -29.7615367], [-51.1245918, -29.7615481], [-51.124735, -29.7615624], [-51.1265772, -29.7617463], [-51.1268289, -29.7617714], [-51.1269076, -29.7617793], [-51.1270581, -29.7617943], [-51.1272423, -29.7618127]]}}, {"type": "Feature", "properties": {"cycleway": "lane", "highway": "secondary", "lanes": "2", "lit": "yes", "maxspeed": "60", "name": "Avenida Imperatriz Dona Leopoldina", "oneway": "yes", "surface": "asphalt", "osm_id": 1280952274, "osm_type": "way"}, "geometry": {"type": "LineString", "coordinates": [[-51.1272143, -29.7619345], [-51.1269467, -29.761908], [-51.1268232, -29.7618958], [-51.1248386, -29.7616992], [-51.1246051, -29.761676], [-51.1229968, -29.7615167], [-51.1215227, -29.7613707], [-51.1214581, -29.7613643]]}}, {"type": "Feature", "properties": {"highway": "tertiary", "maxheight": "default", "name": "Rua Presidente Lucena", "osm_id": 1281158540, "osm_type": "way"}, "geometry": {"type": "LineString", "coordinates": [[-51.1596703, -29.726691], [-51.159469, -29.7269141], [-51.1589076, -29.7275372], [-51.1582514, -29.7281884], [-51.1575976, -29.7287108], [-51.156465, -29.7296222], [-51.1553436, -29.7305145], [-51.1551179, -29.7306928], [-51.1542181, -29.7313626], [-51.1534025, -29.7322173], [-51.1532277, -29.7323809], [-51.1529315, -29.7327035], [-51.1529188, -29.7327173], [-51.1524955, -29.7332413], [-51.1524497, -29.733298], [-51.1519788, -29.7337969], [-51.1519465, -29.7338343], [-51.1516523, -29.7341752], [-51.1509908, -29.7349289], [-51.1502703, -29.7356837]]}}, {"type": "Feature", "properties": {"highway": "tertiary", "lanes": "2", "name": "Rua Marquês do Herval", "oneway": "yes", "source": "survey; Bing", "surface": "asphalt", "osm_id": 1281158543, "osm_type": "way"}, "geometry": {"type": "LineString", "coordinates": [[-51.1449462, -29.7656836], [-51.1449607, -29.7656211], [-51.1450989, -29.765052], [-51.1452339, -29.7644961], [-51.145254, -29.764424], [-51.1452659, -29.7643606], [-51.1456007, -29.7630677], [-51.1459373, -29.7616468], [-51.1462035, -29.7604872], [-51.146231, -29.7603748], [-51.1462565, -29.7602689]]}}, {"type": "Feature", "properties": {"highway": "tertiary", "lanes": "2", "lit": "yes", "loc_name": "Rua Grande", "name": "Rua Independência", "old_name": "Rua do Passo; Große Straße", "oneway": "yes", "surface": "sett", "osm_id": 1281158544, "osm_type": "way"}, "geometry": {"type": "LineString", "coordinates": [[-51.1470853, -29.76056], [-51.1467822, -29.7618057], [-51.1464429, -29.7632004], [-51.1461252, -29.7644799], [-51.1461076, -29.7645712], [-51.1460802, -29.7646765], [-51.1459681, -29.7652045], [-51.145888, -29.7655821], [-51.1458392, -29.7657921], [-51.1458273, -29.7658303]]}}, {"type": "Feature", "properties": {"alt_name": "Rua 1º de Março;Rua 1 de Março;Avenida Primeiro de Março", "highway": "tertiary", "lanes": "2", "lit": "yes", "name": "Rua Primeiro de Março", "oneway": "yes", "surface": "asphalt", "osm_id": 1281158545, "osm_type": "way"}, "geometry": {"type": "LineString", "coordinates": [[-51.1467192, -29.7659828], [-51.1470518, -29.7646964], [-51.1473535, -29.7633308], [-51.1474049, -29.7631101], [-51.1475057, -29.7627133], [-51.1477022, -29.7619838]]}}, {"type": "Feature", "properties": {"highway": "tertiary", "lanes": "2", "lit": "yes", "maxspeed": "40", "name": "Rua Bento Gonçalves", "oneway": "yes", "surface": "asphalt", "osm_id": 1281158546, "osm_type": "way"}, "geometry": {"type": "LineString", "coordinates": [[-51.1477196, -29.7661597], [-51.1474031, -29.7674414], [-51.1471501, -29.7684909], [-51.1470998, -29.7686999], [-51.1470947, -29.7687197]]}}, {"type": "Feature", "properties": {"highway": "tertiary", "lit": "yes", "name": "Rua Saldanha da Gama", "oneway": "yes", "osm_id": 1281158547, "osm_type": "way"}, "geometry": {"type": "LineString", "coordinates": [[-51.1486396, -29.7663244], [-51.1489172, -29.765034], [-51.1492498, -29.7635974], [-51.1495677, -29.7623424], [-51.1497455, -29.7616427], [-51.1498528, -29.7612317], [-51.1498789, -29.7611319], [-51.1498922, -29.7610804]]}}, {"type": "Feature", "properties": {"highway": "tertiary", "lanes": "2", "name": "Rua Vicentina Maria Fidélis", "surface": "asphalt", "osm_id": 1281158548, "osm_type": "way"}, "geometry": {"type": "LineString", "coordinates": [[-51.1621186, -29.7800772], [-51.1623413, -29.779952], [-51.1625041, -29.7798605], [-51.1626616, -29.7797732]]}}, {"type": "Feature", "properties": {"highway": "tertiary", "maxheight": "default", "name": "Rua Visconde de São Leopoldo", "osm_id": 1281158549, "osm_type": "way"}, "geometry": {"type": "LineString", "coordinates": [[-51.1558601, -29.7777517], [-51.156528, -29.7773757]]}}, {"type": "Feature", "properties": {"alt_name": "Rua Jacy Porto", "highway": "tertiary", "name": "Rua Doutor Jacy Porto", "surface": "asphalt", "osm_id": 1281158550, "osm_type": "way"}, "geometry": {"type": "LineString", "coordinates": [[-51.156528, -29.7773757], [-51.1570546, -29.7780628], [-51.1573072, -29.7783924], [-51.1573847, -29.7784935], [-51.1577274, -29.7789406], [-51.1577584, -29.7789811], [-51.1582338, -29.779581], [-51.1583295, -29.7797018]]}}, {"type": "Feature", "properties": {"highway": "secondary", "lanes": "2", "lit": "yes", "maxheight": "default", "maxspeed": "50", "name": "Avenida João Corrêa", "oneway": "yes", "source": "survey", "surface": "asphalt", "osm_id": 1281964319, "osm_type": "way"}, "geometry": {"type": "LineString", "coordinates": [[-51.1539638, -29.7724983], [-51.1534482, -29.7724225], [-51.1528421, -29.7723214]]}}, {"type": "Feature", "properties": {"highway": "secondary", "lanes": "2", "lit": "yes", "maxheight": "default", "maxspeed": "50", "name": "Avenida João Corrêa", "oneway": "yes", "surface": "asphalt", "osm_id": 1281964320, "osm_type": "way"}, "geometry": {"type": "LineString", "coordinates": [[-51.1529084, -29.7721647], [-51.1534931, -29.7722416], [-51.1539047, -29.7722958]]}}, {"type": "Feature", "properties": {"highway": "secondary", "maxheight": "default", "maxspeed": "60", "name": "Avenida Getúlio Vargas", "oneway": "yes", "source:maxspeed": "implicit", "osm_id": 1281964321, "osm_type": "way"}, "geometry": {"type": "LineString", "coordinates": [[-51.1543112, -29.7725554], [-51.1544144, -29.7728511], [-51.1546102, -29.7735798], [-51.154798, -29.7742072], [-51.1549965, -29.7748544]]}}, {"type": "Feature", "properties": {"highway": "secondary", "lanes": "2", "maxheight": "default", "maxspeed": "60", "name": "Avenida Getúlio Vargas", "oneway": "yes", "source": "Bing; survey", "source:maxspeed": "implicit", "surface": "asphalt", "osm_id": 1281964322, "osm_type": "way"}, "geometry": {"type": "LineString", "coordinates": [[-51.1547041, -29.7750105], [-51.1544648, -29.7742114]]}}, {"type": "Feature", "properties": {"highway": "residential", "name": "Rua Emílio Müller", "osm_id": 1281964336, "osm_type": "way"}, "geometry": {"type": "LineString", "coordinates": [[-51.1460879, -29.7309476], [-51.1460743, -29.7314001], [-51.1460605, -29.7318586], [-51.1460518, -29.7321496], [-51.146048, -29.7322747], [-51.1460345, -29.7327267], [-51.1460202, -29.7332018]]}}, {"type": "Feature", "properties": {"highway": "residential", "lanes": "2", "maxheight": "default", "name": "Rua Flores da Cunha", "oneway": "no", "osm_id": 1281964344, "osm_type": "way"}, "geometry": {"type": "LineString", "coordinates": [[-51.141462, -29.7663611], [-51.1411321, -29.7676335], [-51.1411227, -29.7676836]]}}, {"type": "Feature", "properties": {"highway": "residential", "lanes": "2", "name": "Rua São Paulo", "surface": "sett", "osm_id": 1281964345, "osm_type": "way"}, "geometry": {"type": "LineString", "coordinates": [[-51.142261, -29.7665264], [-51.1422674, -29.7665002], [-51.1425445, -29.7653475], [-51.1425698, -29.7652424]]}}, {"type": "Feature", "properties": {"highway": "tertiary", "lanes": "2", "name": "Rua José Bonifácio", "oneway": "yes", "surface": "sett", "osm_id": 1281964346, "osm_type": "way"}, "geometry": {"type": "LineString", "coordinates": [[-51.1425598, -29.7686617], [-51.142728, -29.7679746], [-51.143062, -29.7666754]]}}, {"type": "Feature", "properties": {"highway": "tertiary", "lanes": "2", "lit": "yes", "name": "Rua São Joaquim", "oneway": "yes", "surface": "asphalt", "osm_id": 1281964347, "osm_type": "way"}, "geometry": {"type": "LineString", "coordinates": [[-51.1438344, -29.7668116], [-51.1435032, -29.7681225], [-51.1432377, -29.7691842], [-51.1431974, -29.7693553], [-51.1429413, -29.7703948]]}}, {"type": "Feature", "properties": {"alt_name": "Rua 25 de Julho; Rua Vinte e Cinco de Julho; Avenida 25 de Julho", "highway": "residential", "name": "Avenida Vinte e Cinco de Julho", "sidewalk": "both", "surface": "asphalt", "osm_id": 1281964348, "osm_type": "way"}, "geometry": {"type": "LineString", "coordinates": [[-51.1535078, -29.7741956], [-51.154326, -29.773723]]}}, {"type": "Feature", "properties": {"highway": "residential", "maxheight": "default", "name": "Rua Lindolfo Collor", "oneway": "yes", "osm_id": 1281964349, "osm_type": "way"}, "geometry": {"type": "LineString", "coordinates": [[-51.151236, -29.7694368], [-51.1520836, -29.7695695], [-51.1526442, -29.7696486], [-51.1529204, -29.7696894], [-51.1530465, -29.7697068], [-51.1531752, -29.7697022]]}}, {"type": "Feature", "properties": {"highway": "residential", "lit": "yes", "name": "Rua Santo Antônio", "source": "survey;Bing", "surface": "asphalt", "osm_id": 1281964350, "osm_type": "way"}, "geometry": {"type": "LineString", "coordinates": [[-51.151236, -29.7694368], [-51.1509141, -29.7707313], [-51.1506191, -29.7718302]]}}, {"type": "Feature", "properties": {"highway": "residential", "lit": "yes", "name": "Rua Conceição", "oneway": "yes", "osm_id": 1281964351, "osm_type": "way"}, "geometry": {"type": "LineString", "coordinates": [[-51.1499257, -29.7678943], [-51.1507693, -29.7680375], [-51.1515612, -29.7681795], [-51.15238, -29.7683227], [-51.1530331, -29.7684403], [-51.1531752, -29.7684612]]}}, {"type": "Feature", "properties": {"highway": "residential", "name": "Rua São João", "oneway": "yes", "osm_id": 1281964352, "osm_type": "way"}, "geometry": {"type": "LineString", "coordinates": [[-51.1493021, -29.7716369], [-51.1493279, -29.7706617], [-51.1493343, -29.7704216], [-51.1496428, -29.7691504], [-51.149905, -29.7679785], [-51.1499257, -29.7678943]]}}, {"type": "Feature", "properties": {"highway": "residential", "name": "Rua São Francisco", "oneway": "yes", "osm_id": 1281964353, "osm_type": "way"}, "geometry": {"type": "LineString", "coordinates": [[-51.1497608, -29.7651783], [-51.1494554, -29.7664425], [-51.1494483, -29.766481]]}}, {"type": "Feature", "properties": {"highway": "residential", "name": "Rua Capitão Armínio Bier", "osm_id": 1281964354, "osm_type": "way"}, "geometry": {"type": "LineString", "coordinates": [[-51.1577584, -29.7789811], [-51.1578599, -29.7789249], [-51.1578893, -29.7789086], [-51.1592146, -29.7781743], [-51.1594194, -29.7780559], [-51.160149, -29.7776495]]}}, {"type": "Feature", "properties": {"alt_name": "Rua Tarcilio Nunes;Avenida Tharcilo Nunes;Avenida Tarcilio Nunes", "highway": "secondary", "maxspeed": "40", "name": "Avenida Tharcillo Nunes", "source": "Yahoo;survey", "surface": "asphalt", "osm_id": 1283186395, "osm_type": "way"}, "geometry": {"type": "LineString", "coordinates": [[-51.1217827, -29.775327], [-51.1215172, -29.7751908], [-51.1212117, -29.7750985], [-51.1204186, -29.7749294], [-51.1196306, -29.7747651], [-51.1193703, -29.7747079], [-51.1190967, -29.7746869], [-51.118523, -29.7747134], [-51.1173035, -29.7747775], [-51.1161715, -29.7748183], [-51.1156444, -29.7748265], [-51.1151871, -29.7747636], [-51.115002, -29.7747194], [-51.1149135, -29.7746996], [-51.1147392, -29.7746414], [-51.1144294, -29.7745075], [-51.1140431, -29.774319], [-51.1137106, -29.7740477], [-51.1134088, -29.7737055]]}}, {"type": "Feature", "properties": {"alt_name": "Rua Portao", "highway": "residential", "maxheight": "default", "name": "Rua do Portão", "source:name": "survey", "osm_id": 1285811301, "osm_type": "way"}, "geometry": {"type": "LineString", "coordinates": [[-51.1454311, -29.749603], [-51.1455662, -29.7495961], [-51.1475329, -29.7494987], [-51.1486589, -29.7494429], [-51.1490326, -29.7494244], [-51.150232, -29.749365], [-51.1510445, -29.7493295]]}}, {"type": "Feature", "properties": {"highway": "tertiary", "lanes": "2", "maxspeed:forward": "40", "name": "Rua Doutor Hillebrand", "oneway": "no", "source": "Bing; survey", "surface": "asphalt", "osm_id": 1285811302, "osm_type": "way"}, "geometry": {"type": "LineString", "coordinates": [[-51.1475329, -29.7494987], [-51.147534, -29.7494741], [-51.1475324, -29.7493903], [-51.1475166, -29.74878], [-51.1473991, -29.7468704], [-51.1474131, -29.7466201]]}}, {"type": "Feature", "properties": {"highway": "secondary", "name": "Avenida Tomaz Edison", "oneway": "yes", "osm_id": 1285811578, "osm_type": "way"}, "geometry": {"type": "LineString", "coordinates": [[-51.1547967, -29.7341846], [-51.1548065, -29.7340857], [-51.1548206, -29.7339442], [-51.1548878, -29.7332494], [-51.1549159, -29.7330039], [-51.1550237, -29.7317948]]}}, {"type": "Feature", "properties": {"highway": "secondary", "name": "Avenida Tomaz Edison", "oneway": "yes", "osm_id": 1285811579, "osm_type": "way"}, "geometry": {"type": "LineString", "coordinates": [[-51.1551987, -29.7316943], [-51.1551933, -29.7318168], [-51.1550434, -29.7330217], [-51.1550265, -29.7332631], [-51.1549591, -29.7339457], [-51.1549454, -29.7340965], [-51.1549364, -29.7341952]]}}, {"type": "Feature", "properties": {"highway": "secondary", "lanes": "2", "lit": "yes", "maxspeed": "50", "name": "Avenida Feitoria", "oneway": "yes", "source": "survey; Bing", "surface": "asphalt", "osm_id": 1286354519, "osm_type": "way"}, "geometry": {"type": "LineString", "coordinates": [[-51.1174594, -29.7659901], [-51.117535, -29.7660255], [-51.1179422, -29.7662164], [-51.1184837, -29.7664735], [-51.1188648, -29.7666264], [-51.118975, -29.766659], [-51.1191963, -29.7666966], [-51.1193417, -29.7667114], [-51.119448, -29.7667066], [-51.1195454, -29.7666953], [-51.1196138, -29.7666846], [-51.1198019, -29.7666463], [-51.1206283, -29.7663516], [-51.12195, -29.7658976], [-51.1222138, -29.7658102], [-51.1225988, -29.7656703], [-51.1229778, -29.7655755], [-51.123401, -29.7655244], [-51.1235521, -29.7655164], [-51.1237485, -29.7655072]]}}, {"type": "Feature", "properties": {"alt_name": "Rua Leopoldo Wasun", "highway": "tertiary", "name": "Avenida Leopoldo Wasun", "source": "Bing", "osm_id": 1289006372, "osm_type": "way"}, "geometry": {"type": "LineString", "coordinates": [[-51.1378998, -29.7388111], [-51.1384466, -29.7381893], [-51.1384931, -29.7381389], [-51.1388809, -29.7376586], [-51.1391923, -29.7373064], [-51.1393329, -29.7371283], [-51.1394797, -29.7369539], [-51.1397846, -29.7365793], [-51.140137, -29.7361881]]}}, {"type": "Feature", "properties": {"access": "private", "highway": "service", "osm_id": 1296008512, "osm_type": "way"}, "geometry": {"type": "LineString", "coordinates": [[-51.1197804, -29.7633773], [-51.1196812, -29.762574]]}}, {"type": "Feature", "properties": {"name": "Arroio Kruze", "waterway": "stream", "osm_id": 1304154631, "osm_type": "way"}, "geometry": {"type": "LineString", "coordinates": [[-51.1357878, -29.7617224], [-51.1360047, -29.7615639], [-51.1361842, -29.7613324], [-51.1368093, -29.7606702], [-51.1373146, -29.7602262], [-51.1377768, -29.7596324], [-51.1384053, -29.7590119], [-51.1388305, -29.7586054], [-51.1391078, -29.7582683], [-51.1391263, -29.7580169], [-51.1389229, -29.757819], [-51.1386081, -29.7574629]]}}, {"type": "Feature", "properties": {"highway": "motorway", "lanes": "3", "lit": "yes", "maxheight": "5.5", "maxspeed": "80", "name": "Rodovia BR-116", "oneway": "yes", "ref": "BR-116", "surface": "asphalt", "osm_id": 1304375230, "osm_type": "way"}, "geometry": {"type": "LineString", "coordinates": [[-51.1517942, -29.7555598], [-51.1518086, -29.7557599], [-51.1518894, -29.7568839]]}}, {"type": "Feature", "properties": {"highway": "service", "oneway": "yes", "osm_id": 1308940459, "osm_type": "way"}, "geometry": {"type": "LineString", "coordinates": [[-51.1586477, -29.7656066], [-51.15876, -29.7656122]]}}, {"type": "Feature", "properties": {"highway": "secondary", "maxspeed": "60", "oneway": "yes", "source:maxspeed": "implicit", "osm_id": 1320120877, "osm_type": "way"}, "geometry": {"type": "LineString", "coordinates": [[-51.1522366, -29.7594876], [-51.1522449, -29.7596974], [-51.1522731, -29.7603788], [-51.1522766, -29.7604638]]}}, {"type": "Feature", "properties": {"highway": "residential", "maxheight": "default", "osm_id": 1320120886, "osm_type": "way"}, "geometry": {"type": "LineString", "coordinates": [[-51.1521119, -29.7568116], [-51.1521319, -29.7568091], [-51.152152, -29.7567994], [-51.1521644, -29.756784], [-51.1521707, -29.7567634], [-51.1521654, -29.7566702], [-51.1521493, -29.7562441], [-51.152108, -29.7560204], [-51.1520849, -29.7558773], [-51.1520554, -29.7556882], [-51.152007, -29.7556359]]}}, {"type": "Feature", "properties": {"highway": "residential", "maxheight": "default", "osm_id": 1320120887, "osm_type": "way"}, "geometry": {"type": "LineString", "coordinates": [[-51.1515091, -29.7567625], [-51.1515411, -29.7568], [-51.1515619, -29.7568321], [-51.1515847, -29.7568478], [-51.1516139, -29.7568538]]}}, {"type": "Feature", "properties": {"change": "no", "destination": "Novo Hamburgo", "destination:ref": "BR-116 (Norte)", "highway": "secondary", "lanes": "2", "lit": "yes", "maxspeed": "60", "oneway": "yes", "source": "survey;Bing", "source:maxspeed": "implicit", "surface": "asphalt", "osm_id": 1320122563, "osm_type": "way"}, "geometry": {"type": "LineString", "coordinates": [[-51.1519194, -29.7603678], [-51.1518993, -29.7599038], [-51.1518686, -29.7595868]]}}, {"type": "Feature", "properties": {"highway": "secondary", "lanes": "1", "maxheight": "5.5", "maxspeed": "60", "oneway": "yes", "source:maxspeed": "implicit", "osm_id": 1320122564, "osm_type": "way"}, "geometry": {"type": "LineString", "coordinates": [[-51.1525154, -29.7623517], [-51.1523415, -29.7620078], [-51.1522224, -29.7617463], [-51.1520105, -29.7610647]]}}, {"type": "Feature", "properties": {"change": "no", "highway": "secondary", "lanes": "2", "maxheight": "5.5", "maxspeed": "60", "name": "Rodovia BR-116", "oneway": "yes", "ref": "BR-116", "source:maxspeed": "implicit", "surface": "asphalt", "osm_id": 1320330874, "osm_type": "way"}, "geometry": {"type": "LineString", "coordinates": [[-51.1520105, -29.7610647], [-51.1519657, -29.7608323]]}}, {"type": "Feature", "properties": {"highway": "secondary", "lit": "yes", "maxheight": "5.5", "maxspeed": "60", "name": "Avenida Senador Salgado Filho", "oneway": "yes", "source:maxspeed": "implicit", "osm_id": 1321727217, "osm_type": "way"}, "geometry": {"type": "LineString", "coordinates": [[-51.1516494, -29.7500119], [-51.1516546, -29.7501845], [-51.15167, -29.750519]]}}, {"type": "Feature", "properties": {"highway": "secondary", "lit": "yes", "maxheight": "default", "maxspeed": "60", "name": "Avenida Senador Salgado Filho", "source:maxspeed": "implicit", "osm_id": 1321727218, "osm_type": "way"}, "geometry": {"type": "LineString", "coordinates": [[-51.1518927, -29.7539328], [-51.1519504, -29.7546688], [-51.1519863, -29.7552243], [-51.152007, -29.7556359], [-51.1520262, -29.756017], [-51.152042, -29.756768], [-51.1520452, -29.7568338], [-51.1520501, -29.7569142]]}}, {"type": "Feature", "properties": {"highway": "residential", "lanes": "2", "name": "Rua Barbacena", "oneway": "yes", "surface": "sett", "osm_id": 1321735548, "osm_type": "way"}, "geometry": {"type": "LineString", "coordinates": [[-51.1231008, -29.7697367], [-51.1228095, -29.7695433], [-51.1222714, -29.7696676], [-51.1216969, -29.7698938]]}}, {"type": "Feature", "properties": {"highway": "residential", "name": "Rua Bom Jesus", "oneway": "yes", "osm_id": 1321735549, "osm_type": "way"}, "geometry": {"type": "LineString", "coordinates": [[-51.1224844, -29.7704434], [-51.1231008, -29.7697367]]}}, {"type": "Feature", "properties": {"access": "private", "highway": "living_street", "osm_id": 1326102234, "osm_type": "way"}, "geometry": {"type": "LineString", "coordinates": [[-51.1387195, -29.7835007], [-51.1387255, -29.7832748], [-51.1387476, -29.782438]]}}, {"type": "Feature", "properties": {"access": "private", "highway": "living_street", "osm_id": 1326102235, "osm_type": "way"}, "geometry": {"type": "LineString", "coordinates": [[-51.1391714, -29.7832796], [-51.1387255, -29.7832748]]}}, {"type": "Feature", "properties": {"access": "private", "highway": "living_street", "osm_id": 1326102236, "osm_type": "way"}, "geometry": {"type": "LineString", "coordinates": [[-51.1395764, -29.7825881], [-51.1391929, -29.7825742]]}}, {"type": "Feature", "properties": {"access": "private", "highway": "living_street", "osm_id": 1326102237, "osm_type": "way"}, "geometry": {"type": "LineString", "coordinates": [[-51.1395603, -29.7833819], [-51.1391685, -29.7833734], [-51.1391341, -29.7833727]]}}, {"type": "Feature", "properties": {"access": "private", "highway": "living_street", "osm_id": 1326102238, "osm_type": "way"}, "geometry": {"type": "LineString", "coordinates": [[-51.1395845, -29.7829815], [-51.1391808, -29.7829719]]}}, {"type": "Feature", "properties": {"access": "private", "highway": "living_street", "osm_id": 1326102239, "osm_type": "way"}, "geometry": {"type": "LineString", "coordinates": [[-51.1391929, -29.7825742], [-51.1391808, -29.7829719], [-51.1391714, -29.7832796], [-51.1391685, -29.7833734]]}}, {"type": "Feature", "properties": {"access": "private", "highway": "living_street", "osm_id": 1326433374, "osm_type": "way"}, "geometry": {"type": "LineString", "coordinates": [[-51.1391345, -29.7835723], [-51.1391341, -29.7833727]]}}, {"type": "Feature", "properties": {"flood_prone": "yes", "highway": "residential", "name": "Rua das Camélias", "source": "Yahoo; survey", "surface": "sett", "osm_id": 1327043245, "osm_type": "way"}, "geometry": {"type": "LineString", "coordinates": [[-51.1266989, -29.7605367], [-51.1263276, -29.758501]]}}, {"type": "Feature", "properties": {"waterway": "stream", "osm_id": 1330307330, "osm_type": "way"}, "geometry": {"type": "LineString", "coordinates": [[-51.125614, -29.7496782], [-51.1258762, -29.7502764], [-51.1261008, -29.7508421], [-51.1261308, -29.7511022], [-51.1260933, -29.7513753], [-51.1257938, -29.7513557], [-51.1254942, -29.7511932], [-51.1251572, -29.7510697], [-51.1248127, -29.7510501], [-51.1243783, -29.7511217], [-51.1241611, -29.7512712], [-51.1241087, -29.7516548], [-51.1240113, -29.752084], [-51.123914, -29.7524611], [-51.1239664, -29.7527862], [-51.1241761, -29.7530788], [-51.1244232, -29.7531893], [-51.1245431, -29.7530398], [-51.1246479, -29.7526041], [-51.1247453, -29.7523181], [-51.1248801, -29.7522075], [-51.1250523, -29.7522335], [-51.1251797, -29.7524091], [-51.1254643, -29.7526432], [-51.1255766, -29.7528317], [-51.1257264, -29.7529683], [-51.1260934, -29.7530398], [-51.1263255, -29.7529097], [-51.1267973, -29.7526432], [-51.1271868, -29.7525651], [-51.127419, -29.7526627], [-51.1275612, -29.7529487], [-51.1276212, -29.7533974], [-51.1278384, -29.7536575], [-51.1283326, -29.7537225], [-51.1289992, -29.753716], [-51.1291565, -29.7534754], [-51.1291415, -29.7531828], [-51.1289842, -29.7529813], [-51.1288269, -29.7526757], [-51.1287221, -29.7523571], [-51.1286996, -29.752071], [-51.1290142, -29.7518044], [-51.1295684, -29.7515118], [-51.1300402, -29.7511932], [-51.1301001, -29.7509461], [-51.1302125, -29.7497952], [-51.1304147, -29.7493206], [-51.1305944, -29.7490865], [-51.1309815, -29.7484202]]}}, {"type": "Feature", "properties": {"highway": "motorway", "lanes": "2", "lit": "yes", "maxheight": "5.5", "maxspeed": "80", "name": "Rodovia BR-116", "oneway": "yes", "ref": "BR-116", "surface": "asphalt", "osm_id": 1331638673, "osm_type": "way"}, "geometry": {"type": "LineString", "coordinates": [[-51.1518894, -29.7568839], [-51.1519342, -29.7575079]]}}, {"type": "Feature", "properties": {"highway": "motorway", "lanes": "2", "maxheight": "5.5", "maxspeed": "80", "name": "Rodovia BR-116", "oneway": "yes", "ref": "BR-116", "surface": "asphalt", "osm_id": 1332903407, "osm_type": "way"}, "geometry": {"type": "LineString", "coordinates": [[-51.153286, -29.7697045], [-51.1532731, -29.7696603], [-51.1532503, -29.769552], [-51.1532303, -29.769445], [-51.1532048, -29.7691574], [-51.1532047, -29.7689886], [-51.1532195, -29.7688151], [-51.153241, -29.7686743], [-51.1532665, -29.7685287], [-51.1533503, -29.7681831], [-51.153485, -29.7676114], [-51.1536178, -29.7670177]]}}, {"type": "Feature", "properties": {"change": "no", "highway": "secondary", "lanes": "2", "maxspeed": "60", "oneway": "yes", "source:maxspeed": "implicit", "surface": "asphalt", "osm_id": 1332903408, "osm_type": "way"}, "geometry": {"type": "LineString", "coordinates": [[-51.1516371, -29.7567829], [-51.1515897, -29.7562595], [-51.151573, -29.7560479], [-51.151564, -29.7558971]]}}, {"type": "Feature", "properties": {"highway": "residential", "lanes": "2", "maxheight": "default", "maxspeed": "30", "name": "Avenida Senador Salgado Filho", "oneway": "yes", "source:maxspeed": "implicit", "surface": "asphalt", "osm_id": 1332911806, "osm_type": "way"}, "geometry": {"type": "LineString", "coordinates": [[-51.1497125, -29.7362199], [-51.149708, -29.7361683], [-51.1496902, -29.7358781], [-51.1496885, -29.7356345], [-51.1496587, -29.7352916], [-51.1495495, -29.734074], [-51.1495465, -29.7340405], [-51.1495295, -29.7338504], [-51.1495515, -29.7337195]]}}, {"type": "Feature", "properties": {"foot": "no", "highway": "tertiary", "name": "Rua Alberto Zimmermann", "oneway": "yes", "osm_id": 1336085539, "osm_type": "way"}, "geometry": {"type": "LineString", "coordinates": [[-51.1257961, -29.7792342], [-51.1257121, -29.7791759], [-51.1256615, -29.7791408]]}}, {"type": "Feature", "properties": {"foot": "no", "highway": "tertiary", "name": "Rua Alberto Zimmermann", "oneway": "yes", "osm_id": 1336085540, "osm_type": "way"}, "geometry": {"type": "LineString", "coordinates": [[-51.125719, -29.7790943], [-51.1257675, -29.7791223], [-51.1258578, -29.7791743]]}}, {"type": "Feature", "properties": {"alt_name": "Rua Adao Gernhardt; Rua Adao Gernhard", "foot": "no", "highway": "residential", "name": "Rua Adão Gerhardt", "osm_id": 1336085541, "osm_type": "way"}, "geometry": {"type": "LineString", "coordinates": [[-51.1272605, -29.7775983], [-51.1273078, -29.7776208], [-51.1274017, -29.7776654]]}}, {"type": "Feature", "properties": {"alt_name": "Rua Adao Gernhardt; Rua Adao Gernhard", "highway": "residential", "name": "Rua Adão Gerhardt", "osm_id": 1336085542, "osm_type": "way"}, "geometry": {"type": "LineString", "coordinates": [[-51.1268181, -29.7773754], [-51.126907, -29.7774177], [-51.1269835, -29.7774549], [-51.127192, -29.7775655], [-51.1272605, -29.7775983]]}}, {"type": "Feature", "properties": {"foot": "no", "highway": "tertiary", "lit": "yes", "name": "Rua Dona Leopoldina", "source:name": "survey", "surface": "asphalt", "osm_id": 1336456686, "osm_type": "way"}, "geometry": {"type": "LineString", "coordinates": [[-51.1279548, -29.7668951], [-51.1279541, -29.7667591]]}}, {"type": "Feature", "properties": {"foot": "no", "highway": "secondary", "lanes": "2", "lit": "yes", "maxspeed": "60", "name": "Avenida Feitoria", "oneway": "yes", "surface": "asphalt", "osm_id": 1336456689, "osm_type": "way"}, "geometry": {"type": "LineString", "coordinates": [[-51.1170511, -29.7657944], [-51.1172237, -29.7658883], [-51.1174594, -29.7659901]]}}, {"type": "Feature", "properties": {"alt_name": "Rua Gonzaga", "foot": "no", "highway": "residential", "name": "Rua Gozaga", "osm_id": 1336845343, "osm_type": "way"}, "geometry": {"type": "LineString", "coordinates": [[-51.1469056, -29.7819666], [-51.146982, -29.7819829]]}}, {"type": "Feature", "properties": {"alt_name": "Rua da Paz", "foot": "no", "highway": "residential", "name": "Rua da Cruz", "osm_id": 1336845346, "osm_type": "way"}, "geometry": {"type": "LineString", "coordinates": [[-51.1467823, -29.7827698], [-51.1467004, -29.7827511]]}}, {"type": "Feature", "properties": {"foot": "no", "highway": "residential", "name": "Rua Anchieta", "osm_id": 1336845347, "osm_type": "way"}, "geometry": {"type": "LineString", "coordinates": [[-51.1471161, -29.7811215], [-51.1472033, -29.781139]]}}, {"type": "Feature", "properties": {"foot": "no", "highway": "residential", "name": "Rua Irmã Teresa", "osm_id": 1337677329, "osm_type": "way"}, "geometry": {"type": "LineString", "coordinates": [[-51.1327331, -29.7644213], [-51.1328496, -29.76442]]}}, {"type": "Feature", "properties": {"alt_name": "Rua Bardu Luiz Wolmer", "foot": "no", "highway": "residential", "name": "Rua Bardu Luiz Volmer", "osm_id": 1337677330, "osm_type": "way"}, "geometry": {"type": "LineString", "coordinates": [[-51.1328457, -29.7641199], [-51.1327403, -29.7641215]]}}, {"type": "Feature", "properties": {"highway": "residential", "oneway": "yes", "osm_id": 1340582147, "osm_type": "way"}, "geometry": {"type": "LineString", "coordinates": [[-51.1536892, -29.7631698], [-51.1535735, -29.7636602]]}}, {"type": "Feature", "properties": {"highway": "service", "osm_id": 1347376758, "osm_type": "way"}, "geometry": {"type": "LineString", "coordinates": [[-51.1373925, -29.7799377], [-51.1373757, -29.779954], [-51.1373603, -29.7800006], [-51.137377, -29.7801438]]}}, {"type": "Feature", "properties": {"highway": "residential", "maxheight": "default", "name": "Rua José Bonifácio", "oneway": "yes", "osm_id": 1351860061, "osm_type": "way"}, "geometry": {"type": "LineString", "coordinates": [[-51.1420058, -29.7709537], [-51.1420602, -29.770715]]}}, {"type": "Feature", "properties": {"highway": "residential", "name": "Rua José Bonifácio", "oneway": "yes", "osm_id": 1351860062, "osm_type": "way"}, "geometry": {"type": "LineString", "coordinates": [[-51.1421544, -29.7708936], [-51.1421118, -29.7708969], [-51.1420823, -29.7709027], [-51.1420585, -29.770914], [-51.1420058, -29.7709537]]}}, {"type": "Feature", "properties": {"highway": "residential", "lit": "yes", "name": "Rua São Pedro", "oneway": "yes", "osm_id": 1351979344, "osm_type": "way"}, "geometry": {"type": "LineString", "coordinates": [[-51.1517537, -29.7639909], [-51.1513808, -29.7654554]]}}, {"type": "Feature", "properties": {"highway": "residential", "lit": "yes", "name": "Rua São Pedro", "oneway": "yes", "osm_id": 1351979345, "osm_type": "way"}, "geometry": {"type": "LineString", "coordinates": [[-51.1513808, -29.7654554], [-51.1510709, -29.7667266], [-51.1510626, -29.766761]]}}, {"type": "Feature", "properties": {"highway": "residential", "lit": "yes", "name": "Rua São Pedro", "oneway": "yes", "osm_id": 1351982793, "osm_type": "way"}, "geometry": {"type": "LineString", "coordinates": [[-51.1510626, -29.766761], [-51.1510419, -29.7668498], [-51.150945, -29.7672715], [-51.1507756, -29.7680089], [-51.1507693, -29.7680375]]}}, {"type": "Feature", "properties": {"highway": "secondary", "oneway": "yes", "osm_id": 1360643822, "osm_type": "way"}, "geometry": {"type": "LineString", "coordinates": [[-51.1557487, -29.7427413], [-51.1552017, -29.7430739]]}}, {"type": "Feature", "properties": {"highway": "service", "maxheight": "default", "osm_id": 1361354050, "osm_type": "way"}, "geometry": {"type": "LineString", "coordinates": [[-51.1458755, -29.756923], [-51.1460233, -29.7567355], [-51.1460591, -29.7567058], [-51.1460949, -29.7566899]]}}, {"type": "Feature", "properties": {"access": "private", "highway": "service", "osm_id": 1361611898, "osm_type": "way"}, "geometry": {"type": "LineString", "coordinates": [[-51.1567292, -29.7595005], [-51.1567882, -29.7608909]]}}, {"type": "Feature", "properties": {"highway": "residential", "lit": "yes", "name": "Rua São Pedro", "oneway": "yes", "osm_id": 1361613026, "osm_type": "way"}, "geometry": {"type": "LineString", "coordinates": [[-51.1520313, -29.7628383], [-51.1517537, -29.7639909]]}}, {"type": "Feature", "properties": {"highway": "secondary", "lanes": "2", "maxheight": "default", "maxspeed": "40", "name": "Avenida Getúlio Vargas", "oneway": "yes", "source": "Bing; survey", "source:maxspeed": "sign", "surface": "asphalt", "osm_id": 1365875262, "osm_type": "way"}, "geometry": {"type": "LineString", "coordinates": [[-51.1540147, -29.7726555], [-51.1539638, -29.7724983]]}}, {"type": "Feature", "properties": {"highway": "residential", "lit": "yes", "maxheight": "default", "maxspeed": "30", "name": "Avenida Senador Salgado Filho", "source": "Bing;survey", "source:maxspeed": "implicit", "osm_id": 1365875269, "osm_type": "way"}, "geometry": {"type": "LineString", "coordinates": [[-51.1502388, -29.7410371], [-51.1500992, -29.739398]]}}, {"type": "Feature", "properties": {"highway": "tertiary", "lanes": "2", "lit": "yes", "maxspeed": "40", "name": "Avenida Caxias do Sul", "oneway": "yes", "source:maxspeed": "implicit", "surface": "paving_stones", "osm_id": 1365875271, "osm_type": "way"}, "geometry": {"type": "LineString", "coordinates": [[-51.1488587, -29.7577227], [-51.1488176, -29.7578551], [-51.1488139, -29.7578672]]}}, {"type": "Feature", "properties": {"highway": "tertiary", "lanes": "2", "lit": "yes", "maxspeed": "40", "name": "Avenida Caxias do Sul", "oneway": "yes", "source:maxspeed": "implicit", "surface": "paving_stones", "osm_id": 1365875272, "osm_type": "way"}, "geometry": {"type": "LineString", "coordinates": [[-51.1487553, -29.7578584], [-51.1487583, -29.7578451], [-51.148791, -29.7577012]]}}, {"type": "Feature", "properties": {"highway": "secondary", "lanes": "2", "lit": "yes", "maxspeed": "50", "name": "Avenida João Corrêa", "oneway": "yes", "surface": "asphalt", "osm_id": 1365954412, "osm_type": "way"}, "geometry": {"type": "LineString", "coordinates": [[-51.1464416, -29.7711876], [-51.1483174, -29.7714687], [-51.1483678, -29.7714762], [-51.1484385, -29.7714868]]}}, {"type": "Feature", "properties": {"highway": "secondary", "lanes": "2", "lit": "yes", "maxspeed": "50", "name": "Avenida João Corrêa", "oneway": "yes", "source": "survey", "surface": "asphalt", "osm_id": 1365954413, "osm_type": "way"}, "geometry": {"type": "LineString", "coordinates": [[-51.1464161, -29.771311], [-51.1459713, -29.7712525], [-51.145708, -29.7712179], [-51.1454129, -29.7711783], [-51.1446029, -29.7710293], [-51.1444607, -29.7709978], [-51.1441603, -29.770928], [-51.1437191, -29.7707802]]}}, {"type": "Feature", "properties": {"highway": "service", "osm_id": 1380821783, "osm_type": "way"}, "geometry": {"type": "LineString", "coordinates": [[-51.1313689, -29.7380844], [-51.1312053, -29.7379494], [-51.1311466, -29.7379089], [-51.1310765, -29.7378725], [-51.1308458, -29.7378003], [-51.1307976, -29.7378003], [-51.1307487, -29.7378159], [-51.1303049, -29.7381639]]}}, {"type": "Feature", "properties": {"highway": "service", "osm_id": 1380821784, "osm_type": "way"}, "geometry": {"type": "LineString", "coordinates": [[-51.1314198, -29.7387598], [-51.1312829, -29.7388853], [-51.1312609, -29.7388883], [-51.131239, -29.7388787], [-51.1308385, -29.7386352], [-51.1307618, -29.7385878], [-51.1306865, -29.7385415], [-51.1306322, -29.7385021], [-51.1305807, -29.738465], [-51.1303049, -29.7381639], [-51.130193, -29.7380417], [-51.1301694, -29.7380146], [-51.1301567, -29.7379845], [-51.1300258, -29.7376379]]}}, {"type": "Feature", "properties": {"highway": "service", "osm_id": 1380821785, "osm_type": "way"}, "geometry": {"type": "LineString", "coordinates": [[-51.1304639, -29.7375761], [-51.130477, -29.7375569], [-51.1304782, -29.7375369], [-51.1303885, -29.7373287], [-51.1303711, -29.7373194], [-51.1303443, -29.7373194], [-51.1301176, -29.7373939], [-51.1301042, -29.7374067], [-51.1301042, -29.7374254], [-51.1301842, -29.7375961], [-51.1301994, -29.7376303], [-51.1302166, -29.737645], [-51.1302397, -29.7376466], [-51.1304639, -29.7375761]]}}, {"type": "Feature", "properties": {"highway": "service", "service": "parking_aisle", "osm_id": 1382594294, "osm_type": "way"}, "geometry": {"type": "LineString", "coordinates": [[-51.147584, -29.7647939], [-51.1477505, -29.76446]]}}, {"type": "Feature", "properties": {"highway": "service", "osm_id": 1385124363, "osm_type": "way"}, "geometry": {"type": "LineString", "coordinates": [[-51.1468147, -29.7447344], [-51.1467959, -29.7448396], [-51.1467722, -29.7448586], [-51.1467384, -29.7448586], [-51.1464123, -29.7448161]]}}, {"type": "Feature", "properties": {"highway": "service", "osm_id": 1385124364, "osm_type": "way"}, "geometry": {"type": "LineString", "coordinates": [[-51.1469054, -29.7447479], [-51.1468147, -29.7447344], [-51.146071, -29.7446239]]}}, {"type": "Feature", "properties": {"highway": "residential", "osm_id": 1385124365, "osm_type": "way"}, "geometry": {"type": "LineString", "coordinates": [[-51.1491984, -29.745269], [-51.1491247, -29.7450896], [-51.1490885, -29.7449695], [-51.1488884, -29.744195], [-51.148833, -29.7438401]]}}, {"type": "Feature", "properties": {"destination": "Porto Alegre", "destination:ref": "BR-116 (Sul)", "highway": "secondary", "maxheight": "default", "maxspeed": "50", "oneway": "yes", "source:maxspeed": "implicit", "osm_id": 1388242856, "osm_type": "way"}, "geometry": {"type": "LineString", "coordinates": [[-51.1524953, -29.7606793], [-51.1529316, -29.7606898], [-51.1531369, -29.7607374], [-51.1533483, -29.7608274], [-51.1534377, -29.7609095], [-51.1535109, -29.7610092], [-51.153582, -29.7611698], [-51.1535942, -29.7612836], [-51.1535869, -29.7613786]]}}, {"type": "Feature", "properties": {"bridge": "yes", "destination": "Porto Alegre", "destination:ref": "BR-116 (Sul)", "highway": "secondary", "layer": "1", "maxheight": "default", "maxspeed": "50", "oneway": "yes", "source:maxspeed": "implicit", "osm_id": 1388242857, "osm_type": "way"}, "geometry": {"type": "LineString", "coordinates": [[-51.1523289, -29.760688], [-51.1524953, -29.7606793]]}}, {"type": "Feature", "properties": {"bridge": "yes", "destination": "Porto Alegre", "destination:ref": "BR-116 (Sul)", "highway": "secondary", "layer": "1", "maxheight": "default", "maxspeed": "50", "oneway": "yes", "source:maxspeed": "implicit", "osm_id": 1388242858, "osm_type": "way"}, "geometry": {"type": "LineString", "coordinates": [[-51.1516928, -29.7607212], [-51.151894, -29.7607107]]}}, {"type": "Feature", "properties": {"bridge": "yes", "destination": "Porto Alegre", "destination:ref": "BR-116 (Sul)", "highway": "secondary", "layer": "1", "maxheight": "default", "maxspeed": "50", "oneway": "yes", "source:maxspeed": "implicit", "osm_id": 1388242859, "osm_type": "way"}, "geometry": {"type": "LineString", "coordinates": [[-51.151894, -29.7607107], [-51.152018, -29.7607042]]}}, {"type": "Feature", "properties": {"bridge": "yes", "destination": "Porto Alegre", "destination:ref": "BR-116 (Sul)", "highway": "secondary", "layer": "1", "maxheight": "default", "maxspeed": "50", "oneway": "yes", "source:maxspeed": "implicit", "osm_id": 1388242860, "osm_type": "way"}, "geometry": {"type": "LineString", "coordinates": [[-51.152018, -29.7607042], [-51.1521397, -29.7606978]]}}, {"type": "Feature", "properties": {"bridge": "yes", "destination": "Porto Alegre", "destination:ref": "BR-116 (Sul)", "highway": "secondary", "layer": "1", "maxheight": "default", "maxspeed": "50", "oneway": "yes", "source:maxspeed": "implicit", "osm_id": 1388242861, "osm_type": "way"}, "geometry": {"type": "LineString", "coordinates": [[-51.1521397, -29.7606978], [-51.1522605, -29.7606915]]}}, {"type": "Feature", "properties": {"bridge": "yes", "destination": "Porto Alegre", "destination:ref": "BR-116 (Sul)", "highway": "secondary", "layer": "1", "maxheight": "default", "maxspeed": "50", "oneway": "yes", "source:maxspeed": "implicit", "osm_id": 1388242862, "osm_type": "way"}, "geometry": {"type": "LineString", "coordinates": [[-51.1522605, -29.7606915], [-51.1523289, -29.760688]]}}, {"type": "Feature", "properties": {"highway": "tertiary", "oneway": "yes", "osm_id": 1388246207, "osm_type": "way"}, "geometry": {"type": "LineString", "coordinates": [[-51.149819, -29.7611183], [-51.1497343, -29.7611026], [-51.1496095, -29.7610795], [-51.1493908, -29.7610394], [-51.1492044, -29.7610006], [-51.1491427, -29.7610234], [-51.1491088, -29.7610782], [-51.149102, -29.7611561], [-51.1490743, -29.7612281], [-51.1490242, -29.761307], [-51.1489842, -29.7613625], [-51.1489287, -29.7614757]]}}, {"type": "Feature", "properties": {"highway": "tertiary", "oneway": "yes", "osm_id": 1388246208, "osm_type": "way"}, "geometry": {"type": "LineString", "coordinates": [[-51.1498789, -29.7611319], [-51.149819, -29.7611183]]}}, {"type": "Feature", "properties": {"highway": "secondary", "lit": "yes", "maxheight": "default", "maxspeed": "60", "name": "Avenida Senador Salgado Filho", "oneway": "yes", "source:maxspeed": "implicit", "osm_id": 1389715175, "osm_type": "way"}, "geometry": {"type": "LineString", "coordinates": [[-51.15179, -29.7524886], [-51.1518927, -29.7539328]]}}, {"type": "Feature", "properties": {"diameter": "1200 mm", "layer": "-1", "substance": "rainwater", "tunnel": "culvert", "waterway": "drain", "osm_id": 1394218219, "osm_type": "way"}, "geometry": {"type": "LineString", "coordinates": [[-51.128959, -29.7412251], [-51.1287891, -29.741577]]}}, {"type": "Feature", "properties": {"intermittent": "no", "waterway": "drain", "osm_id": 1394218220, "osm_type": "way"}, "geometry": {"type": "LineString", "coordinates": [[-51.1269114, -29.7304087], [-51.1267968, -29.7307127], [-51.1266295, -29.7311701], [-51.1265459, -29.7317378], [-51.1265366, -29.7323727], [-51.1265242, -29.7331932], [-51.1264901, -29.7338846], [-51.1264591, -29.7344173], [-51.1264064, -29.7355203], [-51.1264126, -29.7360018], [-51.1264715, -29.7365614], [-51.1266233, -29.7372124], [-51.1269703, -29.7382562], [-51.1274133, -29.7397143], [-51.1276147, -29.7404513], [-51.1278057, -29.7409689], [-51.1278891, -29.7411759], [-51.1280262, -29.7413751], [-51.1282557, -29.7415847], [-51.128281, -29.7415951], [-51.1284667, -29.7416], [-51.1286977, -29.741588], [-51.1287891, -29.741577], [-51.12909, -29.7416351], [-51.1293265, -29.7416737], [-51.129378, -29.7416773]]}}, {"type": "Feature", "properties": {"diameter": "1200 mm", "layer": "-1", "substance": "rainwater", "tunnel": "culvert", "waterway": "drain", "osm_id": 1394218221, "osm_type": "way"}, "geometry": {"type": "LineString", "coordinates": [[-51.129378, -29.7416773], [-51.1297632, -29.7417282]]}}, {"type": "Feature", "properties": {"waterway": "drain", "osm_id": 1394218222, "osm_type": "way"}, "geometry": {"type": "LineString", "coordinates": [[-51.1297632, -29.7417282], [-51.1299229, -29.7417465]]}}, {"type": "Feature", "properties": {"basin": "retention", "intermittent": "yes", "natural": "water", "water": "basin", "osm_id": 1394218223, "osm_type": "way"}, "geometry": {"type": "Polygon", "coordinates": [[[-51.1278935, -29.7411374], [-51.1280229, -29.7412702], [-51.1280827, -29.7413403], [-51.1281286, -29.7414092], [-51.128233, -29.7415022], [-51.1283276, -29.7415433], [-51.1285307, -29.741542], [-51.1286851, -29.7415312], [-51.1287686, -29.7415433], [-51.1290177, -29.7415578], [-51.1292736, -29.7416061], [-51.1293933, -29.7416387], [-51.129378, -29.7416773], [-51.1293641, -29.7416979], [-51.1292263, -29.7416882], [-51.1290385, -29.7416435], [-51.1289119, -29.7416145], [-51.1288006, -29.7416], [-51.1287338, -29.7416], [-51.1286309, -29.7416399], [-51.1285224, -29.7416786], [-51.1284347, -29.7417245], [-51.1284472, -29.7417704], [-51.1284403, -29.7418018], [-51.1283401, -29.7417728], [-51.1281954, -29.7416327], [-51.1280326, -29.741478], [-51.1279255, -29.7413572], [-51.1278337, -29.7411881], [-51.1278935, -29.7411374]]]}}, {"type": "Feature", "properties": {"waterway": "drain", "osm_id": 1394218224, "osm_type": "way"}, "geometry": {"type": "LineString", "coordinates": [[-51.1296481, -29.7384002], [-51.1294706, -29.738802], [-51.129198, -29.73938], [-51.1291251, -29.7396552], [-51.1290363, -29.7400819], [-51.1289518, -29.7403853], [-51.1288867, -29.7406133], [-51.1288909, -29.7408248], [-51.128956, -29.7409816], [-51.1289875, -29.7411129], [-51.128959, -29.7412251]]}}, {"type": "Feature", "properties": {"waterway": "drain", "osm_id": 1394218225, "osm_type": "way"}, "geometry": {"type": "LineString", "coordinates": [[-51.1301846, -29.7404291], [-51.1300481, -29.7406898], [-51.1298675, -29.7408211], [-51.129668, -29.7409798], [-51.1294958, -29.7411038], [-51.1293026, -29.7411658], [-51.1291429, -29.7411858], [-51.128959, -29.7412251]]}}, {"type": "Feature", "properties": {"waterway": "drain", "osm_id": 1394218226, "osm_type": "way"}, "geometry": {"type": "LineString", "coordinates": [[-51.132317, -29.7408407], [-51.1320666, -29.7410157], [-51.1318324, -29.7409951], [-51.1315981, -29.7409096], [-51.1313571, -29.7409686], [-51.1310685, -29.7411278], [-51.1308376, -29.7414108], [-51.1305864, -29.7416348], [-51.1304216, -29.7417483]]}}, {"type": "Feature", "properties": {"highway": "residential", "name": "Rua Alberto Zimmermann", "oneway": "yes", "osm_id": 1394938558, "osm_type": "way"}, "geometry": {"type": "LineString", "coordinates": [[-51.1283812, -29.776195], [-51.1287792, -29.7761319]]}}, {"type": "Feature", "properties": {"highway": "residential", "name": "Rua Osvaldo Aranha", "osm_id": 1418349595, "osm_type": "way"}, "geometry": {"type": "LineString", "coordinates": [[-51.1558615, -29.7646125], [-51.1568056, -29.7647813]]}}, {"type": "Feature", "properties": {"highway": "residential", "lit": "yes", "name": "Rua Santo Antônio", "surface": "asphalt", "osm_id": 1421786759, "osm_type": "way"}, "geometry": {"type": "LineString", "coordinates": [[-51.1515612, -29.7681795], [-51.1515649, -29.768153], [-51.1517342, -29.7674246], [-51.1518339, -29.7669891], [-51.1518576, -29.7668908]]}}, {"type": "Feature", "properties": {"highway": "residential", "lit": "yes", "name": "Rua Santo Antônio", "surface": "asphalt", "osm_id": 1421786760, "osm_type": "way"}, "geometry": {"type": "LineString", "coordinates": [[-51.151236, -29.7694368], [-51.1515353, -29.7682761], [-51.1515612, -29.7681795]]}}, {"type": "Feature", "properties": {"alt_name": "Avenida Atalibio Taurino de Rezende", "highway": "residential", "name": "Avenida Coronel Atalíbio Taurino de Rezende", "osm_id": 1422211970, "osm_type": "way"}, "geometry": {"type": "LineString", "coordinates": [[-51.1621036, -29.7403041], [-51.1630176, -29.7398998], [-51.1630833, -29.7398882], [-51.1631437, -29.7398894], [-51.1632057, -29.7399239], [-51.1632711, -29.7399895]]}}, {"type": "Feature", "properties": {"highway": "residential", "lit": "yes", "name": "Rua Santo Antônio", "surface": "asphalt", "osm_id": 1423014361, "osm_type": "way"}, "geometry": {"type": "LineString", "coordinates": [[-51.1525717, -29.7641119], [-51.1528936, -29.7629919]]}}, {"type": "Feature", "properties": {"highway": "service", "osm_id": 1432279571, "osm_type": "way"}, "geometry": {"type": "LineString", "coordinates": [[-51.1682117, -29.7672668], [-51.1678711, -29.7668151], [-51.1677343, -29.7665567], [-51.1676833, -29.7664263], [-51.1675291, -29.7662895]]}}, {"type": "Feature", "properties": {"highway": "service", "osm_id": 1432279572, "osm_type": "way"}, "geometry": {"type": "LineString", "coordinates": [[-51.1683351, -29.7676789], [-51.1680776, -29.7677348], [-51.1678147, -29.7676393], [-51.1676994, -29.7675206], [-51.1675733, -29.7673623], [-51.167399, -29.767169], [-51.1671978, -29.7669525], [-51.1671603, -29.7668594], [-51.1669878, -29.7666092]]}}, {"type": "Feature", "properties": {"destination": "Farroupilha;Bento Gonçalves;Novo Hamburgo;Ivoti;Gramado", "destination:ref": "ERS-240", "highway": "trunk", "lanes": "4", "maxheight": "5.5", "maxspeed": "80", "name": "Avenida Senador Salgado Filho", "oneway": "yes", "source:maxspeed": "sign", "surface": "asphalt", "turn:lanes": "reverse|left|left|through", "osm_id": 1441603086, "osm_type": "way"}, "geometry": {"type": "LineString", "coordinates": [[-51.1495515, -29.7337195], [-51.1494923, -29.7331478], [-51.1494263, -29.732564], [-51.1493697, -29.7320628]]}}, {"type": "Feature", "properties": {"highway": "service", "osm_id": 1444261467, "osm_type": "way"}, "geometry": {"type": "LineString", "coordinates": [[-51.1505969, -29.734389], [-51.1505765, -29.7339981], [-51.1505707, -29.733987], [-51.1505605, -29.7339826], [-51.1504344, -29.7339826], [-51.1504198, -29.7339859], [-51.1504096, -29.7339931], [-51.1504179, -29.7341983]]}}, {"type": "Feature", "properties": {"highway": "service", "osm_id": 1444261468, "osm_type": "way"}, "geometry": {"type": "LineString", "coordinates": [[-51.1507128, -29.7343946], [-51.1505969, -29.734389], [-51.1503828, -29.7343786], [-51.1503535, -29.7343686], [-51.1503421, -29.7343559], [-51.1503013, -29.7343144], [-51.1502956, -29.7342951], [-51.150286, -29.734274], [-51.1502694, -29.7342658], [-51.1501017, -29.7342509]]}}, {"type": "Feature", "properties": {"highway": "service", "osm_id": 1466437290, "osm_type": "way"}, "geometry": {"type": "LineString", "coordinates": [[-51.1521654, -29.7566702], [-51.1522472, -29.7566539], [-51.1523169, -29.756619], [-51.1529472, -29.7564979], [-51.15354, -29.7563163], [-51.1542052, -29.7560788]]}}, {"type": "Feature", "properties": {"alt_name": "Rua Marechal Rondon", "highway": "primary", "maxheight": "default", "name": "Avenida Mauá", "oneway": "yes", "source": "survey", "surface": "asphalt", "osm_id": 1469328990, "osm_type": "way"}, "geometry": {"type": "LineString", "coordinates": [[-51.1431095, -29.7539761], [-51.1431767, -29.7538666], [-51.1432232, -29.7538014], [-51.1434615, -29.7536131]]}}, {"type": "Feature", "properties": {"alt_name": "Rua Portao", "highway": "residential", "maxheight": "below_default", "name": "Rua do Portão", "source:name": "survey", "osm_id": 1469328991, "osm_type": "way"}, "geometry": {"type": "LineString", "coordinates": [[-51.1450121, -29.7496244], [-51.1454311, -29.749603]]}}, {"type": "Feature", "properties": {"highway": "residential", "maxheight": "default", "name": "Rua Albino Kempf", "osm_id": 1469328992, "osm_type": "way"}, "geometry": {"type": "LineString", "coordinates": [[-51.1458755, -29.756923], [-51.1456102, -29.7567664], [-51.1452876, -29.7565619], [-51.1449186, -29.7563859], [-51.1447017, -29.7562707], [-51.1446686, -29.7562164], [-51.1447307, -29.7560256]]}}, {"type": "Feature", "properties": {"highway": "residential", "maxheight": "below_default", "name": "Rua Albino Kempf", "osm_id": 1469328993, "osm_type": "way"}, "geometry": {"type": "LineString", "coordinates": [[-51.1469956, -29.7572136], [-51.1458755, -29.756923]]}}, {"type": "Feature", "properties": {"highway": "primary", "maxheight": "default", "name": "Avenida Mauá", "oneway": "yes", "source": "survey; Bing", "surface": "asphalt", "osm_id": 1469328994, "osm_type": "way"}, "geometry": {"type": "LineString", "coordinates": [[-51.1410181, -29.7607354], [-51.1411291, -29.7604689], [-51.1412916, -29.7600789], [-51.1414254, -29.759605], [-51.1416053, -29.7584272]]}}, {"type": "Feature", "properties": {"cycleway:left": "track", "cycleway:right": "no", "highway": "primary", "maxheight": "4.5", "name": "Avenida Mauá", "oneway": "yes", "surface": "asphalt", "osm_id": 1469328995, "osm_type": "way"}, "geometry": {"type": "LineString", "coordinates": [[-51.1402483, -29.7648627], [-51.1399493, -29.7648489]]}}, {"type": "Feature", "properties": {"highway": "residential", "lit": "yes", "maxheight": "default", "name": "Rua Lindolfo Collor", "osm_id": 1469328996, "osm_type": "way"}, "geometry": {"type": "LineString", "coordinates": [[-51.1411227, -29.7676836], [-51.1419126, -29.7678244]]}}, {"type": "Feature", "properties": {"highway": "primary", "lanes": "2", "lit": "yes", "maxheight": "default", "maxspeed": "50", "name": "Avenida João Corrêa", "oneway": "yes", "surface": "asphalt", "osm_id": 1469328997, "osm_type": "way"}, "geometry": {"type": "LineString", "coordinates": [[-51.1421594, -29.7701876], [-51.1426248, -29.7703029], [-51.1428849, -29.7703809], [-51.1429413, -29.7703948]]}}, {"type": "Feature", "properties": {"highway": "primary", "lanes": "2", "lit": "yes", "maxheight": "default", "maxspeed": "50", "name": "Avenida João Corrêa", "oneway": "yes", "surface": "asphalt", "osm_id": 1469328998, "osm_type": "way"}, "geometry": {"type": "LineString", "coordinates": [[-51.1407848, -29.7698884], [-51.1412602, -29.7699985], [-51.1414191, -29.7700351]]}}, {"type": "Feature", "properties": {"highway": "primary", "lanes": "2", "lit": "yes", "maxheight": "4.5", "maxspeed": "60", "name": "Avenida João Corrêa", "oneway": "yes", "source": "survey", "surface": "asphalt", "osm_id": 1469328999, "osm_type": "way"}, "geometry": {"type": "LineString", "coordinates": [[-51.1421259, -29.7703145], [-51.1419958, -29.7702854], [-51.1413842, -29.7701492]]}}, {"type": "Feature", "properties": {"highway": "residential", "maxheight": "4.5", "name": "Rua Florêncio Câmara", "osm_id": 1469329000, "osm_type": "way"}, "geometry": {"type": "LineString", "coordinates": [[-51.1426132, -29.771773], [-51.1434576, -29.7719466]]}}, {"type": "Feature", "properties": {"highway": "primary", "lanes": "2", "lit": "yes", "maxheight": "4.5", "name": "Rua São Joaquim", "oneway": "yes", "surface": "asphalt", "osm_id": 1469329001, "osm_type": "way"}, "geometry": {"type": "LineString", "coordinates": [[-51.1429064, -29.770524], [-51.1426132, -29.771773]]}}, {"type": "Feature", "properties": {"alt_name": "Avenida Frederico Wolfenbuttel", "highway": "tertiary", "maxheight": "4.5", "name": "Rua Frederico Wolfenbuttel", "oneway": "yes", "osm_id": 1469329002, "osm_type": "way"}, "geometry": {"type": "LineString", "coordinates": [[-51.1436681, -29.7731956], [-51.1435926, -29.7731851], [-51.143314, -29.7731465], [-51.1431726, -29.7730874]]}}, {"type": "Feature", "properties": {"alt_name": "Avenida Frederico Wolfenbuttel", "highway": "tertiary", "maxheight": "4.5", "name": "Rua Frederico Wolfenbuttel", "oneway": "yes", "osm_id": 1469329003, "osm_type": "way"}, "geometry": {"type": "LineString", "coordinates": [[-51.1431726, -29.7730874], [-51.1432948, -29.773061], [-51.1436413, -29.773099]]}}, {"type": "Feature", "properties": {"highway": "tertiary", "maxheight": "4.5", "name": "Avenida Presidente João Goulart", "surface": "concrete", "osm_id": 1469329004, "osm_type": "way"}, "geometry": {"type": "LineString", "coordinates": [[-51.143185, -29.779459], [-51.1429533, -29.7794908]]}}, {"type": "Feature", "properties": {"highway": "tertiary", "maxheight": "4.5", "name": "Avenida Presidente João Goulart", "osm_id": 1469329005, "osm_type": "way"}, "geometry": {"type": "LineString", "coordinates": [[-51.1434388, -29.779393], [-51.1433137, -29.7794255], [-51.143185, -29.779459]]}}, {"type": "Feature", "properties": {"highway": "primary", "lanes": "2", "maxheight": "default", "name": "Avenida Mauá", "surface": "asphalt", "osm_id": 1469329037, "osm_type": "way"}, "geometry": {"type": "LineString", "coordinates": [[-51.1402684, -29.7869343], [-51.1405093, -29.7864971], [-51.1406817, -29.786115], [-51.1408438, -29.785725], [-51.1410838, -29.7850033], [-51.141289, -29.7845063], [-51.1414305, -29.7840901], [-51.1415076, -29.7838871], [-51.1415673, -29.7837352], [-51.1422238, -29.7822459], [-51.1425403, -29.7814777], [-51.1427039, -29.7810389], [-51.1429533, -29.7794908]]}}, {"type": "Feature", "properties": {"highway": "secondary", "maxheight": "5.5", "maxspeed": "60", "name": "Avenida Getúlio Vargas", "oneway": "yes", "source:maxspeed": "implicit", "osm_id": 1469340141, "osm_type": "way"}, "geometry": {"type": "LineString", "coordinates": [[-51.153996, -29.7643355], [-51.1540429, -29.7644775], [-51.1540952, -29.7646638], [-51.1541677, -29.7651038], [-51.1541703, -29.7653902], [-51.1541449, -29.7656906], [-51.1540953, -29.7659327]]}}, {"type": "Feature", "properties": {"highway": "secondary", "maxheight": "default", "maxspeed": "60", "name": "Avenida Getúlio Vargas", "oneway": "yes", "source:maxspeed": "implicit", "osm_id": 1469340142, "osm_type": "way"}, "geometry": {"type": "LineString", "coordinates": [[-51.1535735, -29.7636602], [-51.1538061, -29.7639848], [-51.153996, -29.7643355]]}}, {"type": "Feature", "properties": {"highway": "secondary", "lanes": "2", "maxheight": "default", "maxspeed": "60", "name": "Avenida Getúlio Vargas", "oneway": "yes", "source": "Bing; survey", "source:maxspeed": "implicit", "surface": "asphalt", "osm_id": 1469340143, "osm_type": "way"}, "geometry": {"type": "LineString", "coordinates": [[-51.1536392, -29.7642901], [-51.1535883, -29.7641923], [-51.1534864, -29.7639967], [-51.1532088, -29.763517], [-51.1530653, -29.7632783], [-51.1528936, -29.7629919], [-51.1525154, -29.7623517]]}}, {"type": "Feature", "properties": {"highway": "secondary", "lanes": "2", "maxheight": "5.5", "maxspeed": "60", "name": "Avenida Getúlio Vargas", "oneway": "yes", "source": "Bing; survey", "source:maxspeed": "implicit", "surface": "asphalt", "osm_id": 1469340144, "osm_type": "way"}, "geometry": {"type": "LineString", "coordinates": [[-51.1537841, -29.7658861], [-51.153819, -29.7656987], [-51.1538404, -29.7654286], [-51.1538297, -29.7651457], [-51.1538042, -29.7648396], [-51.1537452, -29.7645695], [-51.1536996, -29.7644402], [-51.1536392, -29.7642901]]}}, {"type": "Feature", "properties": {"highway": "secondary", "maxheight": "default", "maxspeed": "60", "name": "Avenida Getúlio Vargas", "oneway": "yes", "source:maxspeed": "implicit", "osm_id": 1469340145, "osm_type": "way"}, "geometry": {"type": "LineString", "coordinates": [[-51.1539169, -29.7711422], [-51.1541449, -29.7719512], [-51.1542535, -29.772354]]}}, {"type": "Feature", "properties": {"highway": "secondary", "maxheight": "5", "maxspeed": "60", "name": "Avenida Getúlio Vargas", "oneway": "yes", "source:maxspeed": "implicit", "osm_id": 1469340146, "osm_type": "way"}, "geometry": {"type": "LineString", "coordinates": [[-51.1535159, -29.7697092], [-51.1535682, -29.7699106], [-51.1539169, -29.7711422]]}}, {"type": "Feature", "properties": {"highway": "secondary", "lanes": "2", "maxheight": "5", "maxspeed": "60", "name": "Avenida Getúlio Vargas", "oneway": "yes", "source": "Bing; survey", "source:maxspeed": "implicit", "surface": "asphalt", "osm_id": 1469340147, "osm_type": "way"}, "geometry": {"type": "LineString", "coordinates": [[-51.1535963, -29.7712225], [-51.1531752, -29.7697022]]}}, {"type": "Feature", "properties": {"highway": "secondary", "lanes": "2", "maxheight": "default", "maxspeed": "60", "name": "Avenida Getúlio Vargas", "oneway": "yes", "source": "Bing; survey", "source:maxspeed": "implicit", "surface": "asphalt", "osm_id": 1469340148, "osm_type": "way"}, "geometry": {"type": "LineString", "coordinates": [[-51.1539638, -29.7724983], [-51.1539047, -29.7722958], [-51.1538887, -29.7722387], [-51.1538511, -29.7721014], [-51.1535963, -29.7712225]]}}, {"type": "Feature", "properties": {"highway": "secondary", "maxheight": "5.5", "maxspeed": "60", "name": "Avenida Getúlio Vargas", "oneway": "yes", "source:maxspeed": "implicit", "surface": "asphalt", "osm_id": 1469340149, "osm_type": "way"}, "geometry": {"type": "LineString", "coordinates": [[-51.1549965, -29.7748544], [-51.1553988, -29.7762362], [-51.1554967, -29.7765342], [-51.1555731, -29.7768438]]}}, {"type": "Feature", "properties": {"highway": "secondary", "lanes": "2", "maxheight": "5.5", "maxspeed": "60", "name": "Avenida Getúlio Vargas", "oneway": "yes", "source": "Bing; survey", "source:maxspeed": "implicit", "surface": "asphalt", "osm_id": 1469340150, "osm_type": "way"}, "geometry": {"type": "LineString", "coordinates": [[-51.1550863, -29.7763293], [-51.1548313, -29.7754494], [-51.1548148, -29.7753926], [-51.1547041, -29.7750105]]}}, {"type": "Feature", "properties": {"highway": "secondary", "maxheight": "5.5", "maxspeed": "60", "name": "Avenida Getúlio Vargas", "oneway": "yes", "source:maxspeed": "implicit", "surface": "asphalt", "osm_id": 1469340151, "osm_type": "way"}, "geometry": {"type": "LineString", "coordinates": [[-51.1575242, -29.7796091], [-51.1579243, -29.7799836]]}}, {"type": "Feature", "properties": {"highway": "secondary", "maxheight": "default", "maxspeed": "60", "name": "Avenida Getúlio Vargas", "oneway": "yes", "source:maxspeed": "implicit", "surface": "asphalt", "osm_id": 1469340152, "osm_type": "way"}, "geometry": {"type": "LineString", "coordinates": [[-51.1555731, -29.7768438], [-51.1556429, -29.7771184], [-51.155773, -29.7775352], [-51.1558601, -29.7777517], [-51.1559366, -29.7778984], [-51.1560558, -29.7781102], [-51.1562021, -29.7783093], [-51.1563899, -29.7785293], [-51.156805, -29.7789558], [-51.1570738, -29.7791983], [-51.1573903, -29.7794838], [-51.1575242, -29.7796091]]}}, {"type": "Feature", "properties": {"highway": "secondary", "lanes": "2", "maxheight": "default", "maxspeed": "60", "name": "Avenida Getúlio Vargas", "oneway": "yes", "source": "Bing; survey", "source:maxspeed": "implicit", "surface": "asphalt", "osm_id": 1469340153, "osm_type": "way"}, "geometry": {"type": "LineString", "coordinates": [[-51.1573315, -29.7798409], [-51.1564636, -29.7790321], [-51.1560559, -29.7786306], [-51.1558494, -29.7783594], [-51.15573, -29.7781824], [-51.1556388, -29.7780229], [-51.1554726, -29.777633], [-51.155439, -29.7775538], [-51.1553707, -29.7773466], [-51.155226, -29.7768177], [-51.1550863, -29.7763293]]}}, {"type": "Feature", "properties": {"highway": "secondary", "lanes": "2", "maxheight": "5.5", "maxspeed": "60", "name": "Avenida Getúlio Vargas", "oneway": "yes", "source": "Bing; survey", "source:maxspeed": "implicit", "surface": "asphalt", "osm_id": 1469340154, "osm_type": "way"}, "geometry": {"type": "LineString", "coordinates": [[-51.15804, -29.780526], [-51.1579352, -29.7804316], [-51.1575824, -29.780097], [-51.1575456, -29.7800595], [-51.1573315, -29.7798409]]}}, {"type": "Feature", "properties": {"highway": "motorway", "lanes": "2", "maxheight": "5", "maxspeed": "80", "name": "Rodovia BR-116", "oneway": "yes", "ref": "BR-116", "surface": "asphalt", "osm_id": 1469340172, "osm_type": "way"}, "geometry": {"type": "LineString", "coordinates": [[-51.1533986, -29.7697068], [-51.1534327, -29.7698547], [-51.1536527, -29.7706207], [-51.1537613, -29.7710072], [-51.1538767, -29.7713853]]}}, {"type": "Feature", "properties": {"highway": "motorway", "lanes": "2", "maxheight": "5", "maxspeed": "80", "name": "Rodovia BR-116", "oneway": "yes", "ref": "BR-116", "surface": "asphalt", "osm_id": 1469340173, "osm_type": "way"}, "geometry": {"type": "LineString", "coordinates": [[-51.1537567, -29.771401], [-51.1536998, -29.7711753], [-51.1535199, -29.7705392], [-51.1533361, -29.7698756], [-51.153286, -29.7697045]]}}, {"type": "Feature", "properties": {"highway": "secondary", "lanes": "2", "lit": "yes", "maxheight": "6", "maxspeed": "50", "name": "Avenida João Corrêa", "oneway": "yes", "source": "survey", "surface": "asphalt", "osm_id": 1469340174, "osm_type": "way"}, "geometry": {"type": "LineString", "coordinates": [[-51.1543112, -29.7725554], [-51.1539638, -29.7724983]]}}, {"type": "Feature", "properties": {"highway": "secondary", "lanes": "2", "lit": "yes", "maxheight": "6", "maxspeed": "50", "name": "Avenida João Corrêa", "oneway": "yes", "surface": "asphalt", "osm_id": 1469340175, "osm_type": "way"}, "geometry": {"type": "LineString", "coordinates": [[-51.1539047, -29.7722958], [-51.1542535, -29.772354]]}}, {"type": "Feature", "properties": {"highway": "secondary", "lit": "yes", "maxheight": "default", "maxspeed": "60", "name": "Avenida Senador Salgado Filho", "oneway": "yes", "source:maxspeed": "implicit", "osm_id": 1469659707, "osm_type": "way"}, "geometry": {"type": "LineString", "coordinates": [[-51.15167, -29.750519], [-51.15179, -29.7524886]]}}, {"type": "Feature", "properties": {"highway": "secondary", "lit": "yes", "maxheight": "5.5", "maxspeed": "60", "name": "Avenida Senador Salgado Filho", "source:maxspeed": "implicit", "osm_id": 1469659708, "osm_type": "way"}, "geometry": {"type": "LineString", "coordinates": [[-51.1513192, -29.7463636], [-51.1513294, -29.7464862], [-51.1513755, -29.7469157], [-51.1514268, -29.7473934]]}}, {"type": "Feature", "properties": {"highway": "secondary", "lit": "yes", "maxheight": "default", "maxspeed": "60", "name": "Avenida Senador Salgado Filho", "source:maxspeed": "implicit", "osm_id": 1469659709, "osm_type": "way"}, "geometry": {"type": "LineString", "coordinates": [[-51.1512985, -29.7452031], [-51.1513011, -29.7453965], [-51.1513192, -29.7463636]]}}, {"type": "Feature", "properties": {"highway": "secondary", "lanes": "2", "lit": "yes", "maxheight": "default", "maxspeed": "60", "name": "Avenida Senador Salgado Filho", "oneway": "yes", "postal_code": "93120-000", "source:maxspeed": "implicit", "surface": "asphalt", "osm_id": 1469659710, "osm_type": "way"}, "geometry": {"type": "LineString", "coordinates": [[-51.1508129, -29.7412858], [-51.1509057, -29.7421975], [-51.1510218, -29.7432138], [-51.1511049, -29.7435066]]}}, {"type": "Feature", "properties": {"highway": "secondary", "lanes": "2", "lit": "yes", "maxheight": "5.5", "maxspeed": "60", "name": "Avenida Senador Salgado Filho", "oneway": "yes", "postal_code": "93120-000", "source:maxspeed": "implicit", "surface": "asphalt", "osm_id": 1469659711, "osm_type": "way"}, "geometry": {"type": "LineString", "coordinates": [[-51.1506992, -29.7402081], [-51.1508129, -29.7412858]]}}, {"type": "Feature", "properties": {"highway": "secondary", "lanes": "2", "lit": "yes", "maxheight": "5.5", "maxspeed": "60", "name": "Avenida Senador Salgado Filho", "oneway": "yes", "postal_code": "93120-000", "source:maxspeed": "implicit", "surface": "asphalt", "osm_id": 1469659712, "osm_type": "way"}, "geometry": {"type": "LineString", "coordinates": [[-51.1503046, -29.7366427], [-51.1503314, -29.7367244], [-51.1503778, -29.7368323], [-51.1503992, -29.7368822]]}}, {"type": "Feature", "properties": {"highway": "secondary", "lanes": "2", "lit": "yes", "maxheight": "default", "maxspeed": "60", "name": "Avenida Senador Salgado Filho", "oneway": "yes", "postal_code": "93120-000", "source:maxspeed": "implicit", "surface": "asphalt", "osm_id": 1469659713, "osm_type": "way"}, "geometry": {"type": "LineString", "coordinates": [[-51.1499822, -29.732933], [-51.1500624, -29.7338716], [-51.1501017, -29.7342509], [-51.1501651, -29.7348637], [-51.1502703, -29.7356837], [-51.1503209, -29.7360837], [-51.1503153, -29.7363331], [-51.1503046, -29.7366427]]}}, {"type": "Feature", "properties": {"highway": "residential", "lanes": "2", "maxheight": "5.5", "maxspeed": "30", "name": "Avenida Senador Salgado Filho", "oneway": "yes", "source:maxspeed": "implicit", "surface": "asphalt", "osm_id": 1469659715, "osm_type": "way"}, "geometry": {"type": "LineString", "coordinates": [[-51.149794, -29.7369586], [-51.1497422, -29.7364895], [-51.1497125, -29.7362199]]}}, {"type": "Feature", "properties": {"highway": "residential", "lanes": "2", "maxheight": "default", "maxspeed": "30", "name": "Avenida Senador Salgado Filho", "oneway": "yes", "source:maxspeed": "implicit", "surface": "asphalt", "osm_id": 1469659716, "osm_type": "way"}, "geometry": {"type": "LineString", "coordinates": [[-51.1498465, -29.7374914], [-51.149818, -29.7371631], [-51.149794, -29.7369586]]}}, {"type": "Feature", "properties": {"highway": "secondary", "lit": "yes", "maxheight": "5.5", "maxspeed": "60", "name": "Avenida Senador Salgado Filho", "source": "Bing;survey", "source:maxspeed": "implicit", "osm_id": 1469659717, "osm_type": "way"}, "geometry": {"type": "LineString", "coordinates": [[-51.1502491, -29.7411636], [-51.1502388, -29.7410371]]}}, {"type": "Feature", "properties": {"highway": "secondary", "lit": "yes", "maxheight": "5.5", "maxspeed": "60", "name": "Avenida Senador Salgado Filho", "oneway": "yes", "source:maxspeed": "implicit", "osm_id": 1469659718, "osm_type": "way"}, "geometry": {"type": "LineString", "coordinates": [[-51.1510453, -29.749015], [-51.1509263, -29.7480689], [-51.1508621, -29.7474417], [-51.1508154, -29.7469844]]}}, {"type": "Feature", "properties": {"highway": "secondary", "lit": "yes", "maxheight": "default", "maxspeed": "60", "name": "Avenida Senador Salgado Filho", "oneway": "yes", "source:maxspeed": "implicit", "osm_id": 1469659719, "osm_type": "way"}, "geometry": {"type": "LineString", "coordinates": [[-51.1510445, -29.7493295], [-51.1510548, -29.7491991], [-51.1510453, -29.749015]]}}, {"type": "Feature", "properties": {"highway": "primary", "junction": "roundabout", "maxheight": "below_default", "oneway": "yes", "osm_id": 1469660811, "osm_type": "way"}, "geometry": {"type": "LineString", "coordinates": [[-51.1419714, -29.7340755], [-51.1419887, -29.7340432], [-51.1420183, -29.7340146], [-51.1420566, -29.7339952], [-51.1420998, -29.7339869], [-51.142144, -29.7339904], [-51.1421848, -29.7340054]]}}, {"type": "Feature", "properties": {"highway": "primary", "junction": "roundabout", "maxheight": "default", "oneway": "yes", "osm_id": 1469660812, "osm_type": "way"}, "geometry": {"type": "LineString", "coordinates": [[-51.1420195, -29.734209], [-51.141988, -29.7341786], [-51.141971, -29.7341461], [-51.1419653, -29.7341108], [-51.1419714, -29.7340755]]}}, {"type": "Feature", "properties": {"highway": "primary", "junction": "roundabout", "maxheight": "default", "osm_id": 1469660813, "osm_type": "way"}, "geometry": {"type": "LineString", "coordinates": [[-51.143728, -29.7378248], [-51.1437425, -29.7378366], [-51.1437778, -29.7378714], [-51.143805, -29.7379099]]}}, {"type": "Feature", "properties": {"highway": "primary", "junction": "roundabout", "maxheight": "below_default", "osm_id": 1469660814, "osm_type": "way"}, "geometry": {"type": "LineString", "coordinates": [[-51.1434659, -29.7379432], [-51.1434804, -29.7379099], [-51.1434907, -29.7378938], [-51.1435244, -29.7378552], [-51.1435704, -29.7378281], [-51.1436241, -29.7378151], [-51.143728, -29.7378248]]}}, {"type": "Feature", "properties": {"highway": "tertiary", "name": "Avenida Arnaldo Pereira da Silva", "oneway": "yes", "osm_id": 1472636981, "osm_type": "way"}, "geometry": {"type": "LineString", "coordinates": [[-51.1475312, -29.745793], [-51.1475591, -29.7457316]]}}, {"type": "Feature", "properties": {"highway": "residential", "lanes": "2", "name": "Rua Barbacena", "oneway": "no", "source": "Yahoo; survey", "surface": "asphalt", "osm_id": 1479053783, "osm_type": "way"}, "geometry": {"type": "LineString", "coordinates": [[-51.1204082, -29.771767], [-51.1193989, -29.7729048], [-51.1186248, -29.7735737], [-51.1174721, -29.7746603], [-51.1173035, -29.7747775]]}}, {"type": "Feature", "properties": {"alt_name": "Rua Saturnino de Britto", "highway": "residential", "lanes": "2", "lit": "yes", "name": "Rua Saturnino de Brito", "oneway": "no", "source": "survey; Bing; IBGE", "surface": "asphalt", "osm_id": 1479053784, "osm_type": "way"}, "geometry": {"type": "LineString", "coordinates": [[-51.1363251, -29.7677078], [-51.1363833, -29.7679699]]}}, {"type": "Feature", "properties": {"alt_name": "Rua Irmã e Santos", "fixme": "What does that \"E.\" stand for?", "highway": "residential", "lanes": "2", "name": "Rua Irma Santos", "source": "IBGE;survey;Bing", "surface": "sett", "osm_id": 1479053785, "osm_type": "way"}, "geometry": {"type": "LineString", "coordinates": [[-51.1460525, -29.7407908], [-51.1462023, -29.7399171], [-51.1464262, -29.7387587]]}}, {"type": "Feature", "properties": {"alt_name": "Avenida 14 Bis; Avenida Mauá", "highway": "residential", "lanes": "2", "name": "Avenida Quatorze Bis", "oneway": "no", "source": "Bing;survey", "surface": "paving_stones", "osm_id": 1479053787, "osm_type": "way"}, "geometry": {"type": "LineString", "coordinates": [[-51.1349319, -29.7387056], [-51.1353822, -29.7381421], [-51.1355008, -29.7379678], [-51.1358632, -29.7375422], [-51.1358965, -29.7375113]]}}, {"type": "Feature", "properties": {"highway": "service", "osm_id": 1526276028, "osm_type": "way"}, "geometry": {"type": "LineString", "coordinates": [[-51.1571704, -29.777988], [-51.1570546, -29.7780628]]}}, {"type": "Feature", "properties": {"highway": "service", "osm_id": 1548605986, "osm_type": "way"}, "geometry": {"type": "LineString", "coordinates": [[-51.1462261, -29.7321519], [-51.146232, -29.7331998]]}}, {"type": "Feature", "properties": {"highway": "residential", "name": "Rua Emílio Müller", "osm_id": 1548605987, "osm_type": "way"}, "geometry": {"type": "LineString", "coordinates": [[-51.1460202, -29.7332018], [-51.1460178, -29.7332785]]}}, {"type": "Feature", "properties": {"highway": "tertiary", "name": "Rua Alexandre Fleming", "oneway": "yes", "osm_id": 1548605988, "osm_type": "way"}, "geometry": {"type": "LineString", "coordinates": [[-51.1460861, -29.7335206], [-51.1461162, -29.733519]]}}, {"type": "Feature", "properties": {"highway": "tertiary", "name": "Rua José Luís Schroder", "oneway": "yes", "source": "Yahoo; Bing; IBGE; survey", "osm_id": 1552194011, "osm_type": "way"}, "geometry": {"type": "LineString", "coordinates": [[-51.1245097, -29.7735932], [-51.1251356, -29.7740296], [-51.1257989, -29.774465], [-51.1267146, -29.7750686], [-51.1283812, -29.776195]]}}, {"type": "Feature", "properties": {"highway": "service", "osm_id": 1559800731, "osm_type": "way"}, "geometry": {"type": "LineString", "coordinates": [[-51.1315177, -29.7698355], [-51.1315712, -29.7697924]]}}, {"type": "Feature", "properties": {"access": "private", "highway": "service", "osm_id": 1559800732, "osm_type": "way"}, "geometry": {"type": "LineString", "coordinates": [[-51.1316397, -29.7699594], [-51.1314011, -29.7701539], [-51.1313327, -29.7701899], [-51.1312737, -29.7701608], [-51.1312415, -29.7700991], [-51.1312361, -29.7700561], [-51.1313179, -29.7699851], [-51.1315177, -29.7698355]]}}]}